{"type":"FeatureCollection","features":[
{"type":"Feature","geometry":{"type":"LineString","coordinates":[[-13.22625,8.48781],[-13.22621,8.48781],[-13.22618,8.48782],[-13.22616,8.48785],[-13.22614,8.48787],[-13.22614,8.48792],[-13.22614,8.48795],[-13.22616,8.48797],[-13.22618,8.48799],[-13.22621,8.488],[-13.22624,8.48801],[-13.22627,8.488],[-13.2263,8.48799],[-13.22632,8.48796],[-13.22633,8.48793],[-13.22634,8.48789],[-13.22633,8.48786],[-13.22631,8.48784],[-13.22628,8.48782],[-13.22625,8.48781]]},"properties":{"id":5064036,"cls":"primary","hw":"primary","tg":"na","name":"Clocktower Roundabout","ref":"","surface":"asphalt","sc":"paved","speed":null,"lit":"unk","km":0.07}},
{"type":"Feature","geometry":{"type":"LineString","coordinates":[[-13.25883,8.4832],[-13.25887,8.48329],[-13.25892,8.48342],[-13.25901,8.48363],[-13.25914,8.48387],[-13.25931,8.48411],[-13.25936,8.48418],[-13.25944,8.48428],[-13.25956,8.48439],[-13.25965,8.48448],[-13.25974,8.48455],[-13.25981,8.48462],[-13.26006,8.48485],[-13.26053,8.48527],[-13.26071,8.48539]]},"properties":{"id":5064460,"cls":"primary","hw":"primary","tg":"na","name":"Murray Town Road","ref":"","surface":"asphalt","sc":"paved","speed":50,"lit":"unk","km":0.325}},
{"type":"Feature","geometry":{"type":"LineString","coordinates":[[-13.2704,8.45912],[-13.27042,8.45897],[-13.27046,8.4588],[-13.2705,8.45866],[-13.27066,8.4583],[-13.27076,8.45808],[-13.27085,8.4579],[-13.2709,8.45779],[-13.27114,8.45741],[-13.27126,8.45726],[-13.27142,8.4571],[-13.27153,8.45698],[-13.27166,8.45688],[-13.27175,8.45682],[-13.27184,8.45677],[-13.27197,8.45672]]},"properties":{"id":5064461,"cls":"primary","hw":"primary","tg":"na","name":"Freetown Road","ref":"","surface":"paved","sc":"paved","speed":null,"lit":"unk","km":0.33}},
{"type":"Feature","geometry":{"type":"LineString","coordinates":[[-13.27306,8.4522],[-13.2729,8.45233],[-13.27279,8.45244],[-13.2727,8.45256],[-13.27261,8.4527]]},"properties":{"id":28392679,"cls":"primary","hw":"primary","tg":"na","name":"Wallace Johnson Bridge","ref":"","surface":"","sc":"unknown","speed":null,"lit":"unk","km":0.075}},
{"type":"Feature","geometry":{"type":"LineString","coordinates":[[-13.14643,8.41332],[-13.14684,8.41336],[-13.1479,8.41342],[-13.14842,8.4135],[-13.14881,8.4136],[-13.14925,8.41378],[-13.14963,8.41401],[-13.1498,8.41413],[-13.14988,8.41417],[-13.15005,8.41431],[-13.15038,8.41467],[-13.15074,8.41515],[-13.15118,8.41568],[-13.15152,8.41613],[-13.15176,8.41642],[-13.15225,8.41679],[-13.15271,8.41712],[-13.1532,8.41744],[-13.15361,8.4177],[-13.15425,8.41813],[-13.15463,8.4184],[-13.15495,8.41869],[-13.1552,8.41902],[-13.15537,8.41935],[-13.15561,8.41997],[-13.15566,8.42047],[-13.15562,8.42104],[-13.15553,8.42192],[-13.15544,8.42316],[-13.15536,8.42389],[-13.1552,8.42573],[-13.15507,8.42692],[-13.15496,8.42805],[-13.15492,8.42868],[-13.15489,8.42943],[-13.15495,8.43005],[-13.15503,8.43046],[-13.15516,8.43097],[-13.15534,8.43138],[-13.1557,8.43197],[-13.15613,8.43262],[-13.1566,8.43334],[-13.15727,8.43432],[-13.15752,8.43471],[-13.15785,8.43518],[-13.15809,8.4355],[-13.15852,8.43616],[-13.1586,8.43628],[-13.15908,8.43697],[-13.1594,8.43743],[-13.15961,8.43773],[-13.15982,8.43805],[-13.16005,8.4384],[-13.16031,8.43886],[-13.16061,8.4396],[-13.1607,8.43988],[-13.16079,8.44021],[-13.16079,8.44028],[-13.16082,8.44054],[-13.16082,8.44079],[-13.16087,8.44142],[-13.1609,8.44175],[-13.16093,8.44209],[-13.16099,8.44258],[-13.16103,8.44292],[-13.16111,8.4432],[-13.16115,8.44333],[-13.16122,8.44356],[-13.16138,8.4439],[-13.16152,8.44411],[-13.16158,8.44422],[-13.16193,8.44466],[-13.16227,8.44507],[-13.1629,8.44578],[-13.16353,8.44647],[-13.16369,8.44669],[-13.16392,8.44696]]},"properties":{"id":28459304,"cls":"trunk","hw":"trunk","tg":"na","name":"Bai Bureh Road","ref":"","surface":"asphalt","sc":"paved","speed":null,"lit":"unk","km":4.612}},
{"type":"Feature","geometry":{"type":"LineString","coordinates":[[-13.23911,8.4835],[-13.23945,8.48312],[-13.24033,8.48231],[-13.24038,8.48226],[-13.24087,8.48178],[-13.24119,8.4814],[-13.24161,8.48098],[-13.24215,8.48043],[-13.24226,8.48031],[-13.24295,8.47958],[-13.24341,8.47912]]},"properties":{"id":32638126,"cls":"primary","hw":"primary","tg":"na","name":"Sanders Street","ref":"","surface":"asphalt","sc":"paved","speed":null,"lit":"unk","km":0.679}},
{"type":"Feature","geometry":{"type":"LineString","coordinates":[[-13.23595,8.48691],[-13.23613,8.48668],[-13.23621,8.48659],[-13.23634,8.48644],[-13.23659,8.48616],[-13.23676,8.48597],[-13.23702,8.48569],[-13.23746,8.48523],[-13.23789,8.48477],[-13.23811,8.48454],[-13.23825,8.48439],[-13.23833,8.4843],[-13.23871,8.4839],[-13.23911,8.4835]]},"properties":{"id":32788994,"cls":"primary","hw":"primary","tg":"na","name":"Siaka Stevens Street","ref":"","surface":"asphalt","sc":"paved","speed":null,"lit":"unk","km":0.515}},
{"type":"Feature","geometry":{"type":"LineString","coordinates":[[-13.23124,8.48866],[-13.23114,8.48866],[-13.23107,8.48865],[-13.2304,8.48851],[-13.23037,8.4885],[-13.22954,8.4883],[-13.22951,8.4883],[-13.22926,8.48825],[-13.22902,8.48821],[-13.22882,8.48817],[-13.22869,8.48815],[-13.22844,8.4881],[-13.22818,8.48804],[-13.22752,8.48789],[-13.22726,8.48782],[-13.22707,8.48779],[-13.22679,8.4878],[-13.22658,8.48782],[-13.22633,8.48786]]},"properties":{"id":32840398,"cls":"primary","hw":"primary","tg":"na","name":"Sani Abacha Street","ref":"","surface":"asphalt","sc":"paved","speed":null,"lit":"unk","km":0.551}},
{"type":"Feature","geometry":{"type":"LineString","coordinates":[[-13.27197,8.45672],[-13.27203,8.45673],[-13.27208,8.45672],[-13.27211,8.4567],[-13.27214,8.45667],[-13.27215,8.45663],[-13.27214,8.45659],[-13.27213,8.45656],[-13.27211,8.45653],[-13.2721,8.45653],[-13.27207,8.45651],[-13.27204,8.45651],[-13.27201,8.45651],[-13.27198,8.45651],[-13.27195,8.45653],[-13.27193,8.45657],[-13.27192,8.45661],[-13.27193,8.45666],[-13.27195,8.4567],[-13.27197,8.45672]]},"properties":{"id":32916368,"cls":"primary","hw":"primary","tg":"na","name":"Lumley Roundabout","ref":"","surface":"paved","sc":"paved","speed":null,"lit":"unk","km":0.08}},
{"type":"Feature","geometry":{"type":"LineString","coordinates":[[-13.27245,8.45368],[-13.27243,8.45383],[-13.2724,8.45411],[-13.27238,8.45439],[-13.27235,8.45467],[-13.27232,8.45513],[-13.27233,8.45533],[-13.27237,8.45547],[-13.27241,8.45564],[-13.27241,8.45574],[-13.27239,8.45584],[-13.27227,8.45607],[-13.27217,8.45621],[-13.27198,8.45651]]},"properties":{"id":32916426,"cls":"primary","hw":"primary","tg":"na","name":"Goderich Road","ref":"","surface":"","sc":"unknown","speed":null,"lit":"unk","km":0.329}},
{"type":"Feature","geometry":{"type":"LineString","coordinates":[[-13.27211,8.45653],[-13.2722,8.45633],[-13.27231,8.45613],[-13.27245,8.45587],[-13.27248,8.45574],[-13.27247,8.45561],[-13.27244,8.45545],[-13.27242,8.45537],[-13.2724,8.4551],[-13.27243,8.45463],[-13.27245,8.45439],[-13.27251,8.45383],[-13.27253,8.4537]]},"properties":{"id":32916429,"cls":"primary","hw":"primary","tg":"na","name":"Goderich Road","ref":"","surface":"","sc":"unknown","speed":null,"lit":"unk","km":0.325}},
{"type":"Feature","geometry":{"type":"LineString","coordinates":[[-13.27035,8.4593],[-13.27037,8.4593],[-13.2704,8.45927],[-13.27042,8.45925],[-13.27043,8.45921],[-13.27042,8.45917],[-13.2704,8.45912],[-13.27037,8.45909],[-13.27032,8.45908],[-13.27027,8.45909],[-13.27023,8.45911],[-13.27021,8.45914],[-13.2702,8.45916],[-13.2702,8.45919],[-13.2702,8.45922],[-13.27022,8.45926],[-13.27025,8.45929],[-13.27027,8.45931],[-13.27032,8.45931],[-13.27035,8.4593]]},"properties":{"id":32916475,"cls":"primary","hw":"primary","tg":"na","name":"","ref":"","surface":"paved","sc":"paved","speed":null,"lit":"unk","km":0.081}},
{"type":"Feature","geometry":{"type":"LineString","coordinates":[[-13.2702,8.45922],[-13.27004,8.45949],[-13.26998,8.45959],[-13.26987,8.4598],[-13.2696,8.46031],[-13.26955,8.46044],[-13.26952,8.46051],[-13.26945,8.4607],[-13.26942,8.46082],[-13.2694,8.46091],[-13.26939,8.46097],[-13.26939,8.46108],[-13.26937,8.46124],[-13.26936,8.46153],[-13.26938,8.46186],[-13.2695,8.46271],[-13.26954,8.46294],[-13.26957,8.46323],[-13.26959,8.46347],[-13.2696,8.46365],[-13.2696,8.4638],[-13.26962,8.46404],[-13.26963,8.46425],[-13.26967,8.46469],[-13.26969,8.46492],[-13.2697,8.46502],[-13.26974,8.46534],[-13.26981,8.46582],[-13.26981,8.46594],[-13.26976,8.46611],[-13.26973,8.46616],[-13.26964,8.46631],[-13.26926,8.46685],[-13.26904,8.46716],[-13.2689,8.46734],[-13.26877,8.46757],[-13.26872,8.4677],[-13.2687,8.46788],[-13.26871,8.46804],[-13.26875,8.4682],[-13.26882,8.46841],[-13.26889,8.4686],[-13.269,8.46882],[-13.2691,8.469],[-13.26924,8.46926],[-13.26939,8.46951],[-13.26961,8.46991],[-13.26968,8.47003],[-13.26999,8.47052],[-13.27016,8.47075],[-13.27031,8.47095],[-13.27039,8.47108],[-13.27043,8.47117],[-13.27045,8.47126],[-13.27044,8.47135],[-13.2704,8.47142],[-13.27036,8.47147],[-13.2703,8.47151],[-13.27022,8.47153],[-13.27013,8.47154],[-13.26998,8.47152],[-13.26978,8.47148],[-13.26958,8.47145],[-13.26939,8.47144],[-13.26922,8.47145],[-13.26881,8.47153],[-13.26861,8.47158],[-13.26855,8.47159],[-13.26845,8.47161],[-13.26836,8.47163],[-13.26827,8.47163],[-13.26815,8.47162],[-13.26805,8.47159],[-13.26776,8.47149],[-13.26759,8.47144],[-13.26741,8.4714],[-13.26707,8.47131],[-13.26684,8.47125],[-13.26681,8.47123],[-13.26671,8.4712],[-13.26655,8.47113],[-13.26635,8.47104],[-13.26605,8.47091],[-13.26561,8.47074],[-13.26537,8.47062],[-13.26523,8.47055],[-13.26508,8.47045],[-13.26493,8.47033],[-13.26474,8.47013],[-13.26459,8.46998],[-13.26415,8.46946],[-13.26396,8.46924],[-13.26378,8.46905],[-13.26363,8.46891],[-13.26354,8.46883],[-13.26342,8.46874],[-13.26319,8.46859],[-13.26309,8.46853],[-13.26292,8.46844],[-13.2628,8.46838],[-13.26261,8.4683],[-13.26246,8.46824],[-13.2623,8.46817],[-13.26207,8.46809]]},"properties":{"id":32916502,"cls":"primary","hw":"primary","tg":"na","name":"Spur Road","ref":"","surface":"asphalt","sc":"paved","speed":null,"lit":"unk","km":2.516}},
{"type":"Feature","geometry":{"type":"LineString","coordinates":[[-13.27035,8.4593],[-13.27045,8.45939],[-13.27054,8.4595],[-13.27063,8.45962],[-13.27074,8.45982],[-13.27081,8.45996],[-13.2709,8.4601],[-13.27132,8.46077],[-13.27146,8.46103],[-13.27159,8.46124],[-13.27175,8.46153],[-13.27185,8.46169],[-13.27196,8.46192],[-13.27203,8.46208],[-13.27216,8.46243],[-13.27228,8.46279],[-13.27234,8.46299],[-13.27241,8.46318],[-13.27253,8.46356],[-13.27277,8.46432],[-13.27294,8.46485],[-13.27306,8.46522],[-13.27321,8.4656],[-13.27326,8.46574],[-13.27334,8.46589],[-13.27349,8.46611],[-13.27368,8.46634],[-13.27386,8.46655],[-13.27409,8.46682],[-13.27441,8.46721],[-13.2746,8.46744],[-13.27517,8.46812],[-13.27543,8.46844],[-13.27594,8.46905],[-13.27608,8.46923],[-13.27617,8.46939],[-13.27626,8.46957],[-13.27633,8.46978],[-13.27638,8.46998],[-13.2764,8.47019],[-13.27639,8.47037],[-13.27638,8.47055],[-13.27635,8.47086],[-13.27631,8.47117],[-13.27624,8.47174],[-13.2762,8.47204],[-13.27615,8.47245],[-13.2761,8.47277],[-13.27603,8.47299],[-13.27596,8.4732],[-13.27586,8.4734],[-13.27577,8.47356],[-13.27547,8.47396],[-13.2753,8.47419],[-13.27506,8.47448],[-13.27474,8.47487],[-13.27429,8.47544],[-13.27413,8.47565],[-13.27395,8.47587],[-13.27342,8.47655],[-13.27331,8.47668],[-13.27304,8.47701],[-13.27272,8.47741],[-13.27259,8.47757],[-13.27241,8.47779],[-13.2723,8.47793],[-13.272,8.4783],[-13.27135,8.47912],[-13.27074,8.47988],[-13.27043,8.48026],[-13.27028,8.48045],[-13.27005,8.48075],[-13.26986,8.48102],[-13.26943,8.48165],[-13.26901,8.48231],[-13.26876,8.48269],[-13.26851,8.48308],[-13.26834,8.48335],[-13.26819,8.48356],[-13.26806,8.48373],[-13.26792,8.48389],[-13.26771,8.48405],[-13.2675,8.48419],[-13.26719,8.48435],[-13.26661,8.48459],[-13.26601,8.48483],[-13.26596,8.48485],[-13.26569,8.48496],[-13.26547,8.48503],[-13.26528,8.48509],[-13.26502,8.48512],[-13.26471,8.48515],[-13.26431,8.48518],[-13.2641,8.4852],[-13.26398,8.48521],[-13.26353,8.48525],[-13.2632,8.48528],[-13.26307,8.48529],[-13.26291,8.4853],[-13.2627,8.48532],[-13.26244,8.48533],[-13.26211,8.48536],[-13.26179,8.48538],[-13.26148,8.48541],[-13.26121,8.48542],[-13.26102,8.48541],[-13.26087,8.48539],[-13.26082,8.48536],[-13.26073,8.4853]]},"properties":{"id":32916523,"cls":"primary","hw":"primary","tg":"na","name":"Wilkinson Road","ref":"","surface":"asphalt","sc":"paved","speed":null,"lit":"unk","km":4.05}},
{"type":"Feature","geometry":{"type":"LineString","coordinates":[[-13.27192,8.45661],[-13.27178,8.45669],[-13.27159,8.45682],[-13.27146,8.45694],[-13.27133,8.45707],[-13.2712,8.4572],[-13.27108,8.45735],[-13.27082,8.45777],[-13.27074,8.45793],[-13.27059,8.45826],[-13.27044,8.45858],[-13.27042,8.45864],[-13.27035,8.4588],[-13.27033,8.45885],[-13.27023,8.45911]]},"properties":{"id":32921028,"cls":"primary","hw":"primary","tg":"na","name":"Freetown Road","ref":"","surface":"paved","sc":"paved","speed":null,"lit":"unk","km":0.342}},
{"type":"Feature","geometry":{"type":"LineString","coordinates":[[-13.26193,8.46804],[-13.2619,8.46804],[-13.26187,8.46806],[-13.26185,8.46809],[-13.26183,8.46811],[-13.26182,8.46815],[-13.26182,8.46818],[-13.26183,8.46823],[-13.26186,8.46827],[-13.26189,8.46829],[-13.26192,8.4683],[-13.26195,8.46831],[-13.26199,8.4683],[-13.26202,8.46829],[-13.26204,8.46828],[-13.26206,8.46826],[-13.26208,8.46823],[-13.26209,8.46819],[-13.26209,8.46816],[-13.26209,8.46813],[-13.26207,8.46809],[-13.26205,8.46807],[-13.26203,8.46806],[-13.262,8.46804],[-13.26197,8.46803],[-13.26193,8.46804]]},"properties":{"id":32921089,"cls":"primary","hw":"primary","tg":"na","name":"Wilberforce Roundabout","ref":"","surface":"asphalt","sc":"paved","speed":null,"lit":"unk","km":0.096}},
{"type":"Feature","geometry":{"type":"LineString","coordinates":[[-13.23549,8.487],[-13.23546,8.48703],[-13.23544,8.48707],[-13.23543,8.48713],[-13.23544,8.48718],[-13.23547,8.48723],[-13.2355,8.48726],[-13.23554,8.48729],[-13.23561,8.4873],[-13.23569,8.48721],[-13.23573,8.48716],[-13.23577,8.48711],[-13.23575,8.48707],[-13.23573,8.48704],[-13.23571,8.48701],[-13.2357,8.487],[-13.23567,8.48698],[-13.23564,8.48697],[-13.23561,8.48697],[-13.23557,8.48697],[-13.23552,8.48698],[-13.23549,8.487]]},"properties":{"id":32934926,"cls":"primary","hw":"primary","tg":"na","name":"","ref":"","surface":"asphalt","sc":"paved","speed":null,"lit":"unk","km":0.113}},
{"type":"Feature","geometry":{"type":"LineString","coordinates":[[-13.26209,8.46819],[-13.2622,8.46822],[-13.26238,8.46829],[-13.26242,8.4683],[-13.26264,8.4684],[-13.26278,8.46845],[-13.26288,8.4685],[-13.26315,8.46865],[-13.26336,8.46879],[-13.26348,8.46889],[-13.26358,8.46898],[-13.26373,8.46911],[-13.2639,8.4693],[-13.26409,8.46952],[-13.26449,8.46997],[-13.26453,8.47001],[-13.26467,8.47017],[-13.26485,8.47035],[-13.26504,8.4705],[-13.26522,8.47062],[-13.26535,8.47069],[-13.26559,8.4708],[-13.26602,8.47097],[-13.26628,8.47108],[-13.26649,8.47119],[-13.26666,8.47126],[-13.2668,8.47131],[-13.26695,8.47135],[-13.26708,8.47138],[-13.26723,8.47141],[-13.26736,8.47144],[-13.26747,8.47147],[-13.26773,8.47154],[-13.26806,8.47166],[-13.26822,8.47169],[-13.26835,8.4717],[-13.26846,8.47168],[-13.26853,8.47167],[-13.26867,8.47164],[-13.26884,8.4716],[-13.26914,8.47154],[-13.26934,8.47152],[-13.26955,8.47152],[-13.26977,8.47156],[-13.27008,8.4716],[-13.27017,8.47161],[-13.27026,8.4716],[-13.27033,8.47157],[-13.2704,8.47153],[-13.27043,8.4715],[-13.27049,8.47142],[-13.27052,8.47132],[-13.27052,8.47122],[-13.2705,8.47114],[-13.27046,8.47106],[-13.27037,8.47093],[-13.27022,8.47071],[-13.27006,8.47049],[-13.26975,8.47002],[-13.26967,8.46987],[-13.26944,8.46947],[-13.26939,8.46936],[-13.2693,8.46921],[-13.26918,8.46898],[-13.26906,8.46879],[-13.26895,8.46856],[-13.2689,8.46843],[-13.26881,8.46816],[-13.26878,8.46801],[-13.26877,8.46787],[-13.26879,8.46772],[-13.26884,8.4676],[-13.26898,8.46738],[-13.26903,8.46732],[-13.26919,8.46709],[-13.26932,8.46688],[-13.26973,8.46633],[-13.2698,8.46621],[-13.26984,8.46612],[-13.26989,8.46596],[-13.26989,8.46586],[-13.26988,8.46573],[-13.26981,8.46532],[-13.26977,8.46502],[-13.26974,8.46467],[-13.26971,8.46424],[-13.2697,8.4638],[-13.26968,8.46347],[-13.26967,8.46329],[-13.26962,8.46291],[-13.26959,8.46271],[-13.26947,8.46185],[-13.26944,8.4616],[-13.26943,8.46136],[-13.26943,8.4613],[-13.26945,8.46118],[-13.26946,8.46107],[-13.26948,8.46093],[-13.26951,8.46081],[-13.26954,8.46072],[-13.26963,8.46046],[-13.26969,8.46032],[-13.26985,8.46],[-13.26994,8.45982],[-13.27003,8.45966],[-13.27007,8.45957],[-13.27012,8.4595],[-13.2702,8.45941],[-13.27027,8.45931]]},"properties":{"id":33547188,"cls":"primary","hw":"primary","tg":"na","name":"Spur Road","ref":"","surface":"asphalt","sc":"paved","speed":null,"lit":"unk","km":2.516}},
{"type":"Feature","geometry":{"type":"LineString","coordinates":[[-13.23216,8.48983],[-13.23268,8.48948],[-13.23318,8.48913],[-13.23372,8.48878],[-13.23426,8.48841],[-13.23469,8.48802],[-13.23496,8.48786],[-13.23525,8.48761],[-13.23539,8.48744]]},"properties":{"id":33615653,"cls":"primary","hw":"primary","tg":"na","name":"Siaka Stevens Street","ref":"","surface":"","sc":"unknown","speed":null,"lit":"unk","km":0.445}},
{"type":"Feature","geometry":{"type":"LineString","coordinates":[[-13.21802,8.43489],[-13.21792,8.43484],[-13.21782,8.43479],[-13.2177,8.43472],[-13.21751,8.4346],[-13.21735,8.43449],[-13.21721,8.43441],[-13.21705,8.43433],[-13.21682,8.43424],[-13.21629,8.43402],[-13.21579,8.43383],[-13.21573,8.43381],[-13.21567,8.43379],[-13.21555,8.43375],[-13.21554,8.43375],[-13.21539,8.43372],[-13.21521,8.43371],[-13.21507,8.43371],[-13.2142,8.43378],[-13.21392,8.43382],[-13.21378,8.43384],[-13.21364,8.43385],[-13.2135,8.43384],[-13.21342,8.43384],[-13.21325,8.43378],[-13.21311,8.43369],[-13.21278,8.43348],[-13.21262,8.43338],[-13.21247,8.43331],[-13.2123,8.43326],[-13.21213,8.43323],[-13.21194,8.43321],[-13.21179,8.4332],[-13.21163,8.43319],[-13.21141,8.43317],[-13.21122,8.43313],[-13.21102,8.43308],[-13.21075,8.43297],[-13.21062,8.43291],[-13.2101,8.43261],[-13.20992,8.43252],[-13.20978,8.43244],[-13.20968,8.43239],[-13.20956,8.43233],[-13.20944,8.43228],[-13.20928,8.43223],[-13.20897,8.43213],[-13.20879,8.43208],[-13.20859,8.43201],[-13.20843,8.43195],[-13.20828,8.43188],[-13.20808,8.43176],[-13.20792,8.43168],[-13.20768,8.43157],[-13.20742,8.43147],[-13.20721,8.43141],[-13.20693,8.43134]]},"properties":{"id":34584393,"cls":"primary","hw":"primary","tg":"na","name":"Youyi Highway","ref":"","surface":"paved","sc":"paved","speed":null,"lit":"unk","km":1.311}},
{"type":"Feature","geometry":{"type":"LineString","coordinates":[[-13.15433,8.38688],[-13.15417,8.38674],[-13.15399,8.38664],[-13.15384,8.38659],[-13.15369,8.38657],[-13.15352,8.38657],[-13.1534,8.38659]]},"properties":{"id":34584395,"cls":"primary","hw":"primary","tg":"na","name":"Youyi Highway","ref":"","surface":"paved","sc":"paved","speed":null,"lit":"unk","km":0.112}},
{"type":"Feature","geometry":{"type":"LineString","coordinates":[[-13.06996,8.33073],[-13.07,8.3307],[-13.07006,8.33048],[-13.07039,8.32965],[-13.07056,8.32922],[-13.07072,8.32896],[-13.07086,8.32873],[-13.07127,8.32817],[-13.07136,8.32804],[-13.0716,8.32769],[-13.0718,8.32732],[-13.07214,8.32671],[-13.07221,8.32656],[-13.07226,8.32642],[-13.07234,8.32619],[-13.07238,8.32598],[-13.07242,8.32561],[-13.07244,8.32527],[-13.07246,8.32502],[-13.07247,8.32474],[-13.07249,8.32448],[-13.07249,8.32431],[-13.07252,8.32397],[-13.07254,8.32367],[-13.07256,8.32309],[-13.07259,8.32269],[-13.0726,8.32229],[-13.07262,8.32193],[-13.07264,8.32167],[-13.07266,8.32134],[-13.0727,8.32058],[-13.07273,8.32003],[-13.07276,8.31934],[-13.07277,8.31917],[-13.07278,8.31902],[-13.07281,8.31851],[-13.07282,8.31833],[-13.07284,8.31804],[-13.07285,8.31778],[-13.07286,8.3175],[-13.07289,8.31703],[-13.0729,8.317],[-13.07291,8.31669],[-13.07294,8.31627],[-13.07296,8.31608],[-13.07298,8.31575],[-13.07302,8.31539],[-13.07309,8.3151],[-13.07315,8.31491],[-13.07319,8.31483],[-13.07326,8.31468],[-13.07334,8.31453],[-13.07341,8.31438],[-13.07348,8.31426],[-13.07388,8.31368],[-13.07432,8.313],[-13.07446,8.31279],[-13.07467,8.31247],[-13.07533,8.31148],[-13.07604,8.31038],[-13.07618,8.31018],[-13.07631,8.30999],[-13.07654,8.30965],[-13.0773,8.30853],[-13.07768,8.30797],[-13.07814,8.30728],[-13.07834,8.30698],[-13.07876,8.30627],[-13.079,8.30586],[-13.07921,8.30525],[-13.07932,8.30492],[-13.07941,8.30459]]},"properties":{"id":34584399,"cls":"primary","hw":"primary","tg":"na","name":"Peninsular Road","ref":"","surface":"asphalt","sc":"paved","speed":null,"lit":"unk","km":3.175}},
{"type":"Feature","geometry":{"type":"LineString","coordinates":[[-13.15639,8.28715],[-13.15666,8.2875]]},"properties":{"id":34584401,"cls":"primary","hw":"primary","tg":"na","name":"Whale River Bridge","ref":"","surface":"","sc":"unknown","speed":null,"lit":"unk","km":0.049}},
{"type":"Feature","geometry":{"type":"LineString","coordinates":[[-13.17781,8.28642],[-13.17923,8.28733],[-13.17929,8.28738],[-13.17971,8.28776],[-13.18115,8.28962],[-13.18128,8.28976],[-13.18152,8.29001],[-13.18181,8.29039],[-13.18205,8.29085],[-13.18221,8.29148],[-13.18276,8.29247],[-13.18441,8.29491],[-13.18644,8.29811],[-13.18662,8.29851],[-13.18667,8.29866],[-13.18674,8.29902],[-13.18677,8.2993],[-13.18676,8.29956],[-13.18667,8.30014],[-13.18648,8.30058],[-13.18616,8.30104],[-13.18576,8.30142],[-13.18537,8.30168],[-13.18483,8.30191],[-13.18366,8.30234],[-13.18289,8.30262],[-13.18254,8.30277],[-13.18224,8.30298],[-13.18178,8.30337],[-13.18147,8.30382],[-13.18132,8.30433],[-13.18129,8.30481],[-13.18131,8.30515],[-13.18137,8.3055],[-13.18148,8.30619],[-13.18168,8.30755],[-13.18189,8.30892],[-13.18203,8.30939],[-13.18228,8.30983],[-13.18242,8.31003],[-13.18259,8.31023],[-13.18284,8.31044],[-13.18311,8.31063],[-13.18378,8.31097],[-13.18446,8.31132],[-13.18582,8.31199],[-13.18622,8.31222],[-13.18662,8.31254],[-13.18754,8.31329],[-13.1882,8.31378],[-13.18863,8.31414],[-13.1888,8.31432],[-13.18895,8.31452],[-13.18911,8.31478]]},"properties":{"id":34584402,"cls":"primary","hw":"primary","tg":"na","name":"Peninsular Road","ref":"","surface":"asphalt","sc":"paved","speed":null,"lit":"unk","km":4.223}},
{"type":"Feature","geometry":{"type":"LineString","coordinates":[[-13.14426,8.39863],[-13.14437,8.39833],[-13.14448,8.39789],[-13.14456,8.3974],[-13.14459,8.3967],[-13.14458,8.39633],[-13.14452,8.39592],[-13.14426,8.3939],[-13.14419,8.3934]]},"properties":{"id":34692618,"cls":"trunk","hw":"trunk","tg":"na","name":"Bai Bureh Road","ref":"","surface":"asphalt","sc":"paved","speed":null,"lit":"unk","km":0.589}},
{"type":"Feature","geometry":{"type":"LineString","coordinates":[[-13.27421,8.45242],[-13.27416,8.45238],[-13.27393,8.45223],[-13.27382,8.45218],[-13.27367,8.45215],[-13.27351,8.45214],[-13.27337,8.45214],[-13.27322,8.45216],[-13.27306,8.4522]]},"properties":{"id":34692620,"cls":"primary","hw":"primary","tg":"na","name":"Peninsular Road","ref":"","surface":"","sc":"unknown","speed":null,"lit":"unk","km":0.135}},
{"type":"Feature","geometry":{"type":"LineString","coordinates":[[-13.26071,8.48539],[-13.26077,8.48542],[-13.26081,8.48544]]},"properties":{"id":34870970,"cls":"primary","hw":"primary","tg":"na","name":"Wilkinson Road","ref":"","surface":"","sc":"unknown","speed":null,"lit":"unk","km":0.012}},
{"type":"Feature","geometry":{"type":"LineString","coordinates":[[-12.71896,8.59556],[-12.71798,8.59669]]},"properties":{"id":37416681,"cls":"trunk","hw":"trunk","tg":"na","name":"Rogbere Bridge","ref":"TAH 7","surface":"asphalt","sc":"paved","speed":null,"lit":"unk","km":0.166}},
{"type":"Feature","geometry":{"type":"LineString","coordinates":[[-12.71798,8.59669],[-12.71751,8.59723],[-12.71687,8.59801],[-12.71646,8.59848],[-12.71613,8.59882],[-12.71586,8.59903],[-12.71559,8.59922],[-12.71528,8.59942],[-12.71498,8.59959],[-12.71321,8.60061],[-12.71116,8.60181],[-12.70986,8.60255],[-12.70875,8.60316],[-12.70691,8.60426],[-12.70462,8.60557],[-12.70349,8.60622],[-12.70289,8.60661],[-12.70267,8.60678],[-12.70241,8.60697],[-12.70192,8.6074],[-12.70147,8.60789],[-12.70125,8.60815],[-12.70103,8.60842],[-12.70075,8.60882],[-12.7005,8.60924],[-12.70016,8.60994],[-12.69969,8.61094],[-12.69913,8.61202],[-12.69886,8.61252],[-12.69855,8.61304],[-12.69822,8.61348],[-12.6979,8.61389],[-12.69757,8.61424],[-12.69719,8.61462],[-12.69685,8.61491],[-12.69647,8.61519],[-12.69553,8.61592],[-12.69449,8.61667],[-12.69318,8.61758],[-12.69215,8.61829],[-12.69189,8.61851],[-12.69161,8.61875],[-12.69133,8.619],[-12.69105,8.61929],[-12.69076,8.61965],[-12.69047,8.62003],[-12.69012,8.62059],[-12.68982,8.62114],[-12.68948,8.62197],[-12.68929,8.62255],[-12.68916,8.62304],[-12.68903,8.6238],[-12.68901,8.6242],[-12.689,8.6249],[-12.68905,8.6256],[-12.68919,8.62634],[-12.68942,8.62713],[-12.68986,8.62834],[-12.69029,8.62945],[-12.69049,8.63007],[-12.69059,8.63049],[-12.69066,8.63089],[-12.69071,8.63124],[-12.69074,8.63156],[-12.69076,8.63186],[-12.69076,8.63229],[-12.69074,8.63271],[-12.69069,8.63329],[-12.6906,8.63375],[-12.69042,8.63452],[-12.69023,8.63535],[-12.69004,8.6362],[-12.68966,8.63787],[-12.68913,8.64017],[-12.6889,8.64124],[-12.68879,8.64169],[-12.68873,8.64195],[-12.68869,8.64215],[-12.68834,8.64362],[-12.68749,8.64732],[-12.68732,8.64808],[-12.68724,8.64842],[-12.68717,8.64881],[-12.68713,8.64922],[-12.68711,8.64966],[-12.68711,8.65017],[-12.68714,8.6505],[-12.68717,8.65077],[-12.68719,8.65105],[-12.68729,8.65151],[-12.6881,8.65494],[-12.68814,8.65511],[-12.68826,8.65565],[-12.68871,8.65758],[-12.68914,8.65935],[-12.68933,8.66019],[-12.68955,8.66108],[-12.68977,8.66202],[-12.68998,8.66292],[-12.69012,8.66361],[-12.6902,8.66423],[-12.69025,8.66485],[-12.69026,8.66537],[-12.69025,8.66588],[-12.69022,8.66634],[-12.69018,8.66684],[-12.69014,8.66713],[-12.69011,8.6674],[-12.69004,8.66776],[-12.68995,8.66823],[-12.68983,8.66871],[-12.68968,8.66919],[-12.68951,8.66964],[-12.68896,8.67106],[-12.6881,8.67327],[-12.688,8.67353],[-12.68793,8.67372],[-12.68784,8.67398],[-12.68776,8.67423],[-12.68769,8.67449],[-12.68758,8.67501],[-12.68753,8.67534],[-12.68749,8.67568],[-12.68747,8.6761],[-12.68747,8.67653],[-12.68749,8.67701],[-12.68752,8.6773],[-12.68758,8.67766],[-12.68764,8.67802],[-12.68773,8.67839],[-12.68783,8.67874],[-12.68802,8.67929],[-12.6882,8.67981],[-12.68889,8.68168],[-12.68957,8.68353],[-12.6903,8.68549],[-12.69095,8.68719]]},"properties":{"id":37416912,"cls":"trunk","hw":"trunk","tg":"na","name":"","ref":"TAH 7","surface":"asphalt","sc":"paved","speed":null,"lit":"unk","km":11.789}},
{"type":"Feature","geometry":{"type":"LineString","coordinates":[[-12.75765,8.49059],[-12.75786,8.49075],[-12.75807,8.49091]]},"properties":{"id":38281145,"cls":"trunk","hw":"trunk","tg":"na","name":"","ref":"TAH 7","surface":"asphalt","sc":"paved","speed":null,"lit":"unk","km":0.058}},
{"type":"Feature","geometry":{"type":"LineString","coordinates":[[-11.393,7.02378],[-11.39248,7.0239],[-11.39189,7.02399],[-11.39134,7.02405],[-11.3908,7.02406],[-11.3903,7.02402],[-11.38975,7.02398],[-11.3893,7.02389],[-11.38752,7.02344],[-11.38718,7.02335],[-11.38636,7.02316],[-11.38603,7.02307],[-11.38557,7.02294],[-11.38512,7.02275],[-11.38439,7.0223],[-11.38417,7.02215],[-11.38394,7.02196],[-11.38367,7.02173],[-11.38353,7.02155],[-11.38308,7.021],[-11.38257,7.02021],[-11.38143,7.01811],[-11.38087,7.01709],[-11.38052,7.01654],[-11.38019,7.0161],[-11.37993,7.01581],[-11.37967,7.01556],[-11.37936,7.01527],[-11.37877,7.01479],[-11.37794,7.01422],[-11.37685,7.01354]]},"properties":{"id":39760935,"cls":"trunk","hw":"trunk","tg":"na","name":"","ref":"TAH 7","surface":"asphalt","sc":"paved","speed":null,"lit":"unk","km":2.292}},
{"type":"Feature","geometry":{"type":"LineString","coordinates":[[-11.40856,7.08103],[-11.40809,7.0821],[-11.40794,7.08258],[-11.40769,7.08365],[-11.40725,7.08576],[-11.40708,7.08686],[-11.40703,7.08763],[-11.40711,7.08819],[-11.4072,7.08869],[-11.40772,7.09068],[-11.40786,7.09134],[-11.40792,7.09181],[-11.40795,7.09222],[-11.40792,7.09272],[-11.40783,7.09317],[-11.40771,7.09357],[-11.40742,7.09424],[-11.40707,7.09487],[-11.40525,7.09712],[-11.40425,7.09844],[-11.40381,7.09903],[-11.40351,7.09953],[-11.40318,7.10029],[-11.4029,7.1012],[-11.40272,7.10197],[-11.40265,7.10236],[-11.40261,7.10279],[-11.40262,7.10375],[-11.40291,7.10616],[-11.40282,7.10665],[-11.40267,7.1071],[-11.40252,7.10737],[-11.40225,7.10771],[-11.40187,7.10803],[-11.40062,7.10888],[-11.39979,7.10938],[-11.39948,7.10956],[-11.399,7.10979],[-11.39394,7.11183],[-11.39317,7.11232],[-11.39068,7.11447],[-11.39031,7.11499],[-11.39005,7.11564],[-11.38973,7.11773],[-11.38962,7.11826],[-11.38934,7.11892],[-11.388,7.12107],[-11.38758,7.12189],[-11.38743,7.12243],[-11.3872,7.12348],[-11.38629,7.12904],[-11.38621,7.12999],[-11.38639,7.13097],[-11.38658,7.13143],[-11.38691,7.13192],[-11.38756,7.13259],[-11.38803,7.1329],[-11.39015,7.134],[-11.39072,7.13439],[-11.3912,7.13486],[-11.39158,7.13572],[-11.39162,7.13643],[-11.39148,7.13709],[-11.39072,7.13936],[-11.39036,7.1403],[-11.39029,7.141],[-11.39033,7.14284],[-11.39027,7.1436],[-11.38983,7.1447],[-11.38924,7.14551],[-11.38842,7.14628],[-11.38767,7.14678],[-11.38711,7.14713],[-11.38594,7.14771],[-11.38499,7.14789],[-11.38342,7.14807],[-11.38203,7.14824],[-11.38114,7.14844],[-11.38033,7.14879],[-11.37955,7.14933],[-11.37852,7.15063],[-11.37787,7.15138],[-11.37737,7.15188],[-11.37666,7.1524],[-11.37392,7.15391],[-11.37228,7.15477],[-11.3717,7.15511],[-11.37114,7.15552],[-11.37009,7.15649],[-11.36922,7.15726],[-11.36694,7.15874],[-11.36557,7.15965],[-11.36456,7.16035],[-11.36354,7.1607],[-11.36259,7.16086],[-11.36169,7.1609],[-11.36079,7.16113],[-11.36006,7.16154],[-11.35944,7.16203],[-11.35908,7.16243],[-11.35878,7.1629],[-11.35847,7.16387],[-11.35816,7.16519],[-11.35788,7.16588],[-11.35757,7.1665],[-11.35717,7.16702],[-11.35648,7.16773],[-11.35596,7.16857],[-11.3557,7.16934],[-11.35513,7.17104],[-11.35465,7.17267],[-11.35435,7.17344],[-11.35403,7.17387],[-11.3533,7.17474],[-11.35276,7.17558],[-11.35242,7.17667],[-11.35235,7.17805],[-11.35239,7.17853],[-11.35272,7.17947],[-11.35396,7.18187],[-11.35521,7.18437],[-11.35555,7.18496],[-11.35604,7.18555],[-11.35662,7.18616],[-11.35748,7.18693],[-11.35994,7.18924],[-11.36066,7.19002],[-11.36095,7.19054],[-11.36115,7.1911],[-11.36151,7.19261],[-11.36168,7.19309],[-11.36184,7.19342],[-11.36207,7.19373],[-11.36363,7.19543],[-11.36399,7.19588],[-11.36433,7.19642],[-11.36452,7.19679],[-11.36546,7.19868],[-11.36566,7.19926],[-11.36576,7.19976],[-11.36593,7.20126],[-11.36603,7.2017],[-11.36613,7.20198],[-11.36628,7.20231],[-11.36704,7.20343],[-11.36726,7.20396],[-11.36741,7.20441],[-11.3675,7.20516],[-11.36727,7.20712],[-11.36658,7.21226],[-11.36646,7.21276],[-11.36629,7.21316],[-11.36614,7.21345],[-11.36582,7.21391],[-11.36503,7.21496],[-11.36446,7.21575],[-11.36419,7.21658],[-11.36394,7.21745],[-11.36343,7.21972],[-11.36131,7.22708],[-11.36065,7.22921],[-11.36056,7.2296],[-11.36039,7.23037],[-11.36006,7.23289],[-11.35995,7.23353],[-11.35836,7.24024],[-11.35786,7.24246],[-11.35764,7.24312],[-11.35729,7.2437],[-11.35698,7.2441],[-11.35587,7.24505],[-11.35525,7.24568],[-11.3546,7.24654],[-11.35411,7.24737],[-11.35382,7.24809],[-11.3535,7.24908],[-11.3531,7.24999],[-11.3511,7.25525],[-11.35013,7.25733]]},"properties":{"id":39767157,"cls":"trunk","hw":"trunk","tg":"na","name":"Zimmi-Bo Highway","ref":"TAH 7","surface":"asphalt","sc":"paved","speed":null,"lit":"unk","km":24.142}},
{"type":"Feature","geometry":{"type":"LineString","coordinates":[[-11.18082,7.54153],[-11.18074,7.54074],[-11.18066,7.53904],[-11.18061,7.53811],[-11.18063,7.53766],[-11.18067,7.5373],[-11.18071,7.53705],[-11.18078,7.5368],[-11.18101,7.53619],[-11.18127,7.53559],[-11.18151,7.53512],[-11.18171,7.53481],[-11.18186,7.53459],[-11.18204,7.53438],[-11.1824,7.53404],[-11.18264,7.5338],[-11.1829,7.53354],[-11.18319,7.53319],[-11.18344,7.5328],[-11.18378,7.53211],[-11.18412,7.53137],[-11.18432,7.53085],[-11.18444,7.53044],[-11.18456,7.53],[-11.18459,7.52962],[-11.18457,7.52917],[-11.18452,7.52826],[-11.18454,7.52791],[-11.18455,7.52761],[-11.18457,7.52737],[-11.18461,7.52707],[-11.18469,7.52672],[-11.18477,7.52647],[-11.18486,7.52616],[-11.18498,7.52583],[-11.18513,7.52552],[-11.18526,7.52524],[-11.18561,7.52475],[-11.18582,7.5245],[-11.18604,7.52424],[-11.18632,7.52389],[-11.18667,7.52354],[-11.18699,7.52324],[-11.18728,7.52293],[-11.18764,7.52244],[-11.18798,7.5219],[-11.18818,7.52145],[-11.18853,7.52065],[-11.18885,7.51979],[-11.18921,7.51886],[-11.18973,7.51776],[-11.19157,7.51415],[-11.19333,7.51071],[-11.19348,7.51035],[-11.19361,7.50998],[-11.19384,7.50917],[-11.19401,7.50879],[-11.19426,7.50839],[-11.19445,7.50816],[-11.19471,7.50786],[-11.19538,7.50733],[-11.19624,7.50673],[-11.19647,7.50653],[-11.19665,7.50631],[-11.19689,7.50593],[-11.19732,7.50501],[-11.19767,7.5042],[-11.19776,7.50394],[-11.19783,7.50347],[-11.19787,7.50301],[-11.19797,7.50254],[-11.19808,7.50223],[-11.19826,7.50186],[-11.19851,7.50148],[-11.19881,7.50113],[-11.19909,7.50073],[-11.19935,7.5003],[-11.19963,7.49977],[-11.19977,7.49951],[-11.1999,7.49919],[-11.20008,7.49859],[-11.20018,7.49809],[-11.20017,7.49775],[-11.20013,7.49745],[-11.20003,7.49707],[-11.20001,7.49668],[-11.20003,7.49626],[-11.20014,7.49583],[-11.20028,7.49543],[-11.20034,7.49526],[-11.20048,7.49507],[-11.2007,7.49479],[-11.20085,7.49455],[-11.20096,7.49432],[-11.20117,7.49389],[-11.20143,7.49335],[-11.202,7.49226],[-11.20296,7.49035],[-11.2032,7.48984],[-11.20366,7.48904],[-11.20391,7.48866],[-11.20421,7.48827],[-11.20491,7.48744],[-11.20587,7.48638],[-11.20603,7.48624],[-11.20628,7.48606],[-11.20643,7.48597],[-11.20664,7.48585],[-11.20692,7.48574],[-11.20712,7.48568],[-11.2073,7.48563],[-11.2078,7.48556],[-11.20821,7.48547],[-11.20863,7.48531],[-11.20882,7.48521],[-11.20902,7.48507],[-11.2092,7.48492],[-11.20933,7.48477],[-11.20977,7.48415],[-11.2105,7.48316],[-11.21117,7.4822],[-11.21153,7.4817],[-11.21186,7.48126],[-11.21232,7.48063],[-11.21307,7.47963],[-11.21368,7.4787],[-11.21401,7.47818],[-11.21426,7.47776],[-11.21447,7.47742],[-11.21509,7.47623],[-11.21544,7.4755],[-11.21564,7.4751],[-11.21572,7.47498],[-11.21582,7.47485],[-11.21604,7.4746],[-11.21642,7.47424],[-11.21681,7.4739],[-11.21775,7.47325],[-11.21851,7.47271],[-11.21879,7.47258],[-11.21913,7.47241],[-11.21939,7.47234],[-11.2197,7.4723],[-11.22101,7.47215],[-11.22124,7.47212],[-11.22148,7.47207],[-11.22171,7.47199],[-11.22198,7.47189],[-11.22234,7.4717],[-11.22261,7.47151],[-11.22292,7.47125],[-11.22548,7.4689],[-11.22568,7.46871],[-11.22591,7.46853],[-11.22611,7.4684],[-11.22635,7.46829],[-11.22684,7.46813],[-11.22735,7.46807],[-11.2278,7.4681],[-11.22848,7.46821],[-11.22935,7.46841],[-11.23034,7.4687],[-11.23086,7.46884],[-11.23142,7.46891],[-11.23167,7.46893],[-11.23195,7.46893],[-11.23227,7.4689],[-11.23273,7.46882],[-11.23315,7.46869],[-11.23359,7.46852],[-11.23403,7.46831],[-11.23552,7.46756],[-11.23691,7.46681],[-11.23732,7.46654],[-11.23763,7.46625],[-11.23784,7.46603],[-11.23803,7.46579],[-11.23816,7.46563],[-11.23832,7.46535],[-11.23844,7.46504],[-11.23851,7.46476],[-11.23861,7.46422],[-11.23864,7.46388],[-11.23868,7.46361],[-11.23873,7.46318],[-11.23882,7.46221],[-11.23884,7.46207],[-11.23891,7.46159],[-11.23898,7.46002],[-11.23897,7.45965],[-11.23891,7.45926],[-11.23878,7.45875],[-11.23852,7.45795],[-11.23759,7.45491],[-11.23749,7.45462],[-11.23736,7.45436],[-11.23713,7.454],[-11.23696,7.45379],[-11.23631,7.45304],[-11.23524,7.45184],[-11.235,7.45154],[-11.23473,7.45122],[-11.23452,7.45096],[-11.23438,7.45073],[-11.23424,7.45047],[-11.23415,7.45021],[-11.23402,7.44985],[-11.23389,7.44949],[-11.23382,7.44925],[-11.23372,7.4489],[-11.23366,7.44856],[-11.23362,7.44815],[-11.23364,7.44781],[-11.23369,7.44744],[-11.23376,7.44716],[-11.23389,7.44674],[-11.23403,7.44625],[-11.23416,7.44585],[-11.23427,7.44541],[-11.23429,7.44511],[-11.23432,7.44468],[-11.23431,7.44394],[-11.23429,7.44311],[-11.23422,7.44145],[-11.23419,7.44046],[-11.23417,7.43949],[-11.23419,7.43914],[-11.23423,7.43883],[-11.23432,7.43847],[-11.23444,7.43813],[-11.23459,7.43788],[-11.2349,7.43749],[-11.23558,7.43681],[-11.23621,7.4362],[-11.2368,7.43563],[-11.23736,7.43508],[-11.23798,7.43446],[-11.23845,7.434],[-11.23889,7.43355],[-11.23914,7.43331],[-11.23942,7.43309],[-11.23973,7.4329],[-11.24008,7.43272],[-11.24052,7.4326],[-11.24088,7.43257],[-11.24128,7.43258],[-11.24162,7.43253],[-11.24193,7.43243],[-11.2422,7.43234],[-11.24247,7.43217],[-11.24297,7.43182],[-11.24414,7.43117],[-11.24591,7.43005],[-11.24634,7.42974],[-11.24674,7.42939],[-11.24701,7.42905],[-11.24728,7.4287],[-11.24753,7.42836],[-11.24809,7.4275],[-11.24844,7.42697],[-11.24867,7.4265],[-11.24876,7.42624],[-11.24882,7.42591],[-11.2488,7.4251],[-11.24871,7.42446],[-11.24857,7.42323],[-11.24853,7.42267],[-11.24856,7.42225],[-11.24862,7.42193],[-11.24868,7.42172],[-11.24878,7.42152],[-11.24909,7.42094],[-11.24923,7.42072],[-11.24968,7.42],[-11.25014,7.41929],[-11.25161,7.41697],[-11.25206,7.41626],[-11.25234,7.41585],[-11.25294,7.41505],[-11.25325,7.41468],[-11.25356,7.41444],[-11.2539,7.41424],[-11.25429,7.41405],[-11.25506,7.41374],[-11.25594,7.4134],[-11.25629,7.41322],[-11.25658,7.41305],[-11.25685,7.41282],[-11.25713,7.41253],[-11.25821,7.41116],[-11.26072,7.40793],[-11.26251,7.40568],[-11.26282,7.40522],[-11.26304,7.40486],[-11.26314,7.40461],[-11.26323,7.40428],[-11.26331,7.40372],[-11.26332,7.40336],[-11.26328,7.40312],[-11.26318,7.40273],[-11.26306,7.40239],[-11.26289,7.40214],[-11.26256,7.40169],[-11.26219,7.40139],[-11.26191,7.40124],[-11.2611,7.40078],[-11.26077,7.4005],[-11.26059,7.4003],[-11.26038,7.40003],[-11.26026,7.39982],[-11.26014,7.39954],[-11.26007,7.39918],[-11.26002,7.39891],[-11.26,7.39877],[-11.26,7.39849],[-11.26007,7.39775],[-11.26014,7.39728],[-11.26037,7.39604],[-11.26073,7.39356],[-11.26081,7.39319],[-11.2609,7.39279],[-11.26099,7.39217],[-11.261,7.39166],[-11.26099,7.39146],[-11.26095,7.39128],[-11.26079,7.39084],[-11.26053,7.39025],[-11.26006,7.38948],[-11.25962,7.38877],[-11.25955,7.3886],[-11.25942,7.38822],[-11.25935,7.38801],[-11.25933,7.38787],[-11.2593,7.38765],[-11.25929,7.38736],[-11.25931,7.3869],[-11.25939,7.38603],[-11.25952,7.38483],[-11.25958,7.38458],[-11.25968,7.38424],[-11.25985,7.38391],[-11.26006,7.38356],[-11.26033,7.3832],[-11.26149,7.38164],[-11.26213,7.38063],[-11.2632,7.3789],[-11.26413,7.37735],[-11.26472,7.37636],[-11.26534,7.37528],[-11.26615,7.37391],[-11.26655,7.37317],[-11.26697,7.3725],[-11.26718,7.37219],[-11.26759,7.3717],[-11.2678,7.37151],[-11.26806,7.37126],[-11.26838,7.371],[-11.26872,7.37073],[-11.26909,7.37042],[-11.26944,7.37014],[-11.26982,7.36987],[-11.27023,7.36961],[-11.27079,7.36936],[-11.27137,7.36911],[-11.27219,7.36881],[-11.27269,7.36861],[-11.27335,7.36838],[-11.27369,7.36825],[-11.27398,7.3681],[-11.27449,7.36785],[-11.27507,7.36752],[-11.2766,7.36659],[-11.27817,7.36572],[-11.27911,7.36521],[-11.27998,7.36469],[-11.28165,7.36376],[-11.28216,7.36349],[-11.28263,7.36319],[-11.28374,7.36258],[-11.28463,7.36207],[-11.28509,7.36181],[-11.28548,7.36162],[-11.28596,7.36142],[-11.28656,7.36125],[-11.28857,7.36072],[-11.29044,7.36021],[-11.29197,7.35978],[-11.29264,7.35959],[-11.29369,7.35927],[-11.29392,7.35919],[-11.29413,7.35909],[-11.2943,7.359],[-11.29449,7.35888],[-11.29476,7.35866],[-11.29509,7.35831],[-11.29542,7.35789],[-11.29592,7.35717],[-11.29724,7.35546],[-11.29782,7.35473],[-11.29929,7.35286],[-11.29974,7.35218],[-11.29995,7.35184],[-11.30015,7.35147],[-11.3004,7.3508],[-11.30058,7.35022],[-11.30086,7.3494],[-11.30125,7.34823],[-11.30162,7.3471],[-11.30222,7.3453],[-11.30272,7.34367],[-11.30321,7.34204],[-11.30347,7.34123],[-11.30362,7.34084],[-11.30378,7.34047],[-11.3045,7.33903],[-11.30524,7.33761],[-11.30569,7.3367],[-11.30584,7.3364],[-11.30595,7.33612],[-11.30624,7.33525],[-11.30629,7.33502],[-11.30646,7.33417],[-11.30658,7.33344],[-11.3068,7.33199],[-11.307,7.33072],[-11.30718,7.32969],[-11.30729,7.32903],[-11.30738,7.32848],[-11.30767,7.32678],[-11.30801,7.3249],[-11.30826,7.32357],[-11.30849,7.32221],[-11.30862,7.32146],[-11.3087,7.32096],[-11.30872,7.32079],[-11.30872,7.3205],[-11.30871,7.32019],[-11.30858,7.31949],[-11.30841,7.31878],[-11.30839,7.31868],[-11.30835,7.31855],[-11.30807,7.31734],[-11.30778,7.31609]]},"properties":{"id":39767319,"cls":"trunk","hw":"trunk","tg":"na","name":"Joru-Zimmi Highway","ref":"TAH 7","surface":"unpaved","sc":"unpaved","speed":null,"lit":"unk","km":32.487}},
{"type":"Feature","geometry":{"type":"LineString","coordinates":[[-11.07819,7.70673],[-11.07838,7.70681],[-11.07866,7.70698],[-11.07921,7.70738],[-11.0797,7.70774],[-11.07997,7.70798],[-11.0801,7.70814],[-11.08027,7.70835],[-11.0806,7.70881],[-11.08088,7.70923],[-11.08117,7.70968],[-11.08148,7.71028],[-11.08164,7.71062],[-11.08175,7.71079],[-11.08188,7.71095],[-11.08207,7.71112],[-11.0823,7.71132],[-11.08263,7.71155],[-11.08362,7.71207],[-11.08592,7.71332],[-11.08631,7.71351],[-11.08654,7.71361],[-11.08678,7.71364],[-11.087,7.71362],[-11.08734,7.71353],[-11.08813,7.7133],[-11.08849,7.71319],[-11.08873,7.71315],[-11.08894,7.71314],[-11.08931,7.71318],[-11.08993,7.71327],[-11.09038,7.71334],[-11.09082,7.7134],[-11.09116,7.71351],[-11.09136,7.71363],[-11.09147,7.71377],[-11.09157,7.71393],[-11.09168,7.71427],[-11.0918,7.71447],[-11.09198,7.71467],[-11.09283,7.71537],[-11.09297,7.71552],[-11.09306,7.7157],[-11.09312,7.71606],[-11.09322,7.71637],[-11.09339,7.71661],[-11.09357,7.7168],[-11.09407,7.71724],[-11.0948,7.71791],[-11.09498,7.71811],[-11.09515,7.71838],[-11.09535,7.71882],[-11.09551,7.71916],[-11.09565,7.7194],[-11.09586,7.71965],[-11.09615,7.71994],[-11.09646,7.7202],[-11.09703,7.72068],[-11.09783,7.72135],[-11.09845,7.72191],[-11.09876,7.72219],[-11.09892,7.72241],[-11.09912,7.72275],[-11.0993,7.72306],[-11.09944,7.72327],[-11.09957,7.72344],[-11.09978,7.72356],[-11.10018,7.72378],[-11.10047,7.72399]]},"properties":{"id":39769039,"cls":"trunk","hw":"trunk","tg":"na","name":"Kenema-Joru Highway","ref":"TAH 7","surface":"unpaved","sc":"unpaved","speed":null,"lit":"unk","km":3.336}},
{"type":"Feature","geometry":{"type":"LineString","coordinates":[[-11.10047,7.72399],[-11.1006,7.72414],[-11.10075,7.72436],[-11.10088,7.72461],[-11.10129,7.72553],[-11.10173,7.7266],[-11.10191,7.72706],[-11.10203,7.72745],[-11.10242,7.72881],[-11.10252,7.72912],[-11.10265,7.72939],[-11.10284,7.72962],[-11.10309,7.72982],[-11.10437,7.7309],[-11.10453,7.73106],[-11.10468,7.73126],[-11.10477,7.73148],[-11.10484,7.73177],[-11.10491,7.73237],[-11.10495,7.73275],[-11.10496,7.73307],[-11.10495,7.73332],[-11.10495,7.73347],[-11.10502,7.73365],[-11.10518,7.73391],[-11.10527,7.73406],[-11.10531,7.73421],[-11.10536,7.73438],[-11.10537,7.73464],[-11.10532,7.73512],[-11.10528,7.73548],[-11.10531,7.73573],[-11.10549,7.73636],[-11.10568,7.73693],[-11.10597,7.73799],[-11.10615,7.73861],[-11.10654,7.74001],[-11.10665,7.7404],[-11.10675,7.74085],[-11.10685,7.74124],[-11.10705,7.74203],[-11.10721,7.74255],[-11.10728,7.74279],[-11.10734,7.74304],[-11.10743,7.74346],[-11.10751,7.74368],[-11.10764,7.74395],[-11.10773,7.74409],[-11.10781,7.7442],[-11.10797,7.74438],[-11.10828,7.74467],[-11.10846,7.7448],[-11.10912,7.74526],[-11.10935,7.74541],[-11.10953,7.74553],[-11.10978,7.74568],[-11.11009,7.74586],[-11.11038,7.74603],[-11.11141,7.74687],[-11.11241,7.74774],[-11.11334,7.7485],[-11.11353,7.74866],[-11.11392,7.74898],[-11.11425,7.74926],[-11.11454,7.74952],[-11.11468,7.74968],[-11.11477,7.74981],[-11.11498,7.75017],[-11.11508,7.75047],[-11.11515,7.75077],[-11.11516,7.75105],[-11.11517,7.75127],[-11.11517,7.75159],[-11.11519,7.75193],[-11.11521,7.75224],[-11.11529,7.75253],[-11.11537,7.75272],[-11.11546,7.7529],[-11.11556,7.75304],[-11.11575,7.75325],[-11.11617,7.7536],[-11.11684,7.75406],[-11.11716,7.7543],[-11.11741,7.75452],[-11.11765,7.75477],[-11.1179,7.75512],[-11.11816,7.75548],[-11.11841,7.75582],[-11.11885,7.75643],[-11.11916,7.75686],[-11.11951,7.75732],[-11.11979,7.75765],[-11.12003,7.7579],[-11.12078,7.75855],[-11.12137,7.75908],[-11.12201,7.75964],[-11.1223,7.75995],[-11.12247,7.76014],[-11.12276,7.76047],[-11.12328,7.76111],[-11.12344,7.76129],[-11.1236,7.76153],[-11.12373,7.76182],[-11.12388,7.7622],[-11.12407,7.76269],[-11.12424,7.76305],[-11.12438,7.76327],[-11.12455,7.76346],[-11.12477,7.76359],[-11.12496,7.76367],[-11.1252,7.76373],[-11.12546,7.76377],[-11.12584,7.76382],[-11.12617,7.76389],[-11.12661,7.76405],[-11.12696,7.7642],[-11.12729,7.76435],[-11.12757,7.76449],[-11.12781,7.76463],[-11.12811,7.76481],[-11.12857,7.76511],[-11.12895,7.76538],[-11.12913,7.76554],[-11.12927,7.76573],[-11.12933,7.76585],[-11.12942,7.76611],[-11.12948,7.76636],[-11.12955,7.76664],[-11.12966,7.76694],[-11.12981,7.76722],[-11.1301,7.76761],[-11.13037,7.7679],[-11.13074,7.7683],[-11.13111,7.76865],[-11.13135,7.76883],[-11.13156,7.76895],[-11.13186,7.76911],[-11.13237,7.76932],[-11.1327,7.76948],[-11.13289,7.76963],[-11.13308,7.76984],[-11.13334,7.77022],[-11.13353,7.77047],[-11.13376,7.77069],[-11.13404,7.77091],[-11.13428,7.77107],[-11.13453,7.77121],[-11.13483,7.77136],[-11.13511,7.77151],[-11.13543,7.77175],[-11.13559,7.77191],[-11.13571,7.7721],[-11.13581,7.77247],[-11.1359,7.77287],[-11.13598,7.77303],[-11.13609,7.77314],[-11.13622,7.77322],[-11.13667,7.77343],[-11.13697,7.77362],[-11.13716,7.77379],[-11.13782,7.77455],[-11.13854,7.77538],[-11.13883,7.77568],[-11.13896,7.77579],[-11.1392,7.77591],[-11.13938,7.77595],[-11.13955,7.77595],[-11.13973,7.77592],[-11.14004,7.77584]]},"properties":{"id":39769298,"cls":"trunk","hw":"trunk","tg":"na","name":"Kenema-Joru Highway","ref":"TAH 7","surface":"unpaved","sc":"unpaved","speed":null,"lit":"unk","km":7.678}},
{"type":"Feature","geometry":{"type":"LineString","coordinates":[[-11.05521,8.22342],[-11.05514,8.22312],[-11.05517,8.22283],[-11.05523,8.2226],[-11.05552,8.22211],[-11.05558,8.22201],[-11.05559,8.22199],[-11.05601,8.22141],[-11.05609,8.22129],[-11.05629,8.22098],[-11.0563,8.22097],[-11.05647,8.22069],[-11.05691,8.22],[-11.05693,8.21998],[-11.0573,8.21942],[-11.05764,8.21885],[-11.05777,8.21853],[-11.05793,8.21831],[-11.05821,8.21806],[-11.05869,8.21772],[-11.05927,8.2174],[-11.05963,8.21727],[-11.06009,8.21713],[-11.06074,8.21699],[-11.06284,8.2166],[-11.06351,8.21647],[-11.06401,8.21637],[-11.06485,8.21619],[-11.06519,8.21612],[-11.06597,8.21595],[-11.0661,8.21593],[-11.06613,8.21592],[-11.06651,8.21582],[-11.06677,8.21579],[-11.06705,8.21576],[-11.06761,8.21567],[-11.06814,8.21558],[-11.06871,8.21549],[-11.06917,8.21541],[-11.0699,8.21521],[-11.07037,8.2151],[-11.07116,8.21499],[-11.07172,8.21493],[-11.07213,8.21486],[-11.07234,8.21483],[-11.07263,8.21477],[-11.07315,8.21462],[-11.07319,8.2146],[-11.07328,8.21458],[-11.0734,8.21454],[-11.07352,8.21449],[-11.07363,8.21445],[-11.07402,8.21431],[-11.07494,8.2139],[-11.07518,8.21377],[-11.07519,8.21377],[-11.07547,8.21362],[-11.07565,8.2135],[-11.07579,8.2134],[-11.0763,8.21305],[-11.07644,8.21295],[-11.07651,8.21289],[-11.07659,8.21282],[-11.07725,8.21227],[-11.07749,8.21204],[-11.07772,8.21176],[-11.07801,8.21135],[-11.07855,8.21058],[-11.0786,8.21051],[-11.07884,8.2102],[-11.07922,8.2097],[-11.07937,8.20955],[-11.07951,8.20942],[-11.08038,8.20886],[-11.08076,8.20858],[-11.08104,8.20837],[-11.08127,8.20815],[-11.08151,8.2079],[-11.08185,8.20748],[-11.08231,8.20682],[-11.08274,8.20608],[-11.08284,8.20588],[-11.08292,8.20563],[-11.08299,8.20531],[-11.08307,8.20506],[-11.08316,8.20486],[-11.08322,8.20456],[-11.08326,8.20417],[-11.08329,8.20369],[-11.08331,8.20314],[-11.08324,8.20248],[-11.0831,8.20205],[-11.08292,8.2017],[-11.08273,8.20138],[-11.08245,8.20105],[-11.08244,8.20104],[-11.08221,8.20086],[-11.08193,8.2007],[-11.08162,8.20057],[-11.08148,8.20052],[-11.08127,8.20045],[-11.08116,8.20043],[-11.08095,8.2004],[-11.0806,8.20035],[-11.08058,8.20034],[-11.08024,8.2002],[-11.07994,8.20001],[-11.07979,8.19983],[-11.07969,8.19962],[-11.07964,8.19939],[-11.07963,8.19918],[-11.07967,8.199],[-11.07968,8.19893],[-11.07972,8.1988],[-11.07978,8.19858],[-11.07986,8.19841],[-11.07994,8.19826],[-11.08003,8.19815],[-11.08046,8.19757],[-11.08061,8.19738],[-11.0808,8.19712],[-11.08088,8.19699],[-11.08097,8.19686],[-11.0811,8.19666],[-11.08132,8.1964],[-11.08143,8.19625],[-11.08146,8.1962],[-11.08157,8.19582]]},"properties":{"id":39771079,"cls":"primary","hw":"primary","tg":"na","name":"","ref":"","surface":"unpaved","sc":"unpaved","speed":null,"lit":"unk","km":5.284}},
{"type":"Feature","geometry":{"type":"LineString","coordinates":[[-11.71887,7.9483],[-11.71893,7.9483],[-11.71926,7.9483],[-11.71982,7.9483],[-11.72019,7.94829],[-11.72078,7.94829],[-11.72092,7.94829],[-11.72125,7.94826],[-11.72159,7.94822],[-11.72201,7.94813],[-11.72242,7.94803],[-11.72254,7.94798],[-11.72285,7.94787],[-11.72289,7.94785],[-11.72316,7.94772],[-11.72364,7.94745],[-11.72369,7.94742],[-11.72392,7.94729],[-11.72399,7.94725],[-11.72467,7.94682],[-11.72541,7.94637],[-11.72572,7.94618],[-11.72601,7.946],[-11.72633,7.9458],[-11.72685,7.9455],[-11.72726,7.94523],[-11.72741,7.94515],[-11.72764,7.94502],[-11.72783,7.9449]]},"properties":{"id":40111861,"cls":"trunk","hw":"trunk","tg":"na","name":"Bo- Kenema Highway","ref":"TAH 7","surface":"asphalt","sc":"paved","speed":null,"lit":"unk","km":1.085}},
{"type":"Feature","geometry":{"type":"LineString","coordinates":[[-12.05451,8.88852],[-12.05415,8.88824],[-12.05392,8.88801],[-12.05371,8.88778],[-12.05347,8.8875],[-12.05334,8.88734],[-12.05323,8.88717],[-12.05313,8.88698],[-12.05304,8.88679],[-12.05295,8.88656],[-12.05283,8.8862],[-12.05276,8.88592],[-12.05268,8.88545],[-12.05263,8.88511],[-12.05259,8.88467],[-12.05251,8.88407]]},"properties":{"id":40114746,"cls":"primary","hw":"primary","tg":"na","name":"Azzolini Highway","ref":"","surface":"asphalt","sc":"paved","speed":80,"lit":"unk","km":0.563}},
{"type":"Feature","geometry":{"type":"LineString","coordinates":[[-11.09561,9.69071],[-11.09552,9.69101],[-11.09551,9.69111],[-11.09552,9.69121],[-11.09561,9.6914],[-11.09578,9.69166],[-11.09593,9.69198],[-11.09603,9.69232],[-11.09609,9.69271],[-11.09613,9.69294],[-11.0963,9.69371],[-11.09646,9.69453],[-11.09656,9.69527],[-11.0966,9.69558],[-11.09663,9.69571],[-11.09671,9.69581],[-11.09681,9.69589],[-11.09773,9.69632],[-11.09935,9.69695],[-11.09958,9.69703],[-11.09983,9.69706],[-11.10047,9.69704],[-11.10068,9.69702],[-11.10102,9.69691],[-11.10223,9.69658],[-11.10237,9.69658],[-11.10255,9.69663],[-11.10402,9.6974],[-11.10462,9.69764],[-11.10595,9.69809],[-11.10634,9.69827],[-11.10673,9.69849],[-11.1072,9.69879],[-11.10776,9.69913],[-11.10845,9.69951],[-11.10911,9.69989],[-11.11021,9.7005],[-11.11037,9.70066],[-11.11052,9.70092],[-11.11071,9.7014],[-11.11081,9.70173],[-11.11093,9.70226],[-11.11107,9.70342],[-11.11117,9.7042],[-11.11123,9.70444],[-11.11136,9.70467],[-11.11153,9.70481],[-11.11174,9.70491],[-11.11209,9.70504],[-11.11241,9.7052],[-11.11265,9.70536],[-11.11305,9.7057],[-11.11349,9.70618],[-11.11415,9.70688],[-11.11452,9.70732],[-11.11475,9.70763],[-11.11496,9.70786],[-11.11516,9.70802],[-11.11537,9.70814],[-11.11561,9.70821],[-11.11589,9.70826],[-11.11655,9.70837],[-11.11679,9.70844],[-11.11695,9.70852],[-11.11705,9.70861],[-11.11736,9.70903],[-11.11771,9.70947],[-11.11791,9.70968],[-11.11812,9.70986],[-11.11872,9.71029],[-11.11902,9.71047],[-11.11938,9.71066],[-11.11965,9.71083],[-11.11988,9.71102],[-11.12039,9.71149],[-11.12084,9.71199],[-11.12111,9.71228],[-11.12138,9.71263],[-11.12177,9.71315],[-11.12208,9.71348],[-11.12225,9.71365],[-11.12244,9.7138],[-11.12262,9.71387],[-11.12289,9.71393],[-11.12396,9.71407],[-11.12507,9.71429],[-11.12579,9.71446],[-11.1266,9.71472],[-11.12715,9.71494],[-11.1274,9.71507],[-11.12755,9.71519],[-11.12762,9.7153],[-11.1277,9.71547],[-11.12779,9.71583],[-11.12786,9.71599],[-11.128,9.71612],[-11.12816,9.71621],[-11.12852,9.71639],[-11.12896,9.71661],[-11.12954,9.71693],[-11.12992,9.71715],[-11.13038,9.71743],[-11.13115,9.71787],[-11.13141,9.71805],[-11.13173,9.7183],[-11.13199,9.7185],[-11.13221,9.7187],[-11.13249,9.71898],[-11.13277,9.7192],[-11.13303,9.7194],[-11.13329,9.71955],[-11.13362,9.71969],[-11.13412,9.71988],[-11.13466,9.72009],[-11.13519,9.72027],[-11.13585,9.72053],[-11.13618,9.72066],[-11.13645,9.72083],[-11.13671,9.72103],[-11.13715,9.72147],[-11.13772,9.7221],[-11.13825,9.72254],[-11.13867,9.72284],[-11.13941,9.72331],[-11.14023,9.72382],[-11.14096,9.72432],[-11.14163,9.7248],[-11.14194,9.72504],[-11.14227,9.72534],[-11.14253,9.72561],[-11.14315,9.72626],[-11.14357,9.72665],[-11.14394,9.72702],[-11.14439,9.72747],[-11.145,9.72814],[-11.14541,9.72857],[-11.14586,9.72923],[-11.14624,9.72983],[-11.14657,9.73043],[-11.14674,9.73068],[-11.14712,9.73117],[-11.14733,9.73139],[-11.14779,9.73176],[-11.1483,9.73218],[-11.1487,9.73248],[-11.14927,9.73288],[-11.14968,9.73322],[-11.15002,9.7336],[-11.15031,9.734],[-11.15067,9.73452],[-11.15086,9.73469],[-11.15128,9.73502],[-11.15158,9.73529],[-11.15189,9.73569],[-11.1522,9.73599],[-11.15257,9.73641],[-11.15284,9.7368],[-11.15324,9.73746],[-11.1535,9.73785],[-11.15383,9.73819],[-11.15402,9.73841],[-11.15414,9.73851],[-11.15431,9.73866],[-11.15461,9.73889],[-11.15487,9.73912],[-11.15519,9.73945],[-11.15562,9.73991],[-11.15598,9.74026],[-11.15613,9.74036],[-11.15627,9.74044],[-11.15803,9.74112],[-11.15909,9.7415],[-11.15965,9.74176],[-11.15987,9.74192],[-11.16002,9.74204],[-11.16009,9.74214],[-11.16027,9.7424],[-11.16046,9.74264],[-11.1607,9.74289],[-11.16117,9.74334],[-11.16134,9.74349],[-11.16149,9.74357],[-11.16164,9.74361],[-11.16186,9.74363],[-11.1626,9.74369],[-11.1629,9.74373],[-11.16313,9.74379],[-11.16343,9.7439],[-11.16407,9.74422],[-11.1648,9.74455],[-11.16515,9.74472],[-11.16541,9.74487],[-11.16568,9.74511],[-11.16593,9.74544],[-11.16612,9.74587],[-11.16635,9.7464],[-11.16645,9.74659],[-11.16653,9.74671],[-11.16683,9.74697],[-11.16756,9.74762],[-11.16803,9.74799],[-11.16832,9.74821],[-11.16862,9.7484],[-11.16886,9.74851],[-11.16945,9.74867],[-11.16971,9.74872],[-11.16994,9.74871],[-11.17013,9.74866],[-11.17177,9.74773],[-11.17195,9.74766],[-11.17207,9.74765],[-11.1722,9.74767],[-11.17237,9.74772],[-11.17293,9.74794],[-11.17323,9.74809],[-11.17353,9.74827],[-11.17431,9.74879],[-11.17475,9.74906],[-11.17494,9.74917],[-11.17523,9.74929],[-11.17555,9.74936],[-11.17607,9.74947],[-11.17639,9.7495],[-11.17683,9.74954],[-11.17706,9.74955],[-11.17785,9.74966],[-11.17955,9.74984],[-11.18004,9.74992],[-11.18016,9.74995],[-11.18028,9.75001],[-11.18045,9.75013],[-11.18085,9.75037],[-11.18124,9.75057],[-11.18158,9.7507],[-11.18198,9.75082],[-11.18241,9.75097],[-11.18292,9.75119],[-11.18348,9.75144],[-11.18452,9.75196],[-11.1852,9.75233],[-11.18574,9.75258],[-11.18613,9.75275],[-11.18629,9.75277],[-11.18645,9.75277],[-11.1871,9.75267],[-11.18764,9.75263],[-11.188,9.75264],[-11.18845,9.75271],[-11.18962,9.75304],[-11.19088,9.75345],[-11.19209,9.75382],[-11.19254,9.75401],[-11.19297,9.75416],[-11.19328,9.75423],[-11.19388,9.7543],[-11.19442,9.75441],[-11.19472,9.75454],[-11.19504,9.75468],[-11.19538,9.75491],[-11.19666,9.75606],[-11.1972,9.75657],[-11.19875,9.75827],[-11.19907,9.75868],[-11.19948,9.75932],[-11.19997,9.76001],[-11.20028,9.76038],[-11.2006,9.76066],[-11.20101,9.76097],[-11.20117,9.76113],[-11.20129,9.76132],[-11.20152,9.76184],[-11.2017,9.76232],[-11.20182,9.76267],[-11.2019,9.76303],[-11.20203,9.76365],[-11.20215,9.76395],[-11.20227,9.76425],[-11.20246,9.76475],[-11.2027,9.7652],[-11.20284,9.76545],[-11.20298,9.76562],[-11.2032,9.76576],[-11.20345,9.76587],[-11.20377,9.76597],[-11.20443,9.76609],[-11.20583,9.76633],[-11.2061,9.76639],[-11.20642,9.76649],[-11.20661,9.76656],[-11.20686,9.76667],[-11.20711,9.76679],[-11.20752,9.76701],[-11.20781,9.76725],[-11.20822,9.76762],[-11.20861,9.76794],[-11.20903,9.76821],[-11.20922,9.76833],[-11.20937,9.76854],[-11.2095,9.76876],[-11.20953,9.7689],[-11.20956,9.76919],[-11.20957,9.76951],[-11.20962,9.76982],[-11.20967,9.77012],[-11.20968,9.77025],[-11.20966,9.77042],[-11.20959,9.77078],[-11.2096,9.77106],[-11.20964,9.77134],[-11.20973,9.77166],[-11.20983,9.7719],[-11.20992,9.77204],[-11.21005,9.77214],[-11.21026,9.77227],[-11.21072,9.7725],[-11.21098,9.77265],[-11.21127,9.77288],[-11.21165,9.77317],[-11.21199,9.77337],[-11.21266,9.77372],[-11.21311,9.77396],[-11.21347,9.7741],[-11.21385,9.77421],[-11.21426,9.77429],[-11.21468,9.77434],[-11.21526,9.77441],[-11.21561,9.7745],[-11.21586,9.77459],[-11.21613,9.77469],[-11.2165,9.77488],[-11.21668,9.77499],[-11.21682,9.7751],[-11.21698,9.77527],[-11.21713,9.77544],[-11.21729,9.77564],[-11.21746,9.77589],[-11.21777,9.77627],[-11.21798,9.77656],[-11.21816,9.77688],[-11.21836,9.77727],[-11.21845,9.77749],[-11.2185,9.77775],[-11.21856,9.77811],[-11.21858,9.77857],[-11.21858,9.77937],[-11.21856,9.77989],[-11.21855,9.78021],[-11.21857,9.78085],[-11.21858,9.78162],[-11.21859,9.78192],[-11.21859,9.78214],[-11.2186,9.78234],[-11.21863,9.78253],[-11.21876,9.78276],[-11.2189,9.78297],[-11.21908,9.78319],[-11.21935,9.78342],[-11.2199,9.78374],[-11.22121,9.78451],[-11.22153,9.78469],[-11.22253,9.78512],[-11.22327,9.78545],[-11.22369,9.78566],[-11.22395,9.78586],[-11.22407,9.78604],[-11.22417,9.78626],[-11.22419,9.78655],[-11.22417,9.78732],[-11.22417,9.78815],[-11.22419,9.78845],[-11.22426,9.7886],[-11.22441,9.78878],[-11.22461,9.78892],[-11.22489,9.78906],[-11.22559,9.78927],[-11.22601,9.78933],[-11.2279,9.78931],[-11.22886,9.78928],[-11.22926,9.78931],[-11.22972,9.78948],[-11.23012,9.78972],[-11.2308,9.79019],[-11.2309,9.79025],[-11.231,9.79028],[-11.23149,9.79034],[-11.23158,9.79037],[-11.23164,9.79041],[-11.23191,9.79064],[-11.23201,9.79068],[-11.23234,9.79076],[-11.23242,9.79078],[-11.23249,9.79084],[-11.23286,9.79115],[-11.23301,9.79124],[-11.23319,9.79131],[-11.23404,9.79155],[-11.23491,9.79176],[-11.2351,9.79183],[-11.2355,9.79203],[-11.23632,9.79242],[-11.23654,9.79253],[-11.23688,9.79273],[-11.23713,9.793],[-11.23726,9.79315],[-11.23735,9.7933],[-11.23744,9.79351],[-11.23761,9.79387],[-11.23781,9.7942],[-11.23795,9.79434],[-11.23815,9.79442],[-11.23871,9.79453],[-11.23894,9.79455],[-11.2392,9.79449],[-11.23931,9.79443],[-11.23981,9.79418],[-11.24003,9.79411],[-11.24038,9.7941],[-11.24056,9.79412],[-11.24078,9.79418],[-11.24112,9.7943],[-11.24147,9.79449],[-11.2419,9.79472],[-11.24232,9.79496],[-11.24258,9.79506],[-11.24288,9.79513],[-11.24326,9.79522],[-11.24361,9.79525],[-11.24391,9.79524],[-11.24415,9.79512],[-11.24431,9.79497],[-11.24445,9.7947],[-11.24483,9.79404],[-11.24488,9.79382],[-11.24488,9.79344],[-11.24486,9.79307],[-11.24488,9.79287],[-11.24495,9.79275],[-11.24507,9.79263],[-11.24528,9.79258],[-11.24542,9.79258],[-11.24553,9.79262],[-11.24577,9.79284],[-11.24606,9.79317],[-11.24617,9.79328],[-11.24632,9.79339],[-11.24654,9.79356],[-11.24666,9.79368],[-11.24678,9.79387],[-11.24687,9.79408],[-11.24693,9.79429],[-11.24702,9.79483],[-11.24712,9.79548],[-11.24721,9.79596],[-11.24731,9.79639],[-11.24736,9.79672],[-11.2474,9.79698],[-11.24752,9.79723],[-11.2477,9.79751],[-11.24792,9.79782],[-11.24809,9.79815],[-11.24822,9.79845],[-11.24838,9.7988],[-11.24857,9.79939],[-11.24875,9.80021],[-11.24883,9.80045],[-11.24894,9.80065],[-11.24908,9.80078],[-11.24923,9.80085],[-11.24936,9.8009],[-11.24947,9.80096],[-11.24955,9.80105],[-11.24962,9.80116],[-11.24976,9.80162],[-11.24993,9.80208],[-11.25005,9.80235],[-11.25012,9.80254],[-11.25017,9.80278],[-11.25023,9.80314],[-11.25032,9.80358],[-11.25041,9.80387],[-11.25056,9.80421],[-11.25071,9.80441],[-11.25086,9.80452],[-11.25099,9.80458],[-11.25119,9.80463],[-11.25135,9.8047],[-11.25172,9.80492],[-11.25219,9.80516],[-11.25255,9.80544],[-11.25341,9.80614],[-11.25361,9.80628],[-11.25379,9.80634],[-11.25398,9.80639],[-11.25424,9.80649],[-11.25442,9.8066],[-11.25476,9.8068],[-11.25501,9.80694],[-11.25526,9.80701],[-11.2556,9.80712],[-11.25597,9.80731],[-11.2568,9.80781],[-11.25701,9.80798],[-11.25717,9.80821],[-11.25741,9.8087],[-11.25749,9.8089],[-11.2575,9.8091],[-11.25748,9.80953],[-11.25749,9.81022],[-11.25756,9.81062],[-11.25761,9.81081],[-11.25772,9.81107],[-11.25824,9.81179],[-11.2586,9.81238],[-11.25875,9.81255],[-11.25892,9.81268],[-11.25926,9.81287],[-11.25944,9.81292],[-11.25958,9.81296],[-11.25989,9.81301],[-11.26075,9.81322],[-11.2612,9.81337],[-11.26143,9.81346],[-11.26164,9.81359],[-11.26195,9.81382],[-11.2624,9.81424],[-11.2629,9.81471],[-11.26349,9.81527]]},"properties":{"id":40171923,"cls":"primary","hw":"primary","tg":"na","name":"","ref":"","surface":"unpaved","sc":"unpaved","speed":null,"lit":"unk","km":25.699}},
{"type":"Feature","geometry":{"type":"LineString","coordinates":[[-11.5545,9.58919],[-11.55414,9.58895],[-11.55392,9.5888],[-11.55365,9.58862],[-11.55342,9.58847],[-11.55319,9.58832],[-11.55303,9.58818],[-11.55289,9.58806],[-11.55281,9.58794],[-11.55275,9.58783],[-11.5527,9.58764],[-11.55261,9.58731],[-11.55253,9.58699],[-11.55241,9.58661],[-11.55232,9.58626],[-11.55229,9.5861],[-11.55229,9.58598],[-11.55239,9.58591],[-11.55247,9.58583],[-11.55269,9.58562],[-11.55288,9.58543],[-11.55332,9.58498],[-11.55342,9.58489]]},"properties":{"id":40171926,"cls":"primary","hw":"primary","tg":"na","name":"","ref":"","surface":"asphalt","sc":"paved","speed":null,"lit":"unk","km":0.633}},
{"type":"Feature","geometry":{"type":"LineString","coordinates":[[-11.10588,8.0265],[-11.10594,8.02632],[-11.10649,8.02493],[-11.10686,8.02404],[-11.10715,8.02334],[-11.10816,8.02078],[-11.10843,8.02024],[-11.10862,8.01987],[-11.10886,8.01937],[-11.10915,8.01891],[-11.11085,8.01659],[-11.11166,8.01555],[-11.1123,8.01446],[-11.11278,8.01337],[-11.11308,8.01266],[-11.11331,8.01205],[-11.11449,8.00918],[-11.11491,8.00816],[-11.11521,8.00735],[-11.11638,8.00466],[-11.11696,8.00344],[-11.11756,8.00221],[-11.11908,7.9992],[-11.12034,7.99663],[-11.12216,7.99273],[-11.12379,7.98927],[-11.12412,7.98855],[-11.12453,7.9877],[-11.12608,7.98439],[-11.12669,7.98308],[-11.12684,7.98278],[-11.12698,7.98248],[-11.12743,7.98152],[-11.12798,7.98036],[-11.12948,7.97714],[-11.12975,7.97643],[-11.12995,7.97581],[-11.13012,7.97516],[-11.13028,7.97446],[-11.1304,7.97369],[-11.13053,7.97244],[-11.13064,7.97191],[-11.13075,7.97157],[-11.13094,7.97111],[-11.1312,7.97065],[-11.13163,7.97006],[-11.13208,7.96949],[-11.13226,7.96925],[-11.13271,7.96862],[-11.13298,7.96819],[-11.13317,7.96779],[-11.13414,7.96528],[-11.13444,7.96453],[-11.13525,7.9625],[-11.13578,7.96114],[-11.13621,7.96018],[-11.13655,7.95921],[-11.13723,7.95747],[-11.13748,7.95685],[-11.13771,7.95613]]},"properties":{"id":40180077,"cls":"trunk","hw":"trunk","tg":"na","name":"","ref":"","surface":"unpaved","sc":"unpaved","speed":null,"lit":"unk","km":8.613}},
{"type":"Feature","geometry":{"type":"LineString","coordinates":[[-11.1053,8.02676],[-11.10502,8.02669],[-11.10371,8.02638],[-11.10328,8.0263],[-11.10314,8.02629],[-11.10284,8.02628],[-11.10246,8.02634],[-11.10219,8.02643],[-11.10176,8.0266],[-11.10129,8.02682]]},"properties":{"id":40180081,"cls":"trunk","hw":"trunk","tg":"na","name":"","ref":"","surface":"paved","sc":"paved","speed":null,"lit":"unk","km":0.459}},
{"type":"Feature","geometry":{"type":"LineString","coordinates":[[-10.69179,8.11291],[-10.69163,8.11306],[-10.69148,8.11321],[-10.69121,8.11345],[-10.69102,8.1136],[-10.69093,8.11368],[-10.69085,8.11373],[-10.69069,8.11384],[-10.69052,8.11398],[-10.69047,8.11402],[-10.69032,8.11414],[-10.6902,8.11424],[-10.68978,8.11452],[-10.68958,8.1146],[-10.68907,8.11479],[-10.68836,8.11502],[-10.6863,8.11573],[-10.68527,8.11603],[-10.68486,8.11616],[-10.6847,8.11622],[-10.68394,8.11644],[-10.68365,8.11653],[-10.68338,8.11661],[-10.68317,8.11672],[-10.68291,8.11685],[-10.68269,8.11702],[-10.68241,8.11722],[-10.68214,8.11735],[-10.68189,8.11745],[-10.68163,8.11751],[-10.68129,8.11756],[-10.68097,8.11756],[-10.6806,8.11758],[-10.68011,8.11764],[-10.6795,8.11778],[-10.67736,8.11838],[-10.67494,8.11902],[-10.67221,8.11982],[-10.67134,8.12007],[-10.66864,8.12081],[-10.6678,8.12107],[-10.66776,8.1211],[-10.66763,8.1212],[-10.66748,8.12137],[-10.6672,8.12181],[-10.66674,8.12231],[-10.6664,8.12299],[-10.66568,8.12388],[-10.66533,8.12419],[-10.66499,8.12437],[-10.66457,8.1245],[-10.66283,8.1248],[-10.66181,8.12501],[-10.66064,8.12521],[-10.66034,8.12534],[-10.66005,8.12554],[-10.65982,8.1258],[-10.65949,8.12614],[-10.65917,8.12645],[-10.6588,8.12672],[-10.65844,8.12696],[-10.65819,8.12721],[-10.65789,8.12768],[-10.65741,8.12861],[-10.6568,8.12983],[-10.6561,8.1312],[-10.65513,8.13285],[-10.65502,8.13326],[-10.65491,8.13369],[-10.65488,8.13411],[-10.65516,8.13635],[-10.65527,8.13706],[-10.65541,8.13798],[-10.65558,8.13917],[-10.65587,8.14063],[-10.65644,8.14246],[-10.65666,8.1431],[-10.65684,8.14366],[-10.65698,8.14428],[-10.65702,8.14489],[-10.65706,8.14614],[-10.65713,8.14713],[-10.65727,8.14778],[-10.65744,8.1482],[-10.65761,8.14856],[-10.65779,8.14915],[-10.65784,8.14942],[-10.65781,8.14962],[-10.65777,8.14981],[-10.65765,8.15008],[-10.65757,8.15026],[-10.65747,8.15048],[-10.65732,8.15067],[-10.65716,8.15081],[-10.65692,8.15099],[-10.65663,8.15122],[-10.65622,8.15156],[-10.65611,8.15171],[-10.65603,8.15191],[-10.65597,8.15208],[-10.65592,8.15232],[-10.65593,8.15252],[-10.65596,8.15289],[-10.65597,8.15307],[-10.65598,8.1533],[-10.65597,8.15346],[-10.65594,8.15368],[-10.65591,8.15386],[-10.65589,8.154],[-10.65589,8.15423],[-10.65585,8.15616],[-10.65594,8.15737],[-10.65604,8.15837],[-10.65619,8.15957],[-10.6564,8.16074],[-10.65649,8.16116],[-10.6565,8.16145],[-10.65649,8.16169],[-10.65641,8.1619],[-10.6563,8.16214],[-10.65608,8.16251],[-10.65585,8.16301],[-10.65571,8.16338],[-10.65561,8.16376],[-10.65544,8.16433],[-10.65534,8.16476],[-10.65532,8.16524],[-10.6553,8.16559],[-10.65527,8.16607],[-10.65524,8.16641],[-10.65523,8.16673],[-10.65522,8.16691],[-10.65525,8.16715],[-10.65539,8.16743],[-10.65576,8.16787],[-10.65622,8.16847],[-10.65642,8.16883],[-10.65659,8.16927],[-10.65674,8.16976],[-10.65717,8.17099],[-10.65729,8.17132],[-10.65758,8.17197],[-10.65783,8.17248],[-10.65796,8.17289],[-10.65805,8.17326],[-10.65807,8.17367],[-10.65821,8.17564],[-10.65827,8.17656],[-10.65823,8.1768],[-10.65808,8.17702],[-10.65773,8.1775],[-10.65763,8.17768],[-10.65758,8.17784],[-10.65759,8.17794],[-10.65767,8.17819],[-10.65774,8.17843],[-10.65773,8.17862],[-10.65762,8.1789],[-10.65748,8.17919],[-10.65741,8.17937],[-10.6574,8.17959],[-10.65742,8.17981],[-10.6575,8.18016],[-10.65776,8.18083],[-10.65808,8.18159],[-10.65818,8.18194],[-10.65818,8.18232],[-10.65808,8.18282],[-10.65792,8.18332],[-10.65762,8.18424],[-10.65712,8.18556],[-10.65692,8.18594],[-10.6565,8.18644],[-10.65565,8.18741],[-10.65543,8.1876],[-10.65517,8.18779],[-10.65394,8.18852],[-10.65379,8.18867],[-10.6537,8.1888],[-10.65365,8.18896]]},"properties":{"id":40180087,"cls":"trunk","hw":"trunk","tg":"na","name":"","ref":"","surface":"asphalt","sc":"paved","speed":null,"lit":"unk","km":11.564}},
{"type":"Feature","geometry":{"type":"LineString","coordinates":[[-11.09288,8.15769],[-11.09292,8.15756],[-11.09291,8.15743],[-11.09271,8.15663],[-11.09256,8.15594],[-11.09243,8.15538],[-11.09229,8.15489],[-11.09215,8.1543],[-11.09211,8.15406],[-11.09211,8.1538],[-11.09218,8.15341],[-11.09226,8.15295],[-11.0923,8.15264],[-11.0924,8.15213],[-11.09247,8.15178],[-11.09254,8.15134],[-11.09257,8.15119],[-11.09263,8.15081],[-11.09282,8.14963],[-11.09287,8.14896],[-11.09296,8.14804],[-11.09298,8.14774],[-11.093,8.14746],[-11.0931,8.14645],[-11.09316,8.14607],[-11.09317,8.14567],[-11.09315,8.14532],[-11.09306,8.14506],[-11.09248,8.14364],[-11.09185,8.14219],[-11.09169,8.14178],[-11.09157,8.14144],[-11.09158,8.14125],[-11.09162,8.14107],[-11.09172,8.14082],[-11.09254,8.13896],[-11.09365,8.13664],[-11.09395,8.13595],[-11.0942,8.13539],[-11.09432,8.13501],[-11.09442,8.13427],[-11.09455,8.13368],[-11.09471,8.13315],[-11.09487,8.13263],[-11.09493,8.13236],[-11.09497,8.13199],[-11.09508,8.13124],[-11.09523,8.13057],[-11.09534,8.13014],[-11.09548,8.12961],[-11.09563,8.12907],[-11.09576,8.12874],[-11.09592,8.12849],[-11.09626,8.12802],[-11.09658,8.12761],[-11.09692,8.12717],[-11.09737,8.12657],[-11.09752,8.12634],[-11.09803,8.12555],[-11.09827,8.12516],[-11.09839,8.12495],[-11.09848,8.12463],[-11.09857,8.12407],[-11.09861,8.12389],[-11.09866,8.12359],[-11.09873,8.12314],[-11.0988,8.12287],[-11.09888,8.12265],[-11.09894,8.12253],[-11.09903,8.1222],[-11.09918,8.12188],[-11.09931,8.12161],[-11.09947,8.12127],[-11.09954,8.1211],[-11.09958,8.12094],[-11.09964,8.12017],[-11.09963,8.11993],[-11.09968,8.11972],[-11.09978,8.11953],[-11.09985,8.11938],[-11.10009,8.1188],[-11.10025,8.11828],[-11.10035,8.11785],[-11.10045,8.11726],[-11.10051,8.11698],[-11.1007,8.11591],[-11.10075,8.11562],[-11.10086,8.11499],[-11.10101,8.1142],[-11.10119,8.11332],[-11.10139,8.11226],[-11.10152,8.11164],[-11.1017,8.11108],[-11.10182,8.11073],[-11.1019,8.11043],[-11.10197,8.10984],[-11.10209,8.10891],[-11.10217,8.10832],[-11.10222,8.1078],[-11.10234,8.10729],[-11.1025,8.10671],[-11.10264,8.10628],[-11.10278,8.10582],[-11.10291,8.10544],[-11.10311,8.10507],[-11.10332,8.10472],[-11.10339,8.10457],[-11.10395,8.10276],[-11.10421,8.10181],[-11.10448,8.101],[-11.10454,8.10075],[-11.10454,8.10052],[-11.10452,8.10024],[-11.10444,8.09999],[-11.10429,8.09966],[-11.10413,8.09928],[-11.10394,8.09879],[-11.10381,8.09842],[-11.10337,8.09736],[-11.10316,8.09687],[-11.10289,8.09619],[-11.1027,8.09583],[-11.10232,8.0952],[-11.10185,8.09445],[-11.10106,8.09325],[-11.10079,8.09282],[-11.10062,8.0925],[-11.10034,8.0918],[-11.09996,8.09106],[-11.0997,8.09056],[-11.0996,8.09018],[-11.0995,8.08976],[-11.09947,8.08937],[-11.09952,8.08905],[-11.0996,8.08853],[-11.09969,8.08795],[-11.0997,8.08753],[-11.0998,8.08711],[-11.09986,8.08671],[-11.09994,8.08633],[-11.09999,8.08606],[-11.10013,8.0854],[-11.10028,8.08446],[-11.10045,8.08387],[-11.10076,8.08293],[-11.10091,8.08249],[-11.101,8.08213],[-11.10115,8.08108],[-11.10133,8.07967],[-11.10142,8.07895],[-11.10146,8.07854],[-11.10152,8.07812],[-11.1016,8.07774],[-11.10164,8.07728],[-11.10168,8.07699],[-11.10175,8.07681],[-11.10203,8.07628],[-11.10234,8.07574],[-11.10284,8.07493],[-11.10312,8.07449],[-11.10362,8.07383],[-11.10412,8.07317],[-11.10473,8.07231],[-11.10498,8.07202],[-11.10527,8.07171],[-11.10551,8.0714],[-11.10582,8.07099],[-11.10595,8.07079],[-11.106,8.0707],[-11.10603,8.07057],[-11.10603,8.07014],[-11.10606,8.06997],[-11.10611,8.06982],[-11.10624,8.0696],[-11.10655,8.06927],[-11.10697,8.06873],[-11.10724,8.06844],[-11.10771,8.068],[-11.10797,8.06777],[-11.10815,8.06756],[-11.10828,8.06731],[-11.1086,8.06655],[-11.10899,8.06557],[-11.10907,8.06516],[-11.10908,8.06476],[-11.10905,8.06439],[-11.10895,8.06399],[-11.10876,8.0634],[-11.10853,8.06259],[-11.10805,8.06103],[-11.10746,8.05922],[-11.10694,8.05748],[-11.10669,8.05676],[-11.10625,8.05536],[-11.10598,8.05447],[-11.10563,8.05335],[-11.10529,8.05235],[-11.10519,8.05202],[-11.10513,8.05175],[-11.10517,8.05162],[-11.10525,8.05143],[-11.10571,8.05049],[-11.10614,8.04962],[-11.10628,8.04923],[-11.10629,8.04905],[-11.10628,8.04888],[-11.10614,8.04821],[-11.1059,8.04728],[-11.10571,8.04643],[-11.10566,8.04625],[-11.10555,8.04583],[-11.10543,8.04539],[-11.10519,8.04467],[-11.10429,8.04259],[-11.10405,8.04204],[-11.10398,8.0419],[-11.10347,8.04078],[-11.1032,8.04008],[-11.1031,8.03982],[-11.10305,8.03948],[-11.10311,8.03895],[-11.10332,8.03777],[-11.10352,8.03677],[-11.10373,8.03566],[-11.10391,8.03475],[-11.10416,8.03341],[-11.10428,8.03274],[-11.10442,8.03199],[-11.10456,8.03127],[-11.10494,8.02919],[-11.10503,8.02883],[-11.10508,8.0286],[-11.10519,8.02824],[-11.10535,8.02778],[-11.10536,8.02776],[-11.10551,8.02732]]},"properties":{"id":40180091,"cls":"primary","hw":"primary","tg":"na","name":"","ref":"","surface":"unpaved","sc":"unpaved","speed":null,"lit":"unk","km":15.42}},
{"type":"Feature","geometry":{"type":"LineString","coordinates":[[-10.96066,8.04758],[-10.96072,8.04689],[-10.96073,8.04642],[-10.96072,8.04602],[-10.96066,8.04522],[-10.96055,8.04462],[-10.9604,8.044],[-10.96016,8.04316],[-10.95972,8.04223],[-10.95931,8.04131],[-10.95909,8.04072],[-10.95891,8.04022],[-10.9587,8.03968],[-10.95853,8.03911],[-10.95833,8.03783],[-10.95818,8.03665],[-10.95809,8.03575],[-10.95799,8.03504],[-10.95794,8.03411],[-10.95794,8.03353],[-10.95798,8.03296],[-10.95812,8.03194],[-10.95836,8.03064],[-10.9587,8.02884],[-10.95915,8.02635],[-10.95931,8.02559],[-10.95942,8.02516],[-10.96004,8.02352],[-10.9602,8.02284],[-10.96028,8.02236],[-10.9603,8.02184],[-10.96022,8.02113],[-10.96011,8.02022],[-10.96001,8.01943],[-10.95971,8.01758],[-10.9596,8.01701],[-10.9595,8.01651],[-10.95946,8.01633]]},"properties":{"id":40573494,"cls":"trunk","hw":"trunk","tg":"na","name":"","ref":"","surface":"asphalt","sc":"paved","speed":null,"lit":"unk","km":3.558}},
{"type":"Feature","geometry":{"type":"LineString","coordinates":[[-10.96535,8.04982],[-10.96421,8.0494]]},"properties":{"id":40573524,"cls":"trunk","hw":"trunk","tg":"na","name":"Male Bridge","ref":"","surface":"asphalt","sc":"paved","speed":null,"lit":"unk","km":0.134}},
{"type":"Feature","geometry":{"type":"LineString","coordinates":[[-13.12644,8.20225],[-13.12666,8.20233],[-13.12744,8.20274],[-13.12767,8.20293],[-13.12792,8.20314],[-13.12919,8.20449],[-13.1306,8.20604],[-13.13064,8.20608],[-13.13077,8.20622],[-13.13143,8.20694],[-13.13315,8.20883],[-13.13347,8.20918],[-13.13374,8.20948],[-13.13416,8.20992],[-13.13485,8.21068],[-13.13603,8.21197],[-13.13606,8.21201],[-13.13734,8.21345],[-13.13765,8.21379],[-13.13802,8.21432],[-13.13991,8.21918],[-13.14015,8.21969],[-13.14049,8.22018],[-13.14276,8.22315],[-13.14283,8.22323],[-13.14316,8.22361],[-13.14358,8.22394],[-13.14692,8.22557],[-13.14721,8.22574],[-13.14749,8.22596],[-13.14772,8.22627],[-13.14871,8.22777],[-13.14915,8.22859],[-13.14924,8.22925],[-13.14903,8.23088],[-13.14902,8.23124],[-13.14914,8.23173],[-13.14927,8.23206],[-13.15172,8.2386],[-13.15223,8.23992],[-13.15279,8.24134],[-13.15284,8.24148],[-13.15293,8.24193],[-13.15294,8.24236],[-13.15288,8.24288],[-13.15241,8.2472],[-13.15242,8.24783],[-13.1525,8.24835],[-13.15268,8.24882],[-13.15301,8.24937],[-13.15434,8.25153],[-13.15766,8.25584],[-13.15855,8.25697],[-13.15925,8.25786],[-13.16021,8.25907],[-13.16051,8.25975],[-13.16079,8.26207],[-13.16084,8.26247],[-13.16096,8.26341],[-13.16112,8.26506],[-13.16102,8.26565],[-13.16078,8.26623],[-13.15963,8.26769],[-13.15941,8.26804],[-13.15922,8.2687],[-13.15838,8.27235]]},"properties":{"id":43271173,"cls":"primary","hw":"primary","tg":"na","name":"Peninsular Road","ref":"","surface":"asphalt","sc":"paved","speed":null,"lit":"unk","km":9.244}},
{"type":"Feature","geometry":{"type":"LineString","coordinates":[[-13.07946,8.27838],[-13.0798,8.27799]]},"properties":{"id":43271174,"cls":"primary","hw":"primary","tg":"na","name":"Peninsular Road","ref":"","surface":"paved","sc":"paved","speed":null,"lit":"unk","km":0.057}},
{"type":"Feature","geometry":{"type":"LineString","coordinates":[[-12.68139,8.70744],[-12.68166,8.70764]]},"properties":{"id":43271175,"cls":"primary","hw":"primary","tg":"na","name":"","ref":"","surface":"","sc":"unknown","speed":null,"lit":"unk","km":0.037}},
{"type":"Feature","geometry":{"type":"LineString","coordinates":[[-12.68171,8.70741],[-12.68139,8.70744]]},"properties":{"id":43271177,"cls":"primary","hw":"primary","tg":"na","name":"","ref":"","surface":"","sc":"unknown","speed":null,"lit":"unk","km":0.035}},
{"type":"Feature","geometry":{"type":"LineString","coordinates":[[-12.6824,8.70702],[-12.68226,8.70713],[-12.68218,8.70719],[-12.68207,8.70723],[-12.68197,8.70727]]},"properties":{"id":43271178,"cls":"trunk","hw":"trunk","tg":"na","name":"","ref":"TAH 7","surface":"","sc":"unknown","speed":null,"lit":"unk","km":0.055}},
{"type":"Feature","geometry":{"type":"LineString","coordinates":[[-12.68227,8.70746],[-12.68228,8.70736],[-12.68229,8.70727],[-12.68232,8.70718],[-12.6824,8.70702]]},"properties":{"id":43271179,"cls":"trunk","hw":"trunk","tg":"na","name":"","ref":"TAH 7","surface":"","sc":"unknown","speed":null,"lit":"unk","km":0.052}},
{"type":"Feature","geometry":{"type":"LineString","coordinates":[[-12.68139,8.70744],[-12.6813,8.70743],[-12.68076,8.70733],[-12.68028,8.70728],[-12.6799,8.70725],[-12.67952,8.70728],[-12.67896,8.70739],[-12.67859,8.70751],[-12.6783,8.70764],[-12.67814,8.70772],[-12.67798,8.7078],[-12.67655,8.70883],[-12.67647,8.70889],[-12.67628,8.70904],[-12.67605,8.70922],[-12.676,8.70926],[-12.67529,8.70978],[-12.67522,8.70982],[-12.67445,8.7103],[-12.67354,8.71074],[-12.67307,8.71091],[-12.67251,8.71106],[-12.6718,8.7112],[-12.67124,8.71126],[-12.66787,8.71143],[-12.66646,8.71147],[-12.66529,8.71145],[-12.66392,8.71132],[-12.66262,8.71109],[-12.66137,8.71081],[-12.65922,8.71039],[-12.65845,8.71023],[-12.65793,8.71008],[-12.65722,8.70983],[-12.6567,8.70959],[-12.65621,8.70932],[-12.65543,8.70878],[-12.65472,8.70814],[-12.65423,8.70766],[-12.65379,8.70717],[-12.65313,8.70635],[-12.65175,8.70472],[-12.65105,8.70392],[-12.65055,8.70344],[-12.65012,8.70307],[-12.64954,8.70267],[-12.64888,8.70228],[-12.64819,8.70197],[-12.64746,8.70172],[-12.64656,8.70153],[-12.64605,8.70146],[-12.64522,8.70142],[-12.64158,8.70141],[-12.64061,8.70138],[-12.63865,8.70134],[-12.63789,8.7013],[-12.63735,8.70121],[-12.63684,8.70106],[-12.63559,8.70061],[-12.63546,8.70055],[-12.63443,8.70016],[-12.63389,8.7],[-12.6331,8.6998],[-12.63252,8.69969],[-12.63181,8.69958],[-12.63047,8.69945],[-12.62978,8.69943],[-12.62911,8.69944],[-12.62852,8.69948],[-12.62776,8.69955],[-12.62666,8.69973],[-12.62267,8.7005],[-12.62071,8.7009],[-12.62029,8.70098],[-12.61977,8.7011],[-12.6191,8.70121],[-12.61811,8.70123],[-12.61726,8.70118],[-12.61481,8.70078],[-12.61432,8.7007],[-12.61395,8.70067],[-12.61311,8.70067]]},"properties":{"id":43271180,"cls":"primary","hw":"primary","tg":"na","name":"Lunsar-Makeni Highway","ref":"","surface":"asphalt","sc":"paved","speed":null,"lit":"unk","km":8.054}},
{"type":"Feature","geometry":{"type":"LineString","coordinates":[[-12.05451,8.88852],[-12.05417,8.88879],[-12.05401,8.88894],[-12.05371,8.88925],[-12.0536,8.88936],[-12.05346,8.8895]]},"properties":{"id":43271181,"cls":"primary","hw":"primary","tg":"na","name":"Saint Francis Street","ref":"","surface":"paved","sc":"paved","speed":null,"lit":"unk","km":0.159}},
{"type":"Feature","geometry":{"type":"LineString","coordinates":[[-11.94608,8.73131],[-11.94525,8.73059],[-11.94521,8.73056],[-11.94423,8.72976],[-11.94389,8.72949],[-11.94369,8.72932],[-11.94355,8.7292],[-11.94298,8.72874],[-11.94256,8.7284],[-11.94202,8.72794],[-11.9419,8.72785],[-11.94133,8.7274],[-11.9408,8.72699],[-11.94051,8.72675],[-11.94037,8.72663],[-11.93968,8.72606],[-11.93935,8.7258],[-11.93901,8.72556],[-11.93868,8.72522],[-11.93849,8.72504],[-11.93833,8.72487],[-11.93806,8.72453],[-11.93788,8.72433],[-11.93765,8.724],[-11.93738,8.72362],[-11.93712,8.72325],[-11.93689,8.72296],[-11.93664,8.72269],[-11.93648,8.72252],[-11.93632,8.72238],[-11.93612,8.72222],[-11.93601,8.72214],[-11.93594,8.72209],[-11.93559,8.72182],[-11.93521,8.72151],[-11.93459,8.72118],[-11.93447,8.72107],[-11.93399,8.7207],[-11.93376,8.72052],[-11.93363,8.72041],[-11.93343,8.72024],[-11.93309,8.71992],[-11.93295,8.7198],[-11.93209,8.719],[-11.93124,8.71819],[-11.93089,8.71786],[-11.93077,8.71774],[-11.92928,8.71638],[-11.9289,8.71599],[-11.92859,8.71562],[-11.92826,8.71511],[-11.92812,8.7149],[-11.92768,8.71411],[-11.92748,8.71377],[-11.92742,8.71362],[-11.92731,8.71334],[-11.9273,8.71332],[-11.92718,8.71294],[-11.92691,8.71183],[-11.9268,8.71127],[-11.92635,8.70914],[-11.92631,8.70895],[-11.92626,8.70875],[-11.92615,8.70821],[-11.92598,8.70744],[-11.92587,8.70696],[-11.92577,8.70646],[-11.92561,8.70578],[-11.92542,8.70511],[-11.9247,8.70288],[-11.9238,8.70012],[-11.92353,8.69948],[-11.92319,8.69882],[-11.92275,8.69814],[-11.92177,8.6968],[-11.92122,8.69598],[-11.92054,8.69518],[-11.92011,8.69466],[-11.91956,8.69395],[-11.9185,8.69258],[-11.9171,8.69084],[-11.91643,8.68999],[-11.91612,8.68957],[-11.9159,8.68931]]},"properties":{"id":43275400,"cls":"primary","hw":"primary","tg":"na","name":"Magburaka Road","ref":"","surface":"asphalt","sc":"paved","speed":80,"lit":"unk","km":5.906}},
{"type":"Feature","geometry":{"type":"LineString","coordinates":[[-11.94725,8.73233],[-11.94671,8.73188],[-11.94634,8.73155],[-11.94608,8.73131]]},"properties":{"id":43275402,"cls":"primary","hw":"primary","tg":"na","name":"Magburaka Road","ref":"","surface":"paved","sc":"paved","speed":80,"lit":"unk","km":0.172}},
{"type":"Feature","geometry":{"type":"LineString","coordinates":[[-13.18751,8.34457],[-13.18729,8.34459]]},"properties":{"id":43616309,"cls":"primary","hw":"primary","tg":"na","name":"Peninsular Road","ref":"","surface":"","sc":"unknown","speed":null,"lit":"unk","km":0.024}},
{"type":"Feature","geometry":{"type":"LineString","coordinates":[[-11.75142,7.9521],[-11.75194,7.95236],[-11.75207,7.95243],[-11.75217,7.9525],[-11.75251,7.95273],[-11.75275,7.95294],[-11.75295,7.95315],[-11.75348,7.95376],[-11.75356,7.95386],[-11.75362,7.95395],[-11.75365,7.95398],[-11.75367,7.95402],[-11.75375,7.95413],[-11.75392,7.9544],[-11.75406,7.95464],[-11.75415,7.95483],[-11.75446,7.95563],[-11.75473,7.9563],[-11.7548,7.95646],[-11.75498,7.95693],[-11.755,7.95701],[-11.75527,7.95764],[-11.75537,7.95783],[-11.75552,7.95817],[-11.7556,7.95842],[-11.75586,7.95904],[-11.75604,7.95948],[-11.75623,7.95996],[-11.75638,7.96036],[-11.75667,7.96107],[-11.75677,7.96135],[-11.75699,7.96186],[-11.75744,7.963],[-11.75835,7.96521],[-11.75864,7.96587],[-11.75894,7.96663],[-11.75924,7.96739],[-11.75967,7.96845],[-11.75972,7.96854],[-11.76,7.96924],[-11.76026,7.96997],[-11.76055,7.97071],[-11.76071,7.9711],[-11.76076,7.97122],[-11.76087,7.9715],[-11.76095,7.97172],[-11.76101,7.97186],[-11.76113,7.97224],[-11.76131,7.97281],[-11.76136,7.97296],[-11.7614,7.97312],[-11.76159,7.97378],[-11.76165,7.97404],[-11.76178,7.97456],[-11.76185,7.9748],[-11.76215,7.97585],[-11.76221,7.97607],[-11.76232,7.97649],[-11.76237,7.97669],[-11.76241,7.97688],[-11.76247,7.97713],[-11.76256,7.97748],[-11.76263,7.97777],[-11.76284,7.97861],[-11.76289,7.97877],[-11.76305,7.97939],[-11.76314,7.97973],[-11.76326,7.98022],[-11.76363,7.98177],[-11.76367,7.98195],[-11.76398,7.98311],[-11.76425,7.98415],[-11.76429,7.98432],[-11.76471,7.98608],[-11.76477,7.98632],[-11.76478,7.98636],[-11.76527,7.98822],[-11.76571,7.98987],[-11.76574,7.99],[-11.76598,7.99121],[-11.76609,7.99159],[-11.76622,7.99222],[-11.7664,7.99291],[-11.76658,7.99338],[-11.76682,7.99394],[-11.76698,7.99425],[-11.76733,7.99484],[-11.76783,7.99553],[-11.76799,7.99575],[-11.76866,7.99669],[-11.76869,7.99673],[-11.76893,7.99707],[-11.76909,7.99728],[-11.77006,7.9986],[-11.77075,7.99959],[-11.77295,8.00262],[-11.77335,8.00319],[-11.7736,8.00355],[-11.77433,8.00449],[-11.77478,8.00514],[-11.77536,8.00603],[-11.776,8.0069],[-11.77678,8.00799],[-11.77859,8.01042],[-11.77977,8.01211],[-11.78023,8.01275],[-11.78069,8.01341],[-11.78094,8.01372],[-11.7811,8.01399],[-11.78129,8.01433],[-11.78141,8.0146],[-11.78167,8.0152],[-11.78187,8.01567],[-11.78196,8.01596],[-11.78204,8.01634],[-11.78212,8.01683],[-11.78236,8.01779],[-11.78288,8.02003],[-11.783,8.02054],[-11.78316,8.02113],[-11.78332,8.02189],[-11.78343,8.02242],[-11.78358,8.0229],[-11.78375,8.02344],[-11.78397,8.0241],[-11.78444,8.02537],[-11.78514,8.02745],[-11.78532,8.0281],[-11.7854,8.0285],[-11.78563,8.02926],[-11.78609,8.03059],[-11.78711,8.03351],[-11.78759,8.03483],[-11.78782,8.03543],[-11.78802,8.03574],[-11.78815,8.03605],[-11.78917,8.03886],[-11.79052,8.04271],[-11.79151,8.04551],[-11.79198,8.04686],[-11.79213,8.04726],[-11.79243,8.04786],[-11.79264,8.0482],[-11.79269,8.04829],[-11.79302,8.0488],[-11.79336,8.04925],[-11.79398,8.04992],[-11.79519,8.05111],[-11.79618,8.05208],[-11.79649,8.05234],[-11.79682,8.05262],[-11.79727,8.05292],[-11.7974,8.053],[-11.7977,8.05317],[-11.7982,8.05338],[-11.79867,8.05353],[-11.79903,8.05361],[-11.8027,8.05431],[-11.80382,8.05449],[-11.80466,8.05469],[-11.8055,8.05496],[-11.80712,8.05561],[-11.80833,8.05609],[-11.80891,8.05634],[-11.80958,8.0567],[-11.81079,8.0574],[-11.81209,8.0582],[-11.81283,8.05859],[-11.81333,8.0588],[-11.81378,8.05896],[-11.81453,8.05916],[-11.81647,8.05971],[-11.81801,8.06013],[-11.81861,8.06033],[-11.81904,8.06051],[-11.81957,8.06077],[-11.81997,8.06104],[-11.82029,8.0613],[-11.82066,8.06165],[-11.82106,8.06211],[-11.82136,8.06255],[-11.82157,8.0629],[-11.82227,8.06414],[-11.82334,8.06597],[-11.82393,8.06697],[-11.82426,8.0676],[-11.82441,8.068],[-11.82451,8.06838],[-11.82461,8.06887],[-11.82465,8.06928],[-11.82469,8.06984],[-11.82473,8.07049],[-11.82484,8.07158],[-11.82494,8.07228],[-11.8251,8.07292],[-11.82525,8.07337],[-11.82541,8.07373],[-11.82584,8.0746],[-11.82621,8.07534],[-11.82652,8.076],[-11.82672,8.07646],[-11.82687,8.07685],[-11.82708,8.07753],[-11.82741,8.07874],[-11.82789,8.08032],[-11.82842,8.082],[-11.82895,8.08365],[-11.82938,8.08517],[-11.82963,8.08585],[-11.82985,8.08641],[-11.83009,8.08689],[-11.8304,8.08734],[-11.83057,8.08758],[-11.83079,8.08783],[-11.83104,8.0881],[-11.83141,8.08845],[-11.83259,8.08954],[-11.83305,8.08999],[-11.83348,8.0904],[-11.83417,8.09106],[-11.83485,8.0917],[-11.83507,8.09189],[-11.83553,8.09223],[-11.83598,8.09261],[-11.83636,8.09293],[-11.83673,8.09327],[-11.83692,8.09347],[-11.83703,8.09356],[-11.8375,8.094],[-11.83782,8.09425],[-11.83811,8.09446],[-11.83828,8.09458],[-11.83874,8.09484],[-11.83925,8.09507],[-11.84283,8.09665],[-11.84492,8.09754],[-11.84553,8.09781],[-11.84571,8.09789],[-11.84654,8.09829],[-11.84705,8.09863],[-11.84753,8.09901],[-11.84796,8.09947],[-11.84816,8.09972]]},"properties":{"id":49182117,"cls":"trunk","hw":"trunk","tg":"na","name":"Bo-Tiama Highway","ref":"TAH 7","surface":"asphalt","sc":"paved","speed":null,"lit":"unk","km":20.791}},
{"type":"Feature","geometry":{"type":"LineString","coordinates":[[-11.72871,7.94511],[-11.72873,7.94515],[-11.72878,7.9452],[-11.72882,7.94523],[-11.729,7.94533],[-11.72916,7.94543],[-11.72924,7.94549],[-11.72932,7.94556],[-11.72952,7.94582],[-11.72964,7.946],[-11.72993,7.94644],[-11.73024,7.94695],[-11.73034,7.94713],[-11.73045,7.94735],[-11.73052,7.94754],[-11.73058,7.94775],[-11.73086,7.94893],[-11.73093,7.94923],[-11.73106,7.94981],[-11.73116,7.95027],[-11.73117,7.95034],[-11.73119,7.95048],[-11.73121,7.95065],[-11.73123,7.95094],[-11.73122,7.95126],[-11.73124,7.95168],[-11.73124,7.95179],[-11.73127,7.95208],[-11.73131,7.9524],[-11.73138,7.95277],[-11.73142,7.95301],[-11.73149,7.95333],[-11.73155,7.95354],[-11.73166,7.95386],[-11.73179,7.95427],[-11.73181,7.95432],[-11.73199,7.95511],[-11.73225,7.95631],[-11.73234,7.95671],[-11.73238,7.95689],[-11.7325,7.95739],[-11.73253,7.95754],[-11.73259,7.95782],[-11.7326,7.95785]]},"properties":{"id":49182118,"cls":"primary","hw":"primary","tg":"na","name":"Sewa Road","ref":"","surface":"asphalt","sc":"paved","speed":null,"lit":"unk","km":1.515}},
{"type":"Feature","geometry":{"type":"LineString","coordinates":[[-12.21628,8.46675],[-12.21646,8.46671],[-12.21659,8.46667],[-12.22027,8.46569],[-12.22048,8.46563],[-12.22115,8.46545],[-12.22184,8.46526],[-12.22207,8.46519],[-12.22262,8.46505],[-12.22284,8.46501],[-12.22295,8.46501],[-12.22306,8.46501],[-12.22323,8.46501],[-12.22342,8.46504],[-12.22366,8.46511],[-12.22395,8.46525],[-12.22473,8.46582],[-12.22476,8.46584],[-12.22529,8.46622],[-12.22562,8.46645],[-12.22673,8.46723],[-12.22713,8.46751],[-12.22816,8.46823],[-12.22883,8.46869],[-12.2293,8.469],[-12.22961,8.46916],[-12.22995,8.46929],[-12.23025,8.46935],[-12.23061,8.46937],[-12.23092,8.46937],[-12.23283,8.46939],[-12.2342,8.4694],[-12.23551,8.4694],[-12.23665,8.46937],[-12.23715,8.46937],[-12.23743,8.46936],[-12.23844,8.46931],[-12.23886,8.46929],[-12.23904,8.46928],[-12.23948,8.46926],[-12.24019,8.46922],[-12.24094,8.46918],[-12.24133,8.46916],[-12.24152,8.46915],[-12.24252,8.46911],[-12.24278,8.4691],[-12.24284,8.4691],[-12.24336,8.46909],[-12.24359,8.46909],[-12.24383,8.46909],[-12.24429,8.46911],[-12.24642,8.46927],[-12.24815,8.46939],[-12.24962,8.46946],[-12.2524,8.46957],[-12.25315,8.46958],[-12.25426,8.46963],[-12.25465,8.46968],[-12.25496,8.46975],[-12.2552,8.46985]]},"properties":{"id":49182143,"cls":"trunk","hw":"trunk","tg":"na","name":"Masiaka-Yonibana Highway","ref":"TAH 7","surface":"asphalt","sc":"paved","speed":null,"lit":"unk","km":4.458}},
{"type":"Feature","geometry":{"type":"LineString","coordinates":[[-12.2136,8.46603],[-12.21358,8.46606],[-12.21356,8.46609],[-12.21355,8.46613],[-12.21355,8.46617],[-12.21356,8.46621],[-12.21357,8.46624],[-12.2136,8.46627],[-12.21365,8.4663],[-12.21371,8.4663],[-12.21377,8.46629],[-12.21382,8.46625]]},"properties":{"id":49182144,"cls":"trunk","hw":"trunk","tg":"na","name":"","ref":"","surface":"asphalt","sc":"paved","speed":null,"lit":"unk","km":0.057}},
{"type":"Feature","geometry":{"type":"LineString","coordinates":[[-13.21913,8.43458],[-13.21883,8.43477],[-13.21874,8.43483],[-13.21863,8.43488],[-13.21853,8.43491],[-13.21844,8.43492],[-13.21831,8.43493],[-13.21814,8.43491],[-13.21802,8.43489]]},"properties":{"id":49246532,"cls":"primary","hw":"primary","tg":"na","name":"Youyi Highway","ref":"","surface":"paved","sc":"paved","speed":null,"lit":"unk","km":0.132}},
{"type":"Feature","geometry":{"type":"LineString","coordinates":[[-13.22326,8.43548],[-13.22318,8.43547],[-13.22305,8.43544],[-13.22291,8.43541],[-13.22268,8.43533],[-13.22232,8.43521],[-13.22196,8.43512],[-13.22172,8.43508],[-13.22148,8.43507],[-13.2212,8.43507],[-13.22118,8.43508],[-13.22111,8.43507],[-13.22105,8.43505],[-13.2208,8.43491],[-13.22053,8.43477],[-13.22039,8.43471],[-13.22018,8.43461],[-13.22003,8.43454],[-13.21996,8.43452],[-13.21982,8.43448],[-13.21962,8.43443],[-13.21947,8.43439],[-13.21942,8.43438],[-13.21937,8.43438],[-13.21931,8.43438],[-13.21926,8.43441],[-13.21922,8.43444],[-13.21917,8.43449],[-13.21913,8.43458]]},"properties":{"id":49246534,"cls":"primary","hw":"primary","tg":"na","name":"Regent Road","ref":"","surface":"paved","sc":"paved","speed":null,"lit":"unk","km":0.488}},
{"type":"Feature","geometry":{"type":"LineString","coordinates":[[-12.04393,8.88818],[-12.04384,8.88822],[-12.04377,8.88826],[-12.04375,8.88828],[-12.04374,8.8883],[-12.04374,8.88832],[-12.04375,8.88834]]},"properties":{"id":49512663,"cls":"primary","hw":"primary","tg":"na","name":"","ref":"","surface":"","sc":"unknown","speed":null,"lit":"unk","km":0.03}},
{"type":"Feature","geometry":{"type":"LineString","coordinates":[[-11.18674,7.86207],[-11.18719,7.86165],[-11.18748,7.86136],[-11.18772,7.86114],[-11.1881,7.8608],[-11.18837,7.86061],[-11.18871,7.86037],[-11.18901,7.86017],[-11.19035,7.85947],[-11.19079,7.85921],[-11.19118,7.85898],[-11.19178,7.85863],[-11.19227,7.85836],[-11.19242,7.85828],[-11.19289,7.85803],[-11.19302,7.85796],[-11.19319,7.85786],[-11.19336,7.85777],[-11.19497,7.85691],[-11.19519,7.85679],[-11.19539,7.85668],[-11.19551,7.85661],[-11.19631,7.85617],[-11.19636,7.85614],[-11.19759,7.85552],[-11.19868,7.8549],[-11.19927,7.85452],[-11.19939,7.85446],[-11.19969,7.85429],[-11.19987,7.8542],[-11.20047,7.85388]]},"properties":{"id":53179698,"cls":"trunk","hw":"trunk","tg":"na","name":"Bo-Kenema Highway","ref":"TAH 7","surface":"asphalt","sc":"paved","speed":null,"lit":"unk","km":1.772}},
{"type":"Feature","geometry":{"type":"LineString","coordinates":[[-11.84081,8.41763],[-11.84083,8.41763],[-11.84086,8.41763],[-11.84088,8.41762],[-11.84089,8.41761],[-11.84091,8.41759],[-11.84091,8.41757],[-11.84091,8.41755],[-11.8409,8.41752],[-11.84089,8.41751],[-11.84087,8.4175],[-11.84085,8.41749],[-11.84083,8.41749],[-11.84082,8.4175],[-11.8408,8.41751],[-11.84079,8.41752],[-11.84078,8.41753],[-11.84077,8.41755],[-11.84077,8.41757],[-11.84078,8.41759],[-11.84078,8.4176],[-11.84079,8.41761],[-11.84081,8.41763]]},"properties":{"id":54938559,"cls":"primary","hw":"primary","tg":"na","name":"","ref":"","surface":"unpaved","sc":"unpaved","speed":null,"lit":"unk","km":0.049}},
{"type":"Feature","geometry":{"type":"LineString","coordinates":[[-13.18058,8.60457],[-13.1802,8.605],[-13.17941,8.60594],[-13.17815,8.6074],[-13.17808,8.60748],[-13.17784,8.60777],[-13.17765,8.608],[-13.17737,8.60838],[-13.17712,8.60875],[-13.17679,8.60935],[-13.17658,8.60976],[-13.17639,8.61027],[-13.17639,8.6103],[-13.1761,8.61125],[-13.17607,8.61132],[-13.17596,8.61163],[-13.17566,8.61262],[-13.17556,8.6129],[-13.17542,8.61334],[-13.17519,8.61413],[-13.17481,8.61535],[-13.1747,8.61589],[-13.17466,8.61616],[-13.17465,8.61655],[-13.17466,8.617],[-13.17472,8.61743],[-13.17494,8.61833],[-13.17517,8.61919],[-13.17549,8.6204],[-13.17568,8.62117],[-13.17585,8.62181],[-13.17609,8.62248],[-13.17622,8.62283],[-13.17634,8.62309],[-13.17644,8.62325],[-13.17649,8.62333],[-13.17669,8.62366],[-13.17697,8.62406],[-13.17757,8.62483],[-13.1781,8.62552],[-13.17926,8.62695],[-13.18013,8.62809],[-13.18114,8.62936],[-13.18134,8.62964],[-13.18242,8.63101],[-13.18271,8.63137],[-13.18285,8.63156],[-13.18394,8.63294],[-13.18417,8.63324],[-13.18439,8.63351],[-13.18523,8.63461],[-13.18579,8.6353],[-13.18617,8.63581],[-13.18642,8.63612],[-13.18681,8.63652],[-13.18714,8.63682],[-13.18744,8.63709],[-13.18831,8.63773],[-13.18869,8.63799],[-13.18896,8.6382],[-13.18919,8.63844],[-13.18926,8.63852],[-13.18945,8.63881],[-13.1896,8.63907],[-13.18988,8.63965],[-13.19046,8.64097],[-13.1907,8.6415],[-13.19095,8.64214],[-13.1911,8.64259],[-13.1912,8.64311],[-13.19128,8.6437],[-13.19129,8.64409],[-13.19131,8.64458],[-13.19128,8.64508],[-13.19118,8.64573],[-13.19107,8.64631],[-13.19087,8.64734],[-13.19069,8.64804],[-13.19062,8.64829],[-13.19053,8.64859],[-13.19041,8.64894],[-13.19032,8.64921],[-13.19023,8.64942],[-13.18999,8.65003],[-13.18967,8.65085],[-13.18932,8.65177],[-13.18897,8.65268],[-13.1885,8.6539],[-13.18802,8.65511],[-13.18784,8.6556],[-13.18777,8.65581],[-13.18768,8.656],[-13.18752,8.65636],[-13.18735,8.65666],[-13.18716,8.65695],[-13.18697,8.65721],[-13.18641,8.65793],[-13.18578,8.65873],[-13.1852,8.65947],[-13.18462,8.66023],[-13.18433,8.6606],[-13.18406,8.66098],[-13.18385,8.66129],[-13.18365,8.66161],[-13.18326,8.66228],[-13.18252,8.66373],[-13.18206,8.66462],[-13.18183,8.66511],[-13.18171,8.66534],[-13.1816,8.66557],[-13.18141,8.66612],[-13.18131,8.66645],[-13.18123,8.66674],[-13.18113,8.66717],[-13.18104,8.66764],[-13.18098,8.66806],[-13.18083,8.66856],[-13.18073,8.66882],[-13.18064,8.66902],[-13.18035,8.66956],[-13.18012,8.66988],[-13.17999,8.67005],[-13.17983,8.67025],[-13.17936,8.67085],[-13.17917,8.67113],[-13.17903,8.6714],[-13.17892,8.67161],[-13.17858,8.67236],[-13.1784,8.67266],[-13.17822,8.67292],[-13.17806,8.67312],[-13.17786,8.67334],[-13.17766,8.67354],[-13.17745,8.67373],[-13.17727,8.67388],[-13.17695,8.6741],[-13.1767,8.67425],[-13.17646,8.67438],[-13.17615,8.67452],[-13.17586,8.67463],[-13.17555,8.67472],[-13.17522,8.6748],[-13.17448,8.67495],[-13.17394,8.67507],[-13.17303,8.67527],[-13.17254,8.67538],[-13.17205,8.67545],[-13.17161,8.6755],[-13.1711,8.67554],[-13.17063,8.67557],[-13.17017,8.67557],[-13.16949,8.67555],[-13.16877,8.67548],[-13.16805,8.67538],[-13.16711,8.67524],[-13.16651,8.67517],[-13.16619,8.67514],[-13.16593,8.67514],[-13.16566,8.67516],[-13.16536,8.67522],[-13.16497,8.67533],[-13.16466,8.67547],[-13.16445,8.67559],[-13.16425,8.67574],[-13.16403,8.67592],[-13.16386,8.6761],[-13.16372,8.67628],[-13.1636,8.67645],[-13.16333,8.67695],[-13.16306,8.6775],[-13.16246,8.67868],[-13.16218,8.67925],[-13.16203,8.67953],[-13.16194,8.67968],[-13.16186,8.6798],[-13.16163,8.68009],[-13.16143,8.68028],[-13.16118,8.68047],[-13.16079,8.68069],[-13.16006,8.68111],[-13.15817,8.6822],[-13.1566,8.68312],[-13.15542,8.68382],[-13.15495,8.68409],[-13.15449,8.68435],[-13.15424,8.68454],[-13.15401,8.68473],[-13.15379,8.68493],[-13.15357,8.68515],[-13.1532,8.68554],[-13.15179,8.68698],[-13.15134,8.68745],[-13.14948,8.68935],[-13.14912,8.68975],[-13.14872,8.69012],[-13.14846,8.69032],[-13.1482,8.69049],[-13.14791,8.69064],[-13.14763,8.69079],[-13.14643,8.6914],[-13.14601,8.69159],[-13.14561,8.69171],[-13.1454,8.69175],[-13.1452,8.69177],[-13.14499,8.69179],[-13.14479,8.69178],[-13.14453,8.69175],[-13.14401,8.69169],[-13.14372,8.69166],[-13.14347,8.69165],[-13.14321,8.69166],[-13.143,8.69169],[-13.1428,8.69173],[-13.14257,8.6918],[-13.14238,8.69188],[-13.14223,8.69194],[-13.14204,8.69205],[-13.14191,8.69215],[-13.14171,8.69234],[-13.14142,8.69264],[-13.14118,8.69297],[-13.14084,8.69339],[-13.14066,8.69359],[-13.14045,8.69378],[-13.14018,8.694],[-13.13988,8.69421],[-13.13947,8.69443],[-13.1391,8.69457],[-13.13887,8.69465],[-13.13862,8.6947],[-13.13837,8.69473],[-13.13806,8.69472],[-13.1378,8.69471],[-13.13737,8.69466],[-13.13687,8.69457],[-13.13643,8.69448],[-13.13595,8.69439],[-13.13534,8.69427],[-13.13495,8.69419],[-13.1346,8.6941],[-13.13429,8.69399],[-13.134,8.69385],[-13.13373,8.69368],[-13.13331,8.6934],[-13.13295,8.69316],[-13.13258,8.69292],[-13.13232,8.69278],[-13.13213,8.69268],[-13.13191,8.6926],[-13.13173,8.69256],[-13.13159,8.69254],[-13.1314,8.69254],[-13.13124,8.69254],[-13.13099,8.69258],[-13.13077,8.69265],[-13.13059,8.69273],[-13.13035,8.69286],[-13.13011,8.69306],[-13.12987,8.69333],[-13.12937,8.69388],[-13.12886,8.69449],[-13.12859,8.69476],[-13.1283,8.69502],[-13.12806,8.69518],[-13.12783,8.69534],[-13.12749,8.69552],[-13.12719,8.69567],[-13.12655,8.69591],[-13.1261,8.69606],[-13.12577,8.69616],[-13.12549,8.69622],[-13.12517,8.69625],[-13.12484,8.69624],[-13.12458,8.69621],[-13.12435,8.69615],[-13.12399,8.69605],[-13.12347,8.69589],[-13.12275,8.69568],[-13.1224,8.69558],[-13.12216,8.69553],[-13.12191,8.69549],[-13.1217,8.69549],[-13.12138,8.6955],[-13.12098,8.69553],[-13.12054,8.69553],[-13.12031,8.69552],[-13.12015,8.6955],[-13.11998,8.69547],[-13.1198,8.69543],[-13.11962,8.69538],[-13.11934,8.69524],[-13.11902,8.69505],[-13.11848,8.6947],[-13.11788,8.69431],[-13.11755,8.69412],[-13.11727,8.69396],[-13.11702,8.69383],[-13.11663,8.6937],[-13.11626,8.69359],[-13.11592,8.69351],[-13.11538,8.6934],[-13.11466,8.6933],[-13.11422,8.69324],[-13.1137,8.6932],[-13.11323,8.6932],[-13.11258,8.69325],[-13.11223,8.69329],[-13.1119,8.69335],[-13.11157,8.69341],[-13.11095,8.69353],[-13.11058,8.69362],[-13.11023,8.69372],[-13.10987,8.69382],[-13.10937,8.69399],[-13.10932,8.694],[-13.10876,8.69423],[-13.10826,8.69448],[-13.10773,8.69475],[-13.10723,8.69503],[-13.10676,8.69535],[-13.1063,8.69565],[-13.10605,8.69583],[-13.1059,8.69594],[-13.10579,8.69604],[-13.10565,8.69619],[-13.10555,8.69633]]},"properties":{"id":55062525,"cls":"primary","hw":"primary","tg":"na","name":"","ref":"","surface":"asphalt","sc":"paved","speed":null,"lit":"unk","km":18.017}},
{"type":"Feature","geometry":{"type":"LineString","coordinates":[[-12.68169,8.70815],[-12.68178,8.70804],[-12.68197,8.7079]]},"properties":{"id":71966667,"cls":"trunk","hw":"trunk","tg":"na","name":"","ref":"TAH 7","surface":"","sc":"unknown","speed":null,"lit":"unk","km":0.042}},
{"type":"Feature","geometry":{"type":"LineString","coordinates":[[-10.71895,8.62093],[-10.7196,8.62069],[-10.71974,8.62062],[-10.71981,8.62053],[-10.71989,8.62037],[-10.72001,8.62006],[-10.72018,8.61943],[-10.72041,8.61862],[-10.72044,8.61854],[-10.72048,8.61849],[-10.72053,8.61847],[-10.7206,8.61847],[-10.72076,8.61853],[-10.72113,8.61866],[-10.72206,8.61899],[-10.72244,8.61912],[-10.72302,8.61927],[-10.72365,8.61942],[-10.72432,8.61956],[-10.72463,8.6196],[-10.72489,8.61964],[-10.72503,8.61968],[-10.72514,8.61971],[-10.72526,8.61979],[-10.72537,8.61988],[-10.72572,8.62022],[-10.7261,8.62058],[-10.7268,8.62138],[-10.72698,8.62155],[-10.72715,8.62167],[-10.72732,8.62174],[-10.72747,8.62178],[-10.72764,8.62179],[-10.7278,8.62181],[-10.72797,8.62184],[-10.7281,8.62187],[-10.72821,8.62187],[-10.72921,8.62184],[-10.72929,8.62182],[-10.72937,8.62179],[-10.7296,8.6217],[-10.73007,8.62156],[-10.73046,8.62148],[-10.73095,8.62142],[-10.73119,8.62137],[-10.73143,8.62129],[-10.73166,8.62116],[-10.73191,8.62101],[-10.73206,8.62095],[-10.73248,8.62081],[-10.73314,8.62054],[-10.73365,8.62028],[-10.73411,8.62006],[-10.73426,8.61998],[-10.73439,8.61994],[-10.73457,8.61992],[-10.73534,8.61996],[-10.7359,8.61999],[-10.73665,8.61994],[-10.73726,8.61994],[-10.73795,8.61995],[-10.73868,8.61995],[-10.73901,8.61998],[-10.73947,8.62003],[-10.73962,8.62004],[-10.73975,8.62001],[-10.74017,8.61975],[-10.74031,8.61966],[-10.74043,8.61963],[-10.74084,8.61958],[-10.74124,8.61951],[-10.74138,8.61952],[-10.74152,8.61958],[-10.74199,8.61983],[-10.74213,8.61993],[-10.74221,8.61997],[-10.74229,8.61998],[-10.74242,8.61998],[-10.74282,8.61994],[-10.74305,8.61993],[-10.74334,8.61999],[-10.74362,8.62004],[-10.7439,8.62004],[-10.74413,8.61999],[-10.74448,8.61986],[-10.74605,8.61914],[-10.74685,8.61879],[-10.74753,8.61853],[-10.74778,8.61847],[-10.74805,8.61845],[-10.74869,8.6184],[-10.74923,8.61831],[-10.7497,8.61827],[-10.75019,8.61828],[-10.75049,8.61831],[-10.75071,8.61832],[-10.75088,8.61829],[-10.75104,8.61827],[-10.7513,8.6183],[-10.7515,8.61833],[-10.75169,8.61831],[-10.75189,8.61826],[-10.75216,8.61819],[-10.75243,8.61816],[-10.75276,8.61817],[-10.75307,8.61819],[-10.7536,8.61819],[-10.75404,8.61821],[-10.75447,8.61815],[-10.75481,8.61814],[-10.75528,8.61804],[-10.75593,8.61773],[-10.7568,8.61748],[-10.75705,8.61743],[-10.75729,8.61742],[-10.7575,8.61743],[-10.75771,8.61753],[-10.7579,8.61772],[-10.75827,8.61809],[-10.75854,8.61829],[-10.75878,8.61838],[-10.75897,8.6184],[-10.7592,8.61839],[-10.75948,8.61845],[-10.75975,8.6186],[-10.75992,8.61876],[-10.76008,8.61896],[-10.76051,8.61963],[-10.7608,8.62001],[-10.76106,8.62026],[-10.76123,8.62039],[-10.7614,8.62054],[-10.76162,8.62078],[-10.76187,8.62116],[-10.762,8.62137],[-10.76247,8.62207],[-10.76317,8.62303],[-10.76338,8.62343],[-10.76352,8.62376],[-10.76361,8.62402],[-10.76365,8.62421],[-10.76367,8.62438],[-10.76361,8.62456],[-10.76355,8.62478],[-10.76351,8.62495],[-10.7635,8.62519],[-10.76352,8.62633],[-10.7635,8.62704],[-10.76355,8.62752],[-10.76362,8.62786],[-10.76374,8.62812],[-10.76391,8.62837],[-10.7641,8.62858],[-10.76439,8.62883],[-10.76494,8.62918],[-10.76555,8.62953],[-10.7659,8.62967],[-10.76613,8.62977],[-10.76638,8.62995],[-10.76698,8.63051],[-10.76721,8.63074],[-10.76749,8.63108],[-10.76767,8.63135],[-10.76777,8.63152],[-10.76785,8.63178],[-10.7679,8.63204],[-10.76799,8.63224],[-10.76812,8.63239],[-10.76826,8.63252],[-10.76839,8.63259],[-10.76854,8.6326],[-10.76907,8.63244],[-10.76922,8.63241],[-10.76932,8.63242],[-10.76943,8.63245],[-10.76974,8.6326],[-10.77004,8.6327],[-10.77051,8.63278],[-10.77079,8.63285],[-10.77097,8.63292],[-10.77112,8.633],[-10.77124,8.63311],[-10.77145,8.63341],[-10.77163,8.63365],[-10.77187,8.63388],[-10.77231,8.63424],[-10.77267,8.63451],[-10.77284,8.63466],[-10.77302,8.63479],[-10.77321,8.63488],[-10.77342,8.63492],[-10.77397,8.63493],[-10.77429,8.63492],[-10.7745,8.63495],[-10.77472,8.635],[-10.77534,8.63518],[-10.77589,8.63532],[-10.77628,8.63541],[-10.77664,8.63547],[-10.777,8.63549],[-10.77739,8.63549],[-10.77802,8.6355],[-10.77851,8.63549],[-10.77881,8.63551],[-10.77911,8.63556],[-10.77949,8.63564]]},"properties":{"id":72214024,"cls":"primary","hw":"primary","tg":"na","name":"","ref":"","surface":"","sc":"unknown","speed":null,"lit":"unk","km":8.215}},
{"type":"Feature","geometry":{"type":"LineString","coordinates":[[-11.19303,7.87364],[-11.193,7.8736],[-11.19294,7.87358],[-11.19289,7.87359],[-11.19284,7.87362],[-11.19282,7.87367],[-11.19281,7.87371],[-11.19282,7.87374],[-11.19285,7.87379],[-11.1929,7.87381],[-11.19295,7.87382],[-11.193,7.8738],[-11.19303,7.87377],[-11.19305,7.87373],[-11.19305,7.87369],[-11.19303,7.87364]]},"properties":{"id":74769898,"cls":"trunk","hw":"trunk","tg":"na","name":"Clock Tower","ref":"","surface":"","sc":"unknown","speed":null,"lit":"unk","km":0.083}},
{"type":"Feature","geometry":{"type":"LineString","coordinates":[[-10.71496,8.04542],[-10.71447,8.04532],[-10.71412,8.04526],[-10.71352,8.04517],[-10.71317,8.04514],[-10.71283,8.04514],[-10.71238,8.04516],[-10.7119,8.04529],[-10.71132,8.04553],[-10.71092,8.04578],[-10.71055,8.0461],[-10.71022,8.0465],[-10.70991,8.04698],[-10.70972,8.04742],[-10.7096,8.04786],[-10.70953,8.04839],[-10.70948,8.04913],[-10.70944,8.04967],[-10.70934,8.05021],[-10.70918,8.05066],[-10.70893,8.05122],[-10.70859,8.0517],[-10.70824,8.05211],[-10.70791,8.05241],[-10.70763,8.05261],[-10.70739,8.05278],[-10.70682,8.05305],[-10.70615,8.05325],[-10.70532,8.05342],[-10.70285,8.0538],[-10.70171,8.05402],[-10.70069,8.05437],[-10.6932,8.05686],[-10.69281,8.05696],[-10.69247,8.05707],[-10.69188,8.05727],[-10.69163,8.0574],[-10.69132,8.05763],[-10.69094,8.058],[-10.69059,8.05849],[-10.6904,8.05875]]},"properties":{"id":74769923,"cls":"trunk","hw":"trunk","tg":"na","name":"","ref":"","surface":"asphalt","sc":"paved","speed":null,"lit":"unk","km":3.39}},
{"type":"Feature","geometry":{"type":"LineString","coordinates":[[-11.65355,7.57064],[-11.65276,7.57107],[-11.6523,7.5713],[-11.65182,7.57156],[-11.65144,7.57189],[-11.65135,7.572],[-11.65114,7.57227],[-11.65099,7.5726],[-11.65091,7.57283],[-11.65086,7.5732],[-11.65084,7.5735],[-11.65087,7.57384],[-11.65096,7.5743],[-11.65102,7.57452],[-11.65116,7.57488],[-11.65254,7.57787],[-11.65284,7.57854],[-11.65311,7.57913],[-11.65351,7.58],[-11.65367,7.58035],[-11.65378,7.58065],[-11.65392,7.58117],[-11.65394,7.58135],[-11.65398,7.58169],[-11.654,7.58216],[-11.65406,7.58265],[-11.65416,7.58309],[-11.65429,7.58349],[-11.65438,7.5837],[-11.65449,7.58392],[-11.65465,7.58422],[-11.65481,7.58449]]},"properties":{"id":74864282,"cls":"trunk","hw":"trunk","tg":"na","name":"","ref":"","surface":"asphalt","sc":"paved","speed":null,"lit":"unk","km":1.777}},
{"type":"Feature","geometry":{"type":"LineString","coordinates":[[-11.70778,7.87075],[-11.70752,7.87207],[-11.70745,7.87259],[-11.70741,7.87294],[-11.70745,7.87367],[-11.70752,7.87405],[-11.70758,7.87447],[-11.70819,7.87802],[-11.7082,7.8781],[-11.7084,7.87932],[-11.70854,7.88005],[-11.70871,7.88091],[-11.70879,7.88125],[-11.7089,7.88174],[-11.70919,7.88304],[-11.70923,7.88324],[-11.70942,7.88395],[-11.70965,7.88458],[-11.70986,7.88508],[-11.71009,7.88553],[-11.7103,7.8859],[-11.71062,7.8864],[-11.71101,7.88695],[-11.71128,7.88729],[-11.71403,7.89088],[-11.71427,7.89121],[-11.71445,7.89152],[-11.7146,7.89191],[-11.71472,7.89228],[-11.71476,7.89249],[-11.7148,7.89278],[-11.71481,7.89311],[-11.71479,7.89353],[-11.71475,7.89378],[-11.71458,7.89455],[-11.71456,7.89478],[-11.71454,7.8951],[-11.71455,7.89548],[-11.71461,7.89581],[-11.71468,7.89608],[-11.71512,7.89722],[-11.71521,7.89746],[-11.7163,7.90018],[-11.7168,7.90141],[-11.71687,7.9016],[-11.71718,7.90237],[-11.71732,7.90277],[-11.71744,7.90327],[-11.71755,7.9038],[-11.71762,7.90433],[-11.71762,7.9045],[-11.71758,7.90542],[-11.71758,7.9056],[-11.7176,7.90581],[-11.71762,7.90593],[-11.71765,7.90614],[-11.71777,7.9067],[-11.71791,7.90718],[-11.71812,7.90786],[-11.71821,7.90815],[-11.71828,7.90838],[-11.71841,7.9088],[-11.7188,7.91006],[-11.71886,7.91023],[-11.71894,7.91051],[-11.71906,7.91089],[-11.71932,7.91178],[-11.71978,7.91326],[-11.72018,7.91456],[-11.72076,7.91638],[-11.72086,7.91667],[-11.72101,7.91715],[-11.7211,7.91749],[-11.72118,7.91792],[-11.72124,7.91841],[-11.72128,7.91869],[-11.72132,7.91969],[-11.72132,7.91994],[-11.72131,7.92053],[-11.7213,7.92091],[-11.72128,7.92169],[-11.72128,7.92226],[-11.72128,7.92243],[-11.72127,7.92254],[-11.72128,7.92273],[-11.7213,7.9229],[-11.72135,7.92321],[-11.72139,7.92343],[-11.72147,7.92378],[-11.72153,7.92396],[-11.72162,7.92424],[-11.72164,7.92428],[-11.72167,7.92437],[-11.72172,7.92449],[-11.72185,7.92474],[-11.72197,7.92495],[-11.72211,7.9252],[-11.72221,7.92536],[-11.72241,7.92567],[-11.72263,7.92611],[-11.72283,7.92651],[-11.72307,7.92709],[-11.72318,7.92735],[-11.72333,7.92778],[-11.72369,7.9287],[-11.72383,7.92907],[-11.72444,7.93078],[-11.7246,7.93129],[-11.72472,7.93172],[-11.7248,7.932],[-11.72495,7.93257],[-11.72501,7.93285],[-11.72509,7.93318],[-11.72524,7.93376],[-11.72532,7.93399],[-11.72554,7.93487],[-11.72565,7.9354],[-11.72568,7.93574],[-11.7257,7.9359],[-11.7257,7.93614],[-11.72591,7.9382],[-11.72592,7.93843],[-11.72592,7.93863],[-11.72595,7.93896],[-11.72594,7.9392],[-11.72597,7.93957],[-11.726,7.93982],[-11.72607,7.94015],[-11.72616,7.94043],[-11.72633,7.9408],[-11.72644,7.94102],[-11.72711,7.9422],[-11.72724,7.94247],[-11.72772,7.94335],[-11.72795,7.94378],[-11.72824,7.9443]]},"properties":{"id":74864284,"cls":"trunk","hw":"trunk","tg":"na","name":"Koribondo Road","ref":"TAH 7","surface":"asphalt","sc":"paved","speed":null,"lit":"unk","km":8.65}},
{"type":"Feature","geometry":{"type":"LineString","coordinates":[[-11.65437,7.57022],[-11.65355,7.57064]]},"properties":{"id":74864289,"cls":"trunk","hw":"trunk","tg":"na","name":"","ref":"","surface":"asphalt","sc":"paved","speed":null,"lit":"unk","km":0.102}},
{"type":"Feature","geometry":{"type":"LineString","coordinates":[[-11.7083,7.8686],[-11.70778,7.87075]]},"properties":{"id":74864293,"cls":"trunk","hw":"trunk","tg":"na","name":"","ref":"","surface":"asphalt","sc":"paved","speed":null,"lit":"unk","km":0.246}},
{"type":"Feature","geometry":{"type":"LineString","coordinates":[[-13.19217,8.32286],[-13.19222,8.32337],[-13.19216,8.32386],[-13.19189,8.32448],[-13.19102,8.32559],[-13.18999,8.32641],[-13.18888,8.32688]]},"properties":{"id":92503558,"cls":"primary","hw":"primary","tg":"na","name":"Peninsular Road","ref":"","surface":"paved","sc":"paved","speed":null,"lit":"unk","km":0.621}},
{"type":"Feature","geometry":{"type":"LineString","coordinates":[[-11.18636,7.86223],[-11.18632,7.86224],[-11.18629,7.86227],[-11.18627,7.8623],[-11.18626,7.86234],[-11.18626,7.86238],[-11.18627,7.86242],[-11.18629,7.86246],[-11.18635,7.86252],[-11.18639,7.86252],[-11.18643,7.86251],[-11.18647,7.8625],[-11.1865,7.86248],[-11.18653,7.86245],[-11.18655,7.86241],[-11.18655,7.86237],[-11.18655,7.86233],[-11.18653,7.8623],[-11.18651,7.86226],[-11.18648,7.86224],[-11.18644,7.86222],[-11.1864,7.86222],[-11.18636,7.86223]]},"properties":{"id":95954324,"cls":"trunk","hw":"trunk","tg":"na","name":"","ref":"","surface":"","sc":"unknown","speed":null,"lit":"unk","km":0.104}},
{"type":"Feature","geometry":{"type":"LineString","coordinates":[[-11.73314,7.95886],[-11.73318,7.95903],[-11.7332,7.95914],[-11.73328,7.9595],[-11.73353,7.96052],[-11.73385,7.96155],[-11.734,7.96196],[-11.73413,7.96228],[-11.73469,7.96379],[-11.73475,7.9639],[-11.73484,7.96405],[-11.73495,7.9642],[-11.73511,7.96437],[-11.73524,7.96449],[-11.73576,7.96503],[-11.73609,7.96538],[-11.73639,7.96567]]},"properties":{"id":119490870,"cls":"primary","hw":"primary","tg":"na","name":"Mahei Boima Road","ref":"","surface":"asphalt","sc":"paved","speed":null,"lit":"unk","km":0.857}},
{"type":"Feature","geometry":{"type":"LineString","coordinates":[[-11.7326,7.95785],[-11.7326,7.95792],[-11.7326,7.95796],[-11.73261,7.95804],[-11.73262,7.95808],[-11.73266,7.95817],[-11.73269,7.95822]]},"properties":{"id":119490964,"cls":"primary","hw":"primary","tg":"na","name":"","ref":"","surface":"","sc":"unknown","speed":null,"lit":"unk","km":0.043}},
{"type":"Feature","geometry":{"type":"LineString","coordinates":[[-11.73646,7.96587],[-11.73648,7.96586],[-11.7365,7.96586],[-11.73652,7.96585],[-11.73653,7.96584],[-11.73654,7.96583],[-11.73655,7.96581],[-11.73656,7.96579],[-11.73657,7.96578],[-11.73657,7.96576],[-11.73657,7.96574],[-11.73656,7.96572],[-11.73655,7.9657],[-11.73654,7.96569],[-11.73653,7.96567],[-11.73652,7.96566],[-11.7365,7.96565],[-11.73648,7.96565],[-11.73646,7.96565],[-11.73644,7.96565],[-11.73642,7.96565],[-11.73641,7.96566],[-11.73639,7.96567],[-11.73638,7.96569],[-11.73637,7.9657],[-11.73636,7.96572],[-11.73635,7.96574],[-11.73635,7.96576],[-11.73635,7.96578],[-11.73636,7.96579],[-11.73637,7.96581],[-11.73638,7.96583],[-11.73639,7.96584],[-11.73641,7.96585],[-11.73642,7.96586],[-11.73644,7.96586],[-11.73646,7.96587]]},"properties":{"id":119491288,"cls":"primary","hw":"primary","tg":"na","name":"","ref":"","surface":"paved","sc":"paved","speed":null,"lit":"unk","km":0.077}},
{"type":"Feature","geometry":{"type":"LineString","coordinates":[[-11.69946,8.11802],[-11.69945,8.11823],[-11.69947,8.11854],[-11.69949,8.11882],[-11.69954,8.11907],[-11.69959,8.11927],[-11.69965,8.11945],[-11.69975,8.11969],[-11.69991,8.11996],[-11.70005,8.12009],[-11.70018,8.12016],[-11.7004,8.12025],[-11.70082,8.12037],[-11.70127,8.12049],[-11.70146,8.12059],[-11.70166,8.12071],[-11.70184,8.12085],[-11.70194,8.12101],[-11.70197,8.12106],[-11.702,8.12122],[-11.70203,8.12155],[-11.70207,8.12184],[-11.70208,8.12205],[-11.70209,8.12223],[-11.70207,8.12236],[-11.70204,8.12248],[-11.70194,8.12262],[-11.70176,8.12289],[-11.70149,8.1233],[-11.70087,8.1245],[-11.70001,8.12592],[-11.6998,8.12626],[-11.69966,8.12655],[-11.69925,8.12755],[-11.69883,8.1286],[-11.69847,8.1294],[-11.69772,8.13114],[-11.69767,8.13126],[-11.69764,8.13137],[-11.6976,8.13152],[-11.69756,8.13172],[-11.69745,8.13264],[-11.69733,8.13385],[-11.6971,8.13552],[-11.69704,8.13595],[-11.69702,8.1362],[-11.69702,8.13639],[-11.69704,8.13659],[-11.69706,8.13681],[-11.69704,8.13699],[-11.69696,8.13722],[-11.69648,8.13821],[-11.69585,8.13958],[-11.69581,8.13974],[-11.69577,8.13994],[-11.69567,8.14056],[-11.69554,8.14127],[-11.69533,8.14223],[-11.69526,8.14254],[-11.6952,8.14279],[-11.69513,8.14299],[-11.69504,8.14318],[-11.69496,8.14336],[-11.69491,8.14353],[-11.69489,8.14371],[-11.69489,8.14385],[-11.69493,8.14431],[-11.69491,8.14448],[-11.69481,8.14504],[-11.69465,8.14599],[-11.69449,8.14693],[-11.69409,8.14919],[-11.69402,8.14977],[-11.69398,8.15046],[-11.69387,8.15155],[-11.69358,8.154],[-11.69341,8.15525],[-11.69331,8.15591],[-11.69311,8.15701],[-11.69306,8.15737],[-11.693,8.15826],[-11.69296,8.1588],[-11.69281,8.15987],[-11.69259,8.16175],[-11.69249,8.16248],[-11.69236,8.16389],[-11.69225,8.16493],[-11.69212,8.16574],[-11.69193,8.16725],[-11.69169,8.16892],[-11.69143,8.17105],[-11.69124,8.17214],[-11.69112,8.17328],[-11.69108,8.17383],[-11.69095,8.17503],[-11.6909,8.17526],[-11.69083,8.1755],[-11.69074,8.17574],[-11.69065,8.17591],[-11.69048,8.17618],[-11.69009,8.17684],[-11.68971,8.17751],[-11.68952,8.17785],[-11.68946,8.17806],[-11.68927,8.17874],[-11.68886,8.18037],[-11.68874,8.18077],[-11.68863,8.181],[-11.68838,8.18136],[-11.68815,8.1817],[-11.68764,8.18242],[-11.68691,8.18328],[-11.68581,8.18466],[-11.68534,8.18519],[-11.68513,8.18539],[-11.68486,8.18558],[-11.68446,8.18582],[-11.68411,8.18611],[-11.6839,8.18631],[-11.6837,8.18655],[-11.68354,8.18681],[-11.68287,8.1885],[-11.68224,8.19019],[-11.68188,8.19124],[-11.68182,8.19143],[-11.68179,8.1916],[-11.68177,8.19204],[-11.6818,8.19232],[-11.68184,8.19252],[-11.68203,8.19332],[-11.68233,8.19473],[-11.68276,8.19634],[-11.68292,8.19676],[-11.68306,8.19708],[-11.68365,8.1983],[-11.68395,8.19885],[-11.68432,8.1995],[-11.68483,8.20031],[-11.68522,8.20094],[-11.68548,8.20134],[-11.68572,8.20178],[-11.68601,8.20231],[-11.68614,8.20255],[-11.68629,8.20275],[-11.68647,8.20298],[-11.68672,8.20329],[-11.68704,8.20367],[-11.68755,8.2043],[-11.68798,8.2048],[-11.68843,8.20535],[-11.68864,8.20561],[-11.68873,8.2057],[-11.68893,8.20585],[-11.68922,8.20601],[-11.68942,8.20614],[-11.68952,8.20623],[-11.68982,8.20653],[-11.69024,8.20688],[-11.6906,8.20713],[-11.69077,8.20727],[-11.69093,8.20742],[-11.691,8.20753],[-11.69103,8.2076],[-11.69105,8.20766],[-11.69104,8.20775],[-11.691,8.2079],[-11.69076,8.20876],[-11.69038,8.21041],[-11.6898,8.21262],[-11.689,8.21596],[-11.68891,8.21631],[-11.6889,8.21648],[-11.68892,8.21671],[-11.68898,8.21691],[-11.68907,8.21717],[-11.68973,8.21936],[-11.68991,8.22006],[-11.68994,8.22026],[-11.68997,8.22046],[-11.68997,8.22059],[-11.68997,8.22079],[-11.68995,8.22107],[-11.68989,8.22235],[-11.68977,8.22402],[-11.68975,8.22432],[-11.68976,8.22453],[-11.6898,8.22484],[-11.68983,8.22514],[-11.68988,8.2254],[-11.6901,8.22667],[-11.69033,8.22789],[-11.69053,8.22931],[-11.69069,8.23037],[-11.69085,8.2312],[-11.69091,8.23177],[-11.69095,8.2321],[-11.69104,8.23278],[-11.69119,8.23352],[-11.69132,8.23464],[-11.69147,8.23566],[-11.69148,8.23571],[-11.69153,8.23587],[-11.69158,8.23598],[-11.69164,8.23612],[-11.69177,8.23637],[-11.6923,8.23761],[-11.69262,8.23833],[-11.69279,8.23878],[-11.69304,8.23939],[-11.69346,8.24034],[-11.69366,8.24071],[-11.69379,8.2409],[-11.69417,8.24141],[-11.69509,8.24271],[-11.69557,8.24336],[-11.6958,8.24372],[-11.69617,8.24434],[-11.69649,8.2449],[-11.69725,8.24615],[-11.69796,8.24739],[-11.69862,8.24854],[-11.69892,8.24903],[-11.69909,8.2493],[-11.69918,8.24946],[-11.69928,8.24965],[-11.69939,8.24988],[-11.69952,8.25019],[-11.69977,8.25096],[-11.70015,8.252],[-11.70036,8.25267],[-11.70085,8.25406],[-11.7012,8.25507],[-11.70125,8.25524],[-11.70144,8.25597],[-11.70157,8.25628],[-11.70174,8.25662],[-11.70204,8.25716],[-11.70222,8.25746],[-11.70243,8.25781],[-11.70262,8.25815],[-11.70282,8.25849],[-11.70297,8.2587],[-11.7031,8.25885],[-11.70325,8.25899],[-11.70341,8.25913],[-11.70359,8.25928],[-11.70384,8.25952],[-11.7043,8.25994],[-11.70466,8.26029],[-11.70495,8.26054],[-11.70514,8.26071],[-11.70586,8.26135],[-11.70631,8.26173],[-11.70656,8.26195],[-11.70671,8.26211],[-11.70682,8.26224],[-11.70692,8.26239],[-11.707,8.26251],[-11.70715,8.26272],[-11.70747,8.26317],[-11.70784,8.26363],[-11.70839,8.26437],[-11.70883,8.26498],[-11.70925,8.26561],[-11.70974,8.26631],[-11.71011,8.26684],[-11.71034,8.26717],[-11.71078,8.26781],[-11.71097,8.2681],[-11.71111,8.26839],[-11.71145,8.26926],[-11.71151,8.26951],[-11.71161,8.27],[-11.7117,8.27038],[-11.71198,8.27152],[-11.71212,8.27208],[-11.71218,8.27229],[-11.71223,8.27242],[-11.71232,8.27252],[-11.71247,8.27263],[-11.71264,8.27275],[-11.71283,8.27288],[-11.71379,8.27352],[-11.71481,8.2742],[-11.71555,8.27469],[-11.71608,8.27505],[-11.71641,8.27527],[-11.71657,8.27543],[-11.71671,8.27558],[-11.71682,8.27575],[-11.71705,8.27611],[-11.71721,8.27637],[-11.71744,8.27676],[-11.7178,8.2773],[-11.71819,8.27792],[-11.71832,8.27817],[-11.71839,8.27837],[-11.71843,8.27858],[-11.71846,8.27887],[-11.71848,8.27918],[-11.71852,8.27964],[-11.71857,8.28007],[-11.71863,8.28033],[-11.71871,8.28052],[-11.71883,8.28073],[-11.71895,8.28094],[-11.71964,8.28209],[-11.7203,8.2832],[-11.72063,8.28372],[-11.72094,8.28426],[-11.72124,8.28476],[-11.72145,8.28505],[-11.72173,8.28536],[-11.72197,8.28561],[-11.72272,8.28643],[-11.72318,8.28694],[-11.7234,8.2872],[-11.72352,8.28735],[-11.72362,8.28757],[-11.7237,8.28779],[-11.72376,8.28805],[-11.72384,8.28835],[-11.72401,8.28902],[-11.7242,8.28976],[-11.72438,8.29105],[-11.72449,8.29148],[-11.72457,8.2917],[-11.72465,8.29189],[-11.7249,8.29237],[-11.72525,8.29311],[-11.7255,8.29372],[-11.72577,8.29441],[-11.72604,8.29502],[-11.72638,8.29586],[-11.72656,8.29634],[-11.72669,8.29681],[-11.72682,8.29741],[-11.72715,8.29872],[-11.72742,8.29987],[-11.7276,8.30062],[-11.7277,8.30107],[-11.7278,8.30142],[-11.72793,8.30184],[-11.72809,8.30229],[-11.72859,8.30372],[-11.72905,8.30495],[-11.72922,8.30544],[-11.72936,8.30587]]},"properties":{"id":119491387,"cls":"primary","hw":"primary","tg":"na","name":"Mahei Boima Road","ref":"","surface":"unpaved","sc":"unpaved","speed":null,"lit":"unk","km":23.176}},
{"type":"Feature","geometry":{"type":"LineString","coordinates":[[-11.73296,7.95824],[-11.73292,7.95822],[-11.73289,7.95821],[-11.73284,7.95819],[-11.73281,7.95817],[-11.73278,7.95814],[-11.73277,7.95813],[-11.73269,7.95801],[-11.73264,7.95794],[-11.7326,7.95785]]},"properties":{"id":119491394,"cls":"primary","hw":"primary","tg":"na","name":"","ref":"","surface":"","sc":"unknown","speed":null,"lit":"unk","km":0.061}},
{"type":"Feature","geometry":{"type":"LineString","coordinates":[[-11.73292,7.95846],[-11.73307,7.95873],[-11.73314,7.95886]]},"properties":{"id":119491455,"cls":"primary","hw":"primary","tg":"na","name":"","ref":"","surface":"asphalt","sc":"paved","speed":null,"lit":"unk","km":0.051}},
{"type":"Feature","geometry":{"type":"LineString","coordinates":[[-11.73314,7.95886],[-11.73312,7.95872],[-11.73308,7.95842]]},"properties":{"id":119491598,"cls":"primary","hw":"primary","tg":"na","name":"","ref":"","surface":"asphalt","sc":"paved","speed":null,"lit":"unk","km":0.049}},
{"type":"Feature","geometry":{"type":"LineString","coordinates":[[-11.733,7.95847],[-11.73302,7.95847],[-11.73305,7.95846],[-11.73307,7.95844],[-11.73308,7.95842],[-11.73309,7.95841],[-11.7331,7.9584],[-11.7331,7.95838],[-11.7331,7.95837],[-11.7331,7.95836],[-11.7331,7.95834],[-11.7331,7.95832],[-11.73309,7.9583],[-11.73307,7.95828],[-11.73306,7.95827],[-11.73304,7.95825],[-11.73302,7.95825],[-11.733,7.95824],[-11.73298,7.95824],[-11.73296,7.95824],[-11.73294,7.95825],[-11.73292,7.95825],[-11.73291,7.95827],[-11.73289,7.95828],[-11.73288,7.9583],[-11.73287,7.95832],[-11.73287,7.95834],[-11.73286,7.95836],[-11.73287,7.95838],[-11.73287,7.9584],[-11.73288,7.95842],[-11.73289,7.95843],[-11.73291,7.95845],[-11.73292,7.95846],[-11.73295,7.95847],[-11.73297,7.95847],[-11.733,7.95847]]},"properties":{"id":119491871,"cls":"primary","hw":"primary","tg":"na","name":"","ref":"","surface":"asphalt","sc":"paved","speed":null,"lit":"unk","km":0.084}},
{"type":"Feature","geometry":{"type":"LineString","coordinates":[[-12.85268,8.92727],[-12.85333,8.92747],[-12.85453,8.92781],[-12.8552,8.92801],[-12.85561,8.92815],[-12.85578,8.92823],[-12.85598,8.92831],[-12.85635,8.92857],[-12.85676,8.92892],[-12.85866,8.93057],[-12.85891,8.9308],[-12.85907,8.93097],[-12.85942,8.93132],[-12.85986,8.93187],[-12.86038,8.93258],[-12.86106,8.93358],[-12.86206,8.93498],[-12.86237,8.93541],[-12.86277,8.93601],[-12.86299,8.93637],[-12.86313,8.93663],[-12.8632,8.93682],[-12.86333,8.9371],[-12.86353,8.93767],[-12.8637,8.93832],[-12.86401,8.93991],[-12.86411,8.94043],[-12.86425,8.94127],[-12.86431,8.94185],[-12.86433,8.94238],[-12.8643,8.94287],[-12.86422,8.94338],[-12.86404,8.94416],[-12.86273,8.95],[-12.86251,8.95093],[-12.86242,8.95128],[-12.862,8.95325],[-12.8619,8.95368],[-12.86156,8.95521],[-12.86084,8.95841],[-12.86076,8.95876],[-12.86044,8.96019],[-12.86005,8.96185],[-12.85986,8.96274],[-12.85974,8.96339],[-12.85968,8.96388],[-12.85966,8.96443],[-12.85967,8.96482],[-12.8597,8.96523],[-12.85979,8.96574],[-12.85992,8.96626],[-12.86011,8.96681],[-12.86036,8.9674],[-12.86101,8.96877],[-12.86155,8.96997],[-12.86203,8.97101],[-12.86227,8.97149],[-12.86249,8.97194],[-12.86259,8.97215],[-12.86293,8.97289],[-12.86336,8.97381],[-12.86364,8.97449],[-12.86376,8.97482],[-12.86391,8.97537],[-12.86398,8.97569],[-12.86407,8.97642],[-12.86409,8.97682],[-12.86409,8.97717],[-12.86405,8.97766],[-12.86402,8.97784],[-12.86394,8.97824],[-12.86388,8.97851],[-12.86381,8.97876],[-12.86245,8.98312],[-12.86202,8.98451],[-12.86161,8.98586],[-12.86126,8.98696],[-12.86101,8.98783],[-12.86039,8.98977],[-12.86024,8.9903],[-12.85917,8.99378],[-12.85909,8.99415],[-12.85904,8.99456],[-12.859,8.99519],[-12.85901,8.9962],[-12.85901,8.99627],[-12.85906,8.99789],[-12.85907,8.99874],[-12.8592,9.0035],[-12.8592,9.00381],[-12.85922,9.00445],[-12.85926,9.00517],[-12.85937,9.00576],[-12.85954,9.00638],[-12.85976,9.00695],[-12.86005,9.00755],[-12.86024,9.00787],[-12.86053,9.00829],[-12.86095,9.00876],[-12.86119,9.00902],[-12.86151,9.00931],[-12.86177,9.00953],[-12.86199,9.00968],[-12.86255,9.01006],[-12.86344,9.01065],[-12.86436,9.01127],[-12.86505,9.01172],[-12.8669,9.01297],[-12.86697,9.01301],[-12.86967,9.0148],[-12.87151,9.01602],[-12.87181,9.01625],[-12.87225,9.0166],[-12.8736,9.01769],[-12.8744,9.01832],[-12.87682,9.0203],[-12.87844,9.02162],[-12.87892,9.02194],[-12.87928,9.02213],[-12.87973,9.02236],[-12.88032,9.02261],[-12.88096,9.02278],[-12.88635,9.02382],[-12.88757,9.02406],[-12.88838,9.02422],[-12.89052,9.02464],[-12.89257,9.02502],[-12.8937,9.02525],[-12.8947,9.02544],[-12.89538,9.02561],[-12.89591,9.02577],[-12.89643,9.02596],[-12.89685,9.02613],[-12.89747,9.02643],[-12.89795,9.02668],[-12.89811,9.02678],[-12.89854,9.02705],[-12.89905,9.0274],[-12.89937,9.02764],[-12.89955,9.02778],[-12.89999,9.02813],[-12.90105,9.02894],[-12.9025,9.03008],[-12.90386,9.03116],[-12.90441,9.03156],[-12.90512,9.03212],[-12.90522,9.0322],[-12.90548,9.03245],[-12.90556,9.03253],[-12.90578,9.03278],[-12.90591,9.03296],[-12.90597,9.03303],[-12.90603,9.0331],[-12.90616,9.03331],[-12.90621,9.03339],[-12.90646,9.03386],[-12.9067,9.03442],[-12.90676,9.03455],[-12.90719,9.03564],[-12.90731,9.03592],[-12.90755,9.0365],[-12.9078,9.03712],[-12.90849,9.03869],[-12.90907,9.04003],[-12.90918,9.04025],[-12.90952,9.04101],[-12.90978,9.04165],[-12.91001,9.04215],[-12.91031,9.04283],[-12.91056,9.04341],[-12.91093,9.04425],[-12.91136,9.04528],[-12.9114,9.04539],[-12.91173,9.04617],[-12.91275,9.04859],[-12.91302,9.04923],[-12.91305,9.0493],[-12.91333,9.04993],[-12.91435,9.0523],[-12.91533,9.05456],[-12.91558,9.05513],[-12.91621,9.05662],[-12.91646,9.05724],[-12.91663,9.05774],[-12.91674,9.0582],[-12.91682,9.05874],[-12.91686,9.05929],[-12.91684,9.06005],[-12.91679,9.06055],[-12.9167,9.06111],[-12.9163,9.06322],[-12.91627,9.06342],[-12.91617,9.06398],[-12.91611,9.06429],[-12.91553,9.06767],[-12.91538,9.0687],[-12.91532,9.06895],[-12.91524,9.06924],[-12.91511,9.06975],[-12.91495,9.0704],[-12.91481,9.07107],[-12.91418,9.07462],[-12.91389,9.07621],[-12.9136,9.07763],[-12.91345,9.07851],[-12.91332,9.0792],[-12.91317,9.07986],[-12.91302,9.0803],[-12.91283,9.08076],[-12.91247,9.08157],[-12.91223,9.08204],[-12.9121,9.0823],[-12.91174,9.0831],[-12.91113,9.08444],[-12.91037,9.08602],[-12.90936,9.08822],[-12.9091,9.08884],[-12.909,9.0892],[-12.9089,9.08966],[-12.90886,9.08992],[-12.90881,9.0903],[-12.90879,9.09079],[-12.9088,9.0913],[-12.90887,9.092],[-12.90897,9.09242],[-12.90906,9.09274],[-12.90912,9.09294],[-12.90947,9.09378],[-12.90994,9.09462],[-12.9102,9.09499],[-12.91037,9.09514],[-12.91091,9.0957],[-12.91121,9.09596],[-12.91148,9.09618],[-12.91211,9.09659],[-12.9127,9.09688],[-12.9136,9.09727],[-12.91513,9.09795],[-12.91645,9.09853],[-12.91774,9.09903],[-12.91808,9.09922],[-12.91929,9.09974],[-12.92,9.10007],[-12.92018,9.10016],[-12.92079,9.10056],[-12.92119,9.10091],[-12.92146,9.10116],[-12.92177,9.10156],[-12.92235,9.1024],[-12.92245,9.10256],[-12.92259,9.10281],[-12.92272,9.10316],[-12.92277,9.10327],[-12.9228,9.10336],[-12.92282,9.10342],[-12.92285,9.10355],[-12.92303,9.10418],[-12.92308,9.10453],[-12.92317,9.10507],[-12.9232,9.10517],[-12.92344,9.10587],[-12.92371,9.10675],[-12.92402,9.10752],[-12.92424,9.10786],[-12.9245,9.10822],[-12.92482,9.1087],[-12.92511,9.10914],[-12.92603,9.11051],[-12.92622,9.11083],[-12.92665,9.11149]]},"properties":{"id":127558162,"cls":"trunk","hw":"trunk","tg":"na","name":"","ref":"TAH 7","surface":"asphalt","sc":"paved","speed":null,"lit":"unk","km":25.708}},
{"type":"Feature","geometry":{"type":"LineString","coordinates":[[-12.76775,8.74862],[-12.76874,8.74893],[-12.76931,8.74918],[-12.76973,8.74942],[-12.77005,8.74965],[-12.77033,8.74987],[-12.77074,8.75029],[-12.77092,8.75051],[-12.77108,8.75073],[-12.77113,8.75081],[-12.77126,8.75103],[-12.77141,8.75132],[-12.77159,8.75173],[-12.77173,8.75218],[-12.77183,8.75263],[-12.77187,8.75297],[-12.77189,8.75326],[-12.77198,8.75504],[-12.77222,8.76015],[-12.77229,8.76152],[-12.77233,8.76244],[-12.77235,8.76279]]},"properties":{"id":142882343,"cls":"trunk","hw":"trunk","tg":"na","name":"","ref":"TAH 7","surface":"asphalt","sc":"paved","speed":null,"lit":"unk","km":1.805}},
{"type":"Feature","geometry":{"type":"LineString","coordinates":[[-12.84831,8.92335],[-12.8492,8.92451],[-12.84992,8.92539]]},"properties":{"id":142883113,"cls":"trunk","hw":"trunk","tg":"na","name":"Mange Bridge","ref":"TAH 7","surface":"","sc":"unknown","speed":null,"lit":"unk","km":0.288}},
{"type":"Feature","geometry":{"type":"LineString","coordinates":[[-10.97678,8.64055],[-10.97679,8.64052],[-10.97678,8.64049],[-10.97676,8.64047],[-10.97672,8.64046],[-10.97669,8.64047],[-10.97666,8.64049],[-10.97666,8.64051],[-10.97666,8.64053],[-10.97666,8.64056],[-10.97668,8.64057],[-10.9767,8.64058],[-10.97672,8.64059],[-10.97675,8.64058],[-10.97677,8.64057],[-10.97678,8.64055]]},"properties":{"id":147581185,"cls":"primary","hw":"primary","tg":"na","name":"","ref":"","surface":"","sc":"unknown","speed":null,"lit":"unk","km":0.046}},
{"type":"Feature","geometry":{"type":"LineString","coordinates":[[-10.97688,8.64272],[-10.97692,8.64271],[-10.97695,8.64268],[-10.97696,8.64265],[-10.97695,8.64262],[-10.97694,8.64259],[-10.97692,8.64257],[-10.97689,8.64256],[-10.97686,8.64256],[-10.97682,8.64257],[-10.9768,8.6426],[-10.97679,8.64264],[-10.9768,8.64267],[-10.97682,8.6427],[-10.97685,8.64272],[-10.97688,8.64272]]},"properties":{"id":149704586,"cls":"primary","hw":"primary","tg":"na","name":"","ref":"","surface":"","sc":"unknown","speed":null,"lit":"unk","km":0.058}},
{"type":"Feature","geometry":{"type":"LineString","coordinates":[[-10.97695,8.64233],[-10.97697,8.64217],[-10.97699,8.64206]]},"properties":{"id":149704588,"cls":"primary","hw":"primary","tg":"na","name":"","ref":"","surface":"paved","sc":"paved","speed":null,"lit":"unk","km":0.03}},
{"type":"Feature","geometry":{"type":"LineString","coordinates":[[-11.1866,7.86262],[-11.18669,7.86274],[-11.18677,7.86291],[-11.18684,7.8631],[-11.18692,7.86348],[-11.18699,7.86382],[-11.18712,7.86459],[-11.18723,7.86505],[-11.18741,7.86584],[-11.18753,7.86621],[-11.18758,7.86629],[-11.18764,7.86636],[-11.18774,7.86643],[-11.18786,7.8665],[-11.18807,7.86661],[-11.18836,7.86674],[-11.18857,7.86684],[-11.18871,7.86694],[-11.18883,7.8671],[-11.18894,7.8673],[-11.189,7.86745],[-11.18911,7.86806],[-11.18914,7.86836],[-11.18921,7.86863],[-11.18933,7.86892],[-11.18951,7.86929],[-11.18968,7.86964],[-11.18983,7.86984],[-11.18991,7.86996],[-11.18995,7.87004],[-11.18998,7.8701],[-11.19011,7.87033],[-11.1902,7.87043],[-11.19037,7.87064],[-11.19046,7.87077],[-11.19075,7.87117],[-11.19094,7.87149],[-11.1911,7.87176],[-11.19141,7.87231],[-11.19167,7.87271],[-11.19177,7.87284],[-11.19186,7.87291],[-11.19217,7.87311],[-11.19262,7.87347]]},"properties":{"id":150823040,"cls":"trunk","hw":"trunk","tg":"na","name":"Dama Road","ref":"","surface":"asphalt","sc":"paved","speed":null,"lit":"unk","km":1.434}},
{"type":"Feature","geometry":{"type":"LineString","coordinates":[[-13.1534,8.38659],[-13.15255,8.38694],[-13.15212,8.38712],[-13.1517,8.38726],[-13.15147,8.38731],[-13.15106,8.38741],[-13.15007,8.38762],[-13.14902,8.38781],[-13.14888,8.38784],[-13.14876,8.38786]]},"properties":{"id":162146470,"cls":"primary","hw":"primary","tg":"na","name":"Youyi Road","ref":"","surface":"asphalt","sc":"paved","speed":null,"lit":"unk","km":0.532}},
{"type":"Feature","geometry":{"type":"LineString","coordinates":[[-12.96237,9.17521],[-12.9621,9.17511],[-12.96184,9.17503],[-12.95969,9.17431],[-12.95924,9.17413],[-12.95881,9.17395],[-12.95827,9.17366],[-12.95762,9.17326],[-12.95669,9.17276],[-12.95589,9.17239],[-12.95551,9.17224],[-12.95519,9.17212],[-12.95478,9.17198],[-12.9532,9.17146],[-12.95252,9.17125],[-12.95212,9.17111],[-12.95162,9.17094],[-12.95143,9.17086],[-12.95127,9.17078],[-12.9511,9.17065],[-12.95066,9.1703],[-12.94969,9.16956],[-12.94878,9.16879],[-12.94847,9.1685],[-12.94807,9.16809],[-12.94731,9.16723],[-12.94612,9.16588],[-12.94509,9.16471],[-12.94383,9.16327],[-12.9433,9.16269],[-12.94235,9.16159],[-12.94148,9.16063],[-12.94049,9.15952],[-12.93975,9.15867],[-12.93889,9.15768],[-12.9387,9.15745],[-12.93848,9.15715],[-12.9383,9.15688],[-12.93811,9.15655],[-12.93795,9.15624],[-12.93778,9.15587],[-12.93752,9.15519],[-12.93727,9.15442],[-12.93675,9.15285],[-12.93651,9.15217],[-12.93595,9.15049],[-12.93561,9.14948],[-12.93548,9.14909],[-12.93537,9.14871],[-12.93529,9.1483],[-12.93523,9.14789],[-12.93518,9.14739],[-12.93516,9.14667],[-12.9352,9.14622],[-12.93526,9.14586],[-12.93537,9.14537],[-12.93636,9.14223],[-12.93645,9.14195],[-12.93748,9.13879],[-12.9376,9.13825],[-12.93769,9.13771],[-12.93773,9.13734],[-12.93774,9.13676],[-12.93772,9.13446],[-12.9377,9.13254],[-12.93769,9.131],[-12.93766,9.13022],[-12.93762,9.12974],[-12.93754,9.12912],[-12.93743,9.12864],[-12.93727,9.12817],[-12.93709,9.12774],[-12.93678,9.12713],[-12.93536,9.12497],[-12.93464,9.12382],[-12.93355,9.12215],[-12.93253,9.12068],[-12.93232,9.12033]]},"properties":{"id":164975695,"cls":"trunk","hw":"trunk","tg":"na","name":"","ref":"TAH 7","surface":"","sc":"unknown","speed":null,"lit":"unk","km":7.75}},
{"type":"Feature","geometry":{"type":"LineString","coordinates":[[-12.93061,9.11766],[-12.93163,9.11928],[-12.93232,9.12033]]},"properties":{"id":164975696,"cls":"trunk","hw":"trunk","tg":"na","name":"","ref":"TAH 7","surface":"","sc":"unknown","speed":null,"lit":"unk","km":0.351}},
{"type":"Feature","geometry":{"type":"LineString","coordinates":[[-13.2554,8.46292],[-13.25547,8.46293],[-13.25552,8.46295],[-13.25557,8.46297],[-13.25567,8.46305],[-13.25573,8.46308],[-13.25583,8.46316],[-13.25599,8.46326],[-13.25645,8.46354],[-13.25652,8.46359],[-13.25657,8.46363],[-13.25664,8.46368],[-13.25671,8.46375],[-13.25695,8.46395],[-13.25706,8.46405],[-13.25716,8.46412],[-13.25725,8.46418],[-13.2574,8.46428],[-13.25771,8.46448],[-13.25817,8.46475],[-13.25959,8.46556],[-13.26064,8.46647],[-13.2608,8.46665],[-13.26101,8.46686],[-13.26119,8.46709],[-13.26136,8.46736],[-13.26143,8.46749],[-13.26155,8.46772],[-13.26163,8.46787],[-13.26174,8.46806],[-13.26177,8.46811],[-13.26182,8.46818]]},"properties":{"id":165373022,"cls":"primary","hw":"primary","tg":"na","name":"Regent Road","ref":"","surface":"asphalt","sc":"paved","speed":null,"lit":"unk","km":0.934}},
{"type":"Feature","geometry":{"type":"LineString","coordinates":[[-13.18058,8.60457],[-13.18033,8.60437],[-13.17977,8.60388],[-13.17945,8.60362],[-13.17926,8.60346],[-13.17921,8.60342],[-13.17902,8.60326],[-13.17884,8.6031],[-13.17863,8.60292],[-13.17821,8.60261],[-13.17784,8.60234],[-13.17731,8.60188],[-13.17702,8.60166],[-13.17655,8.60118],[-13.17552,8.60035],[-13.17455,8.5996],[-13.17292,8.59842],[-13.17218,8.59789],[-13.17177,8.5976],[-13.17153,8.59742],[-13.17122,8.59715],[-13.17094,8.59684],[-13.1707,8.59655],[-13.17028,8.596],[-13.16984,8.59538],[-13.16868,8.59375],[-13.16776,8.59244],[-13.16745,8.59201],[-13.16679,8.59105],[-13.16602,8.58998],[-13.16577,8.58963],[-13.16566,8.58947],[-13.16539,8.58901],[-13.16526,8.58875],[-13.16509,8.58839],[-13.16479,8.58768],[-13.16464,8.58729],[-13.16454,8.58703],[-13.16447,8.58678],[-13.16437,8.58637],[-13.16427,8.58583],[-13.16419,8.58532],[-13.1641,8.58439],[-13.16404,8.58383],[-13.16402,8.58364],[-13.16394,8.58286],[-13.1639,8.58248],[-13.16387,8.58226],[-13.16374,8.58086],[-13.16361,8.57929],[-13.16357,8.57899],[-13.1635,8.57828],[-13.16343,8.57758],[-13.16333,8.57654],[-13.16318,8.57523],[-13.16313,8.57499],[-13.16306,8.57479],[-13.16266,8.57395],[-13.16216,8.57296],[-13.16197,8.5726],[-13.16169,8.572],[-13.16148,8.57159],[-13.1614,8.57132],[-13.16138,8.57106],[-13.1614,8.57042],[-13.16145,8.56969],[-13.16146,8.56955],[-13.16149,8.56934],[-13.1615,8.5691],[-13.16152,8.56855],[-13.16155,8.56788],[-13.16158,8.5671],[-13.16166,8.56576],[-13.16169,8.56554],[-13.16176,8.56529],[-13.16249,8.56344],[-13.16334,8.56131],[-13.16373,8.56039],[-13.16375,8.56034],[-13.16394,8.55983],[-13.16412,8.55937],[-13.16425,8.55893],[-13.1643,8.55865],[-13.16435,8.55819],[-13.16436,8.55785],[-13.16435,8.55752],[-13.1643,8.55717],[-13.16423,8.55682],[-13.16418,8.55655],[-13.16413,8.55635],[-13.16405,8.55616],[-13.16386,8.55583],[-13.16365,8.55551],[-13.16348,8.55525],[-13.16331,8.55501],[-13.16314,8.55482],[-13.1629,8.55458],[-13.16232,8.5541],[-13.16165,8.55351],[-13.16135,8.55324],[-13.16104,8.55296],[-13.16091,8.55284],[-13.16068,8.55258],[-13.16052,8.55235],[-13.16037,8.55205],[-13.16027,8.5518],[-13.15996,8.55085],[-13.15965,8.54992],[-13.15961,8.54978],[-13.15948,8.54933],[-13.15917,8.54838],[-13.15894,8.54762],[-13.1589,8.5475],[-13.15881,8.54722],[-13.15866,8.54689],[-13.15847,8.54665],[-13.15814,8.5463],[-13.15788,8.54611],[-13.1574,8.54582],[-13.15662,8.54541],[-13.15525,8.54476],[-13.15495,8.54461],[-13.15469,8.54445],[-13.15452,8.54431],[-13.15397,8.54374],[-13.15322,8.54298],[-13.15248,8.54221],[-13.15228,8.54198],[-13.15212,8.5418],[-13.15111,8.54071],[-13.15057,8.54001],[-13.15032,8.53959],[-13.15007,8.53911],[-13.14967,8.5384],[-13.14951,8.53816],[-13.14932,8.53788],[-13.14912,8.53762],[-13.14897,8.53742],[-13.14851,8.53685],[-13.14823,8.53649],[-13.14799,8.53614],[-13.1479,8.53594],[-13.14782,8.5357],[-13.14779,8.5356],[-13.14771,8.53528],[-13.14768,8.53488],[-13.14769,8.53462],[-13.14772,8.5344],[-13.14782,8.53401],[-13.14789,8.53378],[-13.14801,8.53353],[-13.14822,8.5332],[-13.1485,8.53287],[-13.14882,8.53256],[-13.14892,8.53246],[-13.14905,8.53233],[-13.14922,8.53213],[-13.14934,8.53196],[-13.14945,8.53176],[-13.14952,8.53155],[-13.14957,8.53143],[-13.1496,8.53124],[-13.14964,8.53097],[-13.14964,8.53088],[-13.14963,8.53074],[-13.14963,8.53065],[-13.14961,8.53052],[-13.14958,8.53033],[-13.14952,8.53011],[-13.14946,8.52993],[-13.14932,8.52957],[-13.14926,8.5294],[-13.14911,8.52899],[-13.14892,8.52847],[-13.14873,8.52793],[-13.14856,8.52731],[-13.14848,8.52697],[-13.1484,8.52653],[-13.14838,8.52642],[-13.14832,8.52588],[-13.14827,8.52524],[-13.14826,8.52498],[-13.14827,8.52473],[-13.14831,8.52426],[-13.14842,8.52287],[-13.14843,8.52275],[-13.14845,8.52244],[-13.14845,8.52227],[-13.14844,8.52211],[-13.1483,8.52131],[-13.14827,8.52111],[-13.14824,8.52099],[-13.14823,8.52086],[-13.14815,8.52035],[-13.14813,8.52007],[-13.14815,8.51987],[-13.14819,8.51968],[-13.14825,8.51937],[-13.1483,8.5191],[-13.14838,8.51885],[-13.14839,8.51872],[-13.14836,8.51861],[-13.14832,8.51852],[-13.14823,8.51842]]},"properties":{"id":174091478,"cls":"primary","hw":"primary","tg":"na","name":"Lungi Airport Ferry Road","ref":"","surface":"asphalt","sc":"paved","speed":null,"lit":"unk","km":11.215}},
{"type":"Feature","geometry":{"type":"LineString","coordinates":[[-11.26349,9.81527],[-11.26408,9.81574],[-11.26428,9.81595],[-11.26444,9.81612],[-11.26461,9.81634],[-11.26476,9.81662],[-11.26494,9.81691],[-11.26536,9.81743],[-11.26566,9.81773],[-11.26593,9.8179],[-11.26619,9.81803],[-11.26665,9.81819],[-11.26708,9.81834],[-11.26741,9.81849],[-11.26775,9.81872],[-11.26809,9.81899],[-11.26825,9.81915],[-11.26885,9.81979],[-11.269,9.81991],[-11.2692,9.82],[-11.26978,9.82031],[-11.27017,9.82061],[-11.27045,9.82091],[-11.27071,9.82129],[-11.27149,9.82283],[-11.27173,9.8232],[-11.27231,9.82399],[-11.27253,9.82425],[-11.27344,9.82506],[-11.27369,9.82534],[-11.27429,9.82596],[-11.27476,9.82638],[-11.27508,9.82662],[-11.27571,9.82711],[-11.27589,9.82727],[-11.27602,9.82745],[-11.27648,9.82801],[-11.27696,9.82855],[-11.27768,9.82934],[-11.27786,9.82951],[-11.27813,9.82975],[-11.27825,9.82988],[-11.27836,9.83006],[-11.27846,9.83027],[-11.27859,9.83045],[-11.27938,9.83151],[-11.27971,9.83194],[-11.2801,9.8326],[-11.28063,9.83346],[-11.28109,9.83437],[-11.28145,9.835],[-11.28194,9.83578],[-11.28219,9.83628],[-11.2824,9.83683],[-11.28268,9.83769],[-11.28293,9.83835],[-11.28326,9.83898],[-11.28348,9.83932],[-11.28379,9.83971],[-11.28417,9.84001],[-11.28466,9.84034],[-11.28503,9.84062],[-11.28556,9.84112],[-11.28599,9.84148],[-11.28637,9.84185],[-11.28659,9.84202],[-11.28678,9.84212],[-11.28696,9.84217],[-11.28735,9.84225],[-11.28753,9.84232],[-11.28774,9.84243],[-11.28821,9.84265],[-11.289,9.84303],[-11.28965,9.84328],[-11.28999,9.84344],[-11.29166,9.84413],[-11.29209,9.84434],[-11.29264,9.84459],[-11.29373,9.8449],[-11.29426,9.84505],[-11.29488,9.84518],[-11.29532,9.84519],[-11.29597,9.84513],[-11.29688,9.84512],[-11.29783,9.84514],[-11.29865,9.84521],[-11.29921,9.8453],[-11.2999,9.84551],[-11.30026,9.84568],[-11.30081,9.84601],[-11.30228,9.8469],[-11.30258,9.84714],[-11.30292,9.84747],[-11.30322,9.84773],[-11.30364,9.84801],[-11.30394,9.8482],[-11.30423,9.84837],[-11.30488,9.84858],[-11.30626,9.84894],[-11.30644,9.84896],[-11.30686,9.84896],[-11.307,9.84896],[-11.30722,9.849],[-11.30784,9.84916],[-11.30808,9.84925],[-11.3084,9.84942],[-11.30872,9.84953],[-11.30912,9.84964],[-11.30935,9.84972],[-11.30983,9.84997],[-11.31097,9.85053],[-11.31148,9.85074],[-11.31192,9.85088],[-11.31225,9.85095],[-11.3124,9.85094],[-11.31268,9.85086],[-11.31283,9.85084],[-11.31292,9.85089],[-11.313,9.85095],[-11.31309,9.85102],[-11.31344,9.85118],[-11.31405,9.85141],[-11.31454,9.85157],[-11.31483,9.85172],[-11.31518,9.85201],[-11.31645,9.85285],[-11.31696,9.85324],[-11.3176,9.85385],[-11.31779,9.85398],[-11.31808,9.85412],[-11.31854,9.85431],[-11.31898,9.85443],[-11.31955,9.85449],[-11.32,9.85452],[-11.32021,9.85455],[-11.32035,9.85465],[-11.32055,9.85478],[-11.32077,9.85491],[-11.3211,9.85509],[-11.32131,9.85515],[-11.32162,9.85518],[-11.32181,9.85513],[-11.32205,9.85503],[-11.32217,9.85495],[-11.32229,9.85484],[-11.32243,9.85476],[-11.3226,9.85471],[-11.32286,9.85461],[-11.32313,9.85462],[-11.32409,9.85485],[-11.32542,9.85517],[-11.32626,9.85534],[-11.32644,9.85539],[-11.32659,9.85548],[-11.32697,9.85576],[-11.32875,9.85728],[-11.32954,9.85797],[-11.33017,9.85842],[-11.33083,9.85892],[-11.3311,9.85909],[-11.33185,9.85947],[-11.33293,9.86007],[-11.33326,9.86017],[-11.33375,9.86029],[-11.33476,9.86043],[-11.33502,9.86048],[-11.33521,9.86056],[-11.33538,9.86065],[-11.3364,9.86097],[-11.3381,9.86147],[-11.3391,9.8617],[-11.33971,9.86178],[-11.34016,9.86185],[-11.34076,9.86189],[-11.34126,9.86195],[-11.34275,9.86211],[-11.34433,9.86225],[-11.34623,9.8625],[-11.3484,9.86278],[-11.34925,9.86289],[-11.34977,9.86292],[-11.3507,9.86292],[-11.35165,9.8629],[-11.35252,9.86281],[-11.35295,9.86276],[-11.35336,9.86272],[-11.3539,9.86268],[-11.35421,9.86263],[-11.35467,9.8625],[-11.35493,9.86239],[-11.35603,9.86179],[-11.3564,9.86167],[-11.35669,9.86163],[-11.35703,9.86164],[-11.3573,9.86168],[-11.35768,9.86171],[-11.3584,9.86172],[-11.35871,9.86176],[-11.35909,9.86185],[-11.35968,9.862],[-11.36014,9.86209],[-11.36053,9.8621],[-11.36081,9.86208],[-11.361,9.86205],[-11.36153,9.86187],[-11.36227,9.86163],[-11.36273,9.86148],[-11.36287,9.86143],[-11.36301,9.86141],[-11.36416,9.86128],[-11.3644,9.86123],[-11.36467,9.86112],[-11.3649,9.86107],[-11.36518,9.86107],[-11.36564,9.86112],[-11.36691,9.86125],[-11.36823,9.86131],[-11.36848,9.86135],[-11.36921,9.86153],[-11.3696,9.86163],[-11.36984,9.86169],[-11.37018,9.86172],[-11.3705,9.86174],[-11.37114,9.86171],[-11.37138,9.86174],[-11.3716,9.8618],[-11.37181,9.86188],[-11.37212,9.86209],[-11.37265,9.86247],[-11.37315,9.86281],[-11.37337,9.86299],[-11.37356,9.8632],[-11.37387,9.86375],[-11.374,9.86391],[-11.37424,9.86402],[-11.37458,9.86405],[-11.37485,9.86401],[-11.37548,9.86385],[-11.37577,9.8638],[-11.37594,9.8638],[-11.37661,9.86384],[-11.37716,9.86383],[-11.37736,9.86379],[-11.37764,9.86367],[-11.37825,9.86343],[-11.37862,9.86335],[-11.37917,9.8633],[-11.37961,9.86335],[-11.38047,9.86354],[-11.3809,9.86367],[-11.38147,9.86396],[-11.38303,9.86465],[-11.38422,9.86532],[-11.38564,9.86604],[-11.38662,9.86651],[-11.38705,9.86669],[-11.38723,9.86677],[-11.38755,9.86684],[-11.38786,9.86687],[-11.38844,9.8669],[-11.38878,9.86693],[-11.38917,9.867]]},"properties":{"id":174092683,"cls":"primary","hw":"primary","tg":"na","name":"","ref":"","surface":"unpaved","sc":"unpaved","speed":null,"lit":"unk","km":16.084}},
{"type":"Feature","geometry":{"type":"LineString","coordinates":[[-10.56331,8.28583],[-10.56295,8.286],[-10.56258,8.2862],[-10.56256,8.28621],[-10.56221,8.2864],[-10.562,8.2865],[-10.56175,8.2866],[-10.56143,8.28667],[-10.56121,8.28673],[-10.56103,8.28677],[-10.56088,8.28681],[-10.56063,8.2869],[-10.56021,8.28707],[-10.56016,8.2871],[-10.56012,8.28712],[-10.55992,8.28724],[-10.55963,8.28743],[-10.55918,8.28781],[-10.55889,8.28807],[-10.5582,8.28892],[-10.55742,8.28974],[-10.5567,8.29049],[-10.55657,8.29066],[-10.55647,8.2909],[-10.55624,8.29157],[-10.55592,8.29219],[-10.55556,8.29275],[-10.55505,8.29337],[-10.55427,8.29421],[-10.5539,8.29452],[-10.55342,8.29496],[-10.55304,8.29527],[-10.55272,8.29546],[-10.55248,8.29556],[-10.55222,8.2956],[-10.5519,8.29562],[-10.55174,8.29566],[-10.55113,8.29592],[-10.55083,8.2961],[-10.55053,8.2963],[-10.54994,8.29675],[-10.54906,8.2974],[-10.54893,8.29752],[-10.5488,8.29767],[-10.54836,8.29824],[-10.54823,8.29841],[-10.54815,8.2986],[-10.54807,8.29886],[-10.54767,8.30015],[-10.54762,8.30022],[-10.54756,8.30027],[-10.54746,8.30033],[-10.54714,8.30052],[-10.54694,8.30066],[-10.5468,8.30079],[-10.5464,8.30122],[-10.54578,8.30181],[-10.54519,8.30227],[-10.54494,8.3025],[-10.54472,8.30279],[-10.54467,8.30286],[-10.54443,8.30314],[-10.54411,8.30341],[-10.54295,8.30407],[-10.54274,8.30421],[-10.54256,8.30437],[-10.54211,8.30497],[-10.54201,8.30515],[-10.54197,8.30537],[-10.542,8.30566],[-10.54199,8.30583],[-10.54195,8.30594],[-10.54145,8.30664],[-10.54127,8.30689],[-10.54109,8.30708],[-10.54085,8.30729],[-10.54054,8.30753],[-10.54025,8.30773],[-10.53943,8.3082],[-10.53871,8.30862],[-10.53734,8.30925],[-10.53665,8.30954],[-10.53605,8.30993],[-10.53481,8.3109],[-10.53418,8.31135],[-10.53345,8.31177],[-10.5333,8.31181],[-10.53319,8.3118],[-10.53295,8.31174],[-10.53235,8.31155],[-10.53204,8.31154],[-10.53188,8.31158],[-10.53156,8.31165],[-10.53116,8.3118],[-10.53053,8.3122],[-10.52959,8.3127],[-10.52899,8.31302],[-10.52869,8.31327],[-10.52847,8.31352],[-10.52827,8.31384],[-10.5278,8.31479],[-10.52745,8.31537]]},"properties":{"id":174100912,"cls":"primary","hw":"primary","tg":"na","name":"","ref":"","surface":"unpaved","sc":"unpaved","speed":null,"lit":"unk","km":5.383}},
{"type":"Feature","geometry":{"type":"LineString","coordinates":[[-11.05698,7.69456],[-11.05669,7.6939],[-11.05648,7.69344],[-11.05641,7.69323],[-11.05634,7.69303],[-11.05631,7.69285],[-11.05631,7.69263],[-11.05632,7.69251],[-11.05635,7.69231],[-11.05641,7.69214],[-11.05649,7.69197],[-11.05689,7.69118],[-11.05731,7.69053],[-11.05738,7.6904],[-11.05753,7.69016],[-11.05762,7.69],[-11.05779,7.68971],[-11.05786,7.6896],[-11.05794,7.68948],[-11.05819,7.68905],[-11.05837,7.68873],[-11.05848,7.68852],[-11.05887,7.68791],[-11.05892,7.68782],[-11.05899,7.68774],[-11.05914,7.68756],[-11.05932,7.68741],[-11.05959,7.68721],[-11.05975,7.68713],[-11.05999,7.68703],[-11.06031,7.68696],[-11.06055,7.68693],[-11.06066,7.68692],[-11.06096,7.68691],[-11.06141,7.68694],[-11.06188,7.68698],[-11.06256,7.68698],[-11.06282,7.68692],[-11.06306,7.68683],[-11.06327,7.68673],[-11.06347,7.68662],[-11.06377,7.68636],[-11.06394,7.68618],[-11.06425,7.68572],[-11.06447,7.68535],[-11.06478,7.68466],[-11.06496,7.68431],[-11.0657,7.68279],[-11.06578,7.68259],[-11.06652,7.68029],[-11.06671,7.6797],[-11.06697,7.6789],[-11.0673,7.67789],[-11.06746,7.67746],[-11.06766,7.67704],[-11.06783,7.67679],[-11.06805,7.67658],[-11.06844,7.6763],[-11.06887,7.67607],[-11.06913,7.67596],[-11.06937,7.67584],[-11.06999,7.67554],[-11.07066,7.6752],[-11.07112,7.67498],[-11.07147,7.67483],[-11.07184,7.67474],[-11.07216,7.67472],[-11.07253,7.67469],[-11.07303,7.67461],[-11.07333,7.67451],[-11.07366,7.67431],[-11.07413,7.67403],[-11.07555,7.67321],[-11.07592,7.67294],[-11.07612,7.67275],[-11.07633,7.67251],[-11.07646,7.67226],[-11.07659,7.67195],[-11.0767,7.67153],[-11.07707,7.66992],[-11.07727,7.66912],[-11.07748,7.66831],[-11.07763,7.66769],[-11.07785,7.66701],[-11.07869,7.66446],[-11.07949,7.66194],[-11.07967,7.66134],[-11.07995,7.66056],[-11.08025,7.65966],[-11.08049,7.65893],[-11.08061,7.65843],[-11.08062,7.65807],[-11.08061,7.65772],[-11.08035,7.65666],[-11.07992,7.65498],[-11.07984,7.65458],[-11.07981,7.65432],[-11.07984,7.654],[-11.0799,7.65372],[-11.07998,7.65348],[-11.08007,7.65328],[-11.0802,7.65306],[-11.0804,7.65281],[-11.0809,7.65233],[-11.0819,7.6514],[-11.0825,7.65087],[-11.08287,7.65053],[-11.08353,7.64995],[-11.08423,7.64932],[-11.08509,7.64851],[-11.08553,7.64817],[-11.08587,7.64795],[-11.08624,7.64775],[-11.08677,7.64752],[-11.08729,7.6473],[-11.08792,7.64705],[-11.08938,7.64646],[-11.09034,7.64605],[-11.09124,7.64569],[-11.09222,7.6453],[-11.09306,7.64496],[-11.09393,7.64459],[-11.09435,7.64438],[-11.09474,7.64415],[-11.09533,7.64379],[-11.09536,7.64378],[-11.09627,7.64324],[-11.09702,7.6428],[-11.09785,7.64233],[-11.0995,7.64133],[-11.09996,7.64107],[-11.10043,7.64077],[-11.10083,7.64049],[-11.10116,7.64025],[-11.10163,7.63987],[-11.10199,7.6396],[-11.1023,7.63936],[-11.103,7.63879],[-11.10423,7.63782],[-11.10505,7.63716],[-11.10555,7.63679],[-11.10616,7.63641],[-11.10651,7.63622],[-11.10683,7.63608],[-11.10805,7.63563],[-11.10842,7.63547],[-11.10879,7.63525],[-11.10912,7.63498],[-11.10946,7.63469],[-11.10991,7.63432],[-11.11043,7.63392],[-11.11143,7.63315],[-11.11223,7.63256],[-11.11279,7.63213],[-11.11337,7.63171],[-11.11378,7.63141],[-11.11412,7.63119],[-11.11445,7.63102],[-11.1148,7.63087],[-11.1152,7.63075],[-11.11549,7.63071],[-11.1159,7.63067],[-11.11628,7.63065],[-11.11673,7.63066],[-11.11709,7.6307],[-11.11741,7.63078],[-11.11805,7.63095],[-11.11839,7.63107],[-11.11927,7.63143],[-11.12021,7.63188],[-11.1206,7.63198],[-11.12102,7.63204],[-11.12176,7.63205],[-11.1222,7.63204],[-11.12245,7.63201],[-11.12269,7.63194],[-11.1241,7.63131],[-11.12655,7.63015],[-11.12797,7.62951],[-11.12871,7.62921],[-11.12924,7.62902],[-11.12969,7.62888],[-11.13022,7.62873],[-11.1312,7.62848],[-11.1319,7.62829],[-11.13229,7.62817],[-11.13274,7.62794],[-11.13337,7.62753],[-11.13389,7.62715],[-11.1346,7.62652],[-11.13531,7.62593],[-11.1357,7.62565],[-11.13615,7.62544],[-11.13726,7.62499],[-11.13781,7.62471],[-11.13828,7.62447],[-11.13875,7.62416],[-11.13925,7.62378],[-11.13981,7.62332],[-11.14105,7.62223],[-11.14156,7.62175],[-11.14192,7.62133],[-11.14213,7.62105],[-11.14267,7.62016],[-11.14324,7.61921],[-11.14356,7.61874],[-11.14388,7.61833],[-11.1441,7.61813],[-11.14453,7.61785],[-11.14511,7.6174],[-11.14526,7.61724],[-11.14538,7.61705],[-11.14602,7.61541],[-11.1463,7.61457],[-11.1466,7.61377],[-11.14724,7.61214],[-11.14757,7.61124],[-11.14776,7.61073],[-11.14797,7.6102],[-11.14835,7.6092],[-11.14914,7.60705],[-11.14938,7.60632],[-11.14948,7.60592],[-11.1495,7.60567],[-11.14953,7.60527],[-11.1495,7.60495],[-11.14946,7.60472],[-11.14943,7.60451],[-11.14935,7.60422],[-11.14919,7.60366],[-11.14901,7.60327],[-11.14875,7.60284],[-11.14859,7.60259],[-11.14835,7.6023],[-11.14797,7.60194],[-11.14765,7.60169],[-11.14726,7.60144],[-11.1469,7.60119],[-11.14657,7.60089],[-11.14632,7.60059],[-11.14601,7.60014],[-11.14584,7.59983],[-11.14575,7.59945],[-11.14569,7.59909],[-11.14564,7.59875],[-11.14565,7.59834],[-11.14569,7.59777],[-11.14576,7.59721],[-11.14578,7.59674],[-11.14575,7.59621],[-11.1456,7.59512],[-11.14542,7.59397],[-11.14542,7.59359],[-11.14546,7.59325],[-11.14553,7.59296],[-11.14562,7.59273],[-11.14582,7.59235],[-11.14598,7.59212],[-11.14623,7.59186],[-11.14642,7.59168],[-11.14716,7.59113],[-11.14743,7.59091],[-11.14768,7.59063],[-11.14793,7.59034],[-11.14815,7.59002],[-11.14835,7.58959],[-11.14845,7.58935],[-11.14851,7.58916],[-11.14859,7.58874],[-11.14868,7.58795],[-11.14882,7.587],[-11.14893,7.5866],[-11.14904,7.58632],[-11.14917,7.58609],[-11.14944,7.58571],[-11.14986,7.58512],[-11.15003,7.58485],[-11.15035,7.58429],[-11.15069,7.58363],[-11.15098,7.58304],[-11.1511,7.58279],[-11.15136,7.58232],[-11.15145,7.58218],[-11.15158,7.582],[-11.15164,7.58192],[-11.15186,7.58161],[-11.15192,7.58152],[-11.15198,7.58145],[-11.15225,7.58117],[-11.15291,7.58056],[-11.15319,7.58034],[-11.15374,7.57987],[-11.15401,7.57964],[-11.15443,7.57929],[-11.15451,7.57922],[-11.15459,7.57916],[-11.15465,7.5791],[-11.15489,7.57887],[-11.15507,7.57869],[-11.15525,7.5785],[-11.15543,7.57825],[-11.15556,7.57799],[-11.15576,7.57761],[-11.1559,7.57727],[-11.15597,7.57709],[-11.15611,7.57679],[-11.15638,7.5759],[-11.15643,7.57577],[-11.15646,7.57567],[-11.15651,7.57556],[-11.15658,7.57535],[-11.1566,7.57529],[-11.15673,7.57504],[-11.1569,7.57479],[-11.1571,7.57453],[-11.15727,7.57434],[-11.15738,7.57422]]},"properties":{"id":174123468,"cls":"trunk","hw":"trunk","tg":"na","name":"Joru-Zimmi Highway","ref":"TAH 7","surface":"unpaved","sc":"unpaved","speed":null,"lit":"unk","km":19.909}},
{"type":"Feature","geometry":{"type":"LineString","coordinates":[[-11.07935,8.61132],[-11.07939,8.61161],[-11.07944,8.61174],[-11.07957,8.612],[-11.07969,8.61229],[-11.07986,8.61288],[-11.08008,8.61361],[-11.08033,8.61442],[-11.0804,8.61471],[-11.08044,8.61484],[-11.08045,8.61496],[-11.08044,8.6151],[-11.08038,8.61527],[-11.08036,8.61541],[-11.08037,8.61558],[-11.08037,8.61571],[-11.08034,8.61578],[-11.08023,8.61596],[-11.07989,8.61626],[-11.07969,8.61643],[-11.07948,8.61662],[-11.07936,8.6167],[-11.07925,8.61677],[-11.07921,8.61683],[-11.07917,8.61691],[-11.07916,8.61707],[-11.07915,8.61732],[-11.07913,8.61764],[-11.07908,8.61805],[-11.07905,8.61831],[-11.07903,8.61856],[-11.079,8.61882],[-11.07894,8.61917],[-11.0788,8.62002],[-11.07876,8.62034],[-11.0787,8.62094],[-11.0787,8.6211],[-11.07867,8.62125],[-11.07862,8.62145],[-11.07857,8.62164],[-11.07846,8.62191],[-11.07837,8.62214],[-11.07835,8.62232],[-11.07831,8.62312],[-11.07827,8.62376],[-11.07824,8.62421],[-11.07819,8.62475],[-11.07813,8.6254],[-11.07807,8.62597],[-11.078,8.62649],[-11.07791,8.6271],[-11.07786,8.62767],[-11.07786,8.62814],[-11.07784,8.62843],[-11.07782,8.62871],[-11.07774,8.62901],[-11.07763,8.62941],[-11.07757,8.62967],[-11.0775,8.62991],[-11.07738,8.6302],[-11.07721,8.6305],[-11.07667,8.63136],[-11.07637,8.63177],[-11.07629,8.63189],[-11.07616,8.63204],[-11.076,8.63216],[-11.07585,8.63225],[-11.07551,8.63241],[-11.07511,8.63256],[-11.07494,8.63267],[-11.07479,8.63278],[-11.07471,8.63294],[-11.07442,8.6335],[-11.07426,8.63378],[-11.07412,8.63404],[-11.0739,8.6346],[-11.07371,8.63501],[-11.07357,8.63538],[-11.07349,8.63575],[-11.07346,8.63603],[-11.07347,8.63632],[-11.0735,8.63654],[-11.07351,8.63675],[-11.07354,8.63691],[-11.07359,8.63716],[-11.07363,8.63737],[-11.07364,8.63757],[-11.07363,8.63781],[-11.07353,8.63824],[-11.07331,8.639],[-11.07315,8.63934],[-11.07301,8.63963],[-11.07285,8.63985],[-11.07272,8.64003],[-11.07254,8.64018],[-11.07217,8.64057],[-11.07174,8.64098],[-11.07155,8.64113],[-11.07143,8.64121],[-11.07133,8.64126],[-11.07124,8.64131],[-11.07089,8.64164],[-11.07059,8.64183],[-11.07021,8.64211],[-11.06985,8.6424],[-11.06956,8.64269],[-11.06935,8.64296],[-11.069,8.64332],[-11.06867,8.64373],[-11.0685,8.64399],[-11.06836,8.64435],[-11.06827,8.64467],[-11.06823,8.64498],[-11.06825,8.64525],[-11.06833,8.64556],[-11.06846,8.64592],[-11.06862,8.64633],[-11.06875,8.64659],[-11.06883,8.64673],[-11.06892,8.64686],[-11.06902,8.64693],[-11.06913,8.64703],[-11.0692,8.64718],[-11.06926,8.64741],[-11.06937,8.64791],[-11.06941,8.648],[-11.06946,8.64807],[-11.06957,8.64819],[-11.06972,8.64834],[-11.06984,8.64851],[-11.07007,8.64885],[-11.07018,8.6491],[-11.07036,8.64966],[-11.07049,8.65026],[-11.07062,8.6509],[-11.07071,8.65141],[-11.07073,8.6517],[-11.07071,8.65197],[-11.07065,8.65218],[-11.07049,8.65246],[-11.0703,8.65271],[-11.07005,8.65299],[-11.06974,8.65338],[-11.06946,8.65386],[-11.06932,8.65423],[-11.06921,8.65462],[-11.06914,8.65512],[-11.06908,8.65553],[-11.06898,8.65586],[-11.06887,8.65618],[-11.06875,8.65649],[-11.06869,8.65662],[-11.06865,8.65675],[-11.06864,8.65691],[-11.06866,8.65716],[-11.06882,8.65767],[-11.0691,8.65832],[-11.06931,8.65878],[-11.06942,8.65918],[-11.0695,8.65946],[-11.06961,8.6597],[-11.06979,8.6599],[-11.06995,8.66007],[-11.07001,8.66018],[-11.07003,8.66031],[-11.07,8.66055],[-11.07003,8.66074],[-11.07007,8.66091],[-11.07016,8.66115],[-11.07043,8.66175],[-11.07047,8.66189],[-11.07048,8.66208],[-11.07042,8.66249],[-11.07027,8.6635],[-11.07022,8.66372],[-11.07012,8.66391],[-11.06985,8.66427],[-11.06964,8.66468],[-11.06951,8.66509],[-11.06936,8.66574],[-11.0693,8.6661],[-11.06924,8.66641],[-11.06909,8.667],[-11.06893,8.66776],[-11.06878,8.66853],[-11.06871,8.66882],[-11.06859,8.66909],[-11.06828,8.66973],[-11.06799,8.67038],[-11.06775,8.67105],[-11.06743,8.67175],[-11.06723,8.67225],[-11.06713,8.67251],[-11.06705,8.67284],[-11.06694,8.67318],[-11.06635,8.67478],[-11.06623,8.67509],[-11.06613,8.67526],[-11.06601,8.6754],[-11.06589,8.67556],[-11.06577,8.67581],[-11.06564,8.67618],[-11.06553,8.67668],[-11.06542,8.67738],[-11.06537,8.67761],[-11.06528,8.67787],[-11.0651,8.67827],[-11.06491,8.67878],[-11.06456,8.67956],[-11.06437,8.67995],[-11.06428,8.68014],[-11.06423,8.6803],[-11.06419,8.68064],[-11.06416,8.68091],[-11.06412,8.68111],[-11.06401,8.68155],[-11.06398,8.68176],[-11.06396,8.68198],[-11.06395,8.68226],[-11.06393,8.68245],[-11.06388,8.68293],[-11.06389,8.68335],[-11.0639,8.68357],[-11.06394,8.68378],[-11.06403,8.68406],[-11.06421,8.68451],[-11.06437,8.68491],[-11.0644,8.68499],[-11.06445,8.68507],[-11.06466,8.68557],[-11.06476,8.68588],[-11.06488,8.68626],[-11.06494,8.68653],[-11.06499,8.68682],[-11.06501,8.68692],[-11.06505,8.68711],[-11.06514,8.68739],[-11.06523,8.6876],[-11.06534,8.68799],[-11.06541,8.68839],[-11.06544,8.68856],[-11.06542,8.68877],[-11.06533,8.68899],[-11.06529,8.68917],[-11.06534,8.68937],[-11.06546,8.68956],[-11.06565,8.68976],[-11.0658,8.68984],[-11.06596,8.68987],[-11.06614,8.68987],[-11.06629,8.68992],[-11.06649,8.69003],[-11.0666,8.69014],[-11.06677,8.69031],[-11.06698,8.69047],[-11.06718,8.69058],[-11.06744,8.69067],[-11.06797,8.6908],[-11.06823,8.69087],[-11.0684,8.69098],[-11.06862,8.69117],[-11.0692,8.69173],[-11.06959,8.69208],[-11.06976,8.69221],[-11.06996,8.69229],[-11.07031,8.69235],[-11.07065,8.69239],[-11.07112,8.69244],[-11.07178,8.69253],[-11.07203,8.69256],[-11.07231,8.69257],[-11.07258,8.69258],[-11.07285,8.69265],[-11.07361,8.69293],[-11.07408,8.69311],[-11.07427,8.69318],[-11.07438,8.69324],[-11.07451,8.69336],[-11.07473,8.69364],[-11.0749,8.69383],[-11.07502,8.69396],[-11.07511,8.69411],[-11.07518,8.69429],[-11.07533,8.69461],[-11.07545,8.69482],[-11.07554,8.69501],[-11.07561,8.69521],[-11.07566,8.6954],[-11.07573,8.69561],[-11.07585,8.69588],[-11.07595,8.69605],[-11.07604,8.69616],[-11.07615,8.69624],[-11.07624,8.69632],[-11.07634,8.69643],[-11.07649,8.69665],[-11.07666,8.69691],[-11.07678,8.6971],[-11.07693,8.69727],[-11.07708,8.69739],[-11.07717,8.69745],[-11.07727,8.6975],[-11.07751,8.69762],[-11.07807,8.69787],[-11.07825,8.69798],[-11.07847,8.69809],[-11.07869,8.69816],[-11.07934,8.69833],[-11.07969,8.69838],[-11.08014,8.6984],[-11.0804,8.69839],[-11.08062,8.69834],[-11.08112,8.6982],[-11.08122,8.69819],[-11.08131,8.69818],[-11.08143,8.6982],[-11.08155,8.69825],[-11.08176,8.69836],[-11.08204,8.69859],[-11.08218,8.69872],[-11.08236,8.6989],[-11.08268,8.69928],[-11.08286,8.69948],[-11.08301,8.69959],[-11.08321,8.69967],[-11.08342,8.6997],[-11.08375,8.69969],[-11.08413,8.69965],[-11.08428,8.69965],[-11.08445,8.69969],[-11.08464,8.69977],[-11.08492,8.69983]]},"properties":{"id":174445414,"cls":"primary","hw":"primary","tg":"na","name":"","ref":"","surface":"unpaved","sc":"unpaved","speed":null,"lit":"unk","km":12.136}},
{"type":"Feature","geometry":{"type":"LineString","coordinates":[[-11.08025,8.61024],[-11.08023,8.60943],[-11.08026,8.60915],[-11.08031,8.60893],[-11.08054,8.60829],[-11.0807,8.60784],[-11.08081,8.60757],[-11.08099,8.60721],[-11.08119,8.60673],[-11.08134,8.60624],[-11.08154,8.60571],[-11.08167,8.60534],[-11.08175,8.60503],[-11.08179,8.60474],[-11.08184,8.60429],[-11.08184,8.60419],[-11.08182,8.60403],[-11.08175,8.60383],[-11.08162,8.60362],[-11.08148,8.60345],[-11.08135,8.60328],[-11.08121,8.60306],[-11.08098,8.60268],[-11.08077,8.60233],[-11.08051,8.60188],[-11.08035,8.60155],[-11.08022,8.60118],[-11.08014,8.60071],[-11.08012,8.60014],[-11.08008,8.59987],[-11.07997,8.59953],[-11.07985,8.59921],[-11.07981,8.59898],[-11.07982,8.59876],[-11.07988,8.59854],[-11.08002,8.59826],[-11.08023,8.59796],[-11.08074,8.59736],[-11.08123,8.59674],[-11.08139,8.59652],[-11.08161,8.59625],[-11.0818,8.59594],[-11.08221,8.59527],[-11.08245,8.59485],[-11.08287,8.59407],[-11.08303,8.59383],[-11.08318,8.59366],[-11.08338,8.5935],[-11.08373,8.59327]]},"properties":{"id":174537990,"cls":"primary","hw":"primary","tg":"na","name":"","ref":"","surface":"unpaved","sc":"unpaved","speed":null,"lit":"unk","km":2.115}},
{"type":"Feature","geometry":{"type":"LineString","coordinates":[[-11.5942,7.55457],[-11.59213,7.55454],[-11.59062,7.55462],[-11.58996,7.55477],[-11.58912,7.55506],[-11.58802,7.5556],[-11.58701,7.55634],[-11.58553,7.55699],[-11.58503,7.5573],[-11.58358,7.55835],[-11.58247,7.55902],[-11.58013,7.56023],[-11.57912,7.56068],[-11.57811,7.56104],[-11.57741,7.56114],[-11.57673,7.56105],[-11.57565,7.56073],[-11.57498,7.56044],[-11.5744,7.56006],[-11.57306,7.5591],[-11.571,7.55776],[-11.57024,7.55741],[-11.56937,7.5571],[-11.56556,7.55629],[-11.56411,7.55595],[-11.56224,7.55541],[-11.56039,7.55497],[-11.55885,7.5547],[-11.55404,7.55351],[-11.55358,7.55335],[-11.55159,7.55236],[-11.54884,7.55083],[-11.54525,7.54899],[-11.54412,7.54834],[-11.5411,7.54675],[-11.53869,7.54524],[-11.53013,7.53955],[-11.52898,7.53876],[-11.52866,7.53848],[-11.52839,7.5382],[-11.5277,7.53725],[-11.52681,7.53595],[-11.52524,7.53356],[-11.52411,7.53161],[-11.52166,7.52823],[-11.52042,7.5263],[-11.52019,7.526],[-11.51974,7.52554],[-11.51947,7.52534],[-11.51915,7.52513],[-11.5165,7.52404]]},"properties":{"id":174578641,"cls":"trunk","hw":"trunk","tg":"na","name":"","ref":"","surface":"asphalt","sc":"paved","speed":null,"lit":"unk","km":10.184}},
{"type":"Feature","geometry":{"type":"LineString","coordinates":[[-10.98826,8.63189],[-10.98786,8.63207],[-10.98742,8.63228],[-10.98713,8.6324],[-10.98698,8.63247],[-10.98687,8.63253],[-10.98661,8.63264]]},"properties":{"id":174592323,"cls":"primary","hw":"primary","tg":"na","name":"Mashingbi Road","ref":"","surface":"asphalt","sc":"paved","speed":80,"lit":"unk","km":0.2}},
{"type":"Feature","geometry":{"type":"LineString","coordinates":[[-10.98844,8.63181],[-10.98826,8.63189]]},"properties":{"id":174592324,"cls":"primary","hw":"primary","tg":"na","name":"","ref":"","surface":"","sc":"unknown","speed":80,"lit":"unk","km":0.022}},
{"type":"Feature","geometry":{"type":"LineString","coordinates":[[-10.98638,8.63274],[-10.98604,8.63291],[-10.98584,8.633],[-10.98556,8.63314],[-10.98515,8.63332],[-10.98471,8.63349],[-10.98451,8.63359],[-10.98432,8.63372],[-10.9841,8.6339],[-10.98398,8.63402],[-10.9839,8.63412],[-10.98373,8.63439],[-10.98364,8.6346],[-10.98353,8.63491],[-10.98336,8.6354],[-10.98323,8.6358],[-10.9831,8.63613],[-10.98278,8.63702],[-10.98267,8.63735],[-10.98261,8.63749],[-10.98249,8.63786],[-10.98236,8.6383],[-10.98229,8.63846],[-10.98219,8.63864],[-10.98209,8.63882],[-10.98203,8.63891],[-10.98195,8.63899],[-10.98183,8.6391],[-10.9817,8.63921],[-10.98161,8.63927],[-10.98151,8.63935],[-10.98145,8.63938],[-10.9814,8.63941],[-10.98131,8.63946]]},"properties":{"id":174592625,"cls":"primary","hw":"primary","tg":"na","name":"Mashingbi Road","ref":"","surface":"asphalt","sc":"paved","speed":80,"lit":"unk","km":0.989}},
{"type":"Feature","geometry":{"type":"LineString","coordinates":[[-10.98661,8.63264],[-10.98638,8.63274]]},"properties":{"id":174592626,"cls":"primary","hw":"primary","tg":"na","name":"","ref":"","surface":"","sc":"unknown","speed":80,"lit":"unk","km":0.028}},
{"type":"Feature","geometry":{"type":"LineString","coordinates":[[-10.57402,8.27691],[-10.57397,8.27691],[-10.57393,8.27692],[-10.57391,8.27695],[-10.57389,8.27699],[-10.57389,8.27702],[-10.57391,8.27706],[-10.57395,8.27708],[-10.57399,8.27709],[-10.57403,8.27708],[-10.57407,8.27704],[-10.57408,8.27699],[-10.57405,8.27694],[-10.57402,8.27691]]},"properties":{"id":176629148,"cls":"primary","hw":"primary","tg":"na","name":"","ref":"","surface":"paved","sc":"paved","speed":null,"lit":"unk","km":0.064}},
{"type":"Feature","geometry":{"type":"LineString","coordinates":[[-10.57165,8.28002],[-10.57134,8.28025],[-10.5707,8.28072],[-10.57052,8.28086],[-10.56994,8.28136],[-10.56971,8.28156],[-10.56887,8.28264],[-10.56837,8.28368],[-10.56814,8.28404],[-10.56771,8.28474],[-10.56763,8.28485],[-10.56761,8.28487],[-10.56741,8.28501],[-10.56725,8.28506],[-10.56693,8.28512]]},"properties":{"id":176629149,"cls":"primary","hw":"primary","tg":"na","name":"","ref":"","surface":"","sc":"unknown","speed":null,"lit":"unk","km":0.791}},
{"type":"Feature","geometry":{"type":"LineString","coordinates":[[-10.57405,8.27694],[-10.57403,8.2768]]},"properties":{"id":176629150,"cls":"primary","hw":"primary","tg":"na","name":"","ref":"","surface":"paved","sc":"paved","speed":null,"lit":"unk","km":0.016}},
{"type":"Feature","geometry":{"type":"LineString","coordinates":[[-10.57395,8.27708],[-10.57395,8.27722]]},"properties":{"id":176629154,"cls":"primary","hw":"primary","tg":"na","name":"","ref":"","surface":"paved","sc":"paved","speed":null,"lit":"unk","km":0.016}},
{"type":"Feature","geometry":{"type":"LineString","coordinates":[[-10.51631,8.24662],[-10.51615,8.24628],[-10.51607,8.24617],[-10.51595,8.24611],[-10.51546,8.24609],[-10.51505,8.24607],[-10.51484,8.24603],[-10.51465,8.24597],[-10.51395,8.24571],[-10.51356,8.24558],[-10.51334,8.2455],[-10.51286,8.2452],[-10.5126,8.24508],[-10.51221,8.245],[-10.51192,8.24505],[-10.51148,8.24525],[-10.51034,8.24577],[-10.50997,8.24599],[-10.50957,8.24607],[-10.50913,8.24605],[-10.50871,8.24602],[-10.50849,8.24594],[-10.50818,8.24578],[-10.50787,8.2455],[-10.50765,8.2453],[-10.5075,8.24521],[-10.50735,8.2452],[-10.50719,8.24521],[-10.50697,8.24526],[-10.50676,8.24532],[-10.50659,8.24535],[-10.50642,8.24537],[-10.50544,8.24542],[-10.50474,8.24554],[-10.50428,8.24562],[-10.50409,8.24572],[-10.50393,8.24582],[-10.50377,8.246],[-10.50349,8.24626],[-10.50319,8.24639],[-10.50287,8.24654],[-10.50243,8.2467],[-10.50202,8.24692],[-10.50175,8.24713],[-10.50126,8.24765],[-10.50105,8.24785],[-10.50078,8.24808],[-10.4997,8.24875],[-10.49925,8.249],[-10.49896,8.24906],[-10.4986,8.24912],[-10.49796,8.24935],[-10.49757,8.24962],[-10.49712,8.24994],[-10.49679,8.25014],[-10.49608,8.25061],[-10.49595,8.25071],[-10.4958,8.25082],[-10.49565,8.25088],[-10.4955,8.25089],[-10.49517,8.25089],[-10.49462,8.25089],[-10.49443,8.25093],[-10.49425,8.25099],[-10.49387,8.25119],[-10.49332,8.25152],[-10.49245,8.25223],[-10.49194,8.25267],[-10.49155,8.25291],[-10.49119,8.25303],[-10.49062,8.25316],[-10.49033,8.25324],[-10.48989,8.25336],[-10.48949,8.25346],[-10.48924,8.25355],[-10.4891,8.25367],[-10.48888,8.2539],[-10.48854,8.25437],[-10.48833,8.25463],[-10.48814,8.25485],[-10.48799,8.25496],[-10.48788,8.25508],[-10.48779,8.25517],[-10.48768,8.2553],[-10.48724,8.25598],[-10.48693,8.2567],[-10.48684,8.25695],[-10.48679,8.25721],[-10.48676,8.25752],[-10.48669,8.25783],[-10.48652,8.25826],[-10.48623,8.25877],[-10.4857,8.25949],[-10.48484,8.26074],[-10.48455,8.26114],[-10.4843,8.26139],[-10.48395,8.26164],[-10.48353,8.26191],[-10.4831,8.2621],[-10.48259,8.26222],[-10.481,8.2623],[-10.48083,8.26232],[-10.48061,8.26241],[-10.48045,8.26253],[-10.48032,8.26266],[-10.48022,8.2628],[-10.48003,8.26303],[-10.47964,8.26335],[-10.47921,8.26373],[-10.47895,8.2639],[-10.47875,8.26398],[-10.4783,8.2641],[-10.47795,8.26419],[-10.4777,8.26428],[-10.47739,8.26443],[-10.47705,8.26472],[-10.47654,8.26515],[-10.47585,8.26586],[-10.47556,8.26615],[-10.4751,8.2666],[-10.47498,8.26665],[-10.47488,8.26669],[-10.47411,8.26686],[-10.4737,8.26699],[-10.47253,8.26742],[-10.47232,8.26747],[-10.47206,8.2675],[-10.4707,8.26752],[-10.47037,8.26757],[-10.46925,8.26783],[-10.46896,8.26786],[-10.46855,8.26786],[-10.46808,8.26779],[-10.46714,8.26773],[-10.46669,8.26768],[-10.46571,8.26744],[-10.46478,8.26718],[-10.4645,8.26712],[-10.46428,8.26711],[-10.46396,8.26717],[-10.4631,8.26741],[-10.46273,8.26753],[-10.46249,8.26762],[-10.46209,8.26783],[-10.46156,8.26815],[-10.46052,8.26866],[-10.46041,8.26871],[-10.46024,8.26874],[-10.45999,8.26877],[-10.4596,8.26878],[-10.45798,8.26882],[-10.45771,8.26881],[-10.45733,8.26872],[-10.4561,8.26836],[-10.45556,8.26815],[-10.45546,8.26814],[-10.4553,8.26814],[-10.45471,8.26822],[-10.45449,8.26821],[-10.45429,8.26814],[-10.45394,8.26802],[-10.45371,8.26798],[-10.45351,8.26797],[-10.45316,8.26799],[-10.4525,8.26811],[-10.45232,8.26813],[-10.45166,8.26806],[-10.45138,8.26805],[-10.45087,8.26815],[-10.45076,8.26816],[-10.44981,8.26815],[-10.44811,8.26815],[-10.44711,8.26817],[-10.44683,8.26819],[-10.44652,8.26828],[-10.446,8.26848],[-10.44566,8.26864],[-10.44546,8.26868],[-10.4449,8.26872],[-10.4444,8.26875],[-10.44407,8.26874],[-10.44376,8.2687],[-10.44345,8.26861],[-10.44328,8.26856],[-10.44303,8.26847],[-10.4426,8.26827],[-10.44222,8.26804],[-10.44198,8.26793],[-10.44141,8.2677],[-10.44115,8.26769],[-10.44068,8.26774],[-10.44029,8.26775],[-10.43999,8.26773],[-10.43961,8.26767],[-10.43932,8.26756],[-10.43905,8.26753],[-10.43869,8.26754],[-10.43847,8.2675],[-10.43821,8.2674],[-10.43561,8.26613],[-10.43537,8.26604],[-10.43512,8.26599],[-10.43451,8.26596],[-10.43403,8.26595],[-10.43312,8.26597],[-10.43122,8.26596],[-10.43085,8.26595],[-10.43062,8.26591],[-10.43042,8.26585],[-10.43004,8.26563],[-10.4299,8.26559],[-10.42974,8.2656],[-10.42956,8.26563],[-10.42931,8.26565],[-10.42869,8.26567],[-10.42838,8.26571],[-10.42814,8.26581],[-10.42693,8.26647],[-10.42658,8.26671],[-10.42632,8.26697],[-10.42613,8.26721],[-10.42584,8.26767],[-10.42569,8.26782],[-10.42549,8.26792],[-10.42527,8.26797],[-10.42503,8.26797],[-10.42483,8.26794],[-10.42461,8.26783],[-10.42429,8.2676],[-10.42395,8.26722],[-10.42377,8.267],[-10.42369,8.26687],[-10.42362,8.26667],[-10.42356,8.2664]]},"properties":{"id":176647061,"cls":"primary","hw":"primary","tg":"na","name":"","ref":"","surface":"sand","sc":"unpaved","speed":null,"lit":"unk","km":11.64}},
{"type":"Feature","geometry":{"type":"LineString","coordinates":[[-10.3381,8.46183],[-10.33806,8.46178],[-10.33801,8.46172],[-10.33791,8.46169],[-10.33781,8.46169],[-10.33768,8.46171],[-10.33743,8.46177],[-10.33702,8.46178],[-10.33668,8.46184],[-10.33619,8.46186],[-10.33585,8.46184],[-10.33563,8.46184],[-10.33546,8.46116],[-10.33536,8.46094],[-10.3353,8.46084],[-10.33524,8.46075],[-10.33516,8.46066],[-10.33501,8.46052],[-10.33476,8.46033],[-10.33465,8.46025],[-10.33454,8.46019],[-10.33419,8.46001],[-10.33369,8.45976],[-10.33342,8.45963],[-10.33327,8.45959],[-10.33321,8.45959],[-10.33303,8.45957],[-10.33269,8.45959],[-10.33257,8.45959],[-10.33231,8.45966],[-10.33214,8.45973],[-10.33202,8.45981],[-10.33195,8.45987],[-10.33154,8.4602],[-10.33125,8.46036],[-10.33115,8.46041],[-10.33097,8.46052],[-10.33073,8.4606],[-10.33045,8.46069],[-10.33002,8.46085],[-10.32958,8.4609],[-10.32942,8.46092],[-10.32871,8.46099],[-10.3284,8.46102],[-10.32783,8.46111],[-10.32754,8.46114],[-10.32704,8.46122],[-10.32632,8.46126],[-10.32594,8.46133],[-10.3258,8.46136],[-10.32559,8.4614],[-10.32552,8.46141],[-10.32506,8.46157],[-10.32487,8.46163],[-10.32454,8.46172],[-10.32386,8.4619],[-10.3231,8.46207],[-10.32255,8.46224],[-10.32204,8.46239],[-10.32164,8.46249],[-10.32137,8.4625],[-10.32121,8.46247],[-10.32101,8.46244],[-10.32073,8.46242],[-10.3205,8.46247],[-10.32026,8.46257],[-10.32003,8.46269],[-10.31962,8.46297],[-10.31938,8.46314],[-10.31901,8.46339],[-10.31872,8.46362],[-10.31827,8.46401],[-10.31756,8.4646],[-10.31732,8.46477],[-10.31717,8.46488],[-10.31693,8.46505],[-10.3167,8.46513],[-10.3165,8.46519],[-10.31618,8.46526],[-10.31572,8.46537],[-10.31547,8.46546],[-10.31518,8.4656],[-10.31486,8.46578],[-10.31475,8.46587],[-10.31433,8.46622],[-10.3141,8.4664],[-10.31393,8.46652],[-10.31371,8.46665],[-10.31327,8.46681],[-10.31244,8.46713],[-10.31141,8.46761],[-10.31111,8.46777],[-10.31079,8.46799],[-10.3097,8.46877],[-10.30952,8.46887],[-10.3091,8.46905],[-10.30894,8.46915],[-10.30884,8.46922],[-10.30866,8.46941],[-10.30864,8.46944]]},"properties":{"id":176647062,"cls":"primary","hw":"primary","tg":"na","name":"","ref":"","surface":"compacted","sc":"unpaved","speed":null,"lit":"unk","km":3.662}},
{"type":"Feature","geometry":{"type":"LineString","coordinates":[[-10.37152,8.27944],[-10.3715,8.27974],[-10.37143,8.28068],[-10.37144,8.28121],[-10.37145,8.28158],[-10.37146,8.28178],[-10.37148,8.2823],[-10.3715,8.28305],[-10.37151,8.28336],[-10.37154,8.28472],[-10.37148,8.28504],[-10.37141,8.28536],[-10.3712,8.28599]]},"properties":{"id":176647063,"cls":"primary","hw":"primary","tg":"na","name":"","ref":"","surface":"unpaved","sc":"unpaved","speed":null,"lit":"unk","km":0.734}},
{"type":"Feature","geometry":{"type":"LineString","coordinates":[[-13.26193,8.46804],[-13.26184,8.46794],[-13.26175,8.46785],[-13.2617,8.46778],[-13.2615,8.46745],[-13.26143,8.46732],[-13.26127,8.46707],[-13.26107,8.4668],[-13.26085,8.46656],[-13.2607,8.46641],[-13.26015,8.46594],[-13.25963,8.46551],[-13.25821,8.46468],[-13.25774,8.46439],[-13.25757,8.4643],[-13.2575,8.46425],[-13.25735,8.46416],[-13.25719,8.46405],[-13.25701,8.46391],[-13.25676,8.46367],[-13.2567,8.46362],[-13.25664,8.46358],[-13.25657,8.46353],[-13.25631,8.46336],[-13.25605,8.4632],[-13.25581,8.46304],[-13.25565,8.46292],[-13.25559,8.46286],[-13.25554,8.46281],[-13.25546,8.46274]]},"properties":{"id":176819725,"cls":"primary","hw":"primary","tg":"na","name":"Regent Road","ref":"","surface":"asphalt","sc":"paved","speed":null,"lit":"unk","km":0.936}},
{"type":"Feature","geometry":{"type":"LineString","coordinates":[[-11.45579,7.93111],[-11.45686,7.93121],[-11.45735,7.9313],[-11.45784,7.93143],[-11.45851,7.93167],[-11.45911,7.93192],[-11.45974,7.93228],[-11.46019,7.93258],[-11.46062,7.93295],[-11.46161,7.93379],[-11.46231,7.93439],[-11.46279,7.9348],[-11.46301,7.93499],[-11.46375,7.93551],[-11.46399,7.93567],[-11.4641,7.93573],[-11.46472,7.93608],[-11.46545,7.93641],[-11.46624,7.9367],[-11.46668,7.93685],[-11.46711,7.93697],[-11.46738,7.93704],[-11.46798,7.93716],[-11.46848,7.93722],[-11.46911,7.93729],[-11.46989,7.93732],[-11.47131,7.93737],[-11.47212,7.9374],[-11.47249,7.93741],[-11.47323,7.93743],[-11.47396,7.93744],[-11.47463,7.93739],[-11.47494,7.93736],[-11.4753,7.9373],[-11.47567,7.93723],[-11.4766,7.93708],[-11.47792,7.93686],[-11.47853,7.93676],[-11.47922,7.9367],[-11.47954,7.9367],[-11.48079,7.93671],[-11.48182,7.93671],[-11.48236,7.93672],[-11.48311,7.93673],[-11.48357,7.93673],[-11.48402,7.93674],[-11.48459,7.93675],[-11.48503,7.93675],[-11.48582,7.93679],[-11.48644,7.93687],[-11.48682,7.93694],[-11.48697,7.93698],[-11.48746,7.9371],[-11.48891,7.93751],[-11.48925,7.93762],[-11.49071,7.93808],[-11.49113,7.9382],[-11.49136,7.93827],[-11.49176,7.9384],[-11.49195,7.93845],[-11.49233,7.93859],[-11.49306,7.93886],[-11.49367,7.93903],[-11.49403,7.93911],[-11.49428,7.93915],[-11.49446,7.93918],[-11.49476,7.93923],[-11.49493,7.93926],[-11.49529,7.93933],[-11.49616,7.93948],[-11.49639,7.93951],[-11.49758,7.9397],[-11.49978,7.94007],[-11.50131,7.94033],[-11.50159,7.94038],[-11.50322,7.94064],[-11.50388,7.94072],[-11.50436,7.94074],[-11.50482,7.94072],[-11.50534,7.94066],[-11.50586,7.94054],[-11.50649,7.94032],[-11.507,7.94007],[-11.50743,7.93981],[-11.50784,7.93951],[-11.50818,7.93921],[-11.50959,7.93782],[-11.51057,7.93686],[-11.51113,7.93631],[-11.51151,7.93594],[-11.51226,7.93522],[-11.51312,7.93437],[-11.51349,7.93407],[-11.5139,7.93379],[-11.51444,7.9335],[-11.51469,7.93338],[-11.51551,7.93311],[-11.51614,7.933],[-11.51642,7.93297],[-11.51814,7.93281],[-11.52045,7.93257],[-11.52376,7.93226],[-11.52569,7.93206],[-11.52685,7.93195],[-11.52798,7.93183],[-11.52877,7.93167],[-11.52949,7.93144],[-11.52989,7.93128],[-11.53034,7.93106],[-11.53099,7.93066],[-11.53111,7.93057],[-11.53119,7.93052],[-11.53206,7.92975],[-11.53249,7.92927],[-11.5328,7.92883],[-11.53392,7.92693],[-11.53433,7.92633],[-11.53466,7.92597],[-11.53504,7.92561],[-11.53518,7.92549],[-11.53559,7.92521],[-11.53604,7.92493],[-11.53652,7.92472],[-11.53699,7.92454],[-11.53756,7.92441],[-11.53802,7.92434],[-11.53851,7.92432],[-11.54147,7.92433],[-11.54595,7.92438],[-11.54766,7.92438],[-11.55082,7.92441],[-11.55191,7.92443],[-11.55269,7.92442],[-11.55326,7.92444],[-11.55374,7.92449],[-11.55417,7.92456],[-11.55455,7.92466],[-11.55495,7.92479],[-11.55529,7.92493],[-11.55701,7.9256],[-11.55895,7.92638],[-11.55985,7.92675],[-11.56059,7.9271],[-11.56147,7.92752],[-11.5623,7.92793],[-11.56379,7.92867],[-11.56526,7.92936],[-11.56584,7.92961],[-11.56636,7.9298],[-11.56707,7.93001],[-11.56772,7.93017],[-11.5684,7.9303],[-11.56913,7.93037],[-11.56967,7.9304],[-11.57035,7.9304],[-11.57111,7.93035],[-11.57189,7.93023],[-11.57407,7.92985],[-11.5748,7.92971],[-11.57493,7.92969],[-11.57586,7.92952],[-11.57629,7.92945],[-11.5774,7.92927],[-11.57781,7.92918],[-11.57988,7.92882],[-11.58052,7.92868],[-11.58084,7.92859],[-11.58111,7.92849],[-11.58326,7.92766],[-11.58563,7.92672],[-11.58749,7.92599],[-11.58782,7.92585],[-11.58872,7.92551],[-11.58918,7.92536],[-11.58972,7.92522],[-11.59009,7.92515],[-11.591,7.92506],[-11.5917,7.92509],[-11.59217,7.92514],[-11.59285,7.92527],[-11.59337,7.92541],[-11.59394,7.92561],[-11.59426,7.92575],[-11.5946,7.92592],[-11.59537,7.92634],[-11.59565,7.92649],[-11.59595,7.92665]]},"properties":{"id":194456657,"cls":"trunk","hw":"trunk","tg":"na","name":"Bo-Kenema Highway","ref":"TAH 7","surface":"asphalt","sc":"paved","speed":null,"lit":"unk","km":16.594}},
{"type":"Feature","geometry":{"type":"LineString","coordinates":[[-11.42706,7.92358],[-11.42719,7.92509]]},"properties":{"id":194456671,"cls":"trunk","hw":"trunk","tg":"na","name":"Bo-Kenema Highway","ref":"TAH 7","surface":"","sc":"unknown","speed":null,"lit":"unk","km":0.169}},
{"type":"Feature","geometry":{"type":"LineString","coordinates":[[-11.59595,7.92665],[-11.5962,7.92679]]},"properties":{"id":195740157,"cls":"trunk","hw":"trunk","tg":"na","name":"Bo-Kenema Highway","ref":"TAH 7","surface":"","sc":"unknown","speed":null,"lit":"unk","km":0.032}},
{"type":"Feature","geometry":{"type":"LineString","coordinates":[[-11.63795,7.93872],[-11.63834,7.93916],[-11.63868,7.93949],[-11.63891,7.9397],[-11.63911,7.93986],[-11.63945,7.94009],[-11.63989,7.94034],[-11.64161,7.94138],[-11.64221,7.94169],[-11.64257,7.94183],[-11.64291,7.94194],[-11.64334,7.94204],[-11.64373,7.94211],[-11.64424,7.94215],[-11.64489,7.9422],[-11.64576,7.94227],[-11.64615,7.9423],[-11.64643,7.94232],[-11.64696,7.94232],[-11.64747,7.94227],[-11.64794,7.94218],[-11.64868,7.94199],[-11.64927,7.94184],[-11.65145,7.94126],[-11.65255,7.94096],[-11.65449,7.94045],[-11.65676,7.93985],[-11.65814,7.93948],[-11.65932,7.93915],[-11.66012,7.93895],[-11.66051,7.93887],[-11.66094,7.93883],[-11.66129,7.9388],[-11.66162,7.9388],[-11.66209,7.93884],[-11.66256,7.93889],[-11.66304,7.93901],[-11.66347,7.93914],[-11.66397,7.93931],[-11.66709,7.94041],[-11.66862,7.94096],[-11.67027,7.94153],[-11.67283,7.94243],[-11.67324,7.94256],[-11.67373,7.9427],[-11.67409,7.94276],[-11.67449,7.9428],[-11.67513,7.94284],[-11.67559,7.94287],[-11.67567,7.94287],[-11.67634,7.94291],[-11.67678,7.94294],[-11.67784,7.94302],[-11.67846,7.94309],[-11.67875,7.94314],[-11.67888,7.94317],[-11.67905,7.94322],[-11.68012,7.94356],[-11.68064,7.94374],[-11.68221,7.94426],[-11.68263,7.94439],[-11.68312,7.94455],[-11.68397,7.94482],[-11.68434,7.94495],[-11.68465,7.94505],[-11.68489,7.94515],[-11.6851,7.94525],[-11.68539,7.94538],[-11.68568,7.94555],[-11.68624,7.94592],[-11.68702,7.94641],[-11.6877,7.94681],[-11.68798,7.94696],[-11.68832,7.94712],[-11.68878,7.94729],[-11.68894,7.94734],[-11.68945,7.94748],[-11.68981,7.94754],[-11.69006,7.94759],[-11.69039,7.9476],[-11.69076,7.9476],[-11.69089,7.9476],[-11.69105,7.94759],[-11.69139,7.94758],[-11.69203,7.9475],[-11.69245,7.94744],[-11.69292,7.94737],[-11.69326,7.94732],[-11.69417,7.94716],[-11.69457,7.94708],[-11.69461,7.94707],[-11.69521,7.94696],[-11.69562,7.94689],[-11.69581,7.94686],[-11.69614,7.9468],[-11.69637,7.94676],[-11.69665,7.94673]]},"properties":{"id":195740158,"cls":"trunk","hw":"trunk","tg":"na","name":"Bo-Kenema Highway","ref":"TAH 7","surface":"asphalt","sc":"paved","speed":null,"lit":"unk","km":6.816}},
{"type":"Feature","geometry":{"type":"LineString","coordinates":[[-13.24623,8.3834],[-13.24692,8.38382],[-13.24812,8.3846]]},"properties":{"id":205830239,"cls":"primary","hw":"primary","tg":"na","name":"Peninsular Road","ref":"","surface":"asphalt","sc":"paved","speed":null,"lit":"unk","km":0.247}},
{"type":"Feature","geometry":{"type":"LineString","coordinates":[[-13.24812,8.3846],[-13.24853,8.38486]]},"properties":{"id":205830240,"cls":"primary","hw":"primary","tg":"na","name":"Peninsular Road","ref":"","surface":"paved","sc":"paved","speed":null,"lit":"unk","km":0.054}},
{"type":"Feature","geometry":{"type":"LineString","coordinates":[[-13.22324,8.43555],[-13.22361,8.43561],[-13.22381,8.43565],[-13.22396,8.43573],[-13.22397,8.43573],[-13.22409,8.43583],[-13.2242,8.43596],[-13.22424,8.43602],[-13.22435,8.43624],[-13.22441,8.43639],[-13.22445,8.4365],[-13.22448,8.43663],[-13.2245,8.43672],[-13.2245,8.43683],[-13.22449,8.43696],[-13.22444,8.43725],[-13.22441,8.4374],[-13.2244,8.43743],[-13.22435,8.43769],[-13.22431,8.43792],[-13.22428,8.43815],[-13.22429,8.43862],[-13.22433,8.43889],[-13.22437,8.43903],[-13.22443,8.43912],[-13.22451,8.43924],[-13.2247,8.43943],[-13.22491,8.43958],[-13.22507,8.4397],[-13.2254,8.44001],[-13.22549,8.4401],[-13.22557,8.44021],[-13.22569,8.44041],[-13.22574,8.44051],[-13.22579,8.44061],[-13.22591,8.441],[-13.22595,8.44115],[-13.22596,8.44128],[-13.22597,8.44144],[-13.226,8.44168],[-13.22604,8.44209],[-13.22605,8.44217],[-13.22605,8.44246],[-13.22609,8.44269],[-13.22611,8.4428],[-13.22614,8.44292],[-13.22617,8.44301],[-13.22628,8.44329],[-13.22633,8.44343],[-13.22641,8.44365],[-13.22653,8.44398],[-13.22658,8.44413],[-13.22666,8.44432],[-13.2267,8.44441],[-13.22674,8.44449],[-13.22677,8.44456],[-13.22686,8.44468],[-13.22698,8.44487],[-13.2272,8.4452],[-13.22725,8.44525],[-13.22733,8.44532]]},"properties":{"id":205947813,"cls":"primary","hw":"primary","tg":"na","name":"Regent Road","ref":"","surface":"","sc":"unknown","speed":null,"lit":"unk","km":1.27}},
{"type":"Feature","geometry":{"type":"LineString","coordinates":[[-13.1887,8.4741],[-13.18928,8.47415],[-13.18963,8.47418],[-13.19011,8.47421],[-13.1905,8.47425],[-13.19076,8.47427],[-13.19091,8.47429],[-13.19094,8.47429],[-13.19113,8.47433],[-13.19128,8.47436],[-13.1915,8.47442],[-13.19199,8.47454],[-13.19245,8.47471],[-13.19276,8.47483],[-13.19315,8.47504],[-13.19339,8.47517],[-13.19398,8.47552],[-13.19422,8.47565],[-13.1946,8.47587],[-13.19565,8.47649],[-13.19646,8.47697],[-13.1975,8.47758],[-13.19806,8.47792],[-13.19842,8.4781],[-13.19885,8.47829],[-13.19929,8.47848],[-13.19964,8.47861],[-13.19995,8.4787],[-13.20031,8.47879],[-13.20092,8.47892],[-13.20127,8.47899],[-13.2015,8.47903],[-13.20189,8.47909],[-13.20274,8.47924],[-13.20401,8.47948],[-13.20484,8.47963],[-13.20526,8.4797],[-13.20575,8.4798],[-13.20601,8.47986],[-13.20612,8.47989],[-13.2062,8.47991],[-13.20629,8.47994],[-13.20638,8.47996],[-13.20664,8.48003],[-13.20708,8.48014],[-13.2076,8.48029],[-13.20786,8.48036],[-13.20821,8.48047],[-13.20849,8.48054],[-13.20895,8.48068],[-13.20921,8.48077],[-13.2095,8.48086],[-13.20988,8.48099],[-13.21006,8.48105],[-13.21046,8.48115],[-13.21064,8.4812],[-13.21082,8.48127],[-13.21099,8.48135],[-13.21116,8.48143],[-13.21139,8.48162],[-13.21145,8.48168],[-13.21148,8.48172],[-13.21151,8.48174],[-13.21155,8.48179],[-13.2116,8.48186],[-13.21165,8.48192],[-13.21172,8.48205],[-13.21176,8.48212],[-13.21182,8.48223],[-13.21185,8.4823],[-13.21186,8.48232],[-13.21189,8.48243],[-13.21191,8.48254],[-13.21193,8.48272],[-13.21194,8.48287],[-13.21193,8.48304],[-13.2119,8.48317],[-13.21185,8.48332],[-13.21178,8.48353],[-13.2117,8.48371],[-13.21162,8.48386],[-13.21142,8.48421],[-13.21123,8.48454],[-13.21098,8.48495],[-13.21071,8.48542],[-13.21053,8.48572],[-13.21033,8.48607],[-13.21025,8.48624],[-13.2102,8.48639],[-13.21014,8.48657],[-13.21009,8.48674],[-13.21004,8.48699],[-13.21003,8.48717],[-13.21002,8.48743],[-13.21004,8.48771],[-13.21007,8.48792],[-13.2101,8.48805],[-13.21018,8.48833],[-13.21027,8.48859],[-13.21038,8.48882],[-13.21045,8.48896],[-13.2105,8.48904],[-13.21056,8.4891],[-13.2106,8.48915],[-13.21066,8.4892]]},"properties":{"id":206488378,"cls":"trunk","hw":"trunk","tg":"na","name":"Bai Bureh Road","ref":"","surface":"asphalt","sc":"paved","speed":null,"lit":"unk","km":3.591}},
{"type":"Feature","geometry":{"type":"LineString","coordinates":[[-13.20619,8.48003],[-13.20623,8.47998],[-13.20629,8.47995],[-13.20638,8.47996]]},"properties":{"id":206495763,"cls":"trunk","hw":"trunk_link","tg":"na","name":"","ref":"","surface":"","sc":"unknown","speed":null,"lit":"unk","km":0.024}},
{"type":"Feature","geometry":{"type":"LineString","coordinates":[[-13.20601,8.47986],[-13.20606,8.4799],[-13.2061,8.47995],[-13.20613,8.48001]]},"properties":{"id":206495780,"cls":"trunk","hw":"trunk_link","tg":"na","name":"","ref":"","surface":"","sc":"unknown","speed":null,"lit":"unk","km":0.022}},
{"type":"Feature","geometry":{"type":"LineString","coordinates":[[-13.21072,8.48911],[-13.21067,8.48907],[-13.21062,8.48902],[-13.21057,8.48896],[-13.21049,8.48886],[-13.21045,8.48879],[-13.21039,8.48866],[-13.21035,8.48858],[-13.21027,8.48836],[-13.21018,8.48806],[-13.21016,8.48794],[-13.21012,8.48771],[-13.2101,8.48743],[-13.21011,8.48722],[-13.21012,8.487],[-13.21017,8.48676],[-13.21021,8.4866],[-13.21028,8.4864],[-13.21033,8.48627],[-13.21039,8.48614],[-13.21057,8.48581],[-13.21087,8.48528],[-13.21105,8.48499],[-13.21128,8.4846],[-13.21148,8.48428],[-13.21167,8.48393],[-13.21179,8.4837],[-13.21186,8.48355],[-13.21194,8.48337],[-13.21199,8.4832],[-13.21203,8.48305],[-13.21203,8.48298],[-13.21203,8.48285],[-13.21202,8.48271],[-13.21199,8.48256],[-13.21198,8.48252],[-13.21194,8.4823],[-13.21187,8.48215],[-13.21176,8.48196],[-13.21165,8.48179],[-13.21154,8.48164],[-13.21141,8.48153],[-13.21135,8.48149],[-13.21126,8.48141],[-13.2111,8.48132],[-13.21098,8.48126],[-13.2109,8.48122],[-13.21068,8.48114],[-13.21061,8.48112],[-13.21049,8.48108],[-13.21027,8.48102],[-13.2101,8.48098],[-13.20984,8.48089],[-13.20953,8.48079],[-13.20924,8.4807],[-13.20899,8.48061],[-13.20855,8.48048],[-13.20825,8.4804],[-13.20794,8.48032],[-13.20757,8.4802],[-13.20715,8.48007],[-13.20684,8.47997],[-13.20668,8.47992],[-13.20659,8.47989],[-13.20649,8.47987],[-13.20641,8.47984],[-13.20632,8.47982],[-13.20621,8.47979],[-13.20613,8.47977],[-13.20589,8.47972],[-13.2043,8.47947],[-13.20408,8.47943],[-13.20276,8.47918],[-13.20153,8.47895],[-13.20132,8.47892],[-13.20095,8.47885],[-13.20035,8.47872],[-13.20001,8.47863],[-13.19968,8.47853],[-13.19935,8.47842],[-13.19896,8.47827],[-13.19849,8.47804],[-13.19812,8.47784],[-13.1979,8.47771],[-13.19755,8.4775],[-13.19691,8.47715],[-13.19688,8.47713],[-13.19682,8.47709],[-13.19661,8.47697],[-13.19596,8.47658],[-13.19575,8.47645],[-13.1957,8.47642],[-13.19562,8.47637],[-13.19473,8.47584],[-13.19465,8.4758],[-13.19432,8.47561],[-13.19426,8.47557],[-13.19381,8.47532],[-13.19347,8.47512],[-13.1932,8.47497],[-13.19283,8.47478],[-13.19249,8.47463],[-13.19207,8.47448],[-13.19172,8.47438],[-13.1915,8.47433],[-13.19147,8.47432],[-13.1912,8.47426],[-13.19092,8.4742],[-13.19039,8.47416],[-13.19012,8.47413],[-13.1898,8.47411],[-13.18931,8.47408],[-13.18873,8.47402]]},"properties":{"id":206499104,"cls":"trunk","hw":"trunk","tg":"na","name":"","ref":"","surface":"asphalt","sc":"paved","speed":null,"lit":"unk","km":3.593}},
{"type":"Feature","geometry":{"type":"LineString","coordinates":[[-13.21081,8.48924],[-13.21087,8.48926],[-13.21098,8.48927],[-13.21109,8.48925]]},"properties":{"id":206590586,"cls":"primary","hw":"primary","tg":"na","name":"","ref":"","surface":"asphalt","sc":"paved","speed":null,"lit":"unk","km":0.031}},
{"type":"Feature","geometry":{"type":"LineString","coordinates":[[-13.22621,8.488],[-13.22611,8.48813],[-13.22604,8.48821],[-13.22595,8.48829],[-13.22584,8.48836],[-13.22571,8.48843],[-13.22536,8.48858],[-13.22512,8.48866],[-13.22478,8.48874],[-13.22447,8.48882],[-13.2243,8.48888],[-13.22395,8.489],[-13.22369,8.48908],[-13.22337,8.48917],[-13.22331,8.48919],[-13.22317,8.4892],[-13.22301,8.4892],[-13.22273,8.48921],[-13.22251,8.48923],[-13.22225,8.48925],[-13.22194,8.48926],[-13.22143,8.48931],[-13.22097,8.48935],[-13.22055,8.48938],[-13.22035,8.4894],[-13.21989,8.48945],[-13.21944,8.48951]]},"properties":{"id":206590589,"cls":"primary","hw":"primary","tg":"na","name":"Fourah Bay Road","ref":"","surface":"asphalt","sc":"paved","speed":null,"lit":"unk","km":0.779}},
{"type":"Feature","geometry":{"type":"LineString","coordinates":[[-13.21625,8.48971],[-13.21634,8.48975],[-13.21646,8.48975],[-13.21654,8.48975],[-13.2167,8.48974],[-13.21715,8.48971],[-13.21742,8.48969],[-13.21769,8.48967],[-13.21788,8.48966],[-13.21836,8.48962],[-13.21865,8.48961],[-13.21926,8.48956],[-13.21936,8.48955],[-13.21944,8.48951]]},"properties":{"id":206590590,"cls":"primary","hw":"primary","tg":"na","name":"Fourah Bay Road","ref":"","surface":"asphalt","sc":"paved","speed":null,"lit":"unk","km":0.354}},
{"type":"Feature","geometry":{"type":"LineString","coordinates":[[-13.21944,8.48951],[-13.21936,8.4895],[-13.21924,8.4895],[-13.2188,8.48953],[-13.21863,8.48955],[-13.21845,8.48957],[-13.21828,8.48958],[-13.21788,8.4896],[-13.21742,8.48963],[-13.21721,8.48964],[-13.2167,8.48968],[-13.21646,8.48969],[-13.21636,8.48969],[-13.21625,8.48971]]},"properties":{"id":206590591,"cls":"primary","hw":"primary","tg":"na","name":"Fourah Bay Road","ref":"","surface":"asphalt","sc":"paved","speed":null,"lit":"unk","km":0.352}},
{"type":"Feature","geometry":{"type":"LineString","coordinates":[[-13.20615,8.47953],[-13.20611,8.47958],[-13.20605,8.47965],[-13.206,8.47969],[-13.20589,8.47972]]},"properties":{"id":206841043,"cls":"trunk","hw":"trunk_link","tg":"na","name":"","ref":"","surface":"","sc":"unknown","speed":null,"lit":"unk","km":0.037}},
{"type":"Feature","geometry":{"type":"LineString","coordinates":[[-10.3381,8.46183],[-10.33787,8.46198],[-10.33746,8.4622],[-10.33735,8.46231],[-10.3373,8.46241],[-10.3372,8.46255],[-10.33663,8.46333],[-10.33638,8.46362],[-10.33614,8.46385],[-10.33576,8.46416],[-10.33562,8.4643],[-10.33548,8.46453],[-10.33546,8.46458],[-10.33516,8.46516],[-10.33469,8.46609],[-10.33432,8.46667],[-10.33423,8.46686],[-10.33412,8.46709],[-10.33394,8.46747],[-10.33367,8.46805],[-10.33348,8.46839],[-10.33333,8.4688],[-10.33319,8.46933],[-10.33313,8.46978],[-10.33316,8.47016],[-10.3333,8.47059],[-10.3336,8.47123],[-10.33403,8.47194],[-10.33475,8.47321],[-10.33493,8.47361],[-10.335,8.47387],[-10.33511,8.47436],[-10.33514,8.47457],[-10.33523,8.4748],[-10.33582,8.47585],[-10.33624,8.47663],[-10.33637,8.4769],[-10.33652,8.47724],[-10.33694,8.4781],[-10.33701,8.47837],[-10.33706,8.47865],[-10.33702,8.47895],[-10.33695,8.47941],[-10.33686,8.47978],[-10.33679,8.47995],[-10.3367,8.4801],[-10.33643,8.48038],[-10.33624,8.4806],[-10.33612,8.48078],[-10.33606,8.481],[-10.33603,8.48121],[-10.33604,8.48158],[-10.33605,8.48169],[-10.33603,8.48178],[-10.33595,8.4819],[-10.33543,8.48246],[-10.33418,8.48443],[-10.33402,8.48473],[-10.33396,8.48485],[-10.33393,8.48492],[-10.33392,8.48502],[-10.33393,8.48514],[-10.33396,8.48529],[-10.33398,8.4855],[-10.33399,8.48567],[-10.33398,8.48581],[-10.33393,8.48611],[-10.3339,8.48642],[-10.3338,8.48676],[-10.3333,8.48783],[-10.33321,8.48802],[-10.33313,8.48829],[-10.33309,8.48868],[-10.33303,8.48903],[-10.33295,8.48925],[-10.33285,8.48945],[-10.33269,8.48967],[-10.3326,8.48983],[-10.33254,8.48998],[-10.33243,8.49024],[-10.33234,8.49053],[-10.3323,8.49098],[-10.33229,8.49113],[-10.33229,8.4917],[-10.3323,8.49208],[-10.33225,8.49239],[-10.33225,8.49277],[-10.33225,8.49295],[-10.33218,8.49343],[-10.33205,8.49381],[-10.33195,8.49432],[-10.33181,8.49546],[-10.33169,8.49647],[-10.33163,8.49694],[-10.33143,8.49723],[-10.33142,8.49839],[-10.33143,8.49887],[-10.33142,8.49908],[-10.33142,8.49948],[-10.33144,8.4997],[-10.33146,8.50019]]},"properties":{"id":215093165,"cls":"primary","hw":"primary","tg":"na","name":"","ref":"","surface":"compacted","sc":"unpaved","speed":null,"lit":"unk","km":4.698}},
{"type":"Feature","geometry":{"type":"LineString","coordinates":[[-12.05126,8.87805],[-12.05116,8.87782],[-12.05096,8.8774],[-12.05075,8.87692],[-12.05065,8.87664],[-12.0505,8.87627],[-12.0504,8.87587],[-12.05036,8.87571],[-12.05027,8.87533]]},"properties":{"id":224720318,"cls":"primary","hw":"primary","tg":"na","name":"Magburaka Highway","ref":"","surface":"asphalt","sc":"paved","speed":80,"lit":"unk","km":0.322}},
{"type":"Feature","geometry":{"type":"LineString","coordinates":[[-10.71895,8.62093],[-10.71867,8.62104],[-10.71857,8.6211],[-10.71853,8.62117],[-10.71851,8.62127],[-10.71852,8.6214],[-10.71856,8.62164],[-10.71874,8.62221],[-10.71879,8.62256],[-10.7188,8.62282],[-10.7188,8.62303],[-10.71875,8.62328],[-10.71871,8.62367],[-10.71867,8.62413],[-10.71864,8.62436],[-10.71857,8.62461],[-10.71849,8.62481],[-10.71838,8.62499],[-10.71819,8.62521],[-10.71797,8.62537],[-10.7175,8.6256],[-10.71723,8.62573],[-10.71702,8.62587],[-10.71688,8.62597],[-10.71662,8.62618],[-10.71633,8.62643],[-10.7162,8.6265],[-10.71606,8.62653],[-10.71593,8.62655],[-10.71584,8.62657],[-10.71571,8.62665],[-10.7154,8.62687],[-10.71525,8.62694],[-10.71508,8.62697],[-10.71468,8.62703],[-10.71432,8.62711],[-10.71374,8.62723],[-10.71356,8.62723],[-10.71339,8.62722],[-10.71318,8.62718],[-10.71178,8.62686],[-10.71102,8.62672],[-10.7109,8.62668],[-10.71082,8.62661],[-10.71076,8.62654],[-10.7107,8.62641],[-10.71061,8.6262],[-10.7105,8.62606],[-10.71036,8.62593],[-10.71015,8.6258],[-10.70991,8.6256],[-10.7097,8.62536],[-10.70953,8.62512],[-10.70945,8.62496],[-10.7094,8.62474],[-10.70934,8.6245],[-10.70926,8.62429],[-10.70916,8.62412],[-10.70887,8.62379],[-10.70863,8.62351],[-10.7084,8.62333],[-10.70805,8.62308],[-10.70791,8.623],[-10.70778,8.62295],[-10.70728,8.6229],[-10.70629,8.62284],[-10.70594,8.62281],[-10.70568,8.62273],[-10.70525,8.62255],[-10.705,8.62243],[-10.70474,8.62233],[-10.70456,8.62229],[-10.70413,8.62221],[-10.70387,8.62213],[-10.70373,8.62212],[-10.70366,8.62214],[-10.70355,8.62219],[-10.70335,8.62235],[-10.70312,8.62255],[-10.703,8.6227],[-10.70291,8.62276],[-10.70278,8.62279],[-10.70202,8.62278],[-10.70078,8.62277],[-10.69979,8.62281],[-10.69958,8.6228],[-10.69945,8.62278],[-10.69931,8.62271],[-10.69924,8.62265],[-10.69918,8.62261],[-10.69912,8.62256],[-10.69899,8.62241],[-10.69875,8.62197],[-10.69861,8.62169],[-10.69834,8.62122],[-10.69777,8.62029],[-10.69763,8.62011],[-10.6975,8.61994],[-10.69739,8.61982],[-10.69728,8.61972]]},"properties":{"id":225595997,"cls":"primary","hw":"primary","tg":"na","name":"","ref":"","surface":"unpaved","sc":"unpaved","speed":null,"lit":"unk","km":3.324}},
{"type":"Feature","geometry":{"type":"LineString","coordinates":[[-10.50325,8.68598],[-10.50278,8.6858],[-10.50236,8.68566],[-10.5022,8.68562],[-10.50201,8.68557],[-10.50132,8.68537],[-10.50092,8.68525],[-10.50073,8.68519],[-10.50059,8.68513],[-10.50046,8.68506],[-10.50028,8.68495],[-10.49978,8.6847],[-10.49952,8.68452],[-10.49902,8.68413],[-10.49834,8.68355],[-10.49811,8.6834],[-10.49796,8.68334],[-10.49773,8.68329],[-10.49716,8.68319],[-10.49652,8.68308],[-10.49603,8.68293],[-10.49548,8.68275],[-10.4949,8.68254],[-10.49481,8.6825],[-10.49475,8.68246],[-10.49469,8.6824],[-10.49464,8.68233],[-10.49428,8.68186],[-10.49413,8.68172],[-10.49394,8.68161],[-10.49373,8.68149],[-10.49354,8.68136],[-10.4934,8.68129],[-10.4932,8.68123],[-10.49285,8.68113],[-10.49251,8.68106],[-10.49212,8.68102],[-10.49092,8.68095],[-10.49036,8.68093],[-10.48991,8.68086],[-10.48962,8.68082],[-10.48937,8.68082],[-10.48907,8.68085],[-10.48883,8.68094],[-10.48855,8.68111],[-10.48817,8.68141],[-10.48786,8.68177],[-10.48775,8.68186],[-10.48762,8.6819],[-10.48732,8.68193],[-10.48705,8.68198],[-10.48686,8.68205],[-10.48671,8.68215],[-10.4865,8.68232],[-10.48598,8.68271],[-10.48551,8.68304],[-10.48452,8.68363],[-10.4843,8.68378],[-10.48413,8.68386],[-10.48396,8.68389],[-10.48375,8.6839],[-10.48356,8.68389],[-10.48341,8.68385],[-10.48325,8.68377],[-10.48283,8.68362],[-10.48257,8.68354],[-10.48221,8.68346],[-10.48179,8.68334],[-10.48111,8.68314],[-10.48086,8.68306],[-10.48066,8.68304],[-10.48044,8.68303],[-10.48026,8.68299],[-10.4801,8.68292],[-10.4799,8.6828],[-10.47968,8.68258],[-10.47959,8.68247],[-10.47957,8.68242],[-10.47957,8.68237],[-10.47964,8.68218],[-10.47972,8.68205],[-10.47982,8.68173],[-10.47995,8.68122],[-10.48007,8.68079],[-10.4801,8.68049],[-10.48011,8.68032],[-10.4801,8.68015],[-10.48004,8.67999],[-10.47993,8.6798],[-10.47981,8.67965],[-10.47966,8.67954],[-10.47952,8.67951],[-10.47937,8.67948],[-10.47923,8.67942],[-10.47891,8.67925],[-10.47857,8.67904],[-10.47836,8.6789],[-10.4782,8.67878],[-10.478,8.67856],[-10.47784,8.6784],[-10.47766,8.67828],[-10.47747,8.67821],[-10.47728,8.67817],[-10.47701,8.67817],[-10.47679,8.6782],[-10.47657,8.67823],[-10.47628,8.67827],[-10.47601,8.67832],[-10.47542,8.67846],[-10.47508,8.67863],[-10.47483,8.67874],[-10.47461,8.67879],[-10.47428,8.67882],[-10.47366,8.67892],[-10.47326,8.67894],[-10.47298,8.67887],[-10.47278,8.67878],[-10.47259,8.67857],[-10.47247,8.6784],[-10.47236,8.67829],[-10.47221,8.67821],[-10.47185,8.67809],[-10.4715,8.678],[-10.47133,8.67795],[-10.47117,8.67794],[-10.4709,8.67793],[-10.47075,8.67791],[-10.4706,8.67787],[-10.47039,8.67777],[-10.47015,8.6776],[-10.4699,8.67742],[-10.46968,8.67722],[-10.46929,8.67692],[-10.46904,8.67678],[-10.46854,8.6764],[-10.46837,8.67621],[-10.46832,8.67613],[-10.4683,8.67603],[-10.46834,8.67581],[-10.46838,8.67562],[-10.46839,8.67534],[-10.46834,8.67503],[-10.46831,8.67469],[-10.46831,8.67442],[-10.46832,8.67405],[-10.46828,8.67387],[-10.4682,8.67368],[-10.46799,8.6734],[-10.4679,8.67334],[-10.4678,8.67332],[-10.46701,8.67318],[-10.4668,8.67315],[-10.46667,8.67307],[-10.46663,8.67301],[-10.4666,8.67292],[-10.4666,8.67283],[-10.4666,8.6727],[-10.46657,8.67263],[-10.46652,8.67256],[-10.46629,8.67234],[-10.46607,8.67219],[-10.466,8.67211],[-10.46593,8.67198],[-10.46581,8.67146],[-10.46572,8.67127],[-10.46559,8.67112],[-10.46552,8.67108]]},"properties":{"id":225647834,"cls":"primary","hw":"primary","tg":"na","name":"","ref":"","surface":"unpaved","sc":"unpaved","speed":null,"lit":"unk","km":5.39}},
{"type":"Feature","geometry":{"type":"LineString","coordinates":[[-11.88565,8.67031],[-11.88446,8.66965]]},"properties":{"id":229614589,"cls":"primary","hw":"primary","tg":"na","name":"","ref":"","surface":"paved","sc":"paved","speed":80,"lit":"unk","km":0.15}},
{"type":"Feature","geometry":{"type":"LineString","coordinates":[[-11.88446,8.66965],[-11.88399,8.66937],[-11.88298,8.6688],[-11.88202,8.66825],[-11.88139,8.6679],[-11.8808,8.66756],[-11.87997,8.66714],[-11.87918,8.66676],[-11.87834,8.66641],[-11.87739,8.66608],[-11.87585,8.66553],[-11.8742,8.66496],[-11.87204,8.66422],[-11.87115,8.66392],[-11.87048,8.66368],[-11.86982,8.66342],[-11.8689,8.66299],[-11.86765,8.6624],[-11.86693,8.66208],[-11.8663,8.66184],[-11.86583,8.66166],[-11.86516,8.66146],[-11.86367,8.66099],[-11.86323,8.66082],[-11.86278,8.6606],[-11.8624,8.6604],[-11.8618,8.66004],[-11.86143,8.65979],[-11.86115,8.65957],[-11.86078,8.65929],[-11.86044,8.65905],[-11.86009,8.65883],[-11.85967,8.65863],[-11.85913,8.65842],[-11.85852,8.65823],[-11.85806,8.65812],[-11.8576,8.65804],[-11.85716,8.658],[-11.85686,8.65798],[-11.85657,8.65798],[-11.85606,8.658],[-11.85531,8.65809],[-11.85495,8.65814],[-11.85463,8.65817],[-11.85438,8.6582],[-11.8542,8.65821],[-11.85399,8.65821],[-11.85377,8.6582],[-11.85349,8.6582],[-11.85322,8.65817],[-11.85281,8.65809],[-11.85258,8.65803],[-11.85233,8.65795],[-11.85209,8.65787],[-11.85176,8.65775],[-11.85061,8.65732]]},"properties":{"id":229614590,"cls":"primary","hw":"primary","tg":"na","name":"","ref":"","surface":"asphalt","sc":"paved","speed":80,"lit":"unk","km":4.025}},
{"type":"Feature","geometry":{"type":"LineString","coordinates":[[-12.7572,8.49052],[-12.75731,8.49051],[-12.75741,8.49051],[-12.75749,8.49053],[-12.7576,8.49057]]},"properties":{"id":229723875,"cls":"trunk","hw":"trunk","tg":"na","name":"Masiaka-Yonibama Highway","ref":"TAH 7","surface":"asphalt","sc":"paved","speed":null,"lit":"unk","km":0.045}},
{"type":"Feature","geometry":{"type":"LineString","coordinates":[[-12.75807,8.49091],[-12.75844,8.49143],[-12.75867,8.49182],[-12.75879,8.49205],[-12.7589,8.49226],[-12.75901,8.49247],[-12.75909,8.49265],[-12.75916,8.49288],[-12.75921,8.49305],[-12.75934,8.49354],[-12.75941,8.49389],[-12.75945,8.49408],[-12.7595,8.49453],[-12.75952,8.49498],[-12.75951,8.49512],[-12.7595,8.49541],[-12.75947,8.49575],[-12.75942,8.49606],[-12.75931,8.49651],[-12.75912,8.49713],[-12.75892,8.49772],[-12.75874,8.49829],[-12.75853,8.49885],[-12.75826,8.4997],[-12.7582,8.50002],[-12.75816,8.50035],[-12.75813,8.50069],[-12.75816,8.50117],[-12.75821,8.5016],[-12.7583,8.502],[-12.75843,8.50243],[-12.7586,8.50285],[-12.75876,8.5032],[-12.7591,8.5037],[-12.75931,8.50393],[-12.75977,8.50442],[-12.76025,8.50492],[-12.76053,8.50526],[-12.76081,8.50572],[-12.76091,8.50593],[-12.761,8.50621],[-12.76108,8.5065],[-12.76113,8.50675],[-12.76115,8.50708],[-12.76115,8.50742],[-12.76109,8.50786],[-12.76102,8.50817],[-12.76093,8.50845],[-12.76077,8.50883],[-12.76055,8.50925],[-12.76026,8.50984],[-12.76012,8.51023],[-12.76004,8.51059],[-12.76001,8.51089],[-12.76001,8.51115],[-12.76003,8.51142],[-12.76008,8.51174],[-12.76024,8.51229],[-12.7606,8.51321],[-12.76079,8.5137],[-12.76093,8.51417],[-12.76101,8.51456],[-12.76107,8.5149],[-12.7611,8.51527],[-12.76109,8.51564],[-12.76101,8.51611],[-12.76095,8.51636],[-12.76085,8.51675],[-12.76058,8.51752],[-12.75996,8.51903],[-12.75931,8.52066],[-12.75879,8.52197],[-12.7585,8.52258],[-12.75827,8.52303],[-12.75799,8.52346],[-12.75764,8.52393],[-12.75729,8.52433],[-12.75649,8.52507],[-12.75553,8.52586],[-12.75442,8.52669],[-12.75378,8.52706],[-12.75345,8.52722],[-12.75313,8.52735],[-12.75264,8.52752],[-12.75224,8.52762],[-12.75178,8.52771],[-12.75127,8.52777],[-12.75082,8.52777],[-12.75028,8.52775],[-12.74973,8.52774],[-12.7491,8.52775],[-12.74865,8.52781],[-12.74837,8.52786],[-12.74795,8.52799],[-12.74761,8.52812],[-12.74725,8.52831],[-12.74686,8.52857],[-12.74651,8.52883],[-12.74616,8.52915],[-12.74589,8.52946],[-12.74557,8.52994],[-12.74539,8.53032],[-12.7452,8.53084],[-12.74508,8.53129],[-12.74501,8.53167],[-12.74491,8.53212],[-12.74469,8.5332],[-12.74449,8.53413],[-12.7443,8.53501],[-12.74424,8.53542],[-12.74419,8.53579],[-12.74416,8.53623],[-12.74417,8.53676],[-12.74424,8.53747],[-12.74437,8.53819],[-12.74461,8.53901],[-12.74487,8.53968],[-12.74512,8.54028],[-12.74561,8.54146],[-12.74586,8.54209],[-12.74606,8.54264],[-12.74616,8.54303],[-12.74622,8.54341],[-12.74626,8.54388],[-12.74625,8.54432],[-12.74619,8.54479],[-12.74606,8.5453],[-12.74595,8.54564],[-12.74577,8.54603],[-12.74561,8.54634],[-12.74539,8.54668],[-12.74517,8.54702],[-12.74486,8.54731],[-12.74456,8.54759],[-12.74377,8.54817],[-12.74318,8.54857],[-12.7422,8.54924],[-12.74106,8.55002],[-12.74095,8.55009],[-12.74018,8.55061],[-12.7398,8.55087],[-12.73936,8.55121],[-12.73901,8.55152],[-12.73857,8.55204],[-12.73833,8.55246],[-12.73825,8.5526],[-12.73814,8.5529],[-12.73801,8.55334],[-12.73797,8.55355],[-12.73792,8.55398],[-12.73781,8.555],[-12.73768,8.55638],[-12.73761,8.55702],[-12.73753,8.55745],[-12.73749,8.55769],[-12.73745,8.55791],[-12.73731,8.55837],[-12.73716,8.55881],[-12.73694,8.55933],[-12.73666,8.55989],[-12.73615,8.56098],[-12.73571,8.56211],[-12.73538,8.56314],[-12.73522,8.56377],[-12.73509,8.56435],[-12.73497,8.56503],[-12.7349,8.56564],[-12.7348,8.56665],[-12.7347,8.56766],[-12.73459,8.56879],[-12.73453,8.56929],[-12.73437,8.57003],[-12.73406,8.57101],[-12.73372,8.57174],[-12.73351,8.57212],[-12.73297,8.57288],[-12.7326,8.57334],[-12.73221,8.57375],[-12.73132,8.57466],[-12.73018,8.57584],[-12.72937,8.57667],[-12.72861,8.57742],[-12.72779,8.57826],[-12.72699,8.57916],[-12.7262,8.58021],[-12.72551,8.58115],[-12.72538,8.58132],[-12.72499,8.58189],[-12.72469,8.58233],[-12.72447,8.58273],[-12.72434,8.58299],[-12.72422,8.58325],[-12.72405,8.58366],[-12.72387,8.58424],[-12.72375,8.58475],[-12.72366,8.58532],[-12.72359,8.58592],[-12.72353,8.58702],[-12.72349,8.58786],[-12.72335,8.5906],[-12.72334,8.59097],[-12.72333,8.59125],[-12.72321,8.59339],[-12.72318,8.59394],[-12.72316,8.59409],[-12.72313,8.59419],[-12.72309,8.59431],[-12.72303,8.59446],[-12.72294,8.5946],[-12.72286,8.59471],[-12.7227,8.59488],[-12.72253,8.59501],[-12.72231,8.59514],[-12.72206,8.59524],[-12.72177,8.59529],[-12.72145,8.59528],[-12.72113,8.59521],[-12.7207,8.59509],[-12.72035,8.595],[-12.72011,8.59499],[-12.71991,8.59501],[-12.71974,8.59505],[-12.71954,8.59512],[-12.71941,8.59518],[-12.71928,8.59526],[-12.7191,8.59538],[-12.71896,8.59556]]},"properties":{"id":229723876,"cls":"trunk","hw":"trunk","tg":"na","name":"","ref":"TAH 7","surface":"asphalt","sc":"paved","speed":null,"lit":"unk","km":14.106}},
{"type":"Feature","geometry":{"type":"LineString","coordinates":[[-12.75807,8.49091],[-12.75795,8.49068],[-12.75785,8.49047]]},"properties":{"id":229723878,"cls":"trunk","hw":"trunk","tg":"na","name":"","ref":"TAH 7","surface":"asphalt","sc":"paved","speed":null,"lit":"unk","km":0.055}},
{"type":"Feature","geometry":{"type":"LineString","coordinates":[[-12.75751,8.49034],[-12.75746,8.4904],[-12.75738,8.49045],[-12.75729,8.49049],[-12.7572,8.49052]]},"properties":{"id":229723879,"cls":"trunk","hw":"trunk","tg":"na","name":"Masiaka-Yonibama Highway","ref":"TAH 7","surface":"asphalt","sc":"paved","speed":null,"lit":"unk","km":0.04}},
{"type":"Feature","geometry":{"type":"LineString","coordinates":[[-11.97824,8.17915],[-11.97884,8.17933],[-11.97975,8.17957],[-11.98173,8.18019],[-11.98263,8.18046],[-11.98362,8.1808],[-11.98408,8.181],[-11.98456,8.18125],[-11.9849,8.18145],[-11.98585,8.18202],[-11.98684,8.18257],[-11.9873,8.18278],[-11.98771,8.18293],[-11.9881,8.18305],[-11.98974,8.18346],[-11.99189,8.18399],[-11.99378,8.18447],[-11.99591,8.185],[-11.99788,8.18549],[-11.99962,8.18595],[-12.00079,8.18623],[-12.00245,8.18663],[-12.00429,8.18704],[-12.0054,8.18728],[-12.00581,8.18736],[-12.00622,8.18741],[-12.00675,8.18744],[-12.00721,8.18745],[-12.00787,8.18744],[-12.00878,8.18738],[-12.00963,8.18735],[-12.01008,8.18736],[-12.01058,8.18739],[-12.01114,8.18748],[-12.01203,8.18766],[-12.0128,8.18783],[-12.01555,8.18846],[-12.01702,8.18878],[-12.01791,8.18904],[-12.01907,8.18946],[-12.02012,8.18992],[-12.02311,8.19123],[-12.02587,8.19242],[-12.02677,8.19274],[-12.02772,8.19315],[-12.02855,8.1935],[-12.02925,8.19377],[-12.02988,8.19397],[-12.03061,8.19415],[-12.0314,8.19429],[-12.03309,8.19456],[-12.03453,8.19478],[-12.0367,8.19508],[-12.03834,8.19528],[-12.04047,8.19552],[-12.04183,8.19568],[-12.04311,8.19583],[-12.04368,8.19589],[-12.04447,8.19593],[-12.04519,8.19593],[-12.0463,8.19591],[-12.05056,8.19571],[-12.05377,8.19554],[-12.05486,8.19551],[-12.05543,8.1955],[-12.05618,8.19549],[-12.05762,8.19543],[-12.05801,8.19544],[-12.05963,8.19534],[-12.06106,8.19531],[-12.0613,8.19532],[-12.06156,8.19533],[-12.06182,8.19537],[-12.062,8.1954],[-12.06222,8.19545],[-12.0633,8.19578],[-12.06385,8.19604],[-12.06435,8.19633],[-12.06479,8.19664],[-12.06526,8.19707],[-12.0656,8.19742],[-12.06601,8.19795],[-12.06631,8.19841],[-12.06652,8.19882],[-12.06661,8.199],[-12.06674,8.19927],[-12.06689,8.1997],[-12.06694,8.19985],[-12.06696,8.19997],[-12.06705,8.20039],[-12.06711,8.2007],[-12.06716,8.20103],[-12.06721,8.20139],[-12.06724,8.20177],[-12.0672,8.202],[-12.06718,8.20224],[-12.0671,8.20266],[-12.06707,8.20294],[-12.06702,8.20319],[-12.06697,8.20357]]},"properties":{"id":229769497,"cls":"trunk","hw":"trunk","tg":"na","name":"Yonibana-Bo","ref":"TAH 7","surface":"asphalt","sc":"paved","speed":null,"lit":"unk","km":10.709}},
{"type":"Feature","geometry":{"type":"LineString","coordinates":[[-11.84963,8.10505],[-11.8497,8.10555]]},"properties":{"id":229769498,"cls":"trunk","hw":"trunk","tg":"na","name":"Yonibana-Bo","ref":"TAH 7","surface":"","sc":"unknown","speed":null,"lit":"unk","km":0.056}},
{"type":"Feature","geometry":{"type":"LineString","coordinates":[[-10.86628,8.6401],[-10.86718,8.64041],[-10.8682,8.64078],[-10.86852,8.64092],[-10.86881,8.64109],[-10.86904,8.64123],[-10.8693,8.6414],[-10.86941,8.64147],[-10.86963,8.64159],[-10.86982,8.64165],[-10.87006,8.64169],[-10.87027,8.64172],[-10.87042,8.64179],[-10.87053,8.64187],[-10.87069,8.64198],[-10.87084,8.64208],[-10.87109,8.64221],[-10.87152,8.64241],[-10.87264,8.64298],[-10.87343,8.64342],[-10.87391,8.64364],[-10.87422,8.6438],[-10.87466,8.64409],[-10.87486,8.64423],[-10.875,8.64429],[-10.87517,8.64433],[-10.87542,8.64434],[-10.87578,8.64432],[-10.8762,8.64424],[-10.87676,8.64414],[-10.87721,8.64407],[-10.87778,8.64398],[-10.87803,8.64392],[-10.87821,8.64391],[-10.87837,8.64393],[-10.87863,8.64401],[-10.8796,8.64432],[-10.8799,8.6444],[-10.88009,8.64443],[-10.88048,8.6445],[-10.88078,8.6446],[-10.88098,8.64467],[-10.88118,8.64472],[-10.88135,8.64476],[-10.88148,8.64484],[-10.88162,8.64496],[-10.88183,8.64518],[-10.88209,8.64543],[-10.88221,8.64554],[-10.88244,8.64566],[-10.88266,8.64575],[-10.88286,8.6458],[-10.88301,8.64582],[-10.8834,8.64581],[-10.88381,8.64579],[-10.88426,8.64576],[-10.88447,8.64573],[-10.88467,8.64569],[-10.88488,8.64566],[-10.88514,8.64564],[-10.88635,8.64563],[-10.88674,8.64562],[-10.88732,8.64558],[-10.88789,8.64554],[-10.88847,8.64552],[-10.88887,8.64552],[-10.88977,8.64556],[-10.89002,8.64555],[-10.89021,8.64553],[-10.89046,8.64551],[-10.89079,8.64546],[-10.89098,8.64545],[-10.8912,8.64549],[-10.89147,8.64556],[-10.89169,8.64559],[-10.89199,8.64561],[-10.89247,8.64557],[-10.89287,8.64554],[-10.89322,8.64548],[-10.89343,8.64542],[-10.89359,8.64536],[-10.89399,8.6452],[-10.89438,8.64499],[-10.89488,8.64476],[-10.89504,8.64468],[-10.89521,8.64459],[-10.89542,8.64445],[-10.89557,8.6443],[-10.89582,8.6441],[-10.89603,8.64395],[-10.89619,8.64385],[-10.89638,8.64375],[-10.89654,8.64371],[-10.89668,8.64368],[-10.8969,8.64366],[-10.89711,8.64365],[-10.89744,8.6436],[-10.8978,8.64353],[-10.89825,8.64339],[-10.89863,8.64327],[-10.8991,8.64309],[-10.89931,8.64299],[-10.89963,8.64281],[-10.90016,8.64252],[-10.90055,8.64236],[-10.90074,8.64229],[-10.9012,8.64213],[-10.90234,8.6417],[-10.90259,8.64163],[-10.90285,8.64158],[-10.90304,8.64156],[-10.90325,8.64155],[-10.90348,8.64156],[-10.90386,8.64159],[-10.90503,8.64171],[-10.90546,8.64177],[-10.90599,8.64182],[-10.90634,8.64189],[-10.90663,8.64196],[-10.90681,8.64201],[-10.907,8.64208],[-10.90749,8.64229],[-10.90782,8.64243],[-10.90806,8.64248],[-10.90845,8.64258],[-10.90895,8.64273],[-10.90909,8.6428],[-10.90924,8.64287],[-10.90942,8.64299],[-10.9096,8.6431],[-10.91021,8.64349],[-10.91103,8.64398],[-10.91135,8.64416],[-10.91195,8.64454],[-10.9121,8.64464],[-10.91218,8.64468],[-10.91227,8.64471],[-10.91242,8.64473],[-10.91276,8.64476],[-10.91292,8.64477],[-10.91318,8.64482],[-10.9135,8.64491],[-10.91366,8.64496],[-10.91384,8.64498],[-10.91417,8.645],[-10.91468,8.64499],[-10.91495,8.64499],[-10.91513,8.64498],[-10.91528,8.64496],[-10.91541,8.64495],[-10.91565,8.64493],[-10.91589,8.64491],[-10.91671,8.6449],[-10.91768,8.6449],[-10.91794,8.64491],[-10.91823,8.6449],[-10.91859,8.64487],[-10.91897,8.64485],[-10.91912,8.64486],[-10.91936,8.64492],[-10.91945,8.64493],[-10.91956,8.64493],[-10.91972,8.64492],[-10.91993,8.64485],[-10.92027,8.64475],[-10.9205,8.64471],[-10.92071,8.64468],[-10.92092,8.64472],[-10.92121,8.64483],[-10.92178,8.64505],[-10.92195,8.6451],[-10.92214,8.64511],[-10.92236,8.64515],[-10.923,8.64535],[-10.92329,8.64542],[-10.92347,8.64543],[-10.92376,8.64552],[-10.924,8.64555],[-10.92423,8.64551],[-10.92441,8.64545],[-10.92516,8.64509],[-10.92528,8.64504],[-10.92543,8.64497],[-10.92549,8.64495],[-10.92583,8.64489],[-10.92614,8.64483],[-10.92677,8.64477],[-10.92732,8.64472],[-10.92772,8.64467],[-10.92809,8.64466],[-10.92834,8.64466],[-10.92909,8.6447],[-10.92925,8.64469],[-10.92939,8.64466],[-10.93019,8.64435],[-10.9305,8.64424],[-10.93125,8.64408],[-10.93185,8.64394],[-10.9326,8.64378],[-10.93275,8.64377],[-10.9329,8.64377],[-10.93308,8.64382],[-10.93373,8.64434],[-10.93388,8.64444],[-10.934,8.64448],[-10.93416,8.64449],[-10.93442,8.64447],[-10.93498,8.64435],[-10.93596,8.64415],[-10.93637,8.64408],[-10.93668,8.64404],[-10.93692,8.64403],[-10.93736,8.64405],[-10.93795,8.64409],[-10.93809,8.6441],[-10.93822,8.64412],[-10.93837,8.64416],[-10.93892,8.64433],[-10.93905,8.64438],[-10.93934,8.64448],[-10.93943,8.64452],[-10.9397,8.64461],[-10.9402,8.64479],[-10.94112,8.64514],[-10.94189,8.64545],[-10.94228,8.64559],[-10.9426,8.64572],[-10.94323,8.64601],[-10.94356,8.64616],[-10.94389,8.64627],[-10.94402,8.64631],[-10.94415,8.64635],[-10.94429,8.6464],[-10.94441,8.64643],[-10.94468,8.64646],[-10.94486,8.64647],[-10.94513,8.6465],[-10.94541,8.64652],[-10.94581,8.64655],[-10.94621,8.64662]]},"properties":{"id":230409854,"cls":"primary","hw":"primary","tg":"na","name":"","ref":"","surface":"paved","sc":"paved","speed":null,"lit":"unk","km":9.275}},
{"type":"Feature","geometry":{"type":"LineString","coordinates":[[-11.73269,7.95822],[-11.73274,7.95828],[-11.73279,7.95832],[-11.73287,7.9584]]},"properties":{"id":236303621,"cls":"primary","hw":"primary","tg":"na","name":"","ref":"","surface":"","sc":"unknown","speed":null,"lit":"unk","km":0.028}},
{"type":"Feature","geometry":{"type":"LineString","coordinates":[[-12.69102,8.68738],[-12.69136,8.68831],[-12.69166,8.68915],[-12.69193,8.68993],[-12.69207,8.69049],[-12.69213,8.6908],[-12.69217,8.69109],[-12.69221,8.69139],[-12.69223,8.6917],[-12.69225,8.69191],[-12.69224,8.69251],[-12.69221,8.69292],[-12.69216,8.69324],[-12.69208,8.69371],[-12.69202,8.694],[-12.69192,8.69437],[-12.69179,8.69476],[-12.6916,8.69528],[-12.69142,8.69568],[-12.69115,8.69615],[-12.691,8.6964],[-12.69083,8.69664],[-12.69049,8.69709],[-12.68951,8.6983],[-12.68693,8.70133],[-12.68661,8.70185],[-12.68617,8.7024],[-12.68568,8.703],[-12.68485,8.70403],[-12.68473,8.70417],[-12.68461,8.70432],[-12.68424,8.70476],[-12.68402,8.70504],[-12.68398,8.7051],[-12.68328,8.70596],[-12.68307,8.70622],[-12.68284,8.7065],[-12.68247,8.70693],[-12.6824,8.70702]]},"properties":{"id":241262773,"cls":"trunk","hw":"trunk","tg":"na","name":"","ref":"TAH 7","surface":"asphalt","sc":"paved","speed":null,"lit":"unk","km":2.563}},
{"type":"Feature","geometry":{"type":"LineString","coordinates":[[-12.69095,8.68719],[-12.69102,8.68738]]},"properties":{"id":241262774,"cls":"trunk","hw":"trunk","tg":"na","name":"","ref":"TAH 7","surface":"","sc":"unknown","speed":null,"lit":"unk","km":0.022}},
{"type":"Feature","geometry":{"type":"LineString","coordinates":[[-13.17389,8.40676],[-13.17351,8.4065],[-13.17306,8.40616],[-13.17262,8.40585],[-13.17182,8.40527],[-13.17169,8.40519],[-13.17149,8.40507],[-13.1711,8.40478],[-13.17076,8.40458],[-13.16995,8.40409],[-13.16924,8.40366],[-13.16895,8.40349],[-13.16857,8.40324],[-13.16849,8.40318],[-13.16829,8.40306],[-13.16805,8.40289],[-13.16784,8.40275],[-13.16732,8.40235],[-13.16719,8.40225],[-13.16685,8.40199],[-13.1668,8.40195],[-13.16631,8.40155],[-13.16576,8.40112],[-13.16516,8.40065],[-13.16488,8.40044],[-13.16466,8.40026],[-13.1639,8.39969],[-13.16373,8.39955],[-13.16366,8.3995],[-13.16305,8.39903],[-13.16297,8.39897],[-13.16258,8.39865],[-13.16239,8.39852],[-13.16226,8.39842],[-13.16189,8.39814],[-13.16148,8.39783],[-13.16116,8.39758],[-13.16026,8.39688],[-13.15976,8.39648],[-13.15907,8.39594],[-13.1582,8.39529],[-13.15748,8.39476],[-13.15724,8.39457],[-13.15684,8.39426],[-13.15668,8.39411],[-13.15645,8.39385],[-13.15623,8.39356],[-13.15603,8.39327],[-13.15582,8.39294],[-13.15579,8.39289],[-13.15571,8.39276],[-13.15559,8.39258],[-13.15548,8.39238],[-13.15522,8.39201],[-13.15507,8.39171],[-13.15499,8.39148],[-13.15488,8.39112],[-13.15483,8.39097],[-13.15479,8.39057],[-13.15478,8.39031],[-13.15475,8.38998],[-13.15471,8.38938],[-13.15463,8.38872],[-13.15461,8.38855],[-13.15458,8.38832],[-13.15457,8.3881],[-13.15455,8.38784],[-13.15452,8.38748],[-13.1545,8.38721],[-13.15445,8.38708],[-13.15441,8.387],[-13.15439,8.38696],[-13.15433,8.38688]]},"properties":{"id":242450960,"cls":"primary","hw":"primary","tg":"na","name":"Youyi Highway","ref":"","surface":"asphalt","sc":"paved","speed":null,"lit":"unk","km":3.23}},
{"type":"Feature","geometry":{"type":"LineString","coordinates":[[-12.05346,8.8895],[-12.05331,8.88943],[-12.05292,8.88921],[-12.05217,8.88876],[-12.05174,8.88853],[-12.05123,8.88828],[-12.05099,8.88815],[-12.05081,8.88806],[-12.05007,8.88771],[-12.04944,8.88739],[-12.04938,8.88736]]},"properties":{"id":243780993,"cls":"primary","hw":"primary","tg":"na","name":"Lunsar Road","ref":"","surface":"paved","sc":"paved","speed":null,"lit":"unk","km":0.508}},
{"type":"Feature","geometry":{"type":"LineString","coordinates":[[-12.04383,8.88861],[-12.04375,8.8889],[-12.04366,8.88916],[-12.04346,8.88965],[-12.04333,8.88991],[-12.0432,8.89016],[-12.04298,8.89055],[-12.04283,8.89084],[-12.04256,8.89114],[-12.0423,8.89139],[-12.04197,8.89167],[-12.04171,8.89189],[-12.04134,8.89224],[-12.04119,8.8924],[-12.04103,8.89256],[-12.04077,8.89286],[-12.04041,8.89332],[-12.0401,8.89373],[-12.03968,8.89431],[-12.03927,8.89488],[-12.0388,8.89556]]},"properties":{"id":243780994,"cls":"primary","hw":"primary","tg":"na","name":"Rogbaneh Road","ref":"","surface":"paved","sc":"paved","speed":null,"lit":"unk","km":0.962}},
{"type":"Feature","geometry":{"type":"LineString","coordinates":[[-11.41671,7.36049],[-11.41564,7.36035],[-11.41482,7.36033],[-11.41437,7.36042],[-11.41348,7.36072],[-11.41272,7.36088],[-11.41201,7.36091],[-11.41138,7.36081],[-11.41114,7.36076],[-11.41093,7.36071],[-11.41038,7.36049],[-11.4095,7.36009],[-11.40772,7.35929],[-11.40718,7.35908],[-11.40665,7.35894],[-11.40598,7.35881],[-11.40437,7.35858],[-11.40228,7.35827],[-11.40047,7.35819],[-11.39967,7.35815],[-11.3991,7.35814],[-11.39879,7.35808],[-11.39848,7.35802],[-11.39824,7.35796],[-11.39776,7.35778],[-11.39704,7.35742],[-11.3965,7.35715],[-11.39446,7.35604],[-11.39374,7.35569],[-11.39328,7.35555],[-11.39292,7.35546],[-11.39263,7.35543],[-11.39218,7.35544],[-11.39041,7.35555],[-11.38814,7.35572],[-11.38678,7.35581],[-11.38633,7.35586],[-11.38607,7.35587],[-11.38574,7.35588],[-11.38548,7.35588],[-11.38521,7.35586],[-11.38451,7.35572],[-11.38342,7.35549],[-11.38198,7.35524],[-11.38038,7.35494],[-11.3797,7.35482],[-11.37939,7.35481],[-11.37844,7.35484],[-11.37723,7.3549],[-11.37706,7.35491],[-11.37688,7.3549],[-11.37665,7.35486],[-11.37639,7.35481],[-11.37476,7.35433],[-11.37281,7.35372],[-11.37108,7.35319],[-11.36992,7.35285],[-11.36926,7.35265],[-11.36867,7.35245],[-11.36805,7.35215],[-11.36531,7.35078],[-11.36375,7.35003],[-11.36344,7.34995],[-11.36311,7.34987],[-11.36258,7.34979],[-11.36198,7.34978],[-11.36138,7.34982],[-11.36063,7.34988],[-11.3601,7.34988],[-11.35984,7.34987],[-11.35957,7.34984],[-11.35935,7.3498],[-11.35894,7.34962],[-11.35722,7.34882],[-11.35581,7.34813],[-11.3551,7.34779],[-11.35479,7.34763],[-11.35455,7.34749],[-11.35434,7.34735],[-11.35417,7.3472],[-11.35261,7.34567],[-11.35134,7.34447],[-11.34972,7.34329],[-11.3492,7.34279],[-11.34893,7.34239],[-11.34872,7.34179],[-11.34865,7.34137],[-11.34865,7.34092],[-11.34914,7.33861],[-11.34931,7.33775],[-11.34934,7.3373],[-11.34929,7.33676],[-11.34905,7.33617],[-11.34871,7.33568],[-11.34857,7.33554],[-11.34793,7.33489],[-11.34749,7.33424],[-11.34647,7.33256],[-11.34612,7.332],[-11.34593,7.33163],[-11.3458,7.33117],[-11.3457,7.33064],[-11.34566,7.32982],[-11.34555,7.32928],[-11.34534,7.32863],[-11.34497,7.32798],[-11.34456,7.3275],[-11.34356,7.32676],[-11.33951,7.32407],[-11.33899,7.32363],[-11.33856,7.32313],[-11.33799,7.32239],[-11.33761,7.32202],[-11.33717,7.32173],[-11.33647,7.32138],[-11.33271,7.31957],[-11.33216,7.31925],[-11.3281,7.31734],[-11.32737,7.31715],[-11.32668,7.31711],[-11.32608,7.31721],[-11.32541,7.31743],[-11.32488,7.31778],[-11.32366,7.31872],[-11.32334,7.3189],[-11.32297,7.31907],[-11.32256,7.31918],[-11.32208,7.31918],[-11.32157,7.31912],[-11.3209,7.31896],[-11.31475,7.31725]]},"properties":{"id":258484527,"cls":"trunk","hw":"trunk","tg":"na","name":"","ref":"","surface":"asphalt","sc":"paved","speed":null,"lit":"unk","km":13.545}},
{"type":"Feature","geometry":{"type":"LineString","coordinates":[[-11.37685,7.01354],[-11.37598,7.01296]]},"properties":{"id":264835753,"cls":"trunk","hw":"trunk","tg":"na","name":"MRU Bridge","ref":"","surface":"asphalt","sc":"paved","speed":null,"lit":"unk","km":0.116}},
{"type":"Feature","geometry":{"type":"LineString","coordinates":[[-11.30972,7.31282],[-11.30912,7.31294],[-11.30843,7.31311],[-11.30821,7.31316],[-11.30786,7.31325],[-11.30752,7.31334],[-11.30737,7.31338],[-11.30713,7.31344]]},"properties":{"id":264844962,"cls":"trunk","hw":"trunk","tg":"na","name":"Zimmi-Bo Highway","ref":"TAH 7","surface":"","sc":"unknown","speed":null,"lit":"unk","km":0.294}},
{"type":"Feature","geometry":{"type":"LineString","coordinates":[[-12.21382,8.46625],[-12.21385,8.46621],[-12.21386,8.46616],[-12.21386,8.46611],[-12.21384,8.46607],[-12.21381,8.46604],[-12.21377,8.46601],[-12.21371,8.466],[-12.21365,8.466],[-12.2136,8.46603]]},"properties":{"id":264844983,"cls":"trunk","hw":"trunk","tg":"na","name":"","ref":"","surface":"asphalt","sc":"paved","speed":null,"lit":"unk","km":0.052}},
{"type":"Feature","geometry":{"type":"LineString","coordinates":[[-11.72853,7.94454],[-11.7285,7.9445],[-11.72847,7.94448],[-11.72845,7.94448],[-11.72841,7.94448],[-11.72838,7.9445],[-11.72834,7.94453],[-11.72832,7.94457],[-11.72832,7.94461],[-11.72833,7.94464],[-11.72835,7.94467],[-11.72838,7.94469],[-11.7284,7.9447],[-11.72844,7.94471],[-11.72848,7.9447],[-11.72851,7.94468],[-11.72853,7.94465],[-11.72854,7.94463],[-11.72855,7.9446],[-11.72855,7.94457],[-11.72853,7.94454]]},"properties":{"id":264844996,"cls":"trunk","hw":"trunk","tg":"na","name":"","ref":"","surface":"","sc":"unknown","speed":null,"lit":"unk","km":0.079}},
{"type":"Feature","geometry":{"type":"LineString","coordinates":[[-12.75751,8.49034],[-12.7575,8.4904],[-12.7575,8.49045],[-12.75752,8.49049],[-12.75755,8.49053],[-12.7576,8.49057],[-12.75765,8.49059],[-12.75771,8.49059],[-12.75778,8.49056],[-12.75782,8.49053],[-12.75785,8.49047],[-12.75786,8.4904],[-12.75785,8.49036],[-12.75784,8.49032],[-12.75779,8.49027],[-12.75775,8.49024],[-12.75768,8.49023],[-12.75762,8.49024],[-12.75758,8.49026],[-12.75754,8.49029],[-12.75751,8.49034]]},"properties":{"id":264845003,"cls":"trunk","hw":"trunk","tg":"na","name":"","ref":"","surface":"asphalt","sc":"paved","speed":null,"lit":"unk","km":0.126}},
{"type":"Feature","geometry":{"type":"LineString","coordinates":[[-10.3959,8.39126],[-10.39618,8.39208],[-10.39626,8.39227],[-10.39636,8.3924],[-10.39665,8.39271],[-10.39713,8.39314],[-10.3976,8.39354],[-10.39833,8.39435],[-10.39907,8.39528],[-10.39929,8.39546],[-10.39949,8.39558],[-10.39986,8.39576],[-10.40015,8.39594],[-10.40032,8.39616],[-10.40042,8.39634],[-10.40042,8.39647],[-10.40038,8.39661],[-10.40029,8.39678],[-10.40008,8.39699],[-10.39982,8.39719],[-10.39908,8.3977],[-10.39757,8.39861],[-10.3974,8.39877],[-10.39722,8.39895]]},"properties":{"id":269057709,"cls":"primary","hw":"primary","tg":"na","name":"","ref":"","surface":"unpaved","sc":"unpaved","speed":null,"lit":"unk","km":1.238}},
{"type":"Feature","geometry":{"type":"LineString","coordinates":[[-10.3551,8.43698],[-10.35503,8.43723]]},"properties":{"id":269095810,"cls":"trunk","hw":"trunk","tg":"na","name":"","ref":"","surface":"","sc":"unknown","speed":null,"lit":"unk","km":0.029}},
{"type":"Feature","geometry":{"type":"LineString","coordinates":[[-13.16398,8.44691],[-13.16352,8.44637],[-13.16294,8.44572],[-13.16233,8.44502],[-13.16198,8.44461],[-13.16166,8.44416],[-13.16151,8.44391],[-13.16131,8.44356],[-13.16117,8.44317],[-13.16111,8.44295],[-13.16106,8.44266],[-13.16101,8.44218],[-13.161,8.44183],[-13.16099,8.44171],[-13.16096,8.44147],[-13.16089,8.44062],[-13.16088,8.44052],[-13.16084,8.44012],[-13.16078,8.43986],[-13.16076,8.43973],[-13.16062,8.43929],[-13.16051,8.43902],[-13.16039,8.4388],[-13.16008,8.43837],[-13.15985,8.43802],[-13.15961,8.43767],[-13.15942,8.43737],[-13.1591,8.43689],[-13.15858,8.43613],[-13.15818,8.43549],[-13.15793,8.43513],[-13.15756,8.43459],[-13.15739,8.43434],[-13.15663,8.43326],[-13.15618,8.43258],[-13.15608,8.43242],[-13.15573,8.43193],[-13.15542,8.43133],[-13.15525,8.43093],[-13.15513,8.43046],[-13.15505,8.43008],[-13.15501,8.42979],[-13.15497,8.42945],[-13.155,8.42875],[-13.15507,8.42802],[-13.15508,8.42775],[-13.1551,8.42754],[-13.15516,8.42692],[-13.15527,8.42581],[-13.15543,8.42396],[-13.15547,8.42353],[-13.15561,8.42201],[-13.1557,8.42115],[-13.15575,8.42051],[-13.1557,8.41995],[-13.15561,8.41965],[-13.15548,8.41933],[-13.15528,8.41897],[-13.155,8.4186],[-13.15466,8.4183],[-13.15429,8.41803],[-13.15358,8.41758],[-13.15323,8.41735],[-13.15267,8.41699],[-13.15228,8.41668],[-13.15186,8.41634],[-13.1516,8.41608],[-13.15127,8.41563],[-13.15099,8.41528],[-13.15077,8.41502],[-13.15054,8.41471],[-13.15011,8.41424],[-13.14985,8.41402],[-13.14966,8.41391],[-13.14958,8.41387],[-13.14927,8.41371],[-13.14907,8.4136],[-13.14878,8.4135],[-13.14858,8.41345],[-13.14836,8.4134],[-13.14796,8.41333],[-13.14717,8.41329],[-13.14698,8.41328]]},"properties":{"id":270593693,"cls":"trunk","hw":"trunk","tg":"na","name":"Bai Bureh Road","ref":"","surface":"asphalt","sc":"paved","speed":null,"lit":"unk","km":4.561}},
{"type":"Feature","geometry":{"type":"LineString","coordinates":[[-13.18854,8.47406],[-13.1887,8.4741]]},"properties":{"id":270593695,"cls":"trunk","hw":"trunk","tg":"na","name":"Bai Bureh Road","ref":"","surface":"paved","sc":"paved","speed":null,"lit":"unk","km":0.018}},
{"type":"Feature","geometry":{"type":"LineString","coordinates":[[-13.16401,8.44694],[-13.16398,8.44691]]},"properties":{"id":270593696,"cls":"trunk","hw":"trunk","tg":"na","name":"Bai Bureh Road","ref":"","surface":"","sc":"unknown","speed":null,"lit":"unk","km":0.005}},
{"type":"Feature","geometry":{"type":"LineString","coordinates":[[-13.18873,8.47402],[-13.18856,8.47397]]},"properties":{"id":270593697,"cls":"trunk","hw":"trunk","tg":"na","name":"Bai Bureh Road","ref":"","surface":"paved","sc":"paved","speed":null,"lit":"unk","km":0.02}},
{"type":"Feature","geometry":{"type":"LineString","coordinates":[[-13.16392,8.44696],[-13.16396,8.44701]]},"properties":{"id":270593698,"cls":"trunk","hw":"trunk","tg":"na","name":"Bai Bureh Road","ref":"","surface":"","sc":"unknown","speed":null,"lit":"unk","km":0.007}},
{"type":"Feature","geometry":{"type":"LineString","coordinates":[[-13.16396,8.44701],[-13.16417,8.44724],[-13.16426,8.44734],[-13.16441,8.44749],[-13.1645,8.44759],[-13.16456,8.44766],[-13.16474,8.44786]]},"properties":{"id":270593700,"cls":"trunk","hw":"trunk","tg":"na","name":"Bai Bureh Road","ref":"","surface":"","sc":"unknown","speed":null,"lit":"unk","km":0.128}},
{"type":"Feature","geometry":{"type":"LineString","coordinates":[[-13.18856,8.47397],[-13.18828,8.47393],[-13.18804,8.47387],[-13.18784,8.47381],[-13.18745,8.47368],[-13.18701,8.4735],[-13.1865,8.47325],[-13.18605,8.47298],[-13.1856,8.47269],[-13.18517,8.4724],[-13.18509,8.47235],[-13.18494,8.47225],[-13.18457,8.47205],[-13.18425,8.47188],[-13.18391,8.47172],[-13.18358,8.47158],[-13.18324,8.47146],[-13.18275,8.47129],[-13.18222,8.47111],[-13.18164,8.47091],[-13.18138,8.47078],[-13.18111,8.47064],[-13.18082,8.47045],[-13.18055,8.47026],[-13.18034,8.4701],[-13.18,8.46978],[-13.17974,8.46952],[-13.17957,8.46934],[-13.17938,8.46914],[-13.17928,8.46905],[-13.17916,8.46892],[-13.17901,8.46877],[-13.17881,8.46857],[-13.17867,8.46843],[-13.17832,8.46809],[-13.17802,8.46778],[-13.17777,8.46752],[-13.17743,8.46721],[-13.17712,8.46689],[-13.17695,8.46671],[-13.17666,8.4664],[-13.17647,8.4662],[-13.17634,8.46606],[-13.17562,8.46533],[-13.17516,8.46484],[-13.17506,8.46473],[-13.17498,8.46465],[-13.17477,8.46443],[-13.17465,8.46428],[-13.1745,8.46406],[-13.17436,8.46384],[-13.17423,8.46361],[-13.17405,8.46322],[-13.17387,8.4628],[-13.17375,8.46245],[-13.17368,8.46223],[-13.17358,8.46195],[-13.1734,8.46151],[-13.1732,8.46094],[-13.17312,8.46073],[-13.17296,8.46029],[-13.17276,8.45976],[-13.17269,8.45954],[-13.17256,8.45919],[-13.1724,8.45873],[-13.1722,8.45819],[-13.17215,8.45807],[-13.17184,8.45727],[-13.17175,8.45699],[-13.17159,8.45656],[-13.17146,8.45623],[-13.17118,8.4556],[-13.17106,8.45534],[-13.17093,8.45514],[-13.17079,8.45489],[-13.1707,8.45478],[-13.17059,8.45464],[-13.17045,8.45442],[-13.17029,8.45421],[-13.17021,8.45409],[-13.17009,8.45396],[-13.16959,8.45337],[-13.16921,8.45294],[-13.16873,8.45236],[-13.16857,8.45217],[-13.16823,8.45178],[-13.16806,8.45159],[-13.16789,8.45139],[-13.16763,8.45108],[-13.16721,8.45058],[-13.16684,8.45015],[-13.16647,8.44972],[-13.16624,8.44945],[-13.16606,8.44926],[-13.16568,8.44881],[-13.1653,8.44838],[-13.16488,8.4479],[-13.16452,8.4475],[-13.16425,8.44721],[-13.16414,8.44709],[-13.16401,8.44694]]},"properties":{"id":270593701,"cls":"trunk","hw":"trunk","tg":"na","name":"Bai Bureh Road","ref":"","surface":"asphalt","sc":"paved","speed":null,"lit":"unk","km":4.196}},
{"type":"Feature","geometry":{"type":"LineString","coordinates":[[-12.05485,8.83364],[-12.05482,8.83355],[-12.05462,8.83296],[-12.05433,8.83224],[-12.05417,8.83187],[-12.05392,8.8313],[-12.05355,8.83065],[-12.05337,8.83031],[-12.05331,8.83021],[-12.05252,8.82898],[-12.05246,8.82887],[-12.05209,8.82829],[-12.05149,8.8273],[-12.05091,8.82641],[-12.05012,8.82516],[-12.0485,8.82253],[-12.04824,8.82211],[-12.04802,8.82172],[-12.04783,8.82133],[-12.04764,8.8209],[-12.04726,8.81982],[-12.04621,8.8167],[-12.04617,8.81657],[-12.046,8.81605],[-12.04556,8.81474],[-12.04515,8.81354],[-12.04512,8.81344],[-12.04503,8.81322],[-12.04487,8.8129],[-12.04477,8.8127],[-12.04457,8.81233],[-12.04431,8.81194],[-12.04386,8.81135],[-12.04352,8.81097],[-12.04282,8.81023],[-12.04244,8.80983],[-12.04201,8.80934],[-12.04132,8.80861],[-12.041,8.80825],[-12.04058,8.80779],[-12.04019,8.80737],[-12.03981,8.80695],[-12.03955,8.8067],[-12.03921,8.80637],[-12.03865,8.80588],[-12.03835,8.8056],[-12.0378,8.80519],[-12.03734,8.80485],[-12.03571,8.80366],[-12.03521,8.8033]]},"properties":{"id":284772234,"cls":"primary","hw":"primary","tg":"na","name":"Magburaka Road","ref":"","surface":"asphalt","sc":"paved","speed":80,"lit":"unk","km":4.084}},
{"type":"Feature","geometry":{"type":"LineString","coordinates":[[-12.03479,8.80301],[-12.03364,8.8022],[-12.03318,8.80186],[-12.03306,8.80178],[-12.03174,8.8008],[-12.03095,8.8002],[-12.03056,8.79989],[-12.02951,8.79903],[-12.02906,8.79867],[-12.02754,8.79739],[-12.02712,8.79703],[-12.02649,8.79657],[-12.02606,8.7963],[-12.0257,8.79609],[-12.02533,8.7959],[-12.0249,8.79571],[-12.02441,8.79552],[-12.02382,8.79535],[-12.02296,8.79517],[-12.02233,8.79505],[-12.02177,8.79494],[-12.02157,8.7949],[-12.02101,8.7948],[-12.0202,8.79465],[-12.01966,8.79452],[-12.01931,8.79441],[-12.01898,8.7943],[-12.01843,8.79406],[-12.01815,8.79393],[-12.01751,8.79365],[-12.0167,8.79327],[-12.01598,8.79294],[-12.01574,8.79282],[-12.01534,8.79263],[-12.01496,8.79245],[-12.0143,8.79213],[-12.01385,8.7919],[-12.01274,8.79135],[-12.01241,8.79117],[-12.01208,8.79098],[-12.01161,8.7907],[-12.01126,8.79047],[-12.01081,8.79017],[-12.0106,8.79002],[-12.01026,8.78975],[-12.00992,8.78946],[-12.00937,8.78898],[-12.00909,8.78874],[-12.00822,8.788],[-12.00684,8.78683],[-12.00605,8.78617],[-12.0051,8.78543],[-12.00422,8.78481],[-12.00338,8.78422],[-12.0032,8.7841],[-12.00182,8.78315],[-12.00081,8.78247],[-12.00013,8.782],[-11.99911,8.78129],[-11.99866,8.78099],[-11.99819,8.78065],[-11.99788,8.78043],[-11.99765,8.78026],[-11.99635,8.77936],[-11.99603,8.77915],[-11.99544,8.77872],[-11.99516,8.77851],[-11.99481,8.77827],[-11.99461,8.77811],[-11.99448,8.77799],[-11.99398,8.77753],[-11.99335,8.77693],[-11.9927,8.77627],[-11.99217,8.77571],[-11.99145,8.77494],[-11.99047,8.77389],[-11.98995,8.77334],[-11.9891,8.77247],[-11.98888,8.77223],[-11.98773,8.77102],[-11.98693,8.77017],[-11.985,8.76809]]},"properties":{"id":284772235,"cls":"primary","hw":"primary","tg":"na","name":"Magburaka Road","ref":"","surface":"asphalt","sc":"paved","speed":80,"lit":"unk","km":6.806}},
{"type":"Feature","geometry":{"type":"LineString","coordinates":[[-12.05493,8.83389],[-12.05485,8.83364]]},"properties":{"id":284772236,"cls":"primary","hw":"primary","tg":"na","name":"Magburaka Road","ref":"","surface":"paved","sc":"paved","speed":80,"lit":"unk","km":0.029}},
{"type":"Feature","geometry":{"type":"LineString","coordinates":[[-11.97381,8.75921],[-11.97373,8.75913]]},"properties":{"id":284772237,"cls":"primary","hw":"primary","tg":"na","name":"Magburaka Road","ref":"","surface":"paved","sc":"paved","speed":80,"lit":"unk","km":0.013}},
{"type":"Feature","geometry":{"type":"LineString","coordinates":[[-12.03521,8.8033],[-12.03479,8.80301]]},"properties":{"id":284772238,"cls":"primary","hw":"primary","tg":"na","name":"Magburaka Road","ref":"","surface":"paved","sc":"paved","speed":80,"lit":"unk","km":0.056}},
{"type":"Feature","geometry":{"type":"LineString","coordinates":[[-11.985,8.76809],[-11.98483,8.76791]]},"properties":{"id":284772239,"cls":"primary","hw":"primary","tg":"na","name":"Magburaka Road","ref":"","surface":"paved","sc":"paved","speed":80,"lit":"unk","km":0.027}},
{"type":"Feature","geometry":{"type":"LineString","coordinates":[[-11.97373,8.75913],[-11.97333,8.75874],[-11.97292,8.75832],[-11.97051,8.75575],[-11.97021,8.75543],[-11.96841,8.7535],[-11.96813,8.75321],[-11.9676,8.75261],[-11.96723,8.75225],[-11.96656,8.75155],[-11.96561,8.7505],[-11.96481,8.74966],[-11.96448,8.74922],[-11.9642,8.74882],[-11.96399,8.74846],[-11.96378,8.74807],[-11.96357,8.74763],[-11.96342,8.74721],[-11.96297,8.74587],[-11.96279,8.74538],[-11.96259,8.74494],[-11.96245,8.74459],[-11.96232,8.74424],[-11.96221,8.74393],[-11.96204,8.74335],[-11.96185,8.74273],[-11.96162,8.74211],[-11.96126,8.74123],[-11.96109,8.74072],[-11.96078,8.73995],[-11.96055,8.73949],[-11.96034,8.73908],[-11.96009,8.73866],[-11.95977,8.73823],[-11.95929,8.73766],[-11.95887,8.73718],[-11.95849,8.73677],[-11.95812,8.73642],[-11.95779,8.73615],[-11.95744,8.73592],[-11.95708,8.73574],[-11.95681,8.73562],[-11.9565,8.7355],[-11.95631,8.73544],[-11.95594,8.73534],[-11.95553,8.73526],[-11.95442,8.73508],[-11.95311,8.73485],[-11.95197,8.73466],[-11.95136,8.73456],[-11.95086,8.73442],[-11.95051,8.73429],[-11.95026,8.73419],[-11.94998,8.73406],[-11.94965,8.73391],[-11.94903,8.73357],[-11.94854,8.73323],[-11.94779,8.73268],[-11.94725,8.73233]]},"properties":{"id":284772240,"cls":"primary","hw":"primary","tg":"na","name":"Magburaka Road","ref":"","surface":"asphalt","sc":"paved","speed":80,"lit":"unk","km":4.405}},
{"type":"Feature","geometry":{"type":"LineString","coordinates":[[-11.98483,8.76791],[-11.98328,8.76632],[-11.98315,8.76621],[-11.98256,8.7657],[-11.98174,8.76509],[-11.97934,8.76336],[-11.97706,8.76168],[-11.97621,8.76111],[-11.97592,8.76089],[-11.97545,8.76052],[-11.97489,8.76011],[-11.97461,8.75991],[-11.97435,8.75969],[-11.97381,8.75921]]},"properties":{"id":284772241,"cls":"primary","hw":"primary","tg":"na","name":"Magburaka Road","ref":"","surface":"asphalt","sc":"paved","speed":80,"lit":"unk","km":1.553}},
{"type":"Feature","geometry":{"type":"LineString","coordinates":[[-12.18298,8.82989],[-12.18225,8.82999]]},"properties":{"id":284774281,"cls":"primary","hw":"primary","tg":"na","name":"Lunsar-Makeni Highway","ref":"","surface":"","sc":"unknown","speed":null,"lit":"unk","km":0.081}},
{"type":"Feature","geometry":{"type":"LineString","coordinates":[[-12.18225,8.82999],[-12.18149,8.83009],[-12.17956,8.83036],[-12.17875,8.83048],[-12.17855,8.83051],[-12.17676,8.83074],[-12.17321,8.83125],[-12.17103,8.83156],[-12.17038,8.83166],[-12.16974,8.83179],[-12.16925,8.83194],[-12.16881,8.83209],[-12.16837,8.83229],[-12.16786,8.83256],[-12.16675,8.83324],[-12.16011,8.83747],[-12.15653,8.83975],[-12.15551,8.84041],[-12.15503,8.84074],[-12.1547,8.84097],[-12.1541,8.84143],[-12.15363,8.84182],[-12.15332,8.84211],[-12.14888,8.84606],[-12.14689,8.84779],[-12.1457,8.84888],[-12.14527,8.84923],[-12.14468,8.84963],[-12.14398,8.85002],[-12.14105,8.8513],[-12.13673,8.85318],[-12.13533,8.85378],[-12.13417,8.85433],[-12.13375,8.85455],[-12.1333,8.85485],[-12.13286,8.85518],[-12.13235,8.8556],[-12.13192,8.85603],[-12.13154,8.85646],[-12.13122,8.85685],[-12.13084,8.8574],[-12.12897,8.8602],[-12.12754,8.86235],[-12.12674,8.86351],[-12.12616,8.8643],[-12.12546,8.86513],[-12.12526,8.86535],[-12.12516,8.86546],[-12.12411,8.86652],[-12.12227,8.86841],[-12.12188,8.86876],[-12.12157,8.86905],[-12.12109,8.86942],[-12.12073,8.86968],[-12.12032,8.86992],[-12.11985,8.87016],[-12.11929,8.87038],[-12.11876,8.87057],[-12.11822,8.87072],[-12.11673,8.87103],[-12.1149,8.87142],[-12.11207,8.87204],[-12.10786,8.87294],[-12.10483,8.8736],[-12.10444,8.87368],[-12.10337,8.87395],[-12.10232,8.87426],[-12.09805,8.87552],[-12.09691,8.87586],[-12.09534,8.87626],[-12.09476,8.8764],[-12.09277,8.87693],[-12.09257,8.87698],[-12.09035,8.87757],[-12.08853,8.87804],[-12.08841,8.87807],[-12.08739,8.87834],[-12.08563,8.8788],[-12.08444,8.87912],[-12.08389,8.87927],[-12.08314,8.8795],[-12.08229,8.87982],[-12.08199,8.87995],[-12.08146,8.88019],[-12.08099,8.88042],[-12.08056,8.88064],[-12.07652,8.88314],[-12.07622,8.88334],[-12.0761,8.88341],[-12.07595,8.88349],[-12.07547,8.88378],[-12.07539,8.88383],[-12.07484,8.88417],[-12.0743,8.8845],[-12.07356,8.88494],[-12.07184,8.88602],[-12.07175,8.88607],[-12.07166,8.88613],[-12.07149,8.88623],[-12.07127,8.88637],[-12.07099,8.88655],[-12.07068,8.88676],[-12.07034,8.88698],[-12.06941,8.88764],[-12.06817,8.8885],[-12.06784,8.88872],[-12.06725,8.88913],[-12.06699,8.8893],[-12.06654,8.88962],[-12.06619,8.88986],[-12.06587,8.89007],[-12.06505,8.89065],[-12.06458,8.89097],[-12.06386,8.89144],[-12.06336,8.89167],[-12.06292,8.89185],[-12.0626,8.89194],[-12.06223,8.89202],[-12.0618,8.89207],[-12.06146,8.8921],[-12.06107,8.8921],[-12.0605,8.89207],[-12.06015,8.892],[-12.05984,8.89193],[-12.05953,8.89183],[-12.05924,8.89172],[-12.05901,8.89161],[-12.05881,8.89151],[-12.05861,8.8914],[-12.05846,8.8913]]},"properties":{"id":284774282,"cls":"primary","hw":"primary","tg":"na","name":"Lunsar-Makeni Highway","ref":"","surface":"asphalt","sc":"paved","speed":null,"lit":"unk","km":15.749}},
{"type":"Feature","geometry":{"type":"LineString","coordinates":[[-12.54453,8.68681],[-12.54417,8.687],[-12.54299,8.68768],[-12.54278,8.68778],[-12.54203,8.68822],[-12.54176,8.68839],[-12.54133,8.68863],[-12.54124,8.68868],[-12.54044,8.68916],[-12.54028,8.68924],[-12.53989,8.68946],[-12.53983,8.6895],[-12.53946,8.68971],[-12.53928,8.68981],[-12.53769,8.69073],[-12.53756,8.69081],[-12.53713,8.69105],[-12.53687,8.69121],[-12.53662,8.69135],[-12.53602,8.69169],[-12.53583,8.6918],[-12.53557,8.69196],[-12.53512,8.69223],[-12.53385,8.69295],[-12.53354,8.69313],[-12.53274,8.69359],[-12.53207,8.69398],[-12.53162,8.69424],[-12.5309,8.69466],[-12.53009,8.69512],[-12.52976,8.69531],[-12.52954,8.69544],[-12.52947,8.69549],[-12.52922,8.69565],[-12.52905,8.69579],[-12.52881,8.69594],[-12.52871,8.6961],[-12.52863,8.69618],[-12.52856,8.69624],[-12.52833,8.69646],[-12.52793,8.69697],[-12.52781,8.69712],[-12.52751,8.69749],[-12.52735,8.69769],[-12.52731,8.69774],[-12.52715,8.69794],[-12.52692,8.69823],[-12.52631,8.69904],[-12.52618,8.69922],[-12.52615,8.69926],[-12.52597,8.69949],[-12.52564,8.69994],[-12.52553,8.70007],[-12.52546,8.70016],[-12.52479,8.70105],[-12.52291,8.7035],[-12.52276,8.7037],[-12.52264,8.70385],[-12.52251,8.70401],[-12.52228,8.70431],[-12.52211,8.70452],[-12.52182,8.7049],[-12.52173,8.70501],[-12.52092,8.70605],[-12.52071,8.70635],[-12.52063,8.70645],[-12.5205,8.70663],[-12.52042,8.70673],[-12.52012,8.7071],[-12.51817,8.70968],[-12.51814,8.70972],[-12.51762,8.71039],[-12.51761,8.71041],[-12.51723,8.7109],[-12.51674,8.71156],[-12.51666,8.71164],[-12.51665,8.71167],[-12.51659,8.71176],[-12.51572,8.71291],[-12.51546,8.71323],[-12.51489,8.71397],[-12.51418,8.71491],[-12.51394,8.71523],[-12.51364,8.71563],[-12.5134,8.71594],[-12.51329,8.71607],[-12.51318,8.71621],[-12.51302,8.71643],[-12.51294,8.71653],[-12.5124,8.71724],[-12.5122,8.7175],[-12.51173,8.7181],[-12.51167,8.71818],[-12.51123,8.71877],[-12.51094,8.71914],[-12.51059,8.7196],[-12.5101,8.72021],[-12.50997,8.7204],[-12.50984,8.72058],[-12.50957,8.72093],[-12.50952,8.72099],[-12.50938,8.72117],[-12.509,8.72168],[-12.50822,8.72261],[-12.50729,8.72376],[-12.50638,8.72478],[-12.50526,8.7262],[-12.50474,8.7268],[-12.50408,8.72753],[-12.50353,8.72823],[-12.50217,8.72978],[-12.50088,8.7313],[-12.49975,8.73265],[-12.49941,8.73307],[-12.49924,8.73331],[-12.49908,8.73358],[-12.4989,8.73395],[-12.49878,8.73428],[-12.49868,8.73482],[-12.49862,8.73549],[-12.49862,8.73699]]},"properties":{"id":284776385,"cls":"primary","hw":"primary","tg":"na","name":"Lunsar-Makeni Highway","ref":"","surface":"","sc":"unknown","speed":null,"lit":"unk","km":7.705}},
{"type":"Feature","geometry":{"type":"LineString","coordinates":[[-12.55209,8.68556],[-12.55149,8.68538],[-12.55138,8.68536],[-12.55108,8.68528],[-12.55067,8.6852],[-12.55021,8.68516],[-12.54988,8.68515],[-12.54979,8.68514],[-12.54939,8.68514],[-12.54897,8.68516],[-12.54848,8.68519],[-12.54817,8.68524],[-12.54776,8.68533],[-12.54741,8.68542],[-12.54688,8.68559],[-12.54673,8.68564],[-12.5462,8.68587],[-12.54585,8.68605],[-12.54559,8.68618],[-12.54513,8.68645],[-12.54471,8.68669],[-12.54461,8.68675]]},"properties":{"id":284776386,"cls":"primary","hw":"primary","tg":"na","name":"Lunsar-Makeni Highway","ref":"","surface":"","sc":"unknown","speed":null,"lit":"unk","km":0.866}},
{"type":"Feature","geometry":{"type":"LineString","coordinates":[[-12.61295,8.70068],[-12.61236,8.70071],[-12.61181,8.70079],[-12.61116,8.70094],[-12.61007,8.7013],[-12.60859,8.70184],[-12.60801,8.70203],[-12.60758,8.70213],[-12.60693,8.70224],[-12.6062,8.70231],[-12.60543,8.70231],[-12.60477,8.70226],[-12.60419,8.70214],[-12.60334,8.70195],[-12.60262,8.70165],[-12.60204,8.70137],[-12.60166,8.70115],[-12.60067,8.70047],[-12.59921,8.69944],[-12.5986,8.69906],[-12.598,8.69879],[-12.59739,8.69854],[-12.59504,8.69764],[-12.59432,8.69736]]},"properties":{"id":284776387,"cls":"primary","hw":"primary","tg":"na","name":"Lunsar-Makeni Highway","ref":"","surface":"","sc":"unknown","speed":null,"lit":"unk","km":2.207}},
{"type":"Feature","geometry":{"type":"LineString","coordinates":[[-12.55229,8.6856],[-12.55209,8.68556]]},"properties":{"id":284776388,"cls":"primary","hw":"primary","tg":"na","name":"Lunsar-Makeni Highway","ref":"","surface":"","sc":"unknown","speed":null,"lit":"unk","km":0.022}},
{"type":"Feature","geometry":{"type":"LineString","coordinates":[[-12.54461,8.68675],[-12.54457,8.68678],[-12.54453,8.68681]]},"properties":{"id":284776389,"cls":"primary","hw":"primary","tg":"na","name":"Lunsar-Makeni Highway","ref":"","surface":"","sc":"unknown","speed":null,"lit":"unk","km":0.011}},
{"type":"Feature","geometry":{"type":"LineString","coordinates":[[-12.59432,8.69736],[-12.59416,8.6973]]},"properties":{"id":284776390,"cls":"primary","hw":"primary","tg":"na","name":"Lunsar-Makeni Highway","ref":"","surface":"","sc":"unknown","speed":null,"lit":"unk","km":0.019}},
{"type":"Feature","geometry":{"type":"LineString","coordinates":[[-12.61311,8.70067],[-12.61295,8.70068]]},"properties":{"id":284776391,"cls":"primary","hw":"primary","tg":"na","name":"Lunsar-Makeni Highway","ref":"","surface":"","sc":"unknown","speed":null,"lit":"unk","km":0.018}},
{"type":"Feature","geometry":{"type":"LineString","coordinates":[[-12.59416,8.6973],[-12.59392,8.6972],[-12.59161,8.69631],[-12.58976,8.6956],[-12.58927,8.69544],[-12.58891,8.69535],[-12.58862,8.69527],[-12.58787,8.69517],[-12.58727,8.69513],[-12.5867,8.69514],[-12.58576,8.69524],[-12.58521,8.69536],[-12.58451,8.69555],[-12.58371,8.69587],[-12.58291,8.69629],[-12.58224,8.69678],[-12.58122,8.69744],[-12.5808,8.69767],[-12.58043,8.69785],[-12.58038,8.69787],[-12.57998,8.698],[-12.57945,8.69818],[-12.57898,8.6983],[-12.57844,8.6984],[-12.57774,8.69849],[-12.57729,8.6985],[-12.57702,8.69849],[-12.57644,8.69847],[-12.57593,8.6984],[-12.57553,8.69833],[-12.57506,8.6982],[-12.57472,8.69809],[-12.57452,8.69803],[-12.57428,8.69793],[-12.57398,8.69779],[-12.57376,8.69768],[-12.57346,8.69753],[-12.57325,8.69742],[-12.57281,8.69717],[-12.57277,8.69714],[-12.57246,8.69695],[-12.57225,8.69682],[-12.57189,8.69659],[-12.57132,8.69624],[-12.57087,8.69596],[-12.56906,8.69486],[-12.56727,8.69376],[-12.56602,8.69298],[-12.56499,8.69236],[-12.5647,8.69219],[-12.56463,8.69215],[-12.56434,8.692],[-12.56432,8.69199],[-12.56379,8.69173],[-12.5631,8.69153],[-12.56293,8.69147],[-12.56266,8.69139],[-12.56236,8.6913],[-12.56146,8.69104],[-12.56121,8.69096],[-12.56064,8.69078],[-12.56055,8.69075],[-12.56032,8.69068],[-12.56016,8.69063],[-12.56014,8.69062],[-12.56012,8.69061],[-12.55995,8.69055],[-12.5598,8.69049],[-12.55958,8.69039],[-12.55941,8.69032],[-12.559,8.69011],[-12.55861,8.68987],[-12.55824,8.68961],[-12.55805,8.68945],[-12.55793,8.68935],[-12.55775,8.68918],[-12.55764,8.68909],[-12.55762,8.68907],[-12.55739,8.68885],[-12.55697,8.68847],[-12.55686,8.68837],[-12.55657,8.68808],[-12.55649,8.688],[-12.5564,8.6879],[-12.55608,8.6876],[-12.55574,8.68731],[-12.55542,8.68704],[-12.55516,8.68685],[-12.55509,8.6868],[-12.55488,8.68666],[-12.5546,8.68649],[-12.55432,8.68634],[-12.55386,8.68612],[-12.55384,8.68611],[-12.55339,8.68592],[-12.55325,8.68587],[-12.55301,8.6858],[-12.55266,8.6857],[-12.55229,8.6856]]},"properties":{"id":284776392,"cls":"primary","hw":"primary","tg":"na","name":"Lunsar-Makeni Highway","ref":"","surface":"","sc":"unknown","speed":null,"lit":"unk","km":5.126}},
{"type":"Feature","geometry":{"type":"LineString","coordinates":[[-12.49862,8.73699],[-12.49863,8.73715]]},"properties":{"id":284778052,"cls":"primary","hw":"primary","tg":"na","name":"Lunsar-Makeni Highway","ref":"","surface":"","sc":"unknown","speed":null,"lit":"unk","km":0.018}},
{"type":"Feature","geometry":{"type":"LineString","coordinates":[[-12.49863,8.73715],[-12.49866,8.7403],[-12.49873,8.74133],[-12.49921,8.74528],[-12.49947,8.74718],[-12.49953,8.74783],[-12.49953,8.74849],[-12.49945,8.74904],[-12.49935,8.74947],[-12.49923,8.74991],[-12.49916,8.75016],[-12.49879,8.7515],[-12.49858,8.75191],[-12.49835,8.7522],[-12.49807,8.75248],[-12.49793,8.75258],[-12.49783,8.75266],[-12.49753,8.75284],[-12.49669,8.75325],[-12.49498,8.75404],[-12.49339,8.75479],[-12.49173,8.75557],[-12.48959,8.75656],[-12.48911,8.75679],[-12.48834,8.75711],[-12.48756,8.75733],[-12.48697,8.75744],[-12.48594,8.75755],[-12.48532,8.75762],[-12.48483,8.75768],[-12.47985,8.75815],[-12.47968,8.75816],[-12.47506,8.7586],[-12.47097,8.759],[-12.46725,8.75935],[-12.46535,8.75953],[-12.46473,8.7596],[-12.45603,8.76044],[-12.45498,8.76055],[-12.45451,8.76063],[-12.45389,8.76079],[-12.45118,8.7617],[-12.44901,8.76245],[-12.44818,8.76272],[-12.44704,8.76313],[-12.44492,8.76383],[-12.44165,8.76494],[-12.44122,8.76509],[-12.44082,8.76523],[-12.43936,8.76572],[-12.43578,8.76694],[-12.43394,8.76753],[-12.42118,8.77186],[-12.42087,8.77198],[-12.4201,8.77235],[-12.41935,8.77279],[-12.41872,8.77326],[-12.41661,8.77476],[-12.41377,8.77679],[-12.41295,8.77734],[-12.41239,8.7776],[-12.41201,8.77774],[-12.41151,8.77789],[-12.41119,8.77795],[-12.40866,8.7783],[-12.40209,8.77923],[-12.40137,8.77935],[-12.40081,8.77948],[-12.40024,8.77966],[-12.3992,8.78008],[-12.39614,8.78138],[-12.39222,8.78303],[-12.39195,8.78314],[-12.39118,8.78347],[-12.39042,8.78379],[-12.38996,8.784],[-12.38949,8.78427],[-12.38901,8.78456],[-12.38861,8.78486],[-12.38823,8.78517],[-12.38777,8.78558],[-12.38673,8.7866],[-12.38637,8.78695],[-12.38614,8.78717],[-12.38369,8.78954],[-12.38029,8.79284],[-12.37823,8.79483],[-12.37579,8.79721],[-12.37551,8.79749],[-12.37461,8.79835],[-12.37403,8.7989],[-12.37354,8.7993],[-12.3732,8.79953],[-12.37279,8.79977],[-12.37239,8.79995],[-12.37198,8.80011],[-12.37154,8.80024],[-12.3711,8.80032],[-12.36976,8.80048],[-12.36669,8.80079],[-12.36228,8.80124],[-12.36,8.80145],[-12.35932,8.80153],[-12.35837,8.80174],[-12.35809,8.80182],[-12.35767,8.80194],[-12.34603,8.80518],[-12.34553,8.80531],[-12.34497,8.80542],[-12.34456,8.80546],[-12.34409,8.80546],[-12.34363,8.8054],[-12.3433,8.80533],[-12.34287,8.80518],[-12.3425,8.80499],[-12.34166,8.80445],[-12.33931,8.80263],[-12.33764,8.80135],[-12.33535,8.79959],[-12.33324,8.79799]]},"properties":{"id":284778054,"cls":"primary","hw":"primary","tg":"na","name":"Lunsar-Makeni Highway","ref":"","surface":"","sc":"unknown","speed":null,"lit":"unk","km":21.569}},
{"type":"Feature","geometry":{"type":"LineString","coordinates":[[-12.33324,8.79799],[-12.33306,8.79785]]},"properties":{"id":284778244,"cls":"primary","hw":"primary","tg":"na","name":"Lunsar-Makeni Highway","ref":"","surface":"","sc":"unknown","speed":null,"lit":"unk","km":0.025}},
{"type":"Feature","geometry":{"type":"LineString","coordinates":[[-12.33306,8.79785],[-12.3315,8.79662],[-12.32881,8.79457],[-12.32833,8.7942],[-12.32778,8.79384],[-12.32721,8.79357],[-12.3266,8.79336],[-12.32601,8.7933],[-12.32517,8.79334],[-12.3243,8.79356],[-12.32137,8.79443],[-12.31674,8.79582],[-12.31296,8.79694],[-12.31222,8.79715],[-12.3098,8.79787],[-12.30955,8.79795],[-12.30921,8.79805],[-12.30841,8.79829],[-12.30711,8.79867],[-12.30177,8.80024],[-12.29753,8.80147],[-12.29615,8.80186],[-12.29504,8.8022],[-12.29481,8.80227],[-12.29395,8.80254],[-12.29275,8.80289],[-12.29222,8.80302],[-12.29164,8.80313],[-12.29085,8.80326],[-12.29,8.80335],[-12.28874,8.80344],[-12.28775,8.80354],[-12.28315,8.80387],[-12.28027,8.80408],[-12.2794,8.80415],[-12.27842,8.80423],[-12.27781,8.80432],[-12.27671,8.80456],[-12.27598,8.80474],[-12.27474,8.80516],[-12.27342,8.80563],[-12.27214,8.80613],[-12.2709,8.80664],[-12.26834,8.80755],[-12.26734,8.80791],[-12.26531,8.80866],[-12.26396,8.80915],[-12.2625,8.80973],[-12.26167,8.81006],[-12.2596,8.81104],[-12.25604,8.81275],[-12.25241,8.81452],[-12.24838,8.81651],[-12.24789,8.81671],[-12.24734,8.81689],[-12.2467,8.81704],[-12.24619,8.81713],[-12.24573,8.81718],[-12.24509,8.8172],[-12.23946,8.81717],[-12.23635,8.81713],[-12.23432,8.81713],[-12.2338,8.81715],[-12.2332,8.8172],[-12.23269,8.8173],[-12.23194,8.8175],[-12.23077,8.81792],[-12.22772,8.81909],[-12.21866,8.82245],[-12.21802,8.82263],[-12.21762,8.82273],[-12.21739,8.82279],[-12.21677,8.82293],[-12.21588,8.82302],[-12.21452,8.82307],[-12.20716,8.82276],[-12.20567,8.82271],[-12.20504,8.82268],[-12.20433,8.82269],[-12.20338,8.82278],[-12.20257,8.82295],[-12.2017,8.82315],[-12.20099,8.82337],[-12.20004,8.82377],[-12.19449,8.82606],[-12.18907,8.82831],[-12.18825,8.82864],[-12.18768,8.82886],[-12.18668,8.82918],[-12.18577,8.82943],[-12.18461,8.82965],[-12.18298,8.82989]]},"properties":{"id":284778245,"cls":"primary","hw":"primary","tg":"na","name":"Lunsar-Makeni Highway","ref":"","surface":"","sc":"unknown","speed":null,"lit":"unk","km":17.367}},
{"type":"Feature","geometry":{"type":"LineString","coordinates":[[-12.64167,8.48647],[-12.642,8.486],[-12.64305,8.48466],[-12.64449,8.48303],[-12.64484,8.4826],[-12.64506,8.48228],[-12.64528,8.48184],[-12.64548,8.48134],[-12.64571,8.48075],[-12.64643,8.4789],[-12.64657,8.47856],[-12.64667,8.47834],[-12.64757,8.47676],[-12.64783,8.47629],[-12.64829,8.47543],[-12.64864,8.47486],[-12.64897,8.47441],[-12.64938,8.47402],[-12.64968,8.47379],[-12.65002,8.4736],[-12.65056,8.47337],[-12.65256,8.47261],[-12.65312,8.47235],[-12.65357,8.47208],[-12.65399,8.47175],[-12.65422,8.47155],[-12.65448,8.47126],[-12.65475,8.47085],[-12.65496,8.47042],[-12.65518,8.4698],[-12.65586,8.4678],[-12.65649,8.46589],[-12.65717,8.46355],[-12.65737,8.46285],[-12.6575,8.46251],[-12.65765,8.46221],[-12.6581,8.46127],[-12.65839,8.46083],[-12.6586,8.46059],[-12.65897,8.46025],[-12.66008,8.45929],[-12.66224,8.45741],[-12.6628,8.45692],[-12.66333,8.45654],[-12.66407,8.45616],[-12.6644,8.45604],[-12.66489,8.45592],[-12.66544,8.45585],[-12.66652,8.45579],[-12.6679,8.45582],[-12.66839,8.45583],[-12.66863,8.45585],[-12.66891,8.45592],[-12.66917,8.45602],[-12.66958,8.45619],[-12.67157,8.45713],[-12.67169,8.45718],[-12.67206,8.45737],[-12.67345,8.45799],[-12.67454,8.45847],[-12.67571,8.45901],[-12.67651,8.45928],[-12.68118,8.46015],[-12.68145,8.46022],[-12.6818,8.46035],[-12.68212,8.46052],[-12.68247,8.46077],[-12.68329,8.46154],[-12.68359,8.46181],[-12.68473,8.46287],[-12.68507,8.46318],[-12.68538,8.46339],[-12.68569,8.46353],[-12.68619,8.46371],[-12.68669,8.46396],[-12.687,8.46417],[-12.68735,8.46448],[-12.68769,8.46488],[-12.6883,8.46585],[-12.6891,8.46715],[-12.68933,8.46745],[-12.68966,8.46779],[-12.69013,8.46823],[-12.69096,8.46901],[-12.69123,8.46929],[-12.6915,8.46965],[-12.69185,8.47021],[-12.69262,8.47145],[-12.69316,8.47231],[-12.69375,8.47329],[-12.69444,8.47444],[-12.69478,8.47501],[-12.69527,8.47584],[-12.69562,8.47639],[-12.69599,8.47687],[-12.69635,8.47725],[-12.69677,8.47761],[-12.69689,8.4777],[-12.69719,8.4779],[-12.69767,8.47816],[-12.69818,8.47835],[-12.69873,8.47851],[-12.69966,8.47875],[-12.69996,8.4788],[-12.70023,8.47882],[-12.70129,8.47882],[-12.70183,8.47891],[-12.7026,8.47911],[-12.70334,8.47937],[-12.70378,8.4796],[-12.70419,8.47994],[-12.70444,8.48026],[-12.7047,8.48068],[-12.70489,8.48116],[-12.70499,8.48155],[-12.70504,8.48193],[-12.7051,8.48268],[-12.70523,8.48337],[-12.70537,8.4839],[-12.70551,8.4844],[-12.70609,8.48625],[-12.70621,8.48667],[-12.70639,8.48713],[-12.70662,8.48754],[-12.70683,8.48785],[-12.70705,8.48811],[-12.70734,8.48839],[-12.70801,8.48894],[-12.7084,8.48916],[-12.70882,8.48933],[-12.70918,8.48941],[-12.70951,8.48944],[-12.70984,8.48944],[-12.71009,8.48941],[-12.71045,8.48933],[-12.71072,8.48925],[-12.711,8.48912],[-12.71117,8.48903],[-12.71132,8.48893],[-12.71234,8.48816],[-12.71246,8.48807],[-12.71314,8.48754],[-12.71367,8.48713],[-12.71486,8.48621],[-12.71549,8.48578],[-12.71586,8.4856],[-12.71617,8.48547],[-12.71671,8.48532],[-12.71707,8.48525],[-12.71753,8.48522],[-12.71796,8.48524],[-12.71832,8.48529],[-12.71871,8.48539],[-12.71911,8.48553],[-12.71979,8.48577],[-12.72033,8.48596],[-12.72076,8.48612],[-12.72119,8.48633],[-12.7213,8.48639],[-12.72247,8.48716],[-12.72344,8.48781],[-12.72435,8.4884],[-12.72488,8.48874],[-12.72521,8.48893],[-12.7262,8.48945],[-12.72664,8.48969],[-12.72694,8.48987],[-12.7271,8.48998],[-12.72771,8.49048],[-12.72833,8.49103],[-12.72872,8.49134],[-12.72897,8.49148],[-12.72926,8.4916],[-12.7296,8.49171],[-12.7299,8.49175],[-12.73017,8.49177],[-12.73036,8.49176],[-12.73056,8.49174],[-12.73087,8.49167],[-12.73107,8.49162],[-12.73201,8.49141],[-12.73236,8.49136],[-12.73258,8.49134],[-12.73337,8.4913],[-12.7339,8.49129],[-12.73425,8.49126],[-12.73457,8.49117],[-12.73486,8.49101],[-12.73511,8.4908],[-12.73519,8.4907],[-12.73532,8.4905],[-12.73542,8.49031],[-12.73588,8.48888],[-12.73604,8.48851],[-12.73628,8.48812],[-12.73651,8.48785],[-12.7368,8.48758],[-12.73733,8.48724],[-12.73775,8.48706],[-12.73813,8.48695],[-12.73842,8.4869],[-12.73882,8.48687],[-12.73923,8.48691],[-12.7397,8.48702],[-12.74044,8.48724],[-12.74117,8.48744],[-12.74214,8.48772],[-12.74258,8.48784],[-12.74293,8.48794],[-12.74384,8.48815],[-12.74416,8.48821],[-12.74447,8.48826],[-12.74536,8.48837],[-12.74583,8.48843],[-12.74748,8.48865],[-12.74751,8.48865],[-12.74878,8.48882],[-12.74932,8.48894],[-12.74968,8.48908],[-12.75003,8.48923],[-12.75031,8.48939],[-12.75062,8.48959],[-12.75077,8.4897],[-12.75095,8.48985],[-12.75126,8.49015],[-12.7516,8.49044],[-12.75177,8.49059],[-12.75195,8.49071],[-12.75219,8.49084],[-12.75259,8.49099],[-12.75284,8.49106],[-12.75307,8.4911],[-12.75336,8.49112],[-12.7536,8.49111],[-12.75382,8.49109],[-12.75431,8.49101],[-12.75471,8.49093],[-12.75548,8.49081],[-12.75609,8.49072],[-12.75667,8.49064],[-12.7572,8.49052]]},"properties":{"id":284938726,"cls":"trunk","hw":"trunk","tg":"na","name":"Masiaka-Yonibama Highway","ref":"TAH 7","surface":"asphalt","sc":"paved","speed":null,"lit":"unk","km":17.08}},
{"type":"Feature","geometry":{"type":"LineString","coordinates":[[-12.58091,8.47813],[-12.58118,8.47832]]},"properties":{"id":284938727,"cls":"trunk","hw":"trunk","tg":"na","name":"Masiaka-Yonibama Highway","ref":"TAH 7","surface":"","sc":"unknown","speed":null,"lit":"unk","km":0.036}},
{"type":"Feature","geometry":{"type":"LineString","coordinates":[[-12.77235,8.76279],[-12.77237,8.76336]]},"properties":{"id":284938738,"cls":"trunk","hw":"trunk","tg":"na","name":"","ref":"TAH 7","surface":"","sc":"unknown","speed":null,"lit":"unk","km":0.063}},
{"type":"Feature","geometry":{"type":"LineString","coordinates":[[-12.77237,8.76336],[-12.7724,8.76384],[-12.77246,8.76545],[-12.77247,8.76561],[-12.77248,8.76588],[-12.7725,8.76634],[-12.77253,8.76677],[-12.77255,8.76704],[-12.77261,8.76744],[-12.77266,8.76775],[-12.77274,8.76809],[-12.77275,8.76812],[-12.77296,8.76888],[-12.77314,8.76938],[-12.77335,8.76988],[-12.77355,8.77026],[-12.77364,8.77044],[-12.77377,8.77069],[-12.77396,8.77098],[-12.77411,8.77122],[-12.77442,8.7717],[-12.77491,8.77242],[-12.77513,8.77276],[-12.77516,8.77281],[-12.77526,8.77295],[-12.77551,8.77332],[-12.77558,8.77343],[-12.77579,8.77374],[-12.77615,8.77427],[-12.77684,8.77528],[-12.77688,8.77534],[-12.77692,8.77543],[-12.77741,8.77612],[-12.77762,8.77643],[-12.77794,8.77691],[-12.77813,8.77726],[-12.77829,8.77763],[-12.77843,8.77805],[-12.77853,8.7785],[-12.77855,8.77896],[-12.77855,8.77923],[-12.77856,8.77949],[-12.77854,8.77974],[-12.77852,8.77992],[-12.7785,8.78008],[-12.77837,8.78062],[-12.77831,8.78079],[-12.77823,8.78107],[-12.77817,8.7812],[-12.77811,8.78131],[-12.77801,8.7815],[-12.77791,8.78169],[-12.7778,8.78186],[-12.77765,8.78206],[-12.77746,8.78229],[-12.77739,8.78241],[-12.77724,8.78256],[-12.777,8.78284],[-12.77627,8.78348],[-12.77605,8.78366],[-12.77513,8.78459],[-12.77488,8.7848],[-12.77349,8.78608],[-12.77262,8.78688],[-12.772,8.78745],[-12.76973,8.78954],[-12.76861,8.79058],[-12.76752,8.79157],[-12.76651,8.79251],[-12.76548,8.79345],[-12.76443,8.79442],[-12.76343,8.79533],[-12.76325,8.7955],[-12.76299,8.79578],[-12.76256,8.79629],[-12.76215,8.79687],[-12.76179,8.7974],[-12.76141,8.79795],[-12.76121,8.79825],[-12.76102,8.79851],[-12.76062,8.79911],[-12.76022,8.79969],[-12.75984,8.80024],[-12.75892,8.80156],[-12.7577,8.80334],[-12.75641,8.8052],[-12.755,8.80732],[-12.7542,8.80847],[-12.75283,8.81046],[-12.75227,8.81129],[-12.75203,8.81165],[-12.75185,8.81197],[-12.75171,8.81224],[-12.75158,8.81251],[-12.7514,8.81291],[-12.7512,8.81342],[-12.75104,8.8139],[-12.75095,8.81424],[-12.75086,8.81463],[-12.75071,8.81531],[-12.75051,8.81621],[-12.74974,8.81979],[-12.74955,8.82065],[-12.74937,8.82147],[-12.7493,8.82197],[-12.74929,8.82214],[-12.74927,8.82249],[-12.74927,8.82285],[-12.74929,8.82316],[-12.74935,8.82373],[-12.74945,8.82418],[-12.74955,8.82455],[-12.7497,8.82499],[-12.74982,8.8253],[-12.74997,8.82564],[-12.75027,8.82618],[-12.75062,8.8267],[-12.75096,8.82712],[-12.75117,8.82735],[-12.75151,8.82766],[-12.75181,8.82793],[-12.75246,8.82842],[-12.7531,8.8289],[-12.75358,8.82931],[-12.75403,8.82976],[-12.75439,8.83018],[-12.75483,8.83081],[-12.75504,8.83117],[-12.75553,8.83227],[-12.75587,8.83303],[-12.75622,8.83383],[-12.75662,8.83475],[-12.75686,8.83519],[-12.75701,8.83543],[-12.75725,8.83577],[-12.75755,8.83616],[-12.75785,8.83648],[-12.75813,8.83675],[-12.75852,8.83706],[-12.75879,8.83726],[-12.75909,8.83745],[-12.75973,8.83779],[-12.76113,8.83855],[-12.76166,8.83889],[-12.76213,8.83924],[-12.76259,8.83968],[-12.76293,8.84004],[-12.76434,8.84193],[-12.76505,8.84289],[-12.76525,8.84316],[-12.76648,8.8448],[-12.76764,8.84637],[-12.76785,8.84666],[-12.76864,8.8477],[-12.76937,8.8487],[-12.77078,8.85059],[-12.77124,8.85122],[-12.77153,8.85161],[-12.77191,8.85211],[-12.77243,8.85281],[-12.773,8.85357],[-12.77456,8.85567],[-12.77513,8.85643],[-12.77558,8.85704],[-12.77599,8.85767],[-12.77617,8.85801],[-12.77635,8.85834],[-12.77649,8.85866],[-12.77665,8.85904],[-12.77682,8.85951],[-12.77697,8.85998],[-12.77709,8.86048],[-12.77719,8.86098],[-12.77729,8.86153],[-12.7778,8.86414],[-12.77796,8.86493],[-12.77821,8.86626],[-12.7784,8.86723],[-12.77873,8.86896],[-12.77892,8.86985],[-12.77905,8.87031],[-12.77921,8.87079],[-12.77956,8.8716],[-12.77977,8.87201],[-12.77995,8.87235],[-12.78027,8.87285],[-12.78061,8.87332],[-12.78095,8.87374],[-12.78129,8.87411],[-12.78224,8.87498],[-12.78315,8.8758],[-12.78412,8.87667],[-12.78507,8.87748],[-12.7855,8.87776],[-12.78593,8.87798],[-12.78633,8.87817],[-12.7867,8.87834],[-12.78716,8.87849],[-12.78759,8.8786],[-12.78788,8.87867],[-12.78825,8.87872],[-12.78893,8.87876],[-12.78945,8.87875],[-12.78997,8.8787],[-12.79101,8.87859],[-12.79139,8.87852],[-12.79177,8.87844],[-12.79216,8.87833],[-12.79258,8.8782],[-12.79279,8.87811],[-12.79306,8.87799],[-12.79513,8.87705],[-12.7978,8.87585],[-12.79815,8.87569],[-12.79996,8.87485],[-12.80071,8.8745],[-12.80132,8.87415],[-12.80195,8.87372],[-12.80325,8.87264],[-12.80457,8.87156],[-12.80594,8.87043],[-12.80744,8.86922],[-12.80891,8.86799],[-12.81081,8.86647],[-12.81131,8.86607],[-12.81179,8.86567],[-12.81267,8.86493],[-12.81304,8.86466],[-12.81344,8.86442],[-12.81394,8.86416],[-12.81427,8.86402],[-12.81465,8.86389],[-12.81507,8.86377],[-12.81554,8.86368],[-12.81617,8.8636],[-12.81677,8.86359],[-12.81737,8.86362],[-12.81811,8.86374],[-12.81877,8.86393],[-12.81938,8.86417],[-12.81999,8.86449],[-12.8205,8.86484],[-12.82092,8.86516],[-12.82129,8.86551],[-12.82166,8.86591],[-12.82187,8.86617],[-12.82204,8.86639],[-12.82237,8.86693],[-12.82257,8.8673],[-12.82279,8.86781],[-12.82308,8.86864],[-12.8237,8.87044],[-12.82397,8.87127],[-12.82492,8.87402],[-12.82535,8.87527],[-12.82577,8.87653],[-12.82595,8.87704],[-12.82629,8.87803],[-12.82663,8.87898],[-12.82681,8.87939],[-12.827,8.87977],[-12.82718,8.8801],[-12.82751,8.88062],[-12.82785,8.88108],[-12.82841,8.88178],[-12.82886,8.88222],[-12.82934,8.88263],[-12.83032,8.88332],[-12.83127,8.88396],[-12.83284,8.88501],[-12.83451,8.88617],[-12.83563,8.88695],[-12.83669,8.88768],[-12.8371,8.88803],[-12.83747,8.88843],[-12.83784,8.88888],[-12.83814,8.88936],[-12.83839,8.88977],[-12.83862,8.89033],[-12.83884,8.89094],[-12.83898,8.89152],[-12.83907,8.89228],[-12.83909,8.89263],[-12.83909,8.893],[-12.83904,8.89352],[-12.83895,8.89398],[-12.83884,8.8945],[-12.83871,8.89491],[-12.83855,8.89535],[-12.83795,8.89705],[-12.83767,8.89779],[-12.83745,8.89843],[-12.83733,8.8988],[-12.83723,8.89918],[-12.83712,8.89982],[-12.83708,8.9005],[-12.83708,8.90098],[-12.83713,8.90149],[-12.8372,8.90197],[-12.83734,8.90252],[-12.83774,8.90367],[-12.83865,8.90615],[-12.83954,8.90862],[-12.83989,8.9096],[-12.84044,8.91107],[-12.84149,8.914],[-12.84294,8.91799],[-12.84313,8.91856],[-12.84339,8.91906],[-12.84362,8.91935],[-12.84382,8.91957],[-12.84416,8.91982],[-12.8445,8.92003],[-12.84575,8.92084],[-12.84636,8.92123],[-12.8468,8.92158],[-12.84708,8.92185],[-12.84743,8.92225],[-12.84774,8.92263],[-12.84797,8.92293],[-12.84815,8.92315],[-12.84831,8.92335]]},"properties":{"id":284938742,"cls":"trunk","hw":"trunk","tg":"na","name":"","ref":"TAH 7","surface":"asphalt","sc":"paved","speed":null,"lit":"unk","km":27.511}},
{"type":"Feature","geometry":{"type":"LineString","coordinates":[[-12.50151,8.45883],[-12.50167,8.45876]]},"properties":{"id":285077322,"cls":"trunk","hw":"trunk","tg":"na","name":"Masiaka-Yonibama Highway","ref":"TAH 7","surface":"","sc":"unknown","speed":null,"lit":"unk","km":0.019}},
{"type":"Feature","geometry":{"type":"LineString","coordinates":[[-12.49768,8.46044],[-12.49785,8.46036]]},"properties":{"id":285077323,"cls":"trunk","hw":"trunk","tg":"na","name":"Masiaka-Yonibama Highway","ref":"TAH 7","surface":"","sc":"unknown","speed":null,"lit":"unk","km":0.021}},
{"type":"Feature","geometry":{"type":"LineString","coordinates":[[-12.49785,8.46036],[-12.49816,8.46023],[-12.49877,8.45998],[-12.49961,8.45963],[-12.49978,8.45956],[-12.50033,8.45933],[-12.50087,8.45911],[-12.50119,8.45897],[-12.50151,8.45883]]},"properties":{"id":285077324,"cls":"trunk","hw":"trunk","tg":"na","name":"Masiaka-Yonibama Highway","ref":"TAH 7","surface":"","sc":"unknown","speed":null,"lit":"unk","km":0.437}},
{"type":"Feature","geometry":{"type":"LineString","coordinates":[[-12.50167,8.45876],[-12.50188,8.45867],[-12.50308,8.45818],[-12.50351,8.45804],[-12.50377,8.45798],[-12.50398,8.45795],[-12.50427,8.45793],[-12.50463,8.45793],[-12.50492,8.45795],[-12.50521,8.45799],[-12.50551,8.45806],[-12.50578,8.45814],[-12.50607,8.45825],[-12.50728,8.45881],[-12.50809,8.45918],[-12.50825,8.45924],[-12.50843,8.4593],[-12.50869,8.45936],[-12.50896,8.45941],[-12.50929,8.45945],[-12.50967,8.45946],[-12.51005,8.45944],[-12.51211,8.45924],[-12.51299,8.45916],[-12.51549,8.45893],[-12.51849,8.45869],[-12.5198,8.45859],[-12.523,8.45836],[-12.52624,8.45816],[-12.52799,8.45806],[-12.529,8.458],[-12.52964,8.45796],[-12.53006,8.45793],[-12.53038,8.45793],[-12.53071,8.45796],[-12.53107,8.45802],[-12.53142,8.45813],[-12.53174,8.45825],[-12.53218,8.45849],[-12.53259,8.45879],[-12.53306,8.45919],[-12.53337,8.45954],[-12.53361,8.45984],[-12.5339,8.46031],[-12.53412,8.46071],[-12.53426,8.46105],[-12.53435,8.46134],[-12.53441,8.4616],[-12.53443,8.46191],[-12.53443,8.46222],[-12.53439,8.46286],[-12.53403,8.46744],[-12.53386,8.46918],[-12.53366,8.47085],[-12.53364,8.47099],[-12.53345,8.4723],[-12.53338,8.47277],[-12.53338,8.47297],[-12.53338,8.47321],[-12.53342,8.47352],[-12.53351,8.47384],[-12.53364,8.47412],[-12.53379,8.47437],[-12.53407,8.47469],[-12.53436,8.47495],[-12.53454,8.47507],[-12.53472,8.47517],[-12.535,8.47529],[-12.53526,8.47537],[-12.53541,8.47541],[-12.53559,8.47543],[-12.53584,8.47545],[-12.53604,8.47544],[-12.53623,8.47542],[-12.5365,8.47539],[-12.53737,8.47527],[-12.53955,8.47501],[-12.54034,8.4749],[-12.54125,8.4748],[-12.54296,8.47458],[-12.54374,8.47448],[-12.54406,8.47444],[-12.54517,8.47429],[-12.54639,8.47414],[-12.547,8.47407],[-12.54769,8.47398],[-12.54808,8.47395],[-12.54829,8.47394],[-12.54842,8.47395],[-12.54862,8.47398],[-12.54878,8.474],[-12.54904,8.47406],[-12.55075,8.47451],[-12.55152,8.4747],[-12.55197,8.47478],[-12.55228,8.47482],[-12.5526,8.47485],[-12.55319,8.47487],[-12.55466,8.47488],[-12.55524,8.47486],[-12.55556,8.47483],[-12.5559,8.47478],[-12.55635,8.47468],[-12.5567,8.47457],[-12.55696,8.47447],[-12.55734,8.47428],[-12.55769,8.47408],[-12.55803,8.47386],[-12.55829,8.47366],[-12.55927,8.4728],[-12.56048,8.47179],[-12.56099,8.47137],[-12.56165,8.4708],[-12.5621,8.4704],[-12.56231,8.47021],[-12.56256,8.47004],[-12.56283,8.46989],[-12.56321,8.46972],[-12.56367,8.46955],[-12.5641,8.46945],[-12.56447,8.46939],[-12.56484,8.46938],[-12.56512,8.46937],[-12.56543,8.46939],[-12.5657,8.46942],[-12.56602,8.4695],[-12.56618,8.46955],[-12.56644,8.46963],[-12.5667,8.46974],[-12.56696,8.46986],[-12.56727,8.47002],[-12.56851,8.47069],[-12.56879,8.47085],[-12.56901,8.47096],[-12.56918,8.47106],[-12.57027,8.47164],[-12.57234,8.47274],[-12.57267,8.47292],[-12.57345,8.47332],[-12.57619,8.47477],[-12.57732,8.47537],[-12.57773,8.47561],[-12.57792,8.47573],[-12.57807,8.47582],[-12.57833,8.47601],[-12.57854,8.47616],[-12.57862,8.47623],[-12.57873,8.47633],[-12.57892,8.47649],[-12.57939,8.47689],[-12.58031,8.47768],[-12.58061,8.47791],[-12.58091,8.47813]]},"properties":{"id":285077325,"cls":"trunk","hw":"trunk","tg":"na","name":"Masiaka-Yonibama Highway","ref":"TAH 7","surface":"","sc":"unknown","speed":null,"lit":"unk","km":11.0}},
{"type":"Feature","geometry":{"type":"LineString","coordinates":[[-11.38502,8.59674],[-11.3839,8.59495],[-11.3832,8.59388],[-11.38253,8.59278],[-11.38216,8.59223],[-11.38184,8.59182],[-11.38155,8.59153],[-11.38134,8.59135],[-11.38115,8.5912],[-11.38076,8.59096],[-11.38038,8.59079],[-11.37985,8.59064],[-11.37947,8.59057],[-11.37911,8.5905],[-11.37878,8.59043],[-11.37851,8.59033],[-11.37814,8.59015],[-11.37791,8.59],[-11.37772,8.58984],[-11.37758,8.58971],[-11.37735,8.58943],[-11.37718,8.58918],[-11.37641,8.58791],[-11.3762,8.58761],[-11.37595,8.58731],[-11.37566,8.58706],[-11.3753,8.58681],[-11.37515,8.58673],[-11.37482,8.58659],[-11.37448,8.58649],[-11.37257,8.58592],[-11.37019,8.58519],[-11.36999,8.58513],[-11.36982,8.58506],[-11.36967,8.585],[-11.36948,8.58491],[-11.3692,8.58478],[-11.36798,8.58417],[-11.36649,8.5834],[-11.36396,8.58215],[-11.36377,8.58205],[-11.36366,8.58199],[-11.36354,8.58191],[-11.36339,8.58178],[-11.36323,8.58162],[-11.36308,8.58148],[-11.3628,8.58113],[-11.36269,8.581],[-11.36257,8.58087],[-11.3625,8.5808],[-11.36239,8.58068],[-11.36185,8.58008],[-11.36168,8.57989],[-11.36121,8.57934],[-11.36101,8.57911],[-11.36092,8.579],[-11.36074,8.57883],[-11.36044,8.57859],[-11.36011,8.57838],[-11.35987,8.57826],[-11.35965,8.57817],[-11.35919,8.57803],[-11.35872,8.57796],[-11.35846,8.57794],[-11.35822,8.57795],[-11.35781,8.578],[-11.35772,8.57802],[-11.3572,8.57813],[-11.35707,8.57816],[-11.35677,8.57823],[-11.35666,8.57825],[-11.35647,8.57828],[-11.35626,8.57831],[-11.35588,8.57832],[-11.35567,8.57831],[-11.35543,8.57828],[-11.35521,8.57824],[-11.35493,8.57819],[-11.35466,8.57811],[-11.35448,8.57807],[-11.35275,8.57767],[-11.35236,8.57755],[-11.35208,8.57745],[-11.35174,8.57728],[-11.35143,8.57711],[-11.35102,8.57685],[-11.35066,8.57659],[-11.35052,8.57647],[-11.3503,8.57628],[-11.34975,8.57572],[-11.34867,8.57468],[-11.34835,8.57444],[-11.34807,8.57428],[-11.34787,8.57418],[-11.34772,8.57411],[-11.34755,8.57405],[-11.3473,8.57398],[-11.34705,8.57394],[-11.34689,8.57392],[-11.34654,8.57391],[-11.3464,8.57392],[-11.34619,8.57394],[-11.34602,8.57397],[-11.3458,8.57403],[-11.34562,8.57409],[-11.34311,8.57495],[-11.34239,8.5752],[-11.34225,8.57525],[-11.34212,8.57528],[-11.34199,8.57531],[-11.34172,8.57535],[-11.34146,8.57537],[-11.34126,8.57536],[-11.34106,8.57534],[-11.34083,8.5753],[-11.34064,8.57524],[-11.34044,8.57518],[-11.33938,8.57477],[-11.33922,8.57473],[-11.33905,8.57471],[-11.33877,8.57469],[-11.33846,8.57468],[-11.33817,8.5747],[-11.33798,8.57474],[-11.33775,8.57479],[-11.33736,8.57489]]},"properties":{"id":285343836,"cls":"primary","hw":"primary","tg":"na","name":"","ref":"","surface":"unpaved","sc":"unpaved","speed":80,"lit":"unk","km":6.253}},
{"type":"Feature","geometry":{"type":"LineString","coordinates":[[-11.54649,8.62722],[-11.54579,8.62744],[-11.54548,8.62754],[-11.54527,8.6276],[-11.54498,8.62768],[-11.54467,8.62775],[-11.54428,8.62782],[-11.54381,8.62787],[-11.54348,8.62788],[-11.54324,8.62788],[-11.54295,8.62787],[-11.54261,8.62785],[-11.54224,8.62779],[-11.54171,8.62767],[-11.5413,8.62752],[-11.54088,8.62739],[-11.54057,8.62726],[-11.54027,8.62711],[-11.53981,8.62682],[-11.53748,8.62547],[-11.53688,8.62513],[-11.53659,8.62499],[-11.53614,8.6248],[-11.53554,8.62462],[-11.53511,8.62449],[-11.53467,8.62441],[-11.53424,8.62434],[-11.53398,8.62432],[-11.53375,8.62431],[-11.53355,8.6243],[-11.53335,8.6243],[-11.53313,8.6243],[-11.53291,8.62431],[-11.53268,8.62432],[-11.53243,8.62434],[-11.53214,8.62438],[-11.53186,8.62441],[-11.53157,8.62447],[-11.52874,8.62515],[-11.52836,8.62525],[-11.52798,8.62535],[-11.52735,8.62556],[-11.52678,8.62576],[-11.52631,8.62596],[-11.52568,8.62623],[-11.52511,8.62652],[-11.52446,8.62687],[-11.52369,8.62735],[-11.52314,8.62775],[-11.52255,8.6282],[-11.52207,8.62861],[-11.52166,8.62899],[-11.5207,8.62997],[-11.52015,8.63055],[-11.51899,8.63178],[-11.51564,8.63527],[-11.51444,8.63654],[-11.51152,8.63962],[-11.51129,8.63984],[-11.51106,8.64007],[-11.51078,8.6403],[-11.51056,8.64048],[-11.51035,8.64063],[-11.51018,8.64074],[-11.50813,8.64205],[-11.50767,8.64231],[-11.50727,8.64251],[-11.50675,8.64273],[-11.50637,8.64289],[-11.50604,8.643],[-11.50556,8.64313],[-11.50514,8.64324],[-11.50478,8.64334],[-11.50429,8.64344],[-11.50374,8.64353],[-11.50325,8.6436],[-11.50289,8.64363],[-11.50253,8.64362],[-11.50222,8.64363],[-11.50181,8.64363],[-11.50135,8.64361],[-11.50081,8.64358],[-11.4996,8.64346],[-11.49784,8.64332],[-11.49516,8.6431],[-11.49197,8.64286],[-11.49161,8.64282],[-11.49129,8.64276],[-11.49104,8.64271],[-11.49084,8.64266],[-11.49061,8.64259],[-11.49031,8.64249],[-11.49003,8.64237],[-11.48988,8.64229],[-11.4897,8.64219],[-11.48949,8.64208],[-11.48932,8.64197],[-11.48904,8.64177],[-11.48802,8.64101],[-11.4864,8.63987],[-11.48604,8.6396],[-11.48556,8.63924],[-11.48532,8.63907],[-11.48511,8.63895],[-11.48486,8.63882],[-11.48452,8.63867],[-11.48407,8.6385],[-11.48173,8.63755],[-11.4812,8.63733],[-11.47848,8.63621],[-11.47814,8.63608],[-11.47801,8.63602],[-11.4779,8.63599],[-11.47774,8.63593],[-11.47757,8.63589],[-11.47732,8.63583],[-11.47718,8.6358],[-11.4771,8.63579],[-11.4769,8.63576],[-11.47664,8.63573],[-11.4752,8.63558],[-11.47498,8.63556],[-11.47445,8.6355],[-11.47386,8.63548],[-11.47322,8.63548],[-11.47292,8.63552],[-11.47268,8.63556],[-11.47253,8.63559],[-11.47233,8.63563],[-11.4721,8.6357],[-11.47188,8.63576],[-11.47176,8.63581],[-11.47157,8.63587],[-11.47132,8.63598],[-11.47119,8.63605],[-11.47094,8.6362],[-11.47076,8.6363],[-11.47062,8.63639],[-11.47044,8.63652],[-11.47032,8.63663],[-11.46978,8.63705],[-11.46916,8.63762],[-11.46792,8.63864],[-11.46625,8.64006],[-11.46553,8.64067],[-11.46521,8.64093],[-11.46496,8.6411],[-11.46466,8.64128],[-11.46449,8.64136],[-11.46429,8.64145],[-11.46393,8.6416],[-11.46354,8.64174],[-11.46243,8.64203],[-11.46208,8.64213],[-11.46183,8.64224],[-11.46159,8.64237],[-11.46142,8.64248],[-11.46125,8.64261],[-11.46104,8.64278],[-11.46001,8.64374],[-11.45968,8.64405],[-11.45935,8.64429],[-11.45904,8.64447],[-11.45869,8.6446],[-11.45838,8.64466],[-11.45806,8.6447],[-11.45775,8.64469],[-11.45751,8.64467],[-11.45726,8.64462],[-11.45705,8.64455],[-11.45684,8.64446],[-11.45663,8.64434],[-11.45554,8.64372],[-11.45355,8.64254],[-11.45265,8.64199],[-11.4508,8.64091],[-11.45054,8.64075],[-11.45028,8.64056],[-11.45004,8.64035],[-11.44963,8.63994],[-11.44934,8.63957],[-11.44917,8.63928],[-11.44889,8.63876],[-11.44847,8.63792],[-11.44831,8.63763],[-11.44813,8.63736],[-11.44789,8.63706],[-11.44761,8.63675],[-11.4474,8.63656],[-11.4472,8.63639],[-11.44698,8.63623],[-11.44686,8.63615],[-11.44632,8.63579],[-11.44617,8.63568],[-11.44606,8.63559],[-11.4459,8.63545],[-11.44571,8.63529],[-11.44552,8.63509],[-11.44535,8.63487],[-11.44517,8.63464],[-11.44499,8.63439],[-11.44421,8.63316],[-11.44285,8.63109]]},"properties":{"id":285343840,"cls":"primary","hw":"primary","tg":"na","name":"","ref":"","surface":"unpaved","sc":"unpaved","speed":80,"lit":"unk","km":13.442}},
{"type":"Feature","geometry":{"type":"LineString","coordinates":[[-10.51631,8.24662],[-10.51658,8.24773],[-10.51665,8.24787],[-10.51684,8.24809],[-10.51708,8.24827],[-10.5175,8.24863],[-10.51767,8.24871],[-10.51787,8.24874],[-10.51845,8.24881],[-10.51886,8.24889],[-10.51955,8.24912],[-10.52025,8.24944],[-10.52085,8.24976],[-10.52138,8.25007],[-10.52169,8.2503],[-10.52203,8.25057],[-10.523,8.25135],[-10.52319,8.25147],[-10.52359,8.25171],[-10.5238,8.25182],[-10.52411,8.2519],[-10.52447,8.25194],[-10.52494,8.25192],[-10.52523,8.25185],[-10.52578,8.25173],[-10.52603,8.25171],[-10.52637,8.25174],[-10.52722,8.25196],[-10.52753,8.25209],[-10.52771,8.25222],[-10.52785,8.25242],[-10.52808,8.25282],[-10.52849,8.25339],[-10.52902,8.25407],[-10.52921,8.25428],[-10.52944,8.25448],[-10.53001,8.25487],[-10.53042,8.25511],[-10.53135,8.25567],[-10.53152,8.25573],[-10.53179,8.25575],[-10.53237,8.25563],[-10.53275,8.25555],[-10.53305,8.25545],[-10.5336,8.25515],[-10.53383,8.25509],[-10.53409,8.25507],[-10.53465,8.25508],[-10.53525,8.25509],[-10.5356,8.25515],[-10.53587,8.25523],[-10.53618,8.25538],[-10.53713,8.25587],[-10.53737,8.25605],[-10.53794,8.25646],[-10.53813,8.25657],[-10.53832,8.25664],[-10.53864,8.25666],[-10.5389,8.25666],[-10.53914,8.25666],[-10.53927,8.25669],[-10.5395,8.25679],[-10.53969,8.25693],[-10.54009,8.25725],[-10.54034,8.25751],[-10.54055,8.25766],[-10.54071,8.25776],[-10.54104,8.25795],[-10.54128,8.25806],[-10.54155,8.25821],[-10.54187,8.25845],[-10.54208,8.25864],[-10.54227,8.25885],[-10.54235,8.25906],[-10.54238,8.25921],[-10.5424,8.25946],[-10.54239,8.26005],[-10.54243,8.26034],[-10.54248,8.26054],[-10.54256,8.26071],[-10.54271,8.26088],[-10.54285,8.261],[-10.54294,8.26106],[-10.54337,8.26135],[-10.54358,8.26148],[-10.54381,8.26161],[-10.54419,8.26189],[-10.54471,8.26224],[-10.54497,8.26245],[-10.54527,8.26267],[-10.54535,8.26272],[-10.54573,8.26293],[-10.54634,8.26323],[-10.54654,8.26334],[-10.5467,8.26344],[-10.54693,8.26361],[-10.54724,8.26384],[-10.54814,8.26459],[-10.54833,8.26469],[-10.5486,8.26478],[-10.54934,8.26488],[-10.54977,8.26488],[-10.55018,8.26477],[-10.55116,8.26436],[-10.55154,8.26424],[-10.552,8.26417],[-10.5526,8.26415],[-10.55353,8.26412],[-10.55395,8.26402],[-10.55495,8.26359],[-10.55628,8.26332],[-10.55687,8.26322],[-10.55717,8.26318],[-10.5574,8.26317],[-10.55771,8.26324],[-10.55819,8.2634],[-10.55865,8.26357],[-10.55885,8.26368],[-10.55897,8.26388],[-10.55908,8.26411],[-10.55925,8.26457],[-10.55946,8.26491],[-10.55975,8.26525],[-10.56021,8.26567],[-10.56041,8.26583],[-10.56073,8.26599],[-10.56079,8.26602],[-10.56111,8.26611],[-10.56141,8.2662],[-10.56167,8.26634],[-10.56194,8.26658],[-10.56215,8.2669],[-10.56228,8.2672],[-10.5623,8.2673],[-10.56227,8.26755],[-10.5622,8.26798],[-10.56218,8.26854],[-10.56217,8.26878],[-10.5622,8.26901],[-10.56225,8.26925],[-10.56229,8.26937],[-10.56243,8.26974],[-10.56256,8.2701],[-10.56266,8.27044],[-10.56283,8.27091],[-10.56316,8.27198],[-10.56332,8.27241],[-10.56346,8.27264],[-10.56377,8.27303],[-10.56401,8.27327],[-10.56409,8.27336],[-10.56432,8.2736],[-10.56468,8.27395],[-10.56498,8.27418],[-10.56535,8.27444],[-10.56546,8.27453],[-10.56551,8.27458],[-10.56556,8.27462],[-10.56572,8.27478],[-10.56598,8.27506],[-10.56613,8.27522],[-10.56658,8.27572],[-10.56676,8.27593],[-10.56717,8.27637],[-10.56734,8.27663],[-10.56772,8.27705],[-10.5678,8.27712],[-10.56785,8.27716],[-10.56801,8.27727],[-10.56822,8.2774],[-10.56857,8.27752],[-10.56906,8.27768],[-10.56914,8.2777],[-10.56937,8.27776],[-10.56966,8.2778],[-10.57013,8.27785],[-10.57049,8.27788],[-10.57061,8.27789],[-10.57082,8.27791],[-10.57108,8.27791],[-10.57114,8.27792],[-10.57127,8.27792],[-10.57142,8.27789],[-10.57159,8.27782],[-10.57174,8.27773]]},"properties":{"id":289242953,"cls":"primary","hw":"primary","tg":"na","name":"","ref":"","surface":"unpaved","sc":"unpaved","speed":null,"lit":"unk","km":7.952}},
{"type":"Feature","geometry":{"type":"LineString","coordinates":[[-10.69146,8.06637],[-10.69257,8.06737],[-10.69295,8.06774],[-10.69321,8.06806],[-10.69338,8.06831],[-10.69356,8.06866],[-10.6937,8.06907],[-10.69384,8.06972],[-10.69384,8.07037],[-10.69374,8.07093],[-10.69368,8.07113],[-10.6936,8.07136],[-10.69329,8.07209],[-10.69233,8.07418],[-10.69212,8.07479],[-10.69197,8.0753],[-10.69187,8.07584],[-10.69176,8.07668],[-10.69158,8.07772],[-10.6912,8.08023],[-10.69114,8.08067],[-10.69088,8.08224],[-10.69084,8.08259],[-10.6908,8.0832],[-10.69082,8.08355],[-10.69084,8.08385],[-10.69089,8.08424],[-10.69095,8.08449],[-10.69101,8.08471],[-10.69132,8.08555],[-10.69145,8.08589],[-10.69188,8.087],[-10.69233,8.08811],[-10.69283,8.08938],[-10.693,8.08986],[-10.69309,8.0901],[-10.69318,8.09037],[-10.69331,8.09071],[-10.69336,8.09086],[-10.69343,8.09106]]},"properties":{"id":289420762,"cls":"trunk","hw":"trunk","tg":"na","name":"","ref":"","surface":"asphalt","sc":"paved","speed":null,"lit":"unk","km":2.942}},
{"type":"Feature","geometry":{"type":"LineString","coordinates":[[-12.19396,8.41027],[-12.19405,8.4106],[-12.19424,8.41097],[-12.19446,8.41126],[-12.19464,8.41142],[-12.19483,8.41158],[-12.19524,8.41183],[-12.1958,8.41214],[-12.19605,8.41233],[-12.19628,8.41255],[-12.19644,8.41277],[-12.1966,8.41304],[-12.19673,8.41343],[-12.19683,8.41381],[-12.19703,8.41465],[-12.19717,8.41537],[-12.1974,8.41669],[-12.19782,8.41938],[-12.19806,8.42076],[-12.19827,8.4221],[-12.19832,8.42255],[-12.19835,8.42324],[-12.19835,8.42373],[-12.19833,8.42424],[-12.19816,8.42586],[-12.1981,8.42644],[-12.19807,8.42674],[-12.19803,8.42694],[-12.19797,8.42712],[-12.19786,8.42739],[-12.19761,8.42783],[-12.19666,8.42948],[-12.19652,8.42978],[-12.19645,8.43],[-12.19642,8.43024],[-12.19642,8.43053],[-12.19644,8.43079],[-12.19652,8.43123],[-12.19693,8.43374],[-12.19732,8.43598],[-12.19747,8.43681],[-12.1975,8.43711],[-12.19752,8.43739],[-12.1975,8.43775],[-12.19744,8.43807],[-12.19733,8.43845],[-12.19675,8.44031],[-12.19625,8.44215],[-12.19568,8.44411],[-12.19561,8.44437],[-12.19481,8.44711],[-12.1947,8.44759],[-12.19466,8.44787]]},"properties":{"id":289517057,"cls":"trunk","hw":"trunk","tg":"na","name":"Yonibana-Bo","ref":"TAH 7","surface":"asphalt","sc":"paved","speed":null,"lit":"unk","km":4.426}},
{"type":"Feature","geometry":{"type":"LineString","coordinates":[[-12.06697,8.20357],[-12.06681,8.20426],[-12.06678,8.20487]]},"properties":{"id":289517064,"cls":"trunk","hw":"trunk","tg":"na","name":"Yonibana-Bo","ref":"TAH 7","surface":"","sc":"unknown","speed":null,"lit":"unk","km":0.147}},
{"type":"Feature","geometry":{"type":"LineString","coordinates":[[-10.3861,8.34314],[-10.38624,8.34343],[-10.38644,8.34373],[-10.38674,8.3441],[-10.38705,8.3445],[-10.38735,8.34483],[-10.38764,8.34506],[-10.38811,8.34539],[-10.38858,8.34581],[-10.38887,8.34601],[-10.38901,8.34615],[-10.38912,8.34638],[-10.38921,8.34655],[-10.38932,8.34675],[-10.38951,8.34704],[-10.38974,8.34744],[-10.38991,8.34793],[-10.39001,8.34849],[-10.3901,8.34937],[-10.39019,8.34993],[-10.39041,8.35201],[-10.39049,8.35266],[-10.39063,8.35324],[-10.39075,8.35371],[-10.3909,8.3541],[-10.39105,8.35453],[-10.39115,8.3548],[-10.39131,8.35509],[-10.39149,8.35531],[-10.39168,8.35558],[-10.39177,8.35577],[-10.39181,8.356],[-10.39195,8.35658],[-10.39206,8.35682],[-10.39227,8.3572],[-10.39236,8.35748],[-10.3924,8.35777],[-10.39242,8.35817],[-10.39241,8.35824],[-10.39239,8.35835],[-10.39229,8.35855],[-10.39214,8.35874],[-10.39199,8.35887],[-10.39186,8.35898],[-10.39161,8.35912],[-10.39134,8.35919],[-10.39106,8.35923],[-10.39074,8.3592],[-10.39032,8.35912],[-10.38985,8.35906],[-10.38967,8.35908],[-10.38954,8.35915],[-10.38944,8.3593],[-10.38941,8.35944],[-10.38943,8.3596],[-10.3895,8.35979],[-10.38998,8.36042],[-10.39017,8.36063],[-10.39087,8.36138],[-10.39109,8.36166],[-10.39124,8.36192],[-10.39136,8.36219],[-10.39146,8.36235],[-10.39156,8.36245],[-10.39194,8.36273],[-10.39231,8.36312],[-10.39237,8.36326],[-10.3924,8.36341],[-10.39242,8.3636],[-10.3924,8.36379],[-10.39241,8.36398],[-10.39247,8.36413],[-10.39263,8.36441],[-10.39285,8.36479],[-10.39303,8.36521],[-10.39316,8.36558],[-10.3932,8.36581],[-10.39321,8.36599],[-10.39319,8.36615],[-10.39312,8.36645],[-10.39292,8.36708],[-10.39289,8.36722],[-10.39284,8.36738],[-10.39263,8.36792],[-10.3925,8.36816],[-10.39234,8.36839],[-10.39204,8.36888],[-10.39198,8.36902],[-10.39195,8.36918],[-10.39197,8.36933],[-10.39201,8.3697],[-10.39205,8.37006],[-10.39227,8.37101],[-10.3924,8.37146],[-10.39245,8.3716],[-10.39247,8.37171],[-10.39242,8.37239],[-10.39238,8.37308],[-10.39236,8.3734],[-10.39229,8.37361],[-10.39222,8.37374],[-10.3921,8.37394],[-10.39202,8.37419],[-10.39199,8.37438],[-10.39199,8.37462],[-10.39202,8.37516],[-10.39203,8.37541],[-10.39201,8.37554],[-10.3919,8.37579],[-10.3916,8.37641],[-10.39153,8.37665],[-10.3915,8.37696],[-10.39151,8.37729],[-10.39158,8.3778],[-10.39166,8.37813],[-10.39177,8.37861],[-10.39196,8.37927],[-10.39199,8.37956],[-10.39198,8.37972],[-10.39193,8.37987],[-10.3918,8.38028],[-10.39162,8.38073],[-10.39159,8.38089],[-10.39158,8.38108],[-10.39159,8.38119],[-10.39162,8.38129],[-10.39167,8.38138],[-10.39176,8.38156],[-10.39187,8.3817],[-10.39202,8.38185],[-10.39222,8.38202],[-10.39246,8.38226],[-10.39268,8.38243],[-10.3928,8.38264],[-10.39291,8.38292],[-10.39309,8.38324],[-10.39312,8.38331],[-10.39331,8.38376],[-10.39358,8.38448],[-10.39379,8.38526],[-10.39398,8.38574],[-10.39428,8.38616],[-10.39474,8.38679],[-10.39511,8.38723],[-10.39531,8.38744],[-10.39565,8.38776],[-10.39586,8.38798],[-10.39596,8.38825],[-10.39601,8.38851],[-10.39606,8.38877]]},"properties":{"id":290480506,"cls":"primary","hw":"primary","tg":"na","name":"","ref":"","surface":"unpaved","sc":"unpaved","speed":null,"lit":"unk","km":5.915}},
{"type":"Feature","geometry":{"type":"LineString","coordinates":[[-10.3712,8.28599],[-10.37118,8.28605]]},"properties":{"id":290480507,"cls":"primary","hw":"primary","tg":"na","name":"","ref":"","surface":"","sc":"unknown","speed":null,"lit":"unk","km":0.007}},
{"type":"Feature","geometry":{"type":"LineString","coordinates":[[-10.52741,8.31543],[-10.52719,8.31576],[-10.52712,8.31593],[-10.52701,8.31623],[-10.52694,8.31639],[-10.52685,8.31654],[-10.52648,8.31703],[-10.52612,8.31751],[-10.52588,8.31774],[-10.52558,8.31797],[-10.52505,8.3185],[-10.52455,8.31891],[-10.52372,8.31957],[-10.52364,8.31962],[-10.52352,8.31967],[-10.52344,8.31965],[-10.52322,8.3196],[-10.52293,8.31948],[-10.52218,8.31901],[-10.52184,8.31875],[-10.52171,8.31865],[-10.52155,8.31858],[-10.52101,8.31844],[-10.52079,8.31839],[-10.51998,8.3184],[-10.51967,8.31842],[-10.51945,8.31847],[-10.51932,8.31855],[-10.51883,8.31896],[-10.51862,8.31909],[-10.51845,8.31916],[-10.51812,8.31927],[-10.51753,8.31961],[-10.517,8.31993],[-10.51589,8.3207],[-10.51519,8.32111],[-10.51483,8.32126],[-10.51447,8.32131],[-10.51376,8.32139],[-10.51322,8.32142],[-10.51246,8.32159],[-10.51212,8.32167],[-10.51086,8.32203],[-10.51004,8.32216],[-10.50938,8.32227],[-10.50922,8.32228],[-10.509,8.32231],[-10.50837,8.32235],[-10.50799,8.32236],[-10.50789,8.32234],[-10.5078,8.32232],[-10.50763,8.32227],[-10.50729,8.32227],[-10.50667,8.32236],[-10.50593,8.32255],[-10.50525,8.32277],[-10.5048,8.32296],[-10.50433,8.32327],[-10.50407,8.3235],[-10.50393,8.32368],[-10.50386,8.32383],[-10.5038,8.32399],[-10.50375,8.32417],[-10.50348,8.32521],[-10.50338,8.3254],[-10.50327,8.32556],[-10.5031,8.32576],[-10.5029,8.32594],[-10.50276,8.32607],[-10.50191,8.32671],[-10.50162,8.32686],[-10.50131,8.32699],[-10.50093,8.32706],[-10.50043,8.32714],[-10.49997,8.32723],[-10.4997,8.32731],[-10.49959,8.32739],[-10.49949,8.3275],[-10.49904,8.32814],[-10.49891,8.32839],[-10.49868,8.32917],[-10.49857,8.32948],[-10.49838,8.32983],[-10.49817,8.33016],[-10.49777,8.33055],[-10.49755,8.33067],[-10.49726,8.33081],[-10.49691,8.33097],[-10.49638,8.33121],[-10.49612,8.33129],[-10.49587,8.33136],[-10.49523,8.33149],[-10.49507,8.33155],[-10.49473,8.33169],[-10.49457,8.33174],[-10.49432,8.33177],[-10.49416,8.33182],[-10.494,8.33189],[-10.49257,8.33272],[-10.49234,8.33283],[-10.49228,8.33285],[-10.49183,8.33303],[-10.49142,8.33318],[-10.49112,8.33328],[-10.49097,8.33335],[-10.49061,8.33353],[-10.49039,8.33365],[-10.49004,8.33383],[-10.48977,8.33394],[-10.48964,8.33401],[-10.48919,8.33431],[-10.48901,8.3344],[-10.48878,8.33451],[-10.48851,8.33458],[-10.48824,8.33469],[-10.48802,8.33487],[-10.48784,8.33507],[-10.48756,8.33556],[-10.48746,8.3357],[-10.48721,8.33584],[-10.48676,8.33603],[-10.48634,8.33616],[-10.48591,8.33615],[-10.48546,8.33614],[-10.48381,8.3359],[-10.4833,8.33583],[-10.48234,8.33569],[-10.48203,8.33573],[-10.48182,8.3358],[-10.48156,8.33591],[-10.48134,8.33608],[-10.48098,8.33641],[-10.48034,8.33715],[-10.48018,8.3373],[-10.48003,8.33739],[-10.47966,8.33761],[-10.47887,8.33816],[-10.47868,8.33826],[-10.47846,8.33834],[-10.47829,8.33846],[-10.47769,8.33911],[-10.47741,8.33944],[-10.47723,8.3396],[-10.47687,8.33984],[-10.47668,8.33998],[-10.47637,8.34033],[-10.47594,8.34085],[-10.47565,8.34111],[-10.47546,8.34125],[-10.47523,8.34138],[-10.47493,8.34157],[-10.47459,8.34193],[-10.47369,8.34288],[-10.47363,8.34293],[-10.47324,8.3433],[-10.47292,8.34352],[-10.4724,8.34377],[-10.47219,8.34392],[-10.47204,8.34409],[-10.47184,8.34434],[-10.47155,8.34461],[-10.47118,8.34475],[-10.47018,8.34512],[-10.46917,8.34537],[-10.46889,8.34546],[-10.46864,8.34557],[-10.46834,8.34576],[-10.46702,8.34676],[-10.46679,8.34692],[-10.46654,8.34704],[-10.46618,8.34715],[-10.46583,8.34728],[-10.46564,8.34739],[-10.46547,8.34755],[-10.46493,8.34804],[-10.46471,8.34826],[-10.46461,8.34847],[-10.46454,8.34881],[-10.46434,8.34971],[-10.4641,8.35094],[-10.46398,8.35116],[-10.46383,8.35133],[-10.46272,8.35239],[-10.46244,8.35265],[-10.46219,8.3528],[-10.46209,8.35285],[-10.46187,8.35295],[-10.4617,8.353],[-10.46125,8.35312],[-10.46099,8.35326],[-10.46045,8.35362],[-10.45981,8.354],[-10.45938,8.35413],[-10.45893,8.35428],[-10.45855,8.35436],[-10.45701,8.35453],[-10.45661,8.35463],[-10.45628,8.35477],[-10.45601,8.3549],[-10.45569,8.35515],[-10.45537,8.35547],[-10.45494,8.35586],[-10.45473,8.35606],[-10.45452,8.35619],[-10.45433,8.35626],[-10.4541,8.35632],[-10.45375,8.35634],[-10.45328,8.35625],[-10.45269,8.35603],[-10.45241,8.35594],[-10.45214,8.35593],[-10.45177,8.356],[-10.44944,8.35668],[-10.44918,8.35675],[-10.44893,8.35688],[-10.4475,8.35794],[-10.44716,8.35821],[-10.447,8.35831],[-10.44656,8.35852],[-10.44641,8.35862],[-10.44612,8.35887],[-10.44593,8.35899],[-10.44571,8.35907],[-10.44528,8.35918],[-10.44473,8.35925],[-10.44394,8.35942],[-10.44334,8.35968],[-10.44283,8.36006],[-10.44244,8.36036],[-10.44111,8.36161],[-10.44085,8.3618],[-10.44055,8.36206],[-10.44038,8.36231]]},"properties":{"id":290578015,"cls":"primary","hw":"primary","tg":"na","name":"","ref":"","surface":"unpaved","sc":"unpaved","speed":null,"lit":"unk","km":11.731}},
{"type":"Feature","geometry":{"type":"LineString","coordinates":[[-10.52745,8.31537],[-10.52741,8.31543]]},"properties":{"id":290578019,"cls":"trunk","hw":"trunk","tg":"na","name":"","ref":"","surface":"","sc":"unknown","speed":null,"lit":"unk","km":0.008}},
{"type":"Feature","geometry":{"type":"LineString","coordinates":[[-10.97699,8.64206],[-10.97699,8.64197]]},"properties":{"id":291156375,"cls":"primary","hw":"primary","tg":"na","name":"","ref":"","surface":"","sc":"unknown","speed":null,"lit":"unk","km":0.01}},
{"type":"Feature","geometry":{"type":"LineString","coordinates":[[-10.97699,8.64197],[-10.97701,8.64166],[-10.97702,8.64154],[-10.97703,8.64119],[-10.97702,8.64107],[-10.97699,8.64097],[-10.97693,8.64083],[-10.97687,8.64071],[-10.97677,8.64057]]},"properties":{"id":291156385,"cls":"primary","hw":"primary","tg":"na","name":"New Sembehun Road","ref":"","surface":"asphalt","sc":"paved","speed":null,"lit":"unk","km":0.163}},
{"type":"Feature","geometry":{"type":"LineString","coordinates":[[-10.30861,8.46947],[-10.30801,8.47022],[-10.30729,8.47107],[-10.30704,8.47129],[-10.30677,8.47145],[-10.30665,8.47152],[-10.30634,8.47168],[-10.30548,8.47211],[-10.30497,8.47235],[-10.30487,8.47241],[-10.30444,8.47263],[-10.304,8.47281],[-10.30261,8.4732],[-10.3023,8.47334],[-10.30214,8.47347],[-10.30197,8.47367],[-10.30177,8.4739],[-10.30162,8.47404],[-10.30138,8.47419],[-10.30116,8.47437],[-10.30101,8.47451],[-10.30064,8.47501],[-10.30052,8.4751],[-10.30042,8.47515],[-10.30028,8.47517],[-10.3,8.47518],[-10.29977,8.47518],[-10.29971,8.47519],[-10.29949,8.47523]]},"properties":{"id":291248967,"cls":"primary","hw":"primary","tg":"na","name":"","ref":"","surface":"compacted","sc":"unpaved","speed":null,"lit":"unk","km":1.232}},
{"type":"Feature","geometry":{"type":"LineString","coordinates":[[-10.30864,8.46944],[-10.30861,8.46947]]},"properties":{"id":291248969,"cls":"primary","hw":"primary","tg":"na","name":"","ref":"","surface":"compacted","sc":"unpaved","speed":null,"lit":"unk","km":0.005}},
{"type":"Feature","geometry":{"type":"LineString","coordinates":[[-11.04199,8.60435],[-11.04109,8.60426],[-11.04014,8.60418],[-11.0396,8.60416],[-11.0392,8.60417],[-11.03892,8.60418],[-11.03869,8.6042],[-11.03838,8.60423],[-11.03805,8.60429],[-11.03775,8.60435],[-11.03751,8.60441],[-11.0371,8.60454],[-11.03643,8.60474],[-11.03548,8.60504],[-11.03398,8.60548],[-11.03209,8.60609],[-11.03135,8.60631],[-11.03091,8.60643],[-11.03064,8.60649],[-11.03028,8.60656],[-11.02996,8.60662],[-11.02961,8.60667],[-11.02765,8.60693],[-11.02698,8.60703],[-11.02656,8.60711],[-11.02626,8.60718],[-11.02604,8.60725],[-11.02584,8.60732],[-11.02553,8.60743],[-11.0253,8.60753],[-11.02447,8.6079],[-11.02328,8.60846],[-11.02167,8.60916],[-11.02009,8.60987],[-11.01984,8.61],[-11.01936,8.61024],[-11.01908,8.61041],[-11.0189,8.61051],[-11.01872,8.6106]]},"properties":{"id":291300121,"cls":"primary","hw":"primary","tg":"na","name":"Bumpeh - Koidu Road","ref":"","surface":"asphalt","sc":"paved","speed":80,"lit":"unk","km":2.687}},
{"type":"Feature","geometry":{"type":"LineString","coordinates":[[-11.06661,8.61007],[-11.06588,8.60994],[-11.06555,8.60989],[-11.06519,8.60985],[-11.06487,8.60983],[-11.06442,8.60981],[-11.06402,8.60981],[-11.06367,8.60982],[-11.06334,8.60986],[-11.06295,8.60992],[-11.06274,8.60997],[-11.0623,8.61007],[-11.06195,8.61015],[-11.06133,8.61032],[-11.06105,8.61039],[-11.06081,8.61044],[-11.0604,8.61051],[-11.05985,8.61057],[-11.05963,8.61058],[-11.05936,8.61058],[-11.05912,8.61058],[-11.0589,8.61057],[-11.05857,8.61054],[-11.05833,8.61052],[-11.05813,8.6105],[-11.05746,8.61041],[-11.05662,8.61029],[-11.05542,8.61003],[-11.05367,8.60977],[-11.05249,8.60959],[-11.05185,8.6095],[-11.05151,8.60944],[-11.05127,8.60938],[-11.05093,8.60928],[-11.05063,8.60917],[-11.05034,8.60903],[-11.05023,8.60898],[-11.05013,8.60892],[-11.05002,8.60885],[-11.04978,8.60869],[-11.04954,8.60848],[-11.04929,8.60824],[-11.04908,8.60801],[-11.04883,8.60774],[-11.04852,8.60738],[-11.04827,8.60709],[-11.04801,8.60678],[-11.04768,8.60643],[-11.0474,8.60614],[-11.04715,8.60591],[-11.04681,8.60565],[-11.04645,8.60542],[-11.04616,8.60525],[-11.04595,8.60514],[-11.04571,8.60502],[-11.0455,8.60494],[-11.0453,8.60486],[-11.04508,8.60479],[-11.04487,8.60474],[-11.0446,8.60466],[-11.04431,8.6046],[-11.0439,8.60455],[-11.04319,8.60448],[-11.04237,8.60439],[-11.04215,8.60436],[-11.04199,8.60435]]},"properties":{"id":291300126,"cls":"primary","hw":"primary","tg":"na","name":"","ref":"","surface":"","sc":"unknown","speed":80,"lit":"unk","km":2.919}},
{"type":"Feature","geometry":{"type":"LineString","coordinates":[[-11.01872,8.6106],[-11.01692,8.61155],[-11.01634,8.61187],[-11.01576,8.61219],[-11.01532,8.61242],[-11.01499,8.61257],[-11.01475,8.61267],[-11.01447,8.61276],[-11.01418,8.61285],[-11.01388,8.61293],[-11.01368,8.61297],[-11.01339,8.61304],[-11.0127,8.61321],[-11.01167,8.61347],[-11.01027,8.61375],[-11.00821,8.61425],[-11.00813,8.61427],[-11.00683,8.61455],[-11.00575,8.61479],[-11.00463,8.61505],[-11.00328,8.61538],[-11.00225,8.61566],[-11.00155,8.61582],[-11.00092,8.61595],[-11.00032,8.61606],[-10.99988,8.61614],[-10.99972,8.61618],[-10.99955,8.61623],[-10.99929,8.61632],[-10.99906,8.61641],[-10.99892,8.61648],[-10.9988,8.61653],[-10.99869,8.61659],[-10.99854,8.61668],[-10.99837,8.61678],[-10.99818,8.61691],[-10.9979,8.61714],[-10.99779,8.61723],[-10.99756,8.61744],[-10.99738,8.61764],[-10.99723,8.6178],[-10.99709,8.61795],[-10.99681,8.61829],[-10.9966,8.61854],[-10.99613,8.61906],[-10.99581,8.61945],[-10.9956,8.61966],[-10.99548,8.61982],[-10.99523,8.62008],[-10.99494,8.62038],[-10.99455,8.62086],[-10.99428,8.62119],[-10.99397,8.62152],[-10.99371,8.62184],[-10.99345,8.62218],[-10.99311,8.62255],[-10.99292,8.62272],[-10.9926,8.6231],[-10.99228,8.62347],[-10.9921,8.62367],[-10.99191,8.62391],[-10.99175,8.62413],[-10.99163,8.62432],[-10.99154,8.62446],[-10.99138,8.62472],[-10.9912,8.62516],[-10.99113,8.62533],[-10.99105,8.62553],[-10.99098,8.62576],[-10.99092,8.62594],[-10.99089,8.62605],[-10.99086,8.62619],[-10.99083,8.62637],[-10.99081,8.62648],[-10.99072,8.62689],[-10.99062,8.62734],[-10.9905,8.62815],[-10.99047,8.62835],[-10.99036,8.62897],[-10.99031,8.62923],[-10.99024,8.6296],[-10.99023,8.62967],[-10.9902,8.62976],[-10.99018,8.62981],[-10.99015,8.62993],[-10.99013,8.63],[-10.99003,8.63025],[-10.98984,8.63061],[-10.98964,8.63089],[-10.98944,8.63111],[-10.98924,8.63129],[-10.98903,8.63147],[-10.98894,8.63154],[-10.98882,8.63161],[-10.98863,8.6317],[-10.98844,8.63181]]},"properties":{"id":291300127,"cls":"primary","hw":"primary","tg":"na","name":"Mashingbi Road","ref":"","surface":"asphalt","sc":"paved","speed":80,"lit":"unk","km":4.416}},
{"type":"Feature","geometry":{"type":"LineString","coordinates":[[-10.69765,8.59776],[-10.69769,8.59753]]},"properties":{"id":291605395,"cls":"primary","hw":"primary","tg":"na","name":"","ref":"","surface":"unpaved","sc":"unpaved","speed":null,"lit":"unk","km":0.026}},
{"type":"Feature","geometry":{"type":"LineString","coordinates":[[-10.69728,8.61972],[-10.69722,8.61966]]},"properties":{"id":291605396,"cls":"primary","hw":"primary","tg":"na","name":"","ref":"","surface":"unpaved","sc":"unpaved","speed":null,"lit":"unk","km":0.009}},
{"type":"Feature","geometry":{"type":"LineString","coordinates":[[-10.69722,8.61966],[-10.69708,8.61951],[-10.69681,8.6192],[-10.6966,8.61896],[-10.69648,8.6188],[-10.6963,8.61851],[-10.69614,8.61823],[-10.69601,8.61794],[-10.69582,8.61761],[-10.69569,8.61727],[-10.69564,8.61708],[-10.69558,8.61685],[-10.69559,8.61669],[-10.69562,8.61656],[-10.69567,8.61635],[-10.69579,8.61588],[-10.69585,8.6156],[-10.69606,8.61489],[-10.69622,8.61436],[-10.69639,8.61378],[-10.69663,8.61297],[-10.69692,8.61198],[-10.69708,8.61146],[-10.69718,8.61099],[-10.69726,8.61063],[-10.69731,8.61026],[-10.69725,8.60993],[-10.69716,8.60949],[-10.69705,8.60913],[-10.69697,8.60881],[-10.69689,8.6085],[-10.69672,8.60781],[-10.69662,8.60733],[-10.69654,8.60675],[-10.69652,8.6065],[-10.6965,8.60602],[-10.69652,8.60529],[-10.69655,8.6043],[-10.69654,8.60405],[-10.69654,8.60381],[-10.69658,8.60338],[-10.69659,8.60324],[-10.69661,8.60307],[-10.69662,8.60294],[-10.69668,8.60249],[-10.69671,8.6022],[-10.69675,8.60193],[-10.69681,8.60158],[-10.69687,8.60119],[-10.69696,8.60081],[-10.69706,8.60031],[-10.69713,8.60003],[-10.69719,8.59974],[-10.69736,8.59895],[-10.69765,8.59776]]},"properties":{"id":291605400,"cls":"primary","hw":"primary","tg":"na","name":"","ref":"","surface":"unpaved","sc":"unpaved","speed":null,"lit":"unk","km":2.535}},
{"type":"Feature","geometry":{"type":"LineString","coordinates":[[-10.69769,8.59753],[-10.6977,8.59736],[-10.69772,8.5971],[-10.69771,8.59691],[-10.69767,8.59665],[-10.69757,8.5962],[-10.69746,8.59576],[-10.69735,8.59529],[-10.69729,8.5951],[-10.69707,8.59439],[-10.69696,8.59409],[-10.69685,8.59382],[-10.69668,8.59336],[-10.69657,8.59303],[-10.69655,8.59281],[-10.69657,8.59263],[-10.69662,8.59245],[-10.69672,8.59218],[-10.69684,8.5918],[-10.697,8.59136],[-10.69719,8.59082],[-10.69724,8.59065],[-10.69727,8.59051],[-10.69729,8.59028],[-10.69734,8.59001],[-10.69735,8.5898],[-10.69734,8.58968],[-10.69729,8.58939],[-10.69721,8.58914],[-10.69689,8.58848],[-10.69643,8.58753],[-10.69632,8.58731],[-10.69617,8.58704],[-10.69605,8.58689],[-10.69579,8.58661],[-10.69566,8.58641],[-10.69553,8.58617],[-10.69535,8.5858],[-10.69517,8.58539],[-10.69499,8.58501],[-10.69493,8.58492],[-10.69486,8.58484],[-10.69479,8.58471],[-10.69475,8.58457],[-10.6947,8.58444],[-10.69461,8.58429],[-10.69449,8.58417],[-10.6944,8.5841],[-10.69428,8.58405],[-10.69415,8.58401],[-10.69374,8.584],[-10.69303,8.58398],[-10.69277,8.58397],[-10.69251,8.58393],[-10.69213,8.58388],[-10.69166,8.58378],[-10.69145,8.58375],[-10.69114,8.58373],[-10.69091,8.58371],[-10.69067,8.58372],[-10.69025,8.58374],[-10.69001,8.58373],[-10.68981,8.58372],[-10.68965,8.58373],[-10.68948,8.58377],[-10.68901,8.58395],[-10.68805,8.58442],[-10.68703,8.58496],[-10.68662,8.58519],[-10.68644,8.58526],[-10.6863,8.58531],[-10.68616,8.58533],[-10.686,8.58534],[-10.68571,8.58535],[-10.68505,8.58534],[-10.68451,8.58531],[-10.68419,8.58531],[-10.68366,8.58534],[-10.68323,8.58538],[-10.68212,8.58553],[-10.68128,8.58559],[-10.681,8.58563],[-10.68073,8.58568],[-10.68048,8.58575],[-10.68024,8.58585],[-10.67985,8.58607],[-10.67923,8.5865],[-10.67889,8.58677],[-10.67853,8.58709],[-10.67807,8.58753],[-10.67785,8.5877],[-10.67762,8.58783],[-10.67735,8.58796],[-10.67707,8.58811],[-10.67687,8.58826],[-10.67659,8.58851],[-10.67638,8.58866],[-10.67622,8.58874],[-10.676,8.58879],[-10.67564,8.58884],[-10.67519,8.58893],[-10.67481,8.58899],[-10.67461,8.589],[-10.6744,8.58898],[-10.67415,8.58894],[-10.67397,8.58894],[-10.67378,8.58895],[-10.67355,8.58893],[-10.67307,8.58887],[-10.67271,8.58881],[-10.67244,8.58876],[-10.67201,8.58866],[-10.67174,8.58856],[-10.67151,8.58846],[-10.6711,8.58825],[-10.67075,8.58807],[-10.67046,8.5879],[-10.67021,8.58769],[-10.66998,8.58753],[-10.66975,8.58742],[-10.66949,8.58735],[-10.66921,8.58732],[-10.66844,8.58728],[-10.66777,8.58724],[-10.66727,8.58722],[-10.667,8.58723],[-10.66672,8.58728],[-10.66611,8.58736],[-10.66589,8.58738],[-10.66574,8.58739],[-10.66562,8.58736],[-10.66554,8.58733],[-10.66537,8.58722],[-10.66483,8.58689],[-10.66455,8.58677],[-10.66387,8.58645],[-10.66323,8.58617],[-10.66275,8.58595],[-10.66257,8.58587],[-10.66244,8.58578],[-10.66227,8.58569],[-10.66212,8.58561],[-10.66192,8.58557],[-10.66147,8.58549],[-10.66117,8.58544],[-10.66041,8.58525],[-10.66001,8.58513],[-10.65979,8.58505],[-10.65955,8.585],[-10.65936,8.58499],[-10.65905,8.58505],[-10.65882,8.58508],[-10.6584,8.58514],[-10.65771,8.5853],[-10.65753,8.58535],[-10.65738,8.5854],[-10.65724,8.58543],[-10.65707,8.58544],[-10.6566,8.58544],[-10.65639,8.58544],[-10.6562,8.58543],[-10.65506,8.58538],[-10.65487,8.58537],[-10.65476,8.58535],[-10.65466,8.58526],[-10.65432,8.5849],[-10.65412,8.58467],[-10.65396,8.58456],[-10.65386,8.58452],[-10.65371,8.5845],[-10.65353,8.58451],[-10.65335,8.58456],[-10.65294,8.58474],[-10.65265,8.58489],[-10.65192,8.58539],[-10.65166,8.58555],[-10.6515,8.58562],[-10.65133,8.58568],[-10.65118,8.58578],[-10.65104,8.58592],[-10.6507,8.58632],[-10.65047,8.58658],[-10.65025,8.5868],[-10.65011,8.58689],[-10.64994,8.58697],[-10.64959,8.5871],[-10.64905,8.58726],[-10.64887,8.5873],[-10.64868,8.58728],[-10.64827,8.58715],[-10.64759,8.58696],[-10.64719,8.58683],[-10.64702,8.58674],[-10.64687,8.58663],[-10.64671,8.58657],[-10.64648,8.58652],[-10.64629,8.58653],[-10.64601,8.58656],[-10.64581,8.58663],[-10.64566,8.58671],[-10.64553,8.5868],[-10.64516,8.58724],[-10.64495,8.58755],[-10.64467,8.58788],[-10.64446,8.58818],[-10.64439,8.58836],[-10.64432,8.58864],[-10.64425,8.58887],[-10.64416,8.58899],[-10.64407,8.58909],[-10.64382,8.58932],[-10.64362,8.58957],[-10.64347,8.58981],[-10.64332,8.59018],[-10.64309,8.59069],[-10.64289,8.59124],[-10.64275,8.59147],[-10.64253,8.59171],[-10.64217,8.59202],[-10.64194,8.59222],[-10.64169,8.59241],[-10.6414,8.59266],[-10.64103,8.59296],[-10.64071,8.59319],[-10.64054,8.59328],[-10.64015,8.5934],[-10.63955,8.59352],[-10.63915,8.59362],[-10.63899,8.59371],[-10.63889,8.59384],[-10.63882,8.59398],[-10.63872,8.59422],[-10.63867,8.59454],[-10.63861,8.59498],[-10.63848,8.59558],[-10.63832,8.59611],[-10.63822,8.59637],[-10.63812,8.5965],[-10.63797,8.59658],[-10.63778,8.59659],[-10.63757,8.59656],[-10.63724,8.59646],[-10.63688,8.59627],[-10.63639,8.59588],[-10.63621,8.59577],[-10.63597,8.59567],[-10.6351,8.5954],[-10.63458,8.59525],[-10.63387,8.59502],[-10.63319,8.5948],[-10.63257,8.59457],[-10.63233,8.5945],[-10.63208,8.59446],[-10.63164,8.59444],[-10.63116,8.59444],[-10.6307,8.59447],[-10.62981,8.59449],[-10.62945,8.5945],[-10.62933,8.59451],[-10.6292,8.59455],[-10.62898,8.59465],[-10.62873,8.59476],[-10.62863,8.59481],[-10.6285,8.59487],[-10.6282,8.59509],[-10.62792,8.59532],[-10.62748,8.59563],[-10.62726,8.59582],[-10.62705,8.59606],[-10.62681,8.59642],[-10.62656,8.59673],[-10.62626,8.59704],[-10.62604,8.59721],[-10.62576,8.59735],[-10.62518,8.59764],[-10.62478,8.59775],[-10.62462,8.5978],[-10.6245,8.59787],[-10.62432,8.59801],[-10.624,8.59823],[-10.62353,8.59867],[-10.62304,8.59905],[-10.62263,8.59934],[-10.62191,8.5999],[-10.62183,8.59993],[-10.62176,8.59993],[-10.62162,8.59988],[-10.62156,8.59988],[-10.62149,8.5999],[-10.62135,8.60008],[-10.62123,8.60016],[-10.62106,8.60022],[-10.62088,8.60024],[-10.62058,8.60023],[-10.62017,8.60017],[-10.61975,8.60012],[-10.61903,8.60005],[-10.61887,8.60003],[-10.61871,8.59995],[-10.61835,8.59968],[-10.61767,8.59922],[-10.61756,8.59916],[-10.61744,8.59914],[-10.61716,8.59911],[-10.61675,8.59916],[-10.6166,8.59919],[-10.61642,8.59929],[-10.61618,8.59949],[-10.61592,8.59968],[-10.61564,8.59984],[-10.61547,8.59991],[-10.61503,8.60004],[-10.61484,8.60009],[-10.61462,8.60011],[-10.61445,8.6001],[-10.61431,8.60005],[-10.61371,8.59975],[-10.613,8.59942],[-10.61265,8.5993],[-10.61245,8.59918],[-10.6123,8.59904],[-10.61221,8.5989],[-10.61216,8.59868],[-10.61217,8.5984],[-10.61226,8.59787],[-10.61228,8.5976],[-10.61228,8.5974],[-10.61223,8.59703],[-10.61213,8.59668],[-10.61201,8.59626],[-10.6119,8.59586],[-10.61183,8.59566],[-10.61178,8.59554],[-10.61171,8.59542],[-10.61163,8.59534],[-10.61152,8.59527],[-10.61109,8.59497],[-10.61086,8.59484],[-10.61059,8.59463],[-10.61037,8.59442],[-10.60995,8.59396],[-10.60958,8.59362],[-10.60909,8.59324],[-10.60875,8.59302],[-10.60851,8.5929],[-10.60814,8.59271],[-10.60789,8.5926],[-10.60773,8.59257],[-10.60755,8.59253],[-10.6071,8.59251],[-10.60654,8.59249],[-10.60635,8.59248]]},"properties":{"id":291605401,"cls":"primary","hw":"primary","tg":"na","name":"","ref":"","surface":"unpaved","sc":"unpaved","speed":null,"lit":"unk","km":13.167}},
{"type":"Feature","geometry":{"type":"LineString","coordinates":[[-10.84767,7.99153],[-10.84973,7.9925]]},"properties":{"id":291605854,"cls":"trunk","hw":"trunk","tg":"na","name":"Moa Barracks Bridge","ref":"","surface":"asphalt","sc":"paved","speed":null,"lit":"unk","km":0.251}},
{"type":"Feature","geometry":{"type":"LineString","coordinates":[[-10.84646,7.99114],[-10.84671,7.99114],[-10.84685,7.99118],[-10.84707,7.99125],[-10.84738,7.99137],[-10.84767,7.99153]]},"properties":{"id":291605855,"cls":"trunk","hw":"trunk","tg":"na","name":"","ref":"","surface":"asphalt","sc":"paved","speed":null,"lit":"unk","km":0.142}},
{"type":"Feature","geometry":{"type":"LineString","coordinates":[[-10.84973,7.9925],[-10.85029,7.99272],[-10.85056,7.99282],[-10.85067,7.99285],[-10.85087,7.99291],[-10.85115,7.99295],[-10.85158,7.99295],[-10.85219,7.99296],[-10.85238,7.99296],[-10.85269,7.99297]]},"properties":{"id":291605856,"cls":"trunk","hw":"trunk","tg":"na","name":"","ref":"","surface":"","sc":"unknown","speed":null,"lit":"unk","km":0.334}},
{"type":"Feature","geometry":{"type":"LineString","coordinates":[[-10.71496,8.04542],[-10.71571,8.04555]]},"properties":{"id":291611737,"cls":"trunk","hw":"trunk","tg":"na","name":"","ref":"","surface":"","sc":"unknown","speed":null,"lit":"unk","km":0.084}},
{"type":"Feature","geometry":{"type":"LineString","coordinates":[[-10.75698,8.00308],[-10.75697,8.00311],[-10.75696,8.00314],[-10.75696,8.00319],[-10.75697,8.00323],[-10.75699,8.00326],[-10.75703,8.00329],[-10.75705,8.0033],[-10.75708,8.0033],[-10.75711,8.0033],[-10.75714,8.0033],[-10.75717,8.00328],[-10.75719,8.00326],[-10.75721,8.00324],[-10.75723,8.00321],[-10.75723,8.00317],[-10.75723,8.00314],[-10.75722,8.0031],[-10.7572,8.00307],[-10.75717,8.00305],[-10.75714,8.00303],[-10.75711,8.00303],[-10.75707,8.00303],[-10.75704,8.00304],[-10.75701,8.00305],[-10.75698,8.00308]]},"properties":{"id":291612621,"cls":"trunk","hw":"trunk","tg":"na","name":"","ref":"","surface":"asphalt","sc":"paved","speed":null,"lit":"unk","km":0.097}},
{"type":"Feature","geometry":{"type":"LineString","coordinates":[[-10.7567,8.00338],[-10.7569,8.00333],[-10.75703,8.00329]]},"properties":{"id":291612622,"cls":"trunk","hw":"trunk","tg":"na","name":"","ref":"","surface":"asphalt","sc":"paved","speed":null,"lit":"unk","km":0.038}},
{"type":"Feature","geometry":{"type":"LineString","coordinates":[[-10.75696,8.00314],[-10.75685,8.00324],[-10.7567,8.00338]]},"properties":{"id":291612623,"cls":"trunk","hw":"trunk","tg":"na","name":"","ref":"","surface":"asphalt","sc":"paved","speed":null,"lit":"unk","km":0.039}},
{"type":"Feature","geometry":{"type":"LineString","coordinates":[[-10.75705,8.0033],[-10.7572,8.00356]]},"properties":{"id":291612624,"cls":"trunk","hw":"trunk","tg":"na","name":"","ref":"","surface":"asphalt","sc":"paved","speed":null,"lit":"unk","km":0.033}},
{"type":"Feature","geometry":{"type":"LineString","coordinates":[[-10.7572,8.00356],[-10.75719,8.00326]]},"properties":{"id":291612625,"cls":"trunk","hw":"trunk","tg":"na","name":"","ref":"","surface":"asphalt","sc":"paved","speed":null,"lit":"unk","km":0.033}},
{"type":"Feature","geometry":{"type":"LineString","coordinates":[[-10.7567,8.00338],[-10.75632,8.00361],[-10.75446,8.00458],[-10.7523,8.0058],[-10.75001,8.00722],[-10.74825,8.00833],[-10.74673,8.00921],[-10.74565,8.00987],[-10.745,8.01029],[-10.74448,8.01065],[-10.7441,8.01097],[-10.74374,8.01133],[-10.74319,8.01213],[-10.74176,8.01436],[-10.74046,8.01627],[-10.74009,8.017],[-10.73983,8.0176],[-10.73966,8.01821],[-10.73918,8.02153],[-10.73889,8.02229],[-10.73858,8.02297],[-10.73827,8.02343],[-10.73777,8.02396],[-10.737,8.02464],[-10.73572,8.02563],[-10.73429,8.02676],[-10.73385,8.02719],[-10.73346,8.02766],[-10.73304,8.02824],[-10.73282,8.02863],[-10.73261,8.0291],[-10.73228,8.03014],[-10.73202,8.03116],[-10.73184,8.03169],[-10.73161,8.03227],[-10.73135,8.0328],[-10.73104,8.03326],[-10.73068,8.0337],[-10.73006,8.0343],[-10.72957,8.03468],[-10.72916,8.03498],[-10.72797,8.03597],[-10.72742,8.03643],[-10.72714,8.03669],[-10.72682,8.037],[-10.72644,8.03742],[-10.72597,8.03796],[-10.72555,8.03849],[-10.72525,8.03886],[-10.72471,8.03964],[-10.72435,8.04007],[-10.724,8.04051],[-10.7231,8.04164],[-10.72247,8.04247],[-10.72122,8.0441],[-10.72118,8.04414],[-10.72055,8.04497],[-10.72012,8.04539],[-10.71988,8.04558],[-10.71954,8.04574],[-10.71913,8.04591],[-10.71866,8.046],[-10.71809,8.046],[-10.71748,8.04592],[-10.7165,8.04571],[-10.71634,8.04568],[-10.7162,8.04565],[-10.71571,8.04555]]},"properties":{"id":291612626,"cls":"trunk","hw":"trunk","tg":"na","name":"","ref":"","surface":"asphalt","sc":"paved","speed":null,"lit":"unk","km":6.896}},
{"type":"Feature","geometry":{"type":"LineString","coordinates":[[-10.77441,8.02666],[-10.7747,8.02642],[-10.77496,8.02621],[-10.77793,8.02386],[-10.77815,8.02371],[-10.77826,8.02363],[-10.77914,8.02287],[-10.77981,8.02249],[-10.78034,8.02233],[-10.78184,8.02208],[-10.78271,8.0219],[-10.78356,8.02172],[-10.78439,8.02145],[-10.78468,8.02131],[-10.78494,8.02119],[-10.78538,8.02092],[-10.78574,8.02048],[-10.78594,8.02011],[-10.78612,8.01965],[-10.78647,8.0186],[-10.7868,8.01798],[-10.78696,8.01773],[-10.78721,8.01748],[-10.78749,8.01725],[-10.7878,8.01709],[-10.78809,8.017],[-10.78837,8.01691],[-10.78934,8.01683],[-10.7903,8.01678],[-10.79089,8.01671],[-10.7914,8.01658],[-10.79178,8.01644],[-10.79218,8.01618],[-10.79253,8.01581],[-10.79323,8.01494],[-10.79364,8.01439],[-10.7943,8.01372],[-10.79475,8.01338],[-10.79519,8.01309],[-10.7955,8.01292],[-10.79582,8.01275],[-10.79619,8.01261],[-10.79722,8.0123],[-10.798,8.01203],[-10.79873,8.01182],[-10.79917,8.01169],[-10.79947,8.01158],[-10.7998,8.01144],[-10.80043,8.01113],[-10.80129,8.01062],[-10.80202,8.01002],[-10.80357,8.00871],[-10.80394,8.00838],[-10.80429,8.00809],[-10.80493,8.00755],[-10.80563,8.00693],[-10.80625,8.0064],[-10.80668,8.00603],[-10.80706,8.00571],[-10.8075,8.00541],[-10.80807,8.00517],[-10.8087,8.00496],[-10.80945,8.0048],[-10.81205,8.00419],[-10.81259,8.00407],[-10.81268,8.00405],[-10.81348,8.00384],[-10.81431,8.00372],[-10.8146,8.00373],[-10.81493,8.00375],[-10.81562,8.00385],[-10.81643,8.00396],[-10.81723,8.00405],[-10.81765,8.00402],[-10.81805,8.00394],[-10.81853,8.00374],[-10.82246,8.00175],[-10.82297,8.00148],[-10.82323,8.0013],[-10.82361,8.00098],[-10.82399,8.00059],[-10.82427,8.00021],[-10.82459,7.99969],[-10.82481,7.99912],[-10.82504,7.99857],[-10.82524,7.99805],[-10.82543,7.99766],[-10.82563,7.99732],[-10.82583,7.99713],[-10.82606,7.99692],[-10.8263,7.99668],[-10.82664,7.99645],[-10.82698,7.99628],[-10.82734,7.99614],[-10.82768,7.99607],[-10.82801,7.99603],[-10.82867,7.99605],[-10.83148,7.99628],[-10.8324,7.99634],[-10.83466,7.99649],[-10.83533,7.99653],[-10.83705,7.9968],[-10.83742,7.99682],[-10.83762,7.99683],[-10.83811,7.99669],[-10.83862,7.99658],[-10.83898,7.99642],[-10.83916,7.99634],[-10.8395,7.99611],[-10.83988,7.9957],[-10.84016,7.99527],[-10.84044,7.99468],[-10.84093,7.99374],[-10.84106,7.99347]]},"properties":{"id":291613194,"cls":"trunk","hw":"trunk","tg":"na","name":"","ref":"","surface":"asphalt","sc":"paved","speed":null,"lit":"unk","km":8.81}},
{"type":"Feature","geometry":{"type":"LineString","coordinates":[[-10.77415,8.0269],[-10.77343,8.02743],[-10.77341,8.02744],[-10.77281,8.02781],[-10.77235,8.02798],[-10.77197,8.02806],[-10.77174,8.02813],[-10.77099,8.02818],[-10.77048,8.02813],[-10.76972,8.02795],[-10.76925,8.02773],[-10.76884,8.02745],[-10.76848,8.0271],[-10.76808,8.0267],[-10.76773,8.02626],[-10.76747,8.02582],[-10.76705,8.02469],[-10.76609,8.02113],[-10.76562,8.01993],[-10.76518,8.0191],[-10.7639,8.01695],[-10.76298,8.01525],[-10.76255,8.01454],[-10.76223,8.01399],[-10.76198,8.01353],[-10.76078,8.01141],[-10.7592,8.00842],[-10.7588,8.00765],[-10.75826,8.00659],[-10.7581,8.00627],[-10.75787,8.00571],[-10.75758,8.00492],[-10.75732,8.00397],[-10.7572,8.00356]]},"properties":{"id":291674666,"cls":"trunk","hw":"trunk","tg":"na","name":"","ref":"","surface":"asphalt","sc":"paved","speed":null,"lit":"unk","km":3.612}},
{"type":"Feature","geometry":{"type":"LineString","coordinates":[[-10.84646,7.99114],[-10.84603,7.99116],[-10.84558,7.99125],[-10.84544,7.99128],[-10.84404,7.99156],[-10.84346,7.99168],[-10.8432,7.99172],[-10.84298,7.99178]]},"properties":{"id":291674814,"cls":"trunk","hw":"trunk","tg":"na","name":"Benduma Road","ref":"","surface":"asphalt","sc":"paved","speed":null,"lit":"unk","km":0.39}},
{"type":"Feature","geometry":{"type":"LineString","coordinates":[[-11.175,7.80876],[-11.17592,7.80974]]},"properties":{"id":291696195,"cls":"trunk","hw":"trunk","tg":"na","name":"Kenema-Joru Highway","ref":"TAH 7","surface":"","sc":"unknown","speed":null,"lit":"unk","km":0.149}},
{"type":"Feature","geometry":{"type":"LineString","coordinates":[[-11.17592,7.80974],[-11.17619,7.81],[-11.1765,7.8103],[-11.17687,7.81065],[-11.17714,7.81096],[-11.17736,7.81125],[-11.17766,7.81175],[-11.17786,7.81218],[-11.17802,7.81272],[-11.17813,7.8132],[-11.17823,7.81373],[-11.1783,7.81418],[-11.17827,7.8145],[-11.17822,7.81485],[-11.1781,7.8155],[-11.17795,7.81639],[-11.17792,7.81655],[-11.1779,7.81674],[-11.17789,7.81687],[-11.1779,7.81705],[-11.17795,7.81726],[-11.17802,7.8175],[-11.17853,7.81866],[-11.17904,7.81971],[-11.17929,7.8204],[-11.17948,7.82102],[-11.17952,7.8212],[-11.17962,7.82157],[-11.17974,7.82224],[-11.17983,7.82264],[-11.18002,7.824],[-11.18025,7.82552],[-11.18037,7.82631],[-11.1804,7.82677],[-11.18041,7.82729],[-11.18042,7.82763],[-11.18039,7.82812],[-11.18039,7.82878],[-11.18048,7.8294],[-11.18057,7.82977],[-11.18069,7.83009],[-11.18083,7.83034],[-11.18106,7.83065],[-11.18128,7.83094],[-11.1816,7.8314],[-11.18177,7.83169],[-11.18194,7.83211],[-11.18201,7.83235],[-11.18203,7.83252],[-11.18203,7.83269],[-11.18201,7.83286],[-11.18199,7.83306],[-11.18196,7.83324],[-11.18183,7.8338],[-11.18169,7.83478],[-11.18168,7.83512],[-11.18171,7.83543],[-11.18194,7.83639],[-11.18207,7.83685],[-11.18218,7.83725],[-11.18225,7.83758],[-11.18235,7.83798],[-11.18244,7.83836],[-11.18248,7.8386],[-11.1825,7.83895],[-11.18252,7.83916],[-11.18252,7.83931],[-11.18252,7.83944],[-11.18254,7.83962],[-11.18256,7.83984],[-11.18256,7.84004],[-11.18255,7.84034],[-11.18254,7.84048],[-11.18252,7.84062],[-11.1825,7.84075],[-11.18248,7.84089],[-11.1824,7.84124],[-11.18234,7.84151],[-11.18232,7.84164],[-11.18228,7.84181],[-11.18217,7.84225],[-11.18211,7.84251],[-11.18203,7.84283],[-11.18192,7.84331],[-11.18189,7.8435],[-11.18188,7.84366],[-11.18188,7.84386],[-11.18189,7.84409],[-11.18192,7.84437],[-11.18196,7.84476],[-11.18199,7.84498],[-11.18204,7.84537],[-11.18205,7.84542],[-11.18215,7.84615],[-11.18218,7.8463],[-11.18222,7.84653],[-11.18226,7.84668],[-11.18226,7.84672],[-11.18234,7.84703],[-11.18237,7.84713],[-11.18246,7.84735],[-11.18256,7.84757],[-11.18265,7.84776],[-11.18274,7.84792],[-11.18285,7.84812],[-11.18306,7.84846],[-11.18326,7.84879],[-11.18346,7.84909],[-11.18361,7.84936],[-11.18378,7.84962],[-11.18387,7.84977],[-11.184,7.84992],[-11.18407,7.85001],[-11.18443,7.8504],[-11.18462,7.85065],[-11.18476,7.85085],[-11.18495,7.85114],[-11.1851,7.8514],[-11.18523,7.85166],[-11.18529,7.85181],[-11.18531,7.85189],[-11.18532,7.852],[-11.18536,7.85249],[-11.18538,7.85276],[-11.18541,7.85318],[-11.18544,7.85366],[-11.18545,7.85397],[-11.18544,7.85436],[-11.18538,7.85524],[-11.18538,7.8556],[-11.18538,7.8557],[-11.18533,7.85636],[-11.18532,7.85667],[-11.18531,7.85693],[-11.18533,7.85717],[-11.18536,7.85745],[-11.18539,7.85778],[-11.18543,7.85807],[-11.18549,7.85842],[-11.18554,7.85878],[-11.1856,7.85911],[-11.18562,7.85932],[-11.18563,7.85953],[-11.18564,7.85979],[-11.18563,7.86001],[-11.18563,7.86018],[-11.18562,7.86045],[-11.18561,7.8607],[-11.18559,7.86105],[-11.18563,7.8613],[-11.18567,7.86144],[-11.18573,7.86159],[-11.18583,7.86179],[-11.18593,7.86191],[-11.18603,7.86203],[-11.18611,7.86213]]},"properties":{"id":291696196,"cls":"trunk","hw":"trunk","tg":"na","name":"Kenema-Joru Highway","ref":"TAH 7","surface":"","sc":"unknown","speed":null,"lit":"unk","km":6.141}},
{"type":"Feature","geometry":{"type":"LineString","coordinates":[[-10.39717,8.39898],[-10.39708,8.39908],[-10.39646,8.39969],[-10.39548,8.40064],[-10.39497,8.40114],[-10.39436,8.4018],[-10.39356,8.40278],[-10.39338,8.40295],[-10.39319,8.4031],[-10.39283,8.40336],[-10.39258,8.4035],[-10.39232,8.4036],[-10.39141,8.40373],[-10.39077,8.40383],[-10.39034,8.40395],[-10.38974,8.40418],[-10.38832,8.40489],[-10.38699,8.40574],[-10.38494,8.40716],[-10.38452,8.40745],[-10.38387,8.40799],[-10.3834,8.40844],[-10.38293,8.40894],[-10.38261,8.40941],[-10.38228,8.40995],[-10.38214,8.41022],[-10.38202,8.41054],[-10.38183,8.41115],[-10.38168,8.41152],[-10.38122,8.41247],[-10.38099,8.4129],[-10.38087,8.41313],[-10.38071,8.41334],[-10.38048,8.41356],[-10.3799,8.4141],[-10.3798,8.41423],[-10.37973,8.41439],[-10.37961,8.41467],[-10.37934,8.41559],[-10.37901,8.4163],[-10.37884,8.41666],[-10.37867,8.41692],[-10.37845,8.41717],[-10.37805,8.41756],[-10.37728,8.41831],[-10.37683,8.41891],[-10.37659,8.41915],[-10.37634,8.41934],[-10.37558,8.41981],[-10.37469,8.42046],[-10.37422,8.42085],[-10.37386,8.42122],[-10.37307,8.42209],[-10.37294,8.4222],[-10.37278,8.42227],[-10.37182,8.42269],[-10.37149,8.42287],[-10.37065,8.42346],[-10.36981,8.4241],[-10.36963,8.42425],[-10.36917,8.42462],[-10.36904,8.42471],[-10.36869,8.42489],[-10.36842,8.42499],[-10.36806,8.42508],[-10.36758,8.42516],[-10.36657,8.42525],[-10.36645,8.42527],[-10.36634,8.42529],[-10.36561,8.42541],[-10.36538,8.42546],[-10.36479,8.4256],[-10.36387,8.42581],[-10.36338,8.426],[-10.36313,8.42616],[-10.36283,8.42638],[-10.36232,8.42683],[-10.36145,8.42759],[-10.36096,8.42808],[-10.36067,8.42841],[-10.36043,8.42873],[-10.36012,8.4292],[-10.35978,8.42979],[-10.35913,8.4307],[-10.35844,8.43176],[-10.35778,8.43268],[-10.35744,8.43312],[-10.35705,8.43352],[-10.35665,8.43393],[-10.35631,8.43437],[-10.35611,8.43474],[-10.35571,8.43553],[-10.35557,8.43584],[-10.35548,8.43605],[-10.35529,8.43645],[-10.35515,8.43682],[-10.3551,8.43698]]},"properties":{"id":292153901,"cls":"primary","hw":"primary","tg":"na","name":"","ref":"","surface":"unpaved","sc":"unpaved","speed":null,"lit":"unk","km":6.541}},
{"type":"Feature","geometry":{"type":"LineString","coordinates":[[-10.39722,8.39895],[-10.39717,8.39898]]},"properties":{"id":292153903,"cls":"trunk","hw":"trunk","tg":"na","name":"","ref":"","surface":"unpaved","sc":"unpaved","speed":null,"lit":"unk","km":0.006}},
{"type":"Feature","geometry":{"type":"LineString","coordinates":[[-10.4403,8.36254],[-10.44018,8.36283],[-10.43999,8.36332],[-10.43981,8.36363],[-10.43942,8.364],[-10.43889,8.36439],[-10.43849,8.36464],[-10.4382,8.36478],[-10.4377,8.365],[-10.4373,8.36512],[-10.43633,8.36541],[-10.43582,8.3656],[-10.43555,8.36566],[-10.43528,8.36564],[-10.43474,8.3655],[-10.43413,8.36544],[-10.43388,8.36548],[-10.43363,8.36558],[-10.43333,8.36579],[-10.43288,8.36614],[-10.43271,8.36635],[-10.43257,8.36655],[-10.43246,8.36675],[-10.43236,8.36699],[-10.43176,8.3683],[-10.43166,8.36841],[-10.43153,8.36852],[-10.43117,8.36875],[-10.4309,8.36889],[-10.43067,8.36905],[-10.43047,8.3692],[-10.43029,8.36936],[-10.43015,8.36956],[-10.42972,8.3702],[-10.42905,8.37121],[-10.42869,8.37185],[-10.42854,8.37206],[-10.4284,8.37221],[-10.42818,8.37237],[-10.42788,8.37258],[-10.42722,8.37297],[-10.42684,8.37324],[-10.42656,8.37343],[-10.42611,8.37362],[-10.42581,8.37376],[-10.42558,8.37384],[-10.42528,8.37391],[-10.42498,8.37403],[-10.42425,8.37443],[-10.42352,8.37494],[-10.4234,8.37505],[-10.42328,8.37523],[-10.42315,8.37548],[-10.42292,8.3759],[-10.42278,8.3761],[-10.42234,8.37676],[-10.4222,8.37706],[-10.42204,8.37748],[-10.42179,8.37799],[-10.42155,8.37837],[-10.42131,8.37865],[-10.42052,8.37942],[-10.42026,8.37963],[-10.4199,8.37984],[-10.41962,8.38003],[-10.41947,8.38016],[-10.41936,8.38035],[-10.41906,8.38091],[-10.41869,8.38145],[-10.41824,8.38199],[-10.41793,8.3824],[-10.4174,8.38326],[-10.41725,8.38357],[-10.41707,8.3838],[-10.41684,8.38394],[-10.41659,8.38406],[-10.4163,8.38418],[-10.41583,8.38426],[-10.41494,8.38443],[-10.41449,8.38453],[-10.41351,8.38479],[-10.41328,8.3848],[-10.41298,8.38477],[-10.41271,8.38468],[-10.41245,8.38457],[-10.41202,8.38439],[-10.4117,8.38425],[-10.41144,8.38415],[-10.41098,8.38413],[-10.41066,8.38409],[-10.4104,8.3841],[-10.41013,8.38416],[-10.40976,8.38434],[-10.40956,8.38443],[-10.40912,8.38469],[-10.40875,8.38485],[-10.4084,8.38501],[-10.40796,8.38525],[-10.40771,8.38538],[-10.40728,8.3856],[-10.40691,8.38587],[-10.40668,8.38599],[-10.40623,8.38613],[-10.406,8.38623],[-10.40586,8.38633],[-10.40576,8.38645],[-10.40566,8.38663],[-10.40557,8.3867],[-10.4054,8.38679],[-10.40508,8.38692],[-10.40493,8.38701],[-10.40466,8.38723],[-10.40453,8.38737],[-10.40436,8.38753],[-10.40397,8.38791],[-10.40361,8.38828],[-10.4035,8.38837],[-10.40319,8.38856],[-10.40268,8.38885],[-10.40232,8.38902],[-10.40185,8.3892],[-10.40091,8.38955],[-10.39983,8.38989],[-10.39838,8.39041],[-10.39756,8.39065],[-10.39697,8.39087],[-10.39669,8.39103],[-10.39639,8.39115],[-10.3959,8.39126]]},"properties":{"id":292293854,"cls":"primary","hw":"primary","tg":"na","name":"","ref":"","surface":"unpaved","sc":"unpaved","speed":null,"lit":"unk","km":6.258}},
{"type":"Feature","geometry":{"type":"LineString","coordinates":[[-10.44038,8.36231],[-10.4403,8.36254]]},"properties":{"id":292293857,"cls":"trunk","hw":"trunk","tg":"na","name":"","ref":"","surface":"unpaved","sc":"unpaved","speed":null,"lit":"unk","km":0.027}},
{"type":"Feature","geometry":{"type":"LineString","coordinates":[[-11.30778,7.31609],[-11.30777,7.31603]]},"properties":{"id":292420245,"cls":"trunk","hw":"trunk","tg":"na","name":"Joru-Zimmi Highway","ref":"TAH 7","surface":"","sc":"unknown","speed":null,"lit":"unk","km":0.007}},
{"type":"Feature","geometry":{"type":"LineString","coordinates":[[-11.30777,7.31603],[-11.30767,7.31563],[-11.30749,7.31486],[-11.30748,7.31481],[-11.30734,7.31425],[-11.30734,7.31423],[-11.30732,7.31415],[-11.30725,7.31387],[-11.3072,7.31364],[-11.30713,7.31344]]},"properties":{"id":292420246,"cls":"trunk","hw":"trunk","tg":"na","name":"Joru-Zimmi Highway","ref":"TAH 7","surface":"unpaved","sc":"unpaved","speed":null,"lit":"unk","km":0.297}},
{"type":"Feature","geometry":{"type":"LineString","coordinates":[[-11.15674,7.92143],[-11.15695,7.92133],[-11.15734,7.92115],[-11.15749,7.92107],[-11.15798,7.92084],[-11.15829,7.92069],[-11.1586,7.92054],[-11.1587,7.92048],[-11.15891,7.92037],[-11.15922,7.9201],[-11.1594,7.91994],[-11.15963,7.91974]]},"properties":{"id":292796019,"cls":"trunk","hw":"trunk","tg":"na","name":"","ref":"","surface":"paved","sc":"paved","speed":null,"lit":"unk","km":0.372}},
{"type":"Feature","geometry":{"type":"LineString","coordinates":[[-11.15963,7.91974],[-11.15972,7.91964]]},"properties":{"id":292802810,"cls":"trunk","hw":"trunk","tg":"na","name":"","ref":"","surface":"paved","sc":"paved","speed":null,"lit":"unk","km":0.015}},
{"type":"Feature","geometry":{"type":"LineString","coordinates":[[-10.84219,7.99208],[-10.84204,7.99219],[-10.84184,7.99236],[-10.84165,7.99255],[-10.84157,7.99264],[-10.84147,7.99278],[-10.84144,7.99284],[-10.84134,7.99299],[-10.84132,7.99302],[-10.84106,7.99347]]},"properties":{"id":292844430,"cls":"trunk","hw":"trunk","tg":"na","name":"","ref":"","surface":"asphalt","sc":"paved","speed":null,"lit":"unk","km":0.201}},
{"type":"Feature","geometry":{"type":"LineString","coordinates":[[-10.91682,7.98488],[-10.91509,7.98509],[-10.91458,7.9851],[-10.91428,7.98507],[-10.91396,7.98501],[-10.91361,7.98489],[-10.91326,7.98471],[-10.91289,7.98447],[-10.91257,7.98415],[-10.91238,7.98391],[-10.91219,7.98356],[-10.91192,7.98309],[-10.91125,7.98187],[-10.91085,7.98133],[-10.91048,7.98091],[-10.90976,7.98036],[-10.90851,7.97942],[-10.90774,7.97889],[-10.90726,7.97862],[-10.90521,7.97766],[-10.90436,7.97721],[-10.90334,7.9768],[-10.90252,7.97646],[-10.90195,7.97622],[-10.90138,7.97602],[-10.90083,7.9759],[-10.90025,7.97577],[-10.89963,7.97563],[-10.89908,7.97556],[-10.8985,7.97552],[-10.89789,7.97557],[-10.89717,7.97573],[-10.89516,7.97628],[-10.8943,7.97649],[-10.89372,7.97655],[-10.89314,7.9766],[-10.89215,7.97665],[-10.89113,7.97668],[-10.89031,7.97668],[-10.88952,7.97671],[-10.88889,7.97673],[-10.88784,7.97675],[-10.88719,7.97682],[-10.88679,7.97694],[-10.88629,7.97719],[-10.88595,7.97741],[-10.88557,7.97766],[-10.88483,7.97818],[-10.88436,7.97843],[-10.884,7.97853],[-10.88365,7.97858],[-10.88319,7.9786],[-10.88273,7.97855],[-10.88131,7.97825],[-10.88093,7.97818],[-10.88057,7.97819],[-10.88,7.9783],[-10.87898,7.97864],[-10.87769,7.9791],[-10.87608,7.97962],[-10.87491,7.97997],[-10.87422,7.98027],[-10.87355,7.9806],[-10.87054,7.98248],[-10.87011,7.98282],[-10.86972,7.98315],[-10.86918,7.98361],[-10.86872,7.98399],[-10.8684,7.98432],[-10.86795,7.98491],[-10.86756,7.98548],[-10.86713,7.98628],[-10.86649,7.98771],[-10.86624,7.98834],[-10.86607,7.98863],[-10.86597,7.98871],[-10.86582,7.98884],[-10.86566,7.98895],[-10.86532,7.98918],[-10.86504,7.98949],[-10.86475,7.98986],[-10.86447,7.9902],[-10.86415,7.99053],[-10.86314,7.99155],[-10.86272,7.99193],[-10.86246,7.99213],[-10.86211,7.99235],[-10.8619,7.99248],[-10.86156,7.99267],[-10.86104,7.99247],[-10.86052,7.99223],[-10.86021,7.99213],[-10.85996,7.99208],[-10.85967,7.99213],[-10.85939,7.99221],[-10.85909,7.99232],[-10.85881,7.99243],[-10.85852,7.99253],[-10.85695,7.99318],[-10.8563,7.99344],[-10.85579,7.99362],[-10.85547,7.99367],[-10.85521,7.99368],[-10.85498,7.99368],[-10.85476,7.99367],[-10.85454,7.99364],[-10.85437,7.9936],[-10.85414,7.99354],[-10.85373,7.99336],[-10.85342,7.99322],[-10.85318,7.99312],[-10.85304,7.99306],[-10.85289,7.99301],[-10.85269,7.99297]]},"properties":{"id":292873860,"cls":"trunk","hw":"trunk","tg":"na","name":"","ref":"","surface":"asphalt","sc":"paved","speed":null,"lit":"unk","km":8.224}},
{"type":"Feature","geometry":{"type":"LineString","coordinates":[[-11.16845,7.91009],[-11.16835,7.91029],[-11.16825,7.91042],[-11.16811,7.9106]]},"properties":{"id":292922928,"cls":"trunk","hw":"trunk","tg":"na","name":"Hangha Road","ref":"","surface":"paved","sc":"paved","speed":null,"lit":"unk","km":0.068}},
{"type":"Feature","geometry":{"type":"LineString","coordinates":[[-11.05143,8.04341],[-11.04978,8.04431],[-11.04838,8.04504],[-11.04776,8.04537],[-11.04702,8.04574],[-11.04636,8.04609],[-11.04565,8.04646],[-11.04459,8.04701],[-11.04352,8.04764],[-11.04293,8.04793],[-11.04239,8.0481],[-11.0421,8.04816],[-11.04172,8.0482],[-11.0412,8.04817],[-11.04053,8.04802],[-11.03944,8.04754],[-11.03866,8.04715],[-11.03815,8.04699],[-11.0377,8.04693],[-11.03714,8.04696],[-11.03673,8.04706],[-11.03633,8.0472],[-11.03591,8.04747],[-11.03525,8.04794],[-11.03469,8.04833],[-11.03439,8.04855],[-11.03401,8.04878],[-11.03363,8.04897],[-11.03322,8.04907],[-11.03266,8.0492],[-11.03132,8.04942],[-11.02995,8.04965],[-11.029,8.04979],[-11.02788,8.05003],[-11.02721,8.05023],[-11.02669,8.05043],[-11.02596,8.05075],[-11.02551,8.05099],[-11.02419,8.05179],[-11.02341,8.05224],[-11.02276,8.05261],[-11.02215,8.05287],[-11.02146,8.05307],[-11.02073,8.05316],[-11.02001,8.05313],[-11.0195,8.05304],[-11.01903,8.05289],[-11.01851,8.05266],[-11.01808,8.0524],[-11.0177,8.05212],[-11.01726,8.05174],[-11.01687,8.05136],[-11.01661,8.05113],[-11.01632,8.05086],[-11.01587,8.05043],[-11.01514,8.04974],[-11.0139,8.04858],[-11.01216,8.04697],[-11.01079,8.04567],[-11.00989,8.04484],[-11.0092,8.04423],[-11.00864,8.04386],[-11.00826,8.0437],[-11.00785,8.04355],[-11.00735,8.04347],[-11.00679,8.04346],[-11.00624,8.04352]]},"properties":{"id":292947281,"cls":"trunk","hw":"trunk","tg":"na","name":"","ref":"","surface":"","sc":"unknown","speed":null,"lit":"unk","km":5.684}},
{"type":"Feature","geometry":{"type":"LineString","coordinates":[[-11.10567,8.02673],[-11.10563,8.02675],[-11.10559,8.0268],[-11.10557,8.02685],[-11.10558,8.02691],[-11.10559,8.02694],[-11.10563,8.02699],[-11.1057,8.02702],[-11.10576,8.02701],[-11.10582,8.02698],[-11.10586,8.02692],[-11.10587,8.02686],[-11.10585,8.02679],[-11.1058,8.02675],[-11.10574,8.02672],[-11.10567,8.02673]]},"properties":{"id":292947282,"cls":"trunk","hw":"trunk","tg":"na","name":"","ref":"","surface":"unpaved","sc":"unpaved","speed":null,"lit":"unk","km":0.103}},
{"type":"Feature","geometry":{"type":"LineString","coordinates":[[-11.10104,8.02695],[-11.10038,8.02723],[-11.10004,8.02738],[-11.09976,8.02747],[-11.0995,8.02755],[-11.09904,8.02765],[-11.09742,8.02794],[-11.09712,8.028],[-11.09683,8.02803],[-11.0964,8.02805],[-11.09595,8.02802],[-11.0955,8.02792],[-11.09505,8.02778],[-11.09454,8.02752],[-11.09413,8.02721],[-11.09378,8.02687],[-11.09351,8.02657],[-11.09323,8.02609],[-11.093,8.02565],[-11.09256,8.02472],[-11.09215,8.02384],[-11.09185,8.02321],[-11.09138,8.02224],[-11.09131,8.02214],[-11.09113,8.02186],[-11.09092,8.02163]]},"properties":{"id":292947284,"cls":"trunk","hw":"trunk","tg":"na","name":"","ref":"","surface":"paved","sc":"paved","speed":null,"lit":"unk","km":1.52}},
{"type":"Feature","geometry":{"type":"LineString","coordinates":[[-11.09092,8.02163],[-11.09076,8.02148]]},"properties":{"id":292947285,"cls":"trunk","hw":"trunk","tg":"na","name":"","ref":"","surface":"paved","sc":"paved","speed":null,"lit":"unk","km":0.024}},
{"type":"Feature","geometry":{"type":"LineString","coordinates":[[-11.08157,8.19582],[-11.08161,8.19569]]},"properties":{"id":292947286,"cls":"primary","hw":"primary","tg":"na","name":"","ref":"","surface":"unpaved","sc":"unpaved","speed":null,"lit":"unk","km":0.015}},
{"type":"Feature","geometry":{"type":"LineString","coordinates":[[-11.10129,8.02682],[-11.10104,8.02695]]},"properties":{"id":292947287,"cls":"trunk","hw":"trunk","tg":"na","name":"Kenja Bridge","ref":"","surface":"paved","sc":"paved","speed":null,"lit":"unk","km":0.031}},
{"type":"Feature","geometry":{"type":"LineString","coordinates":[[-11.10585,8.02679],[-11.10586,8.02663],[-11.10588,8.0265]]},"properties":{"id":292947288,"cls":"trunk","hw":"trunk","tg":"na","name":"","ref":"","surface":"unpaved","sc":"unpaved","speed":null,"lit":"unk","km":0.032}},
{"type":"Feature","geometry":{"type":"LineString","coordinates":[[-11.10559,8.02694],[-11.10557,8.02708],[-11.10551,8.02732]]},"properties":{"id":292947289,"cls":"primary","hw":"primary","tg":"na","name":"","ref":"","surface":"unpaved","sc":"unpaved","speed":null,"lit":"unk","km":0.043}},
{"type":"Feature","geometry":{"type":"LineString","coordinates":[[-11.10551,8.02732],[-11.10566,8.02712],[-11.10576,8.02701]]},"properties":{"id":292947290,"cls":"primary","hw":"primary","tg":"na","name":"","ref":"","surface":"unpaved","sc":"unpaved","speed":null,"lit":"unk","km":0.044}},
{"type":"Feature","geometry":{"type":"LineString","coordinates":[[-11.10588,8.0265],[-11.10576,8.02663],[-11.10567,8.02673]]},"properties":{"id":292947291,"cls":"trunk","hw":"trunk","tg":"na","name":"","ref":"","surface":"unpaved","sc":"unpaved","speed":null,"lit":"unk","km":0.034}},
{"type":"Feature","geometry":{"type":"LineString","coordinates":[[-11.1053,8.02676],[-11.1054,8.02684],[-11.10548,8.02688],[-11.10558,8.02691]]},"properties":{"id":292947292,"cls":"trunk","hw":"trunk","tg":"na","name":"","ref":"","surface":"unpaved","sc":"unpaved","speed":null,"lit":"unk","km":0.036}},
{"type":"Feature","geometry":{"type":"LineString","coordinates":[[-11.10563,8.02675],[-11.10551,8.02675],[-11.1054,8.02676],[-11.1053,8.02676]]},"properties":{"id":292947293,"cls":"trunk","hw":"trunk","tg":"na","name":"","ref":"","surface":"unpaved","sc":"unpaved","speed":null,"lit":"unk","km":0.036}},
{"type":"Feature","geometry":{"type":"LineString","coordinates":[[-11.09076,8.02148],[-11.09068,8.02143],[-11.09041,8.02126],[-11.09033,8.02122],[-11.09005,8.02108],[-11.08968,8.02096],[-11.08928,8.0209],[-11.08878,8.0209],[-11.08841,8.02095],[-11.08814,8.02101],[-11.08746,8.02132],[-11.08683,8.0217],[-11.08627,8.02194],[-11.08566,8.02215],[-11.08508,8.02226],[-11.08453,8.02231],[-11.08387,8.02229],[-11.08317,8.02219],[-11.08284,8.02211],[-11.08234,8.02199],[-11.08207,8.02193],[-11.08169,8.02185],[-11.08122,8.02177],[-11.08084,8.02176],[-11.08019,8.02178],[-11.07998,8.0218],[-11.07874,8.0219],[-11.07792,8.02195],[-11.07735,8.02203],[-11.0768,8.0222],[-11.07636,8.02243],[-11.07594,8.02271],[-11.07547,8.02315],[-11.07509,8.02356],[-11.07474,8.02397],[-11.07427,8.02438],[-11.07367,8.02476],[-11.07307,8.02504],[-11.06951,8.02641],[-11.06704,8.02738],[-11.06633,8.02769],[-11.06586,8.02795],[-11.06532,8.02828],[-11.06483,8.02862],[-11.06454,8.02889],[-11.06425,8.02919],[-11.06385,8.02972],[-11.06344,8.03032],[-11.06311,8.03101],[-11.06291,8.03158],[-11.06274,8.03216],[-11.06265,8.0325],[-11.06254,8.03295],[-11.06236,8.03359],[-11.06222,8.034],[-11.06194,8.0346],[-11.06157,8.03519],[-11.06121,8.03566],[-11.0607,8.03627],[-11.05969,8.0374],[-11.05906,8.03817],[-11.05782,8.03956],[-11.05729,8.04016],[-11.05671,8.0407],[-11.05627,8.04105],[-11.05591,8.04131],[-11.05537,8.04162],[-11.05498,8.04182],[-11.05439,8.04207],[-11.053,8.04263],[-11.05266,8.04279],[-11.05229,8.04296],[-11.05143,8.04341]]},"properties":{"id":292947294,"cls":"trunk","hw":"trunk","tg":"na","name":"","ref":"","surface":"paved","sc":"paved","speed":null,"lit":"unk","km":5.409}},
{"type":"Feature","geometry":{"type":"LineString","coordinates":[[-11.08161,8.19569],[-11.08162,8.19561],[-11.08163,8.19542],[-11.08159,8.19517],[-11.08144,8.1948],[-11.08127,8.19455],[-11.08097,8.19421],[-11.08039,8.19365],[-11.08018,8.19341],[-11.08003,8.19313],[-11.07996,8.19279],[-11.07985,8.19201],[-11.07975,8.19155],[-11.07966,8.19117],[-11.07952,8.19088],[-11.0793,8.19061],[-11.07901,8.1903],[-11.0788,8.19003],[-11.07864,8.18979],[-11.07853,8.18955],[-11.0784,8.18931],[-11.07835,8.18914],[-11.07837,8.18901],[-11.07853,8.1888],[-11.07896,8.18802],[-11.07937,8.18734],[-11.07975,8.1866],[-11.0799,8.18641],[-11.0801,8.18621],[-11.08041,8.18579],[-11.08058,8.18547],[-11.08066,8.18521],[-11.0807,8.18484],[-11.08075,8.18446],[-11.08078,8.18407],[-11.08081,8.18371],[-11.08081,8.18337],[-11.08084,8.18324],[-11.08089,8.18311],[-11.08129,8.18241],[-11.08149,8.18199],[-11.08185,8.18125],[-11.08199,8.18097],[-11.08216,8.18069],[-11.08268,8.18016],[-11.08316,8.17957],[-11.08358,8.17901],[-11.0838,8.17867],[-11.08408,8.17815],[-11.0844,8.17758],[-11.08479,8.17675],[-11.08494,8.17635],[-11.08502,8.17613],[-11.08511,8.17596],[-11.0852,8.17581],[-11.08534,8.17562],[-11.08578,8.17514],[-11.08603,8.17483],[-11.08624,8.17453],[-11.08648,8.1742],[-11.08666,8.17389],[-11.08679,8.17364],[-11.08687,8.17331],[-11.08725,8.17153],[-11.08742,8.17094],[-11.08756,8.17058],[-11.08765,8.17024],[-11.08783,8.16954],[-11.08809,8.1687],[-11.08821,8.16838],[-11.08837,8.16792],[-11.08848,8.16754],[-11.0886,8.16704],[-11.08873,8.16655],[-11.08878,8.16635],[-11.08887,8.1659],[-11.08907,8.16512],[-11.08931,8.16418],[-11.08945,8.16367],[-11.08958,8.16318],[-11.08977,8.16239],[-11.08989,8.16177],[-11.09003,8.16095],[-11.09011,8.16051],[-11.09019,8.16018],[-11.09026,8.16001],[-11.09035,8.15987],[-11.09079,8.15931],[-11.09105,8.15902],[-11.09129,8.15883],[-11.09211,8.15832],[-11.09257,8.15801],[-11.09279,8.15781],[-11.09288,8.15769]]},"properties":{"id":292947296,"cls":"primary","hw":"primary","tg":"na","name":"","ref":"","surface":"unpaved","sc":"unpaved","speed":null,"lit":"unk","km":4.785}},
{"type":"Feature","geometry":{"type":"LineString","coordinates":[[-11.05283,8.27304],[-11.0528,8.27285],[-11.05273,8.27268],[-11.0527,8.27256],[-11.05271,8.2725],[-11.05276,8.2724],[-11.05279,8.27227],[-11.05282,8.27219],[-11.05284,8.27199],[-11.05288,8.27182],[-11.05301,8.27148],[-11.05304,8.27137],[-11.05304,8.27124],[-11.053,8.27095],[-11.0529,8.27027],[-11.05268,8.26932],[-11.05262,8.2689],[-11.05263,8.26833],[-11.05272,8.26692],[-11.05278,8.26622],[-11.05281,8.26599],[-11.05306,8.26512],[-11.05328,8.26437],[-11.0534,8.26403],[-11.05407,8.26301],[-11.05454,8.26215],[-11.05461,8.26197],[-11.0547,8.26175],[-11.05479,8.26132],[-11.0548,8.26093],[-11.05483,8.2608],[-11.05488,8.26068],[-11.05497,8.2604],[-11.05504,8.26015],[-11.05517,8.25989],[-11.05545,8.25938],[-11.05573,8.25881],[-11.05593,8.25835],[-11.05601,8.25813],[-11.05612,8.25795],[-11.05637,8.25767],[-11.05661,8.25746],[-11.05698,8.25722],[-11.05719,8.25707],[-11.05741,8.25682],[-11.05763,8.25646],[-11.05787,8.25615],[-11.05813,8.25588],[-11.05839,8.25569],[-11.05873,8.25553],[-11.0592,8.25535],[-11.05971,8.25517],[-11.05989,8.25505],[-11.06,8.25491],[-11.06019,8.25457],[-11.06036,8.25403],[-11.06047,8.25345],[-11.06062,8.25298],[-11.06067,8.25265],[-11.06063,8.25225],[-11.06057,8.25194],[-11.06048,8.25155],[-11.06039,8.25131],[-11.06031,8.25111],[-11.06015,8.25085],[-11.06003,8.25066],[-11.05962,8.25013],[-11.05912,8.24942],[-11.05898,8.24922],[-11.05882,8.24893],[-11.05871,8.2487],[-11.05866,8.2485],[-11.05862,8.24768],[-11.05859,8.24691],[-11.05861,8.24625],[-11.05867,8.246],[-11.05884,8.24572],[-11.05901,8.24548],[-11.05907,8.24528],[-11.05924,8.2446],[-11.05933,8.2441],[-11.05934,8.24373],[-11.05924,8.24324],[-11.05914,8.24286],[-11.05864,8.2418],[-11.05845,8.2414],[-11.05826,8.24112],[-11.05804,8.24085],[-11.05775,8.24062],[-11.05748,8.24047],[-11.05725,8.24035],[-11.057,8.24028],[-11.05681,8.24025],[-11.05667,8.24023],[-11.05655,8.24021],[-11.05617,8.24018],[-11.05568,8.24022],[-11.0553,8.24023],[-11.05504,8.24021],[-11.05478,8.24012],[-11.05451,8.23996],[-11.05387,8.23941],[-11.05344,8.23897],[-11.05313,8.23862],[-11.05285,8.23819],[-11.05272,8.23796],[-11.05249,8.23771],[-11.05216,8.23741]]},"properties":{"id":292986375,"cls":"primary","hw":"primary","tg":"na","name":"","ref":"","surface":"unpaved","sc":"unpaved","speed":null,"lit":"unk","km":4.816}},
{"type":"Feature","geometry":{"type":"LineString","coordinates":[[-11.05216,8.23741],[-11.0515,8.23688],[-11.05122,8.2366],[-11.05095,8.23626],[-11.05062,8.23577],[-11.05032,8.23508],[-11.05009,8.23464],[-11.04997,8.23439],[-11.04994,8.2342],[-11.04995,8.23405],[-11.05001,8.2339],[-11.05021,8.23363],[-11.05042,8.2334],[-11.05057,8.23321],[-11.05068,8.23296],[-11.05071,8.23277],[-11.05071,8.23247],[-11.05067,8.23214],[-11.05058,8.23186],[-11.05035,8.23139],[-11.05019,8.2311],[-11.05011,8.23091],[-11.05008,8.2307],[-11.0501,8.23049],[-11.05013,8.23029],[-11.05031,8.22981],[-11.0506,8.22899],[-11.05077,8.22853],[-11.05092,8.22803],[-11.05105,8.22761],[-11.05132,8.22672],[-11.05191,8.22595]]},"properties":{"id":292986376,"cls":"primary","hw":"primary","tg":"na","name":"","ref":"","surface":"unpaved","sc":"unpaved","speed":null,"lit":"unk","km":1.442}},
{"type":"Feature","geometry":{"type":"LineString","coordinates":[[-11.08373,8.59327],[-11.08385,8.5932]]},"properties":{"id":292986377,"cls":"primary","hw":"primary","tg":"na","name":"","ref":"","surface":"unpaved","sc":"unpaved","speed":null,"lit":"unk","km":0.015}},
{"type":"Feature","geometry":{"type":"LineString","coordinates":[[-11.08924,8.54984],[-11.08943,8.54954],[-11.08952,8.54938],[-11.08962,8.54918],[-11.08964,8.54912],[-11.08975,8.5489],[-11.08976,8.54887],[-11.08985,8.54869],[-11.09001,8.54839],[-11.09024,8.54789],[-11.09032,8.54774],[-11.09051,8.54737],[-11.0906,8.54715],[-11.09064,8.54699],[-11.09069,8.54683],[-11.0907,8.54667],[-11.0907,8.54642],[-11.09068,8.5458],[-11.09067,8.54562],[-11.09068,8.54552],[-11.09071,8.54542],[-11.09072,8.54527],[-11.09071,8.54514],[-11.0907,8.54502],[-11.09062,8.54456],[-11.09061,8.54451],[-11.09053,8.54416],[-11.09048,8.54399],[-11.09046,8.54392],[-11.0904,8.54368],[-11.09029,8.54335],[-11.09015,8.54292],[-11.09013,8.54269],[-11.09013,8.54243],[-11.09017,8.54207],[-11.0902,8.54184],[-11.0902,8.5417],[-11.09016,8.54145],[-11.09014,8.5414],[-11.09011,8.5413],[-11.09007,8.54117],[-11.09003,8.54111],[-11.08998,8.54101],[-11.08988,8.54072],[-11.08977,8.54034],[-11.08974,8.54014],[-11.08975,8.54],[-11.08982,8.53982],[-11.08993,8.53957],[-11.09004,8.53934],[-11.0902,8.53908],[-11.09036,8.53889],[-11.09083,8.5385],[-11.09106,8.53827],[-11.09128,8.53809],[-11.0915,8.53797],[-11.09182,8.53785],[-11.09212,8.53777],[-11.09247,8.53772],[-11.09265,8.53766],[-11.09281,8.53759],[-11.09303,8.53748],[-11.09326,8.53734],[-11.09342,8.53721],[-11.09353,8.53709],[-11.09393,8.53663],[-11.09415,8.53634],[-11.09448,8.53584],[-11.09479,8.53541],[-11.09527,8.53482],[-11.09549,8.53453],[-11.09568,8.53424],[-11.09579,8.53403],[-11.0959,8.53376],[-11.09605,8.53335],[-11.09622,8.533],[-11.09679,8.53164],[-11.09719,8.53064],[-11.09731,8.53033],[-11.09736,8.53018],[-11.0974,8.52998],[-11.09742,8.52975],[-11.09739,8.52957],[-11.09723,8.52875],[-11.09719,8.52848],[-11.09719,8.52826],[-11.09722,8.52802],[-11.0973,8.52769],[-11.09744,8.52731],[-11.09748,8.52709],[-11.09751,8.52688],[-11.0975,8.52656],[-11.0975,8.52637],[-11.09754,8.52609],[-11.0976,8.52573],[-11.09764,8.52536],[-11.09769,8.52499],[-11.09774,8.5246],[-11.09784,8.52417],[-11.09793,8.52394],[-11.09797,8.52379],[-11.09798,8.52365],[-11.09796,8.52349],[-11.09789,8.52322],[-11.09776,8.52295],[-11.09769,8.52275],[-11.09766,8.52259],[-11.09768,8.52243],[-11.09776,8.52213],[-11.09797,8.52127],[-11.09815,8.52075],[-11.09837,8.52004],[-11.09852,8.51949],[-11.0986,8.5192],[-11.09866,8.51886],[-11.09871,8.51856],[-11.09878,8.51812],[-11.09877,8.51778],[-11.0988,8.51724],[-11.09877,8.51694],[-11.09871,8.51667],[-11.09864,8.51644],[-11.09858,8.51617],[-11.09857,8.51591],[-11.09858,8.51542],[-11.09857,8.51495],[-11.09854,8.51454],[-11.0985,8.51421],[-11.09845,8.51383],[-11.09846,8.51345],[-11.09848,8.51313],[-11.09852,8.51276],[-11.09868,8.51215],[-11.09885,8.51143],[-11.09895,8.51088],[-11.09897,8.51066],[-11.09895,8.51045],[-11.09889,8.51026],[-11.09875,8.51],[-11.09852,8.50952],[-11.09837,8.50916],[-11.09829,8.50893],[-11.09822,8.50866],[-11.09808,8.50823],[-11.09801,8.50812],[-11.09793,8.50804],[-11.09777,8.50795],[-11.09759,8.50777],[-11.09752,8.50767],[-11.0975,8.50758],[-11.09748,8.50746],[-11.09751,8.50721],[-11.09753,8.5069],[-11.0975,8.50665],[-11.09749,8.5064],[-11.09754,8.50623],[-11.09761,8.50609],[-11.09766,8.50598],[-11.09768,8.50588],[-11.09772,8.50553],[-11.09776,8.50528],[-11.09777,8.50512],[-11.09776,8.50497],[-11.09771,8.50476],[-11.09771,8.50458],[-11.09774,8.50438],[-11.09787,8.50403],[-11.09801,8.50371],[-11.09807,8.50352],[-11.09808,8.50333],[-11.09807,8.50312],[-11.09796,8.50229],[-11.09787,8.50136],[-11.09783,8.50068],[-11.09781,8.50036],[-11.09774,8.50002],[-11.09728,8.4989],[-11.09712,8.49841],[-11.097,8.498],[-11.09684,8.49724],[-11.09677,8.49671],[-11.09671,8.49571],[-11.09666,8.49533],[-11.09653,8.49482],[-11.09647,8.49456],[-11.09645,8.49428],[-11.09635,8.49286],[-11.09634,8.49262],[-11.09637,8.49238],[-11.09662,8.49146],[-11.09692,8.49039],[-11.09715,8.48956],[-11.09723,8.48902],[-11.09722,8.48882],[-11.09716,8.48866],[-11.09696,8.48838],[-11.09655,8.48769],[-11.09601,8.48674],[-11.09593,8.48654],[-11.09588,8.48636],[-11.09562,8.4841],[-11.09553,8.48358],[-11.09537,8.483],[-11.0951,8.48177],[-11.09494,8.48081],[-11.09498,8.48051],[-11.09505,8.48019],[-11.09515,8.47988],[-11.09542,8.47933],[-11.09565,8.47888],[-11.0958,8.47859],[-11.09599,8.47833],[-11.09619,8.47816],[-11.09637,8.47797],[-11.0965,8.47777],[-11.09686,8.47705],[-11.09716,8.47658],[-11.09771,8.47556],[-11.09791,8.47509],[-11.09806,8.47464],[-11.09816,8.47414],[-11.09824,8.47371],[-11.09828,8.47322],[-11.09825,8.47217],[-11.09827,8.47156],[-11.09837,8.47116],[-11.09852,8.47085],[-11.09872,8.47049],[-11.09895,8.47],[-11.09924,8.46917],[-11.09933,8.46873],[-11.09946,8.46817],[-11.0995,8.46789],[-11.09954,8.46738],[-11.09957,8.46696],[-11.09957,8.46663],[-11.09948,8.46621],[-11.09938,8.46579],[-11.09931,8.46534],[-11.09932,8.46493],[-11.09935,8.46456],[-11.09938,8.46418],[-11.09939,8.46377],[-11.09936,8.46346],[-11.09933,8.46309],[-11.09931,8.46264],[-11.09934,8.46217],[-11.09934,8.46152],[-11.09937,8.46105],[-11.09935,8.45999],[-11.09933,8.45969],[-11.09929,8.45936],[-11.09894,8.45806],[-11.09877,8.45748],[-11.09871,8.45719],[-11.09868,8.45693],[-11.0985,8.45557],[-11.0985,8.45512],[-11.09852,8.45432],[-11.09852,8.45384],[-11.09848,8.45331],[-11.09846,8.45302],[-11.09849,8.45272],[-11.09861,8.45208],[-11.09878,8.45122],[-11.099,8.45056],[-11.09908,8.45026],[-11.09912,8.44998],[-11.09911,8.44977],[-11.09905,8.44953],[-11.09896,8.4492],[-11.09894,8.44902],[-11.09894,8.44882],[-11.09906,8.44824],[-11.09916,8.4478],[-11.0993,8.44746],[-11.09993,8.44612],[-11.1005,8.44504],[-11.10068,8.44477],[-11.10078,8.44467],[-11.1009,8.44456],[-11.10111,8.44443],[-11.10139,8.44435],[-11.10161,8.44431],[-11.10175,8.44425],[-11.10185,8.44416],[-11.10192,8.44402],[-11.10197,8.44375],[-11.10206,8.44344],[-11.10224,8.44305],[-11.10266,8.44206],[-11.1029,8.44163],[-11.10306,8.44133],[-11.10352,8.4403],[-11.10383,8.43956],[-11.10406,8.43906],[-11.10434,8.43865],[-11.10465,8.43826],[-11.10498,8.43791],[-11.10522,8.43758],[-11.10542,8.43721],[-11.10561,8.43688],[-11.10574,8.4367],[-11.10589,8.43655],[-11.10685,8.43589],[-11.10733,8.4355],[-11.10752,8.43529],[-11.10763,8.43506],[-11.10769,8.43469],[-11.10777,8.43415],[-11.1079,8.43302],[-11.10809,8.43214],[-11.10835,8.43136],[-11.10862,8.43071],[-11.10912,8.4296],[-11.1093,8.4292],[-11.10952,8.42886],[-11.11001,8.42813],[-11.11036,8.42754],[-11.11068,8.42699],[-11.1109,8.42653],[-11.11112,8.42593],[-11.11117,8.42574],[-11.11119,8.42553],[-11.11119,8.42532],[-11.11114,8.42486],[-11.11108,8.4244],[-11.11103,8.42421],[-11.11097,8.42406],[-11.1109,8.42394]]},"properties":{"id":292986378,"cls":"primary","hw":"primary","tg":"na","name":"","ref":"","surface":"unpaved","sc":"unpaved","speed":null,"lit":"unk","km":15.147}},
{"type":"Feature","geometry":{"type":"LineString","coordinates":[[-11.1109,8.42394],[-11.11029,8.42359],[-11.1086,8.42279],[-11.1081,8.42254],[-11.10794,8.42244],[-11.10778,8.42233],[-11.10765,8.42218],[-11.10756,8.42198],[-11.10744,8.42162],[-11.10726,8.42025],[-11.10716,8.41977],[-11.10707,8.41954],[-11.10697,8.41938],[-11.10649,8.41889],[-11.1062,8.41858],[-11.10574,8.41809],[-11.10548,8.41794],[-11.10526,8.41785],[-11.10498,8.41779],[-11.10466,8.41767],[-11.10381,8.41729],[-11.10352,8.41712],[-11.10326,8.41686],[-11.10272,8.41614],[-11.10223,8.41555],[-11.10176,8.4151],[-11.10138,8.41487],[-11.1009,8.41466],[-11.10036,8.41447],[-11.10015,8.41437],[-11.09995,8.4142],[-11.0997,8.41389],[-11.09941,8.41344],[-11.09921,8.41302],[-11.09914,8.41275],[-11.0991,8.4124],[-11.09914,8.41162],[-11.09922,8.41083],[-11.09921,8.41051],[-11.09914,8.41021],[-11.09899,8.40993],[-11.09876,8.40963],[-11.09848,8.40937],[-11.09828,8.40924],[-11.09805,8.40909],[-11.09777,8.409],[-11.09686,8.40865],[-11.09641,8.40846],[-11.09619,8.40837],[-11.09592,8.40828],[-11.09497,8.40798],[-11.09441,8.40781],[-11.09305,8.40752],[-11.09179,8.4072],[-11.0913,8.4071],[-11.09097,8.40704],[-11.09085,8.40702],[-11.09024,8.4069],[-11.08926,8.40677],[-11.08915,8.40676],[-11.08876,8.4067],[-11.08827,8.40657],[-11.08805,8.40649],[-11.08792,8.40645],[-11.08779,8.40639],[-11.08756,8.4063],[-11.0873,8.40622],[-11.08567,8.40573],[-11.08479,8.40549],[-11.08443,8.40535],[-11.08378,8.40504],[-11.08299,8.40472],[-11.0826,8.40459],[-11.08227,8.40456],[-11.08199,8.40458],[-11.0816,8.4047],[-11.08022,8.40523],[-11.07967,8.40543],[-11.07917,8.40554],[-11.07869,8.40559],[-11.07788,8.40562],[-11.07718,8.40567],[-11.07672,8.40569],[-11.0763,8.40565],[-11.07583,8.40556],[-11.07549,8.40546],[-11.07528,8.40533],[-11.07493,8.40509],[-11.07445,8.40469],[-11.07406,8.4043],[-11.07355,8.40392],[-11.07315,8.40367],[-11.07277,8.40345],[-11.07235,8.40312],[-11.07191,8.40273],[-11.07168,8.40246],[-11.07137,8.40206],[-11.07089,8.40151],[-11.0704,8.40086],[-11.07005,8.40049],[-11.0697,8.40012],[-11.0695,8.39993],[-11.06918,8.39972],[-11.06876,8.39951],[-11.06836,8.39936],[-11.06807,8.39921],[-11.06771,8.39895],[-11.06725,8.39858],[-11.06687,8.3983],[-11.06644,8.39805],[-11.06619,8.39793],[-11.06586,8.39782],[-11.06506,8.39765],[-11.06478,8.39755],[-11.06455,8.39742],[-11.06435,8.39724],[-11.06394,8.39684],[-11.06356,8.39653],[-11.06335,8.39639],[-11.06312,8.39631],[-11.06285,8.39628],[-11.06191,8.39628],[-11.06166,8.39629],[-11.06147,8.39627],[-11.06127,8.39622],[-11.061,8.39614],[-11.06066,8.39608],[-11.06038,8.39599],[-11.06005,8.39585],[-11.05984,8.3957],[-11.05963,8.39549],[-11.05936,8.39515],[-11.05907,8.39467],[-11.05875,8.39409],[-11.05863,8.39385],[-11.05858,8.39367],[-11.05854,8.39343],[-11.05848,8.39307],[-11.05836,8.39265],[-11.05814,8.39212],[-11.05801,8.39187],[-11.05774,8.39146],[-11.05738,8.39102],[-11.05712,8.39068],[-11.05695,8.39042],[-11.05673,8.38997],[-11.05652,8.38947],[-11.05635,8.38891],[-11.0561,8.38806],[-11.05593,8.38731],[-11.05585,8.38679],[-11.0558,8.38628],[-11.05582,8.38588],[-11.05586,8.38534],[-11.05588,8.38501],[-11.05586,8.38465],[-11.05575,8.38395],[-11.05565,8.38349],[-11.05548,8.3829],[-11.05532,8.38239],[-11.05524,8.38205],[-11.0552,8.38169],[-11.05517,8.38121],[-11.05513,8.38054],[-11.05512,8.38006],[-11.05514,8.37979],[-11.05518,8.37957],[-11.05521,8.37943],[-11.05524,8.37929],[-11.05524,8.37912],[-11.05526,8.37881],[-11.05524,8.37835],[-11.05522,8.378],[-11.05521,8.37767],[-11.05526,8.37741],[-11.05537,8.37719],[-11.05551,8.37698],[-11.05561,8.37689],[-11.05572,8.37681],[-11.05589,8.37673],[-11.05617,8.3766],[-11.05644,8.37648],[-11.05694,8.37623],[-11.05743,8.37595],[-11.05766,8.3758],[-11.05805,8.37533],[-11.05828,8.37499],[-11.05842,8.37476],[-11.05855,8.37451],[-11.05866,8.37417],[-11.05887,8.37342],[-11.05889,8.37325],[-11.05889,8.37311],[-11.05885,8.37276],[-11.05876,8.37221],[-11.05869,8.37199],[-11.05864,8.3718],[-11.05858,8.37154],[-11.05846,8.37128],[-11.05831,8.37095],[-11.05815,8.37054],[-11.05802,8.37021],[-11.0579,8.36989],[-11.05782,8.36952],[-11.05775,8.36907],[-11.0577,8.3685],[-11.0577,8.3678],[-11.05764,8.36731],[-11.05765,8.36685],[-11.05771,8.36597],[-11.05778,8.36534],[-11.05789,8.36472],[-11.05805,8.36401],[-11.05811,8.36368],[-11.05815,8.36333],[-11.05814,8.36293],[-11.05809,8.36248],[-11.05804,8.36205],[-11.05805,8.36167],[-11.05807,8.36111],[-11.05809,8.36081],[-11.05808,8.3606],[-11.0581,8.36038],[-11.05814,8.36016],[-11.05825,8.35979],[-11.05844,8.3592],[-11.05875,8.35837],[-11.05888,8.35799],[-11.05894,8.35772],[-11.05902,8.35728],[-11.05911,8.3569],[-11.05923,8.35643],[-11.05931,8.35603],[-11.05946,8.35535],[-11.05957,8.3549],[-11.05963,8.35451],[-11.05968,8.35399],[-11.05974,8.35326],[-11.05974,8.35266],[-11.05982,8.3521],[-11.05992,8.35158],[-11.06001,8.35107],[-11.06013,8.3505],[-11.06029,8.34991],[-11.06035,8.34962],[-11.06039,8.34928],[-11.06043,8.34884],[-11.06049,8.34826],[-11.06058,8.34766],[-11.06071,8.34701],[-11.0608,8.34665],[-11.06094,8.34634],[-11.06141,8.34567],[-11.0617,8.34531],[-11.06187,8.34505],[-11.06206,8.3447],[-11.06241,8.34403],[-11.06268,8.34355],[-11.0631,8.34292],[-11.06324,8.34265],[-11.06331,8.34241],[-11.06332,8.34223],[-11.06329,8.34201],[-11.06325,8.3417],[-11.06316,8.34125],[-11.06306,8.34055],[-11.06304,8.33995],[-11.06294,8.33922],[-11.06291,8.33871],[-11.06291,8.33811],[-11.06288,8.33768],[-11.06286,8.33723],[-11.06278,8.33665],[-11.06262,8.33593],[-11.06252,8.33526],[-11.06245,8.33451],[-11.06243,8.33412],[-11.06242,8.33362],[-11.0624,8.33313],[-11.06236,8.33294],[-11.06229,8.33272],[-11.06211,8.33221],[-11.062,8.33185],[-11.0618,8.33132],[-11.06169,8.33104],[-11.06158,8.33087],[-11.06142,8.3307],[-11.06097,8.33035],[-11.06071,8.33012],[-11.06043,8.32984],[-11.06026,8.32964],[-11.06014,8.32931],[-11.06007,8.32891],[-11.06006,8.32853],[-11.06017,8.32777],[-11.06025,8.32747],[-11.06038,8.32712],[-11.06054,8.32682],[-11.06076,8.32654],[-11.06094,8.32638],[-11.06112,8.32626],[-11.0614,8.32614],[-11.06192,8.32591],[-11.06258,8.32558],[-11.06309,8.32526],[-11.06345,8.32493],[-11.06363,8.32467],[-11.06376,8.32439],[-11.06384,8.32411],[-11.06388,8.32386],[-11.06393,8.32356],[-11.06396,8.32333],[-11.06399,8.32312],[-11.06406,8.32287],[-11.06413,8.32257],[-11.06413,8.32227],[-11.06405,8.32191],[-11.064,8.32143],[-11.06396,8.32114],[-11.06389,8.32088],[-11.06369,8.32067],[-11.06345,8.32051],[-11.06324,8.32043],[-11.0629,8.32037],[-11.06269,8.32033],[-11.06256,8.32029],[-11.06234,8.32017],[-11.06193,8.31983],[-11.06163,8.31957],[-11.06146,8.31932],[-11.06131,8.31895],[-11.06114,8.31869],[-11.06076,8.31832],[-11.06048,8.31804],[-11.05997,8.31739],[-11.05981,8.31715],[-11.05971,8.31689],[-11.05951,8.31635],[-11.05939,8.31602],[-11.05895,8.31517],[-11.05844,8.31426],[-11.05797,8.31327],[-11.0577,8.31281],[-11.05739,8.31248],[-11.05726,8.31233],[-11.05708,8.31216]]},"properties":{"id":292986379,"cls":"primary","hw":"primary","tg":"na","name":"","ref":"","surface":"unpaved","sc":"unpaved","speed":null,"lit":"unk","km":17.375}},
{"type":"Feature","geometry":{"type":"LineString","coordinates":[[-11.08385,8.5932],[-11.08462,8.5928],[-11.08501,8.59257],[-11.08512,8.5925],[-11.08521,8.59241],[-11.08535,8.59221],[-11.08539,8.59213],[-11.08563,8.59178],[-11.08584,8.59141],[-11.0862,8.59073],[-11.08637,8.59043],[-11.08648,8.59018],[-11.08653,8.59006],[-11.0869,8.58898],[-11.08735,8.58769],[-11.08743,8.58741],[-11.08749,8.58716],[-11.08754,8.58687],[-11.08758,8.58627],[-11.08763,8.58559],[-11.08763,8.58523],[-11.0877,8.58447],[-11.08779,8.58355],[-11.08785,8.58288],[-11.08789,8.5825],[-11.08795,8.58211],[-11.08799,8.58183],[-11.08802,8.58161],[-11.08805,8.58145],[-11.08806,8.58139],[-11.08814,8.581],[-11.0882,8.5808],[-11.08828,8.58059],[-11.08837,8.58041],[-11.08869,8.57987],[-11.0894,8.57862],[-11.09007,8.5775],[-11.09019,8.57728],[-11.0903,8.57705],[-11.09045,8.5766],[-11.09072,8.57576],[-11.09082,8.57546],[-11.091,8.57503],[-11.09114,8.57475],[-11.09146,8.57433],[-11.09192,8.57375],[-11.09202,8.57363],[-11.09222,8.57346],[-11.09264,8.57322],[-11.09276,8.57314],[-11.09286,8.57303],[-11.09305,8.57266],[-11.09315,8.57246],[-11.09323,8.57216],[-11.09325,8.57197],[-11.09326,8.57176],[-11.09325,8.57156],[-11.09322,8.57133],[-11.09315,8.57102],[-11.09269,8.57003],[-11.09194,8.5681],[-11.09132,8.56638],[-11.0912,8.56601],[-11.09113,8.56568],[-11.09113,8.56539],[-11.09118,8.56503],[-11.09127,8.56469],[-11.0914,8.5643],[-11.09152,8.56401],[-11.09156,8.56383],[-11.09162,8.56352],[-11.09165,8.56304],[-11.09166,8.56238],[-11.09168,8.562],[-11.09167,8.56172],[-11.09162,8.56124],[-11.09159,8.56077],[-11.09161,8.56019],[-11.09162,8.55967],[-11.09161,8.55909],[-11.09159,8.55863],[-11.09153,8.5581],[-11.09142,8.55754],[-11.09134,8.5571],[-11.09128,8.55659],[-11.09124,8.55623],[-11.09118,8.55592],[-11.09106,8.55522],[-11.09102,8.55483],[-11.09092,8.5542],[-11.0908,8.5533],[-11.09077,8.55301],[-11.09076,8.5529],[-11.09076,8.55282],[-11.0907,8.55234],[-11.09069,8.55222],[-11.09068,8.55215],[-11.09065,8.55193],[-11.09062,8.55177],[-11.0906,8.55167],[-11.09055,8.55141],[-11.09053,8.55118],[-11.0905,8.55104],[-11.09046,8.55093],[-11.09039,8.55083],[-11.0903,8.55072],[-11.0902,8.55062],[-11.09005,8.55048],[-11.08977,8.55025],[-11.08937,8.54995],[-11.08924,8.54984]]},"properties":{"id":292986380,"cls":"primary","hw":"primary","tg":"na","name":"","ref":"","surface":"unpaved","sc":"unpaved","speed":null,"lit":"unk","km":5.255}},
{"type":"Feature","geometry":{"type":"LineString","coordinates":[[-11.00624,8.04352],[-11.00557,8.04373],[-11.00486,8.04405],[-11.00342,8.04473],[-11.00238,8.04528],[-11.00197,8.04544],[-11.00163,8.04551],[-11.00133,8.04553],[-11.00089,8.04551],[-11.00036,8.04542],[-10.99952,8.04516],[-10.99908,8.04509],[-10.99866,8.0451],[-10.9981,8.04519],[-10.99773,8.04535],[-10.99749,8.04549],[-10.9973,8.04561]]},"properties":{"id":293030675,"cls":"trunk","hw":"trunk","tg":"na","name":"","ref":"","surface":"paved","sc":"paved","speed":null,"lit":"unk","km":1.051}},
{"type":"Feature","geometry":{"type":"LineString","coordinates":[[-10.99325,8.0493],[-10.99305,8.04925],[-10.99246,8.04911],[-10.99061,8.04866],[-10.99017,8.04856],[-10.98954,8.0484],[-10.98914,8.0483],[-10.98883,8.04823],[-10.98843,8.04817],[-10.98812,8.04815],[-10.98777,8.04815],[-10.98752,8.04817],[-10.98703,8.04827],[-10.98664,8.04836],[-10.98537,8.0487],[-10.98421,8.04901],[-10.98363,8.04914],[-10.98316,8.04914],[-10.98287,8.04912],[-10.98257,8.04906],[-10.98162,8.04874],[-10.98064,8.04841],[-10.9795,8.04806],[-10.97901,8.04802],[-10.9787,8.04803],[-10.97843,8.04807],[-10.97817,8.04815],[-10.97791,8.04824],[-10.97768,8.04836],[-10.97697,8.0489],[-10.97667,8.0492],[-10.97554,8.05027],[-10.97531,8.05049],[-10.97506,8.05076],[-10.97456,8.05119],[-10.97384,8.0516],[-10.97295,8.0519],[-10.9724,8.05199],[-10.97178,8.05198],[-10.97163,8.05197],[-10.97143,8.05196],[-10.97095,8.05187],[-10.97042,8.05171],[-10.96986,8.05152],[-10.96942,8.05136],[-10.9687,8.05109],[-10.96816,8.05086],[-10.96796,8.05079],[-10.967,8.05044],[-10.96623,8.05015],[-10.96581,8.04999],[-10.96553,8.04989],[-10.96535,8.04982]]},"properties":{"id":293030678,"cls":"trunk","hw":"trunk","tg":"na","name":"","ref":"","surface":"asphalt","sc":"paved","speed":null,"lit":"unk","km":3.309}},
{"type":"Feature","geometry":{"type":"LineString","coordinates":[[-11.33679,8.57504],[-11.33652,8.57512],[-11.33625,8.57519],[-11.33608,8.57523],[-11.33595,8.57528],[-11.33577,8.57535],[-11.33556,8.57544],[-11.33539,8.57554],[-11.33523,8.57565],[-11.33499,8.57584],[-11.33479,8.57602],[-11.33462,8.5762],[-11.33391,8.57714],[-11.33369,8.57742],[-11.3335,8.57762],[-11.33335,8.57774],[-11.33318,8.57786],[-11.333,8.57794],[-11.33282,8.57802],[-11.33268,8.57805],[-11.33252,8.57808],[-11.33238,8.5781],[-11.33225,8.57812],[-11.33212,8.57811],[-11.33198,8.57809],[-11.33182,8.57806],[-11.33164,8.57801],[-11.33147,8.57796],[-11.33133,8.57788],[-11.33119,8.5778],[-11.33104,8.57769],[-11.33089,8.57757],[-11.33076,8.57745],[-11.33064,8.5773],[-11.33054,8.57717],[-11.33038,8.57692],[-11.33018,8.5766],[-11.32997,8.57629],[-11.32985,8.57614],[-11.3297,8.576],[-11.32959,8.5759],[-11.32937,8.57572],[-11.32926,8.57565],[-11.32908,8.57555],[-11.32876,8.57542],[-11.32853,8.57535],[-11.32837,8.57531],[-11.32817,8.57528],[-11.32762,8.57518],[-11.32662,8.57494],[-11.32632,8.57488],[-11.32612,8.57485],[-11.32594,8.57483],[-11.32568,8.57482],[-11.32545,8.57483],[-11.32205,8.575],[-11.32076,8.57509],[-11.31994,8.57513],[-11.31975,8.57513],[-11.31964,8.57513],[-11.31951,8.57513],[-11.31942,8.57512],[-11.31933,8.57511],[-11.31923,8.57509],[-11.3191,8.57507],[-11.31896,8.57502],[-11.31881,8.57497],[-11.3187,8.57493],[-11.3186,8.57489],[-11.31842,8.5748],[-11.31754,8.57431],[-11.31745,8.57426],[-11.31735,8.57422],[-11.31723,8.57418],[-11.3171,8.57413],[-11.31697,8.57409],[-11.31683,8.57406],[-11.31668,8.57404],[-11.31651,8.57403],[-11.31621,8.57401],[-11.31582,8.57403],[-11.31528,8.57406],[-11.31492,8.57407],[-11.31485,8.57407],[-11.31478,8.57407]]},"properties":{"id":293038932,"cls":"primary","hw":"primary","tg":"na","name":"","ref":"","surface":"unpaved","sc":"unpaved","speed":80,"lit":"unk","km":2.707}},
{"type":"Feature","geometry":{"type":"LineString","coordinates":[[-11.22772,8.59268],[-11.22758,8.59341],[-11.22745,8.59408],[-11.22734,8.59472],[-11.22723,8.59585],[-11.22715,8.59677],[-11.22711,8.59714],[-11.22705,8.59759],[-11.22699,8.59786],[-11.22693,8.59801],[-11.22691,8.59811],[-11.22682,8.5983],[-11.22677,8.59839],[-11.22669,8.5985],[-11.22654,8.59871],[-11.22637,8.59889],[-11.22549,8.59975],[-11.22525,8.59997],[-11.22494,8.60019],[-11.22462,8.6004],[-11.22307,8.60139],[-11.22241,8.60186],[-11.22142,8.60263],[-11.22084,8.60307],[-11.22024,8.60352],[-11.219,8.60448],[-11.21838,8.60495],[-11.21749,8.60564],[-11.21694,8.60599],[-11.21561,8.60677],[-11.21538,8.60689],[-11.21482,8.60722],[-11.21458,8.60736],[-11.21439,8.60749],[-11.21423,8.60761],[-11.21402,8.60781],[-11.21377,8.60811],[-11.21353,8.60851],[-11.21341,8.60887],[-11.2133,8.60935],[-11.2132,8.61002],[-11.21312,8.61054],[-11.21303,8.61098],[-11.21292,8.61135],[-11.21279,8.61162],[-11.21253,8.61201],[-11.21228,8.61234],[-11.21208,8.61257],[-11.21188,8.61281],[-11.21173,8.61302],[-11.21164,8.61316],[-11.21152,8.6134],[-11.21141,8.6137],[-11.21133,8.61402],[-11.2113,8.61435],[-11.21128,8.61465],[-11.21129,8.61606],[-11.21128,8.61687],[-11.21126,8.61735],[-11.21121,8.61777],[-11.21116,8.61811],[-11.21105,8.61842],[-11.21088,8.61879],[-11.2105,8.61947],[-11.20944,8.62108],[-11.20829,8.62285],[-11.20766,8.62384],[-11.20733,8.62438],[-11.20705,8.62493],[-11.20691,8.62528],[-11.20678,8.62562],[-11.20618,8.62721],[-11.20596,8.62779],[-11.20587,8.62805],[-11.2058,8.62829],[-11.20575,8.62851],[-11.20569,8.62875],[-11.20564,8.62899],[-11.20554,8.62975],[-11.20548,8.63001],[-11.20543,8.63024],[-11.20534,8.63046],[-11.20524,8.63069],[-11.20512,8.63088],[-11.20505,8.63101],[-11.20499,8.63109],[-11.20494,8.63116]]},"properties":{"id":293038933,"cls":"primary","hw":"primary","tg":"na","name":"","ref":"","surface":"paved","sc":"paved","speed":80,"lit":"unk","km":5.245}},
{"type":"Feature","geometry":{"type":"LineString","coordinates":[[-11.14612,8.64008],[-11.14578,8.64018]]},"properties":{"id":293038934,"cls":"primary","hw":"primary","tg":"na","name":"","ref":"","surface":"paved","sc":"paved","speed":80,"lit":"unk","km":0.039}},
{"type":"Feature","geometry":{"type":"LineString","coordinates":[[-11.33736,8.57489],[-11.33679,8.57504]]},"properties":{"id":293038935,"cls":"primary","hw":"primary","tg":"na","name":"","ref":"","surface":"unpaved","sc":"unpaved","speed":80,"lit":"unk","km":0.065}},
{"type":"Feature","geometry":{"type":"LineString","coordinates":[[-11.26553,8.55207],[-11.2654,8.55173],[-11.26522,8.55128],[-11.26502,8.55082],[-11.2647,8.55013]]},"properties":{"id":293038936,"cls":"primary","hw":"primary","tg":"na","name":"","ref":"","surface":"unpaved","sc":"unpaved","speed":80,"lit":"unk","km":0.234}},
{"type":"Feature","geometry":{"type":"LineString","coordinates":[[-11.14137,8.64074],[-11.14,8.64078],[-11.13931,8.6408],[-11.13898,8.6408],[-11.13878,8.6408],[-11.13856,8.64079],[-11.13834,8.64076],[-11.13814,8.64072],[-11.13794,8.64066],[-11.13772,8.6406],[-11.13754,8.64053],[-11.13737,8.64046],[-11.13722,8.64039],[-11.13708,8.64031],[-11.13693,8.64023],[-11.13681,8.64015],[-11.13666,8.64006],[-11.13642,8.63989],[-11.13513,8.63899],[-11.13462,8.63867],[-11.13433,8.63851],[-11.13408,8.63839],[-11.1338,8.63827],[-11.13249,8.63771],[-11.13141,8.63726],[-11.13014,8.63672],[-11.12976,8.63656],[-11.12927,8.63635],[-11.12905,8.63625],[-11.12879,8.63614],[-11.12849,8.63599],[-11.12816,8.63582],[-11.12785,8.63563],[-11.12761,8.63544],[-11.12725,8.63515],[-11.12704,8.63495],[-11.12623,8.63417],[-11.12557,8.63353],[-11.12533,8.63332],[-11.12508,8.63312],[-11.12482,8.63293],[-11.12455,8.63276],[-11.12424,8.63259],[-11.12394,8.63244],[-11.12379,8.63238],[-11.12029,8.63098],[-11.11893,8.63044],[-11.11851,8.63029],[-11.11818,8.63018],[-11.11774,8.63008],[-11.11741,8.63003],[-11.11579,8.62981],[-11.11368,8.62952],[-11.11336,8.62947],[-11.11308,8.6294],[-11.11279,8.62931],[-11.11246,8.62918],[-11.11222,8.62906],[-11.11203,8.62894],[-11.11179,8.62878],[-11.11013,8.62742],[-11.10944,8.62683],[-11.10876,8.62624],[-11.10828,8.62581],[-11.10784,8.62531],[-11.10754,8.62491],[-11.10725,8.62443],[-11.10698,8.62391],[-11.10678,8.62334],[-11.10614,8.62174],[-11.10541,8.6199],[-11.10479,8.61841],[-11.10429,8.61711],[-11.10395,8.61643],[-11.10386,8.61626],[-11.10362,8.6159],[-11.10345,8.61567],[-11.10326,8.61544],[-11.10287,8.61504],[-11.10249,8.61471],[-11.10209,8.61441],[-11.10182,8.61424],[-11.10145,8.61404],[-11.10074,8.61372],[-11.09961,8.61322],[-11.09955,8.61319],[-11.09909,8.61299],[-11.09738,8.61223],[-11.09703,8.61209],[-11.0967,8.61198],[-11.09621,8.61184],[-11.09583,8.61175],[-11.09542,8.61169],[-11.09509,8.61165],[-11.09464,8.61162],[-11.09417,8.61161],[-11.09279,8.61166],[-11.09226,8.61167],[-11.09182,8.61169],[-11.0911,8.61169],[-11.09058,8.61167],[-11.09003,8.61162],[-11.08984,8.6116],[-11.08965,8.61158],[-11.08952,8.61156],[-11.08922,8.6115],[-11.08899,8.61146],[-11.08575,8.61082],[-11.08472,8.6106],[-11.08336,8.61032]]},"properties":{"id":293038937,"cls":"primary","hw":"primary","tg":"na","name":"","ref":"","surface":"paved","sc":"paved","speed":80,"lit":"unk","km":7.698}},
{"type":"Feature","geometry":{"type":"LineString","coordinates":[[-11.2647,8.55013],[-11.26451,8.54971],[-11.26436,8.54933],[-11.26401,8.54846],[-11.26392,8.54823],[-11.26374,8.54781],[-11.2635,8.54733],[-11.26329,8.54697],[-11.26308,8.54669],[-11.26276,8.54635],[-11.26253,8.54616],[-11.26235,8.54601],[-11.2621,8.54583],[-11.26176,8.54564],[-11.26145,8.5455],[-11.26098,8.54531],[-11.26074,8.5452],[-11.2605,8.5451],[-11.26032,8.54502],[-11.2601,8.54492],[-11.25988,8.54479],[-11.25954,8.54458],[-11.25928,8.54438],[-11.25785,8.54331],[-11.25762,8.54317],[-11.25741,8.54306],[-11.25717,8.54296],[-11.25689,8.54287],[-11.25669,8.54284],[-11.25649,8.5428],[-11.2561,8.54279],[-11.2557,8.54281],[-11.25537,8.54284],[-11.255,8.54293],[-11.25465,8.54305],[-11.25439,8.54316],[-11.25414,8.54331],[-11.25393,8.54345],[-11.25377,8.54358],[-11.25362,8.54371],[-11.25333,8.54402],[-11.25321,8.54419],[-11.25294,8.5446],[-11.25277,8.54488],[-11.25264,8.54507],[-11.25249,8.54526],[-11.25235,8.54542],[-11.25202,8.54572],[-11.25173,8.54593],[-11.2514,8.54611],[-11.25037,8.54661]]},"properties":{"id":293038938,"cls":"primary","hw":"primary","tg":"na","name":"","ref":"","surface":"unpaved","sc":"unpaved","speed":80,"lit":"unk","km":2.112}},
{"type":"Feature","geometry":{"type":"LineString","coordinates":[[-11.08492,8.69983],[-11.08586,8.69989],[-11.08628,8.69993],[-11.08671,8.70003],[-11.08703,8.70014],[-11.08734,8.7003],[-11.08776,8.70051],[-11.08796,8.7006],[-11.08811,8.70066],[-11.08825,8.70075],[-11.08837,8.7009],[-11.08845,8.70102],[-11.08854,8.70125],[-11.0888,8.70196],[-11.08899,8.70249],[-11.08906,8.70263],[-11.08915,8.70274],[-11.08928,8.70279],[-11.08946,8.70281],[-11.0896,8.7028],[-11.08974,8.70276],[-11.09,8.70265],[-11.09055,8.7025],[-11.09077,8.70246],[-11.09094,8.70247],[-11.09121,8.70258],[-11.0914,8.70269],[-11.09151,8.70282],[-11.09159,8.70296],[-11.09215,8.70391],[-11.09223,8.70407],[-11.09225,8.70416],[-11.09223,8.70427],[-11.09216,8.70438],[-11.09205,8.70451],[-11.09162,8.70485],[-11.09145,8.70502],[-11.09131,8.70511],[-11.0912,8.70521],[-11.09114,8.70533],[-11.09111,8.70547],[-11.09113,8.70583],[-11.09116,8.70635],[-11.09118,8.70655],[-11.09124,8.70676],[-11.09132,8.70693],[-11.09151,8.70725],[-11.09165,8.70755],[-11.0918,8.70793],[-11.09189,8.70827],[-11.09198,8.70856],[-11.09211,8.70883],[-11.09239,8.70926],[-11.09259,8.70954],[-11.09271,8.70978],[-11.09278,8.71],[-11.09284,8.71022],[-11.0929,8.71038],[-11.09296,8.71051],[-11.09308,8.71065],[-11.09325,8.71078],[-11.0935,8.71095],[-11.09385,8.71111],[-11.0945,8.71136],[-11.09474,8.71148],[-11.09491,8.7116],[-11.09517,8.71187]]},"properties":{"id":293040277,"cls":"primary","hw":"primary","tg":"na","name":"","ref":"","surface":"","sc":"unknown","speed":null,"lit":"unk","km":2.174}},
{"type":"Feature","geometry":{"type":"LineString","coordinates":[[-11.09862,8.77319],[-11.09859,8.77333]]},"properties":{"id":293040278,"cls":"primary","hw":"primary","tg":"na","name":"","ref":"","surface":"unpaved","sc":"unpaved","speed":null,"lit":"unk","km":0.016}},
{"type":"Feature","geometry":{"type":"LineString","coordinates":[[-11.10257,8.74048],[-11.10307,8.74111]]},"properties":{"id":293040279,"cls":"primary","hw":"primary","tg":"na","name":"","ref":"","surface":"","sc":"unknown","speed":null,"lit":"unk","km":0.089}},
{"type":"Feature","geometry":{"type":"LineString","coordinates":[[-11.10307,8.74111],[-11.10324,8.74134],[-11.10363,8.74175],[-11.10389,8.74207],[-11.1041,8.74236],[-11.10436,8.74277],[-11.10447,8.74305],[-11.10455,8.74335],[-11.10464,8.74378]]},"properties":{"id":293040280,"cls":"primary","hw":"primary","tg":"na","name":"","ref":"","surface":"","sc":"unknown","speed":null,"lit":"unk","km":0.35}},
{"type":"Feature","geometry":{"type":"LineString","coordinates":[[-11.09859,8.77333],[-11.09854,8.77352],[-11.09849,8.77366],[-11.09844,8.77377],[-11.09832,8.77398],[-11.09805,8.77441],[-11.09791,8.77468],[-11.09776,8.77496],[-11.09767,8.77509],[-11.09753,8.77518],[-11.09737,8.77529],[-11.09721,8.77541],[-11.09704,8.7755],[-11.09655,8.77572],[-11.09634,8.7758],[-11.09616,8.7759],[-11.09605,8.776],[-11.09596,8.77612],[-11.09586,8.77626],[-11.09578,8.77641],[-11.09571,8.77657],[-11.09558,8.77683],[-11.0955,8.77699],[-11.09546,8.77714],[-11.09541,8.77736],[-11.09537,8.77762],[-11.09538,8.77793],[-11.09541,8.77818],[-11.09544,8.77866],[-11.09546,8.77881],[-11.09548,8.77898],[-11.09551,8.7791],[-11.09557,8.77921],[-11.09567,8.77934],[-11.09578,8.7795],[-11.09589,8.77969],[-11.09601,8.77996],[-11.0961,8.78014],[-11.09619,8.7803],[-11.09624,8.78043],[-11.09625,8.78058],[-11.09624,8.78074],[-11.09616,8.78131],[-11.09605,8.78185],[-11.09602,8.78215],[-11.096,8.7824],[-11.09599,8.78265],[-11.09595,8.78285],[-11.09588,8.78309],[-11.09587,8.7832],[-11.09587,8.78329],[-11.0959,8.78342],[-11.09597,8.78366],[-11.09599,8.78377],[-11.096,8.7839],[-11.09602,8.78402],[-11.09607,8.78413],[-11.09623,8.78452],[-11.09628,8.78472],[-11.09631,8.78493],[-11.09635,8.78507],[-11.09642,8.78517],[-11.09655,8.78527],[-11.0967,8.78546],[-11.09676,8.78559],[-11.09679,8.78573],[-11.09682,8.78588],[-11.09688,8.78603],[-11.09699,8.78628],[-11.09704,8.78647],[-11.0971,8.78669],[-11.09719,8.78694],[-11.0973,8.78724],[-11.09742,8.78746],[-11.0975,8.78763],[-11.09752,8.7878],[-11.09752,8.78826],[-11.09748,8.78872],[-11.09742,8.78914],[-11.09739,8.78932],[-11.09735,8.78948],[-11.09729,8.78964],[-11.09718,8.7899],[-11.09712,8.79014],[-11.09704,8.79054],[-11.09692,8.79089],[-11.09681,8.79104],[-11.09664,8.79114],[-11.09644,8.79123],[-11.09614,8.79127],[-11.09589,8.79128],[-11.09547,8.7913],[-11.09531,8.79133],[-11.09512,8.79139],[-11.09472,8.79154],[-11.09464,8.7916],[-11.09458,8.79169],[-11.09452,8.79182],[-11.09444,8.79196],[-11.09394,8.79273],[-11.09373,8.79312],[-11.09348,8.7935],[-11.0933,8.79374],[-11.09325,8.79385],[-11.09323,8.79398],[-11.0932,8.79419],[-11.09311,8.79439],[-11.09301,8.79467],[-11.09285,8.79519],[-11.09272,8.79564],[-11.09264,8.796],[-11.09256,8.79633],[-11.09247,8.79655],[-11.09233,8.79675],[-11.09207,8.79719],[-11.09199,8.79731],[-11.0919,8.79748],[-11.09189,8.79761],[-11.0919,8.79774],[-11.09193,8.79793],[-11.09194,8.79803],[-11.09193,8.79814],[-11.09185,8.79855],[-11.09178,8.79887],[-11.09177,8.79909],[-11.09179,8.79931],[-11.09198,8.79992],[-11.09217,8.80057],[-11.09219,8.80074],[-11.09219,8.80091],[-11.09216,8.80112],[-11.0921,8.80137],[-11.09199,8.80165],[-11.09178,8.80198],[-11.0915,8.80235],[-11.09133,8.80255],[-11.09115,8.80276],[-11.09095,8.80296],[-11.09078,8.80308],[-11.09061,8.80318],[-11.09028,8.80333],[-11.08984,8.80355],[-11.08965,8.80365],[-11.08953,8.80375],[-11.08941,8.80388],[-11.08921,8.80406],[-11.08903,8.80419],[-11.08892,8.80431],[-11.0888,8.80448],[-11.08868,8.80469],[-11.08856,8.805],[-11.08851,8.80512],[-11.08849,8.80525],[-11.08847,8.80552],[-11.08838,8.80589],[-11.08831,8.80609],[-11.08825,8.80628],[-11.08817,8.80659],[-11.08811,8.80682],[-11.08801,8.80702],[-11.08792,8.80716],[-11.08778,8.80735],[-11.08768,8.80752],[-11.08761,8.80773],[-11.08753,8.80802],[-11.08749,8.80835],[-11.08748,8.80854],[-11.08745,8.8087],[-11.08741,8.80885],[-11.08733,8.80906],[-11.08729,8.80919],[-11.08726,8.80932],[-11.08722,8.80963],[-11.0872,8.80995],[-11.08719,8.81024],[-11.0872,8.81058],[-11.08719,8.81134],[-11.08722,8.81175],[-11.08721,8.8119],[-11.08721,8.81199],[-11.08718,8.81209],[-11.08714,8.81218],[-11.08712,8.81226],[-11.08711,8.81237],[-11.08712,8.81285],[-11.08713,8.81318],[-11.08709,8.8134],[-11.08703,8.81354],[-11.08696,8.81363],[-11.08686,8.81372],[-11.08679,8.81377],[-11.08671,8.81387],[-11.08667,8.81397],[-11.08656,8.8145],[-11.08652,8.81496],[-11.0865,8.81531],[-11.08648,8.81549],[-11.08641,8.81571],[-11.08632,8.81598],[-11.08628,8.8162],[-11.08627,8.81637],[-11.0863,8.81654],[-11.08638,8.81674],[-11.08659,8.8171],[-11.08674,8.81738],[-11.08688,8.81758],[-11.08704,8.81777],[-11.08717,8.818],[-11.08729,8.81826],[-11.08747,8.81857],[-11.08761,8.81887],[-11.08772,8.81907],[-11.08778,8.81928],[-11.0878,8.81955],[-11.08781,8.81983],[-11.08779,8.82003],[-11.08772,8.82021],[-11.08757,8.82053],[-11.08752,8.82076],[-11.08748,8.82106],[-11.08748,8.82127],[-11.0875,8.82145],[-11.08758,8.82166],[-11.0878,8.82206],[-11.0879,8.82226],[-11.08797,8.82249],[-11.08809,8.82298],[-11.08816,8.82326],[-11.08822,8.82365],[-11.0884,8.82428],[-11.08854,8.82477],[-11.08865,8.82509],[-11.08877,8.82535],[-11.08882,8.82555],[-11.0889,8.82586],[-11.08899,8.82612],[-11.08909,8.82636],[-11.08916,8.82655],[-11.08919,8.8268],[-11.08918,8.82709],[-11.08911,8.82762],[-11.0891,8.82785],[-11.08912,8.82803],[-11.08919,8.8282],[-11.08928,8.82834],[-11.08946,8.82852],[-11.08966,8.82862],[-11.09024,8.82897],[-11.09049,8.8291],[-11.09093,8.82932],[-11.09159,8.82976],[-11.09231,8.83023],[-11.09275,8.83045],[-11.09308,8.83058],[-11.09355,8.83072],[-11.09403,8.83094],[-11.09417,8.83101],[-11.09432,8.83104],[-11.09447,8.83104],[-11.09467,8.83106],[-11.09502,8.83114],[-11.09532,8.83118],[-11.09555,8.83118],[-11.09575,8.83114],[-11.09594,8.83106],[-11.09648,8.83072],[-11.09685,8.83056],[-11.09704,8.83051],[-11.09725,8.83049],[-11.09746,8.83049],[-11.09768,8.83052],[-11.09807,8.83071],[-11.09842,8.83091],[-11.09924,8.83146],[-11.09954,8.83168],[-11.09985,8.83191],[-11.10057,8.83249],[-11.10088,8.83273],[-11.10136,8.83301],[-11.10179,8.83329],[-11.10209,8.83352],[-11.10238,8.83379],[-11.10293,8.83434]]},"properties":{"id":293040281,"cls":"primary","hw":"primary","tg":"na","name":"","ref":"","surface":"unpaved","sc":"unpaved","speed":null,"lit":"unk","km":8.666}},
{"type":"Feature","geometry":{"type":"LineString","coordinates":[[-11.10038,8.93926],[-11.10034,8.93864],[-11.10034,8.93844],[-11.10031,8.93823],[-11.10024,8.938],[-11.1001,8.93757],[-11.09997,8.93723],[-11.09988,8.93698],[-11.09986,8.93684],[-11.09984,8.9367],[-11.09982,8.93659],[-11.09977,8.93643],[-11.09965,8.93614],[-11.09945,8.93576],[-11.09918,8.93532],[-11.09898,8.93494],[-11.09886,8.93469],[-11.09878,8.93449],[-11.09871,8.93421],[-11.09865,8.93398],[-11.09855,8.93364],[-11.09836,8.93308],[-11.09822,8.93266],[-11.09804,8.93218],[-11.09791,8.93185],[-11.09778,8.93154],[-11.09765,8.9313],[-11.09744,8.93097],[-11.09727,8.93075],[-11.09695,8.93039],[-11.09651,8.92992],[-11.0964,8.92978],[-11.09634,8.92964],[-11.09628,8.92946],[-11.09618,8.92893],[-11.096,8.92793],[-11.09593,8.92735],[-11.09585,8.92655],[-11.09582,8.92625],[-11.09582,8.92603],[-11.09585,8.92574],[-11.09584,8.92545],[-11.0958,8.92516],[-11.09574,8.92486],[-11.09571,8.92467],[-11.09567,8.92433],[-11.09565,8.92395],[-11.09563,8.9237],[-11.0956,8.92353],[-11.09554,8.92335],[-11.09544,8.92308],[-11.09535,8.92285],[-11.09525,8.92265],[-11.09514,8.92246],[-11.09501,8.92221],[-11.0948,8.92183],[-11.09473,8.92168],[-11.09462,8.92144],[-11.09441,8.92085],[-11.0942,8.92027],[-11.094,8.9197],[-11.09393,8.91952],[-11.09384,8.91933],[-11.09374,8.91911],[-11.09367,8.91902],[-11.09363,8.91896],[-11.09352,8.91887],[-11.09344,8.91879],[-11.09335,8.91863],[-11.0933,8.91848],[-11.09328,8.91837],[-11.09327,8.91822],[-11.09327,8.91776],[-11.0933,8.91726],[-11.09335,8.91676],[-11.09338,8.91646],[-11.09342,8.91612],[-11.09344,8.91591],[-11.09344,8.91562],[-11.09339,8.91534],[-11.09332,8.91494],[-11.09325,8.91466],[-11.09313,8.91438],[-11.09284,8.9138],[-11.0927,8.91346],[-11.09256,8.91318],[-11.09236,8.91291],[-11.09218,8.91269],[-11.09204,8.9125],[-11.0919,8.91227],[-11.09166,8.91183],[-11.09145,8.91135],[-11.09127,8.91099],[-11.09112,8.91076],[-11.09097,8.91056],[-11.09077,8.91036],[-11.09056,8.91016],[-11.09037,8.90996],[-11.09023,8.90974],[-11.09011,8.90954],[-11.08998,8.90924],[-11.0899,8.90904],[-11.0898,8.90884],[-11.08964,8.90854],[-11.08947,8.90825],[-11.08925,8.90791],[-11.08911,8.90773],[-11.08873,8.90723],[-11.08851,8.90696],[-11.0878,8.90606],[-11.08748,8.90562],[-11.08737,8.90548],[-11.0873,8.90534],[-11.08701,8.9046],[-11.08686,8.9041],[-11.08676,8.90363],[-11.08671,8.90315],[-11.08669,8.90258],[-11.08667,8.90214],[-11.08666,8.90176],[-11.08667,8.90133],[-11.08666,8.90109],[-11.08661,8.90087],[-11.08634,8.90009],[-11.08631,8.89991],[-11.08634,8.89974],[-11.0864,8.89955],[-11.08646,8.89924],[-11.08649,8.89899],[-11.08648,8.89879],[-11.08644,8.89844],[-11.0864,8.89797],[-11.08639,8.89766],[-11.08645,8.89744],[-11.08652,8.89725],[-11.08661,8.89709],[-11.08668,8.89694],[-11.08673,8.89675],[-11.08694,8.89561],[-11.08703,8.89536],[-11.08717,8.89513],[-11.08744,8.89471],[-11.08762,8.89445],[-11.08776,8.89419],[-11.08781,8.894],[-11.08783,8.89375],[-11.0878,8.89338],[-11.08779,8.89289],[-11.08782,8.8926],[-11.08789,8.89226],[-11.08806,8.8918],[-11.08811,8.89159],[-11.08818,8.89143],[-11.08829,8.89128],[-11.08861,8.89085],[-11.08881,8.89057],[-11.08895,8.89033],[-11.08906,8.89006],[-11.08919,8.88974],[-11.08935,8.88945],[-11.08948,8.88916],[-11.08955,8.88894],[-11.08958,8.88871],[-11.08961,8.88844],[-11.08964,8.88829],[-11.08971,8.88812],[-11.08982,8.88798],[-11.09007,8.88769],[-11.09023,8.88752],[-11.09037,8.88742],[-11.09055,8.88734],[-11.09072,8.88726],[-11.09088,8.88714],[-11.09104,8.887],[-11.0912,8.88682],[-11.09153,8.88625],[-11.09181,8.88583],[-11.09193,8.88564],[-11.09207,8.88549],[-11.09223,8.88535],[-11.09266,8.88498],[-11.09295,8.88462],[-11.0934,8.88407],[-11.09371,8.8838],[-11.09386,8.88365],[-11.09402,8.88341],[-11.09428,8.88314],[-11.0947,8.88279],[-11.09501,8.88253],[-11.0952,8.8823],[-11.09543,8.88202],[-11.09565,8.88171],[-11.09583,8.88143],[-11.09603,8.8811],[-11.09618,8.88079],[-11.09641,8.8803],[-11.09653,8.88006],[-11.09666,8.87978],[-11.09669,8.87961],[-11.0967,8.87935],[-11.09672,8.87916],[-11.09672,8.87884],[-11.09668,8.87862],[-11.09664,8.87836],[-11.09658,8.87816],[-11.0965,8.878],[-11.09641,8.87788],[-11.09627,8.87778],[-11.09596,8.8776],[-11.09574,8.87745],[-11.09552,8.87726],[-11.09524,8.87691],[-11.09489,8.87641],[-11.09476,8.87618],[-11.0946,8.87587],[-11.09445,8.87564],[-11.09426,8.87541],[-11.09402,8.87517],[-11.09382,8.87494],[-11.09363,8.87471],[-11.09338,8.87446],[-11.09324,8.87434],[-11.09308,8.87426],[-11.09285,8.87418],[-11.09263,8.87411],[-11.09244,8.87404],[-11.09225,8.87391],[-11.09208,8.87371],[-11.09193,8.87348],[-11.09178,8.87306],[-11.09164,8.87245],[-11.09151,8.87196],[-11.0913,8.87123],[-11.09115,8.87058],[-11.09101,8.87027],[-11.09077,8.86989],[-11.09051,8.86947],[-11.09035,8.86911],[-11.09026,8.86879],[-11.09023,8.86858],[-11.09018,8.86829],[-11.09013,8.86788],[-11.0901,8.86752],[-11.09,8.86703],[-11.08998,8.86688],[-11.08998,8.86671],[-11.08998,8.86651],[-11.08997,8.86636],[-11.08996,8.86616],[-11.08997,8.86594],[-11.09003,8.86569],[-11.09013,8.86547],[-11.09026,8.86517],[-11.09035,8.86497],[-11.09044,8.86469],[-11.09057,8.86421],[-11.09072,8.86384],[-11.09076,8.86371],[-11.09082,8.86349],[-11.09086,8.86335],[-11.09091,8.86324],[-11.09101,8.86308],[-11.09106,8.86296],[-11.09124,8.86231],[-11.09132,8.86204],[-11.09139,8.86178],[-11.09147,8.8615],[-11.09151,8.86117],[-11.09154,8.86087],[-11.09154,8.86041],[-11.09154,8.8599],[-11.09149,8.85942],[-11.09146,8.85903],[-11.09141,8.85843],[-11.0914,8.85815],[-11.09141,8.85794],[-11.09144,8.85777],[-11.09152,8.85754],[-11.09163,8.85731],[-11.09212,8.85661],[-11.09256,8.85604],[-11.09276,8.85577],[-11.0929,8.85555],[-11.09312,8.85512],[-11.09337,8.8547],[-11.09364,8.85427],[-11.09392,8.85386],[-11.09413,8.85359],[-11.0945,8.85316],[-11.09496,8.85266],[-11.09526,8.8523],[-11.09545,8.85201],[-11.09559,8.85172],[-11.09569,8.85149],[-11.09571,8.85132],[-11.09573,8.85113],[-11.09577,8.85066],[-11.09577,8.85045],[-11.09575,8.85026],[-11.09571,8.85004],[-11.09565,8.84982],[-11.09556,8.8496],[-11.0955,8.84943],[-11.09548,8.84922],[-11.0955,8.84901],[-11.09558,8.84858],[-11.09566,8.84815],[-11.09583,8.84766],[-11.09603,8.8471],[-11.09641,8.84626],[-11.09664,8.84571],[-11.0968,8.84539],[-11.09691,8.84517],[-11.09701,8.84502],[-11.09726,8.84465],[-11.09747,8.84427],[-11.09772,8.84379],[-11.09782,8.84352],[-11.09784,8.84335],[-11.09786,8.84318],[-11.09786,8.84305],[-11.09789,8.84286],[-11.09795,8.84261],[-11.09806,8.84228],[-11.09823,8.84197],[-11.09844,8.84163],[-11.09915,8.84068],[-11.09936,8.84041],[-11.09957,8.84021],[-11.09988,8.83992],[-11.10012,8.83963],[-11.10074,8.83864],[-11.10097,8.83834],[-11.10116,8.83802],[-11.10144,8.83744],[-11.10186,8.83661],[-11.1022,8.836],[-11.10261,8.83527],[-11.10297,8.83459]]},"properties":{"id":293089134,"cls":"primary","hw":"primary","tg":"na","name":"","ref":"","surface":"unpaved","sc":"unpaved","speed":null,"lit":"unk","km":13.074}},
{"type":"Feature","geometry":{"type":"LineString","coordinates":[[-11.10297,8.83459],[-11.10305,8.83456],[-11.10311,8.83455],[-11.10322,8.83453]]},"properties":{"id":293089137,"cls":"primary","hw":"primary","tg":"na","name":"","ref":"","surface":"unpaved","sc":"unpaved","speed":null,"lit":"unk","km":0.028}},
{"type":"Feature","geometry":{"type":"LineString","coordinates":[[-11.10293,8.83434],[-11.10296,8.83444],[-11.10297,8.8345],[-11.10297,8.83459]]},"properties":{"id":293089138,"cls":"primary","hw":"primary","tg":"na","name":"","ref":"","surface":"unpaved","sc":"unpaved","speed":null,"lit":"unk","km":0.028}},
{"type":"Feature","geometry":{"type":"LineString","coordinates":[[-11.10038,8.93926],[-11.10022,8.93937],[-11.1001,8.93942],[-11.0999,8.93945],[-11.09962,8.93948],[-11.09938,8.93952],[-11.09913,8.9396],[-11.09866,8.93977],[-11.09832,8.93988],[-11.09798,8.93995],[-11.09779,8.93998]]},"properties":{"id":293089144,"cls":"primary","hw":"primary","tg":"na","name":"","ref":"","surface":"unpaved","sc":"unpaved","speed":null,"lit":"unk","km":0.298}},
{"type":"Feature","geometry":{"type":"LineString","coordinates":[[-10.9497,8.0012],[-10.9497,8.00126],[-10.94973,8.00131],[-10.94977,8.00135],[-10.94981,8.00137],[-10.94988,8.00137],[-10.94991,8.00135],[-10.94995,8.00133],[-10.94997,8.0013],[-10.94999,8.00125],[-10.94999,8.0012],[-10.94997,8.00116],[-10.94994,8.00112],[-10.94988,8.00109],[-10.94982,8.00108],[-10.94976,8.00111],[-10.94972,8.00115],[-10.9497,8.0012]]},"properties":{"id":293103256,"cls":"trunk","hw":"trunk","tg":"na","name":"","ref":"","surface":"asphalt","sc":"paved","speed":null,"lit":"unk","km":0.101}},
{"type":"Feature","geometry":{"type":"LineString","coordinates":[[-10.94969,7.99702],[-10.94952,7.99685]]},"properties":{"id":293103259,"cls":"trunk","hw":"trunk","tg":"na","name":"","ref":"","surface":"asphalt","sc":"paved","speed":null,"lit":"unk","km":0.027}},
{"type":"Feature","geometry":{"type":"LineString","coordinates":[[-10.94984,8.00072],[-10.94984,8.00062],[-10.94985,8.00045],[-10.95008,7.99899],[-10.95011,7.99872],[-10.95013,7.99824],[-10.95011,7.99781],[-10.95004,7.99758],[-10.94989,7.99727],[-10.94969,7.99702]]},"properties":{"id":293103260,"cls":"trunk","hw":"trunk","tg":"na","name":"","ref":"","surface":"asphalt","sc":"paved","speed":null,"lit":"unk","km":0.426}},
{"type":"Feature","geometry":{"type":"LineString","coordinates":[[-10.94952,7.99685],[-10.94933,7.99667],[-10.94923,7.99657],[-10.94903,7.99637],[-10.94879,7.99613],[-10.94863,7.99593],[-10.94854,7.99583],[-10.94844,7.9957],[-10.94831,7.99554],[-10.94803,7.9952],[-10.94788,7.99507],[-10.94782,7.99501],[-10.94756,7.99483],[-10.94738,7.99471],[-10.94722,7.99463],[-10.94697,7.99454],[-10.94671,7.99449],[-10.9464,7.99445],[-10.94608,7.99446],[-10.94579,7.99451],[-10.94546,7.99464],[-10.94502,7.99483],[-10.94444,7.99506],[-10.94404,7.99519],[-10.94372,7.99522],[-10.94357,7.99523],[-10.94323,7.99521],[-10.9428,7.99512],[-10.94061,7.99466],[-10.93985,7.99449],[-10.93941,7.99439],[-10.93897,7.9943],[-10.93857,7.9942],[-10.938,7.99403],[-10.93735,7.99381],[-10.93686,7.99363],[-10.93646,7.99346],[-10.93624,7.99333],[-10.93597,7.99318],[-10.93574,7.99303],[-10.93559,7.99293],[-10.93545,7.99282]]},"properties":{"id":293103263,"cls":"trunk","hw":"trunk","tg":"na","name":"","ref":"","surface":"asphalt","sc":"paved","speed":null,"lit":"unk","km":1.718}},
{"type":"Feature","geometry":{"type":"LineString","coordinates":[[-10.94984,8.00072],[-10.94976,8.00111]]},"properties":{"id":293103266,"cls":"trunk","hw":"trunk","tg":"na","name":"","ref":"","surface":"asphalt","sc":"paved","speed":null,"lit":"unk","km":0.044}},
{"type":"Feature","geometry":{"type":"LineString","coordinates":[[-10.94997,8.00161],[-10.94994,8.00147],[-10.94997,8.0013]]},"properties":{"id":293103267,"cls":"trunk","hw":"trunk","tg":"na","name":"","ref":"","surface":"asphalt","sc":"paved","speed":null,"lit":"unk","km":0.035}},
{"type":"Feature","geometry":{"type":"LineString","coordinates":[[-10.94994,8.00112],[-10.94984,8.00072]]},"properties":{"id":293103269,"cls":"trunk","hw":"trunk","tg":"na","name":"","ref":"","surface":"asphalt","sc":"paved","speed":null,"lit":"unk","km":0.046}},
{"type":"Feature","geometry":{"type":"LineString","coordinates":[[-10.95944,8.01624],[-10.9592,8.01519],[-10.95865,8.01298],[-10.95834,8.01171],[-10.95809,8.01112],[-10.95784,8.01063],[-10.95756,8.01024],[-10.95666,8.00926],[-10.95474,8.00732],[-10.95392,8.0065],[-10.95321,8.00577],[-10.95275,8.00529],[-10.95248,8.00504],[-10.95233,8.00487],[-10.95194,8.00449],[-10.95145,8.00398],[-10.95126,8.00375],[-10.95105,8.00348],[-10.95032,8.00222],[-10.95009,8.00178],[-10.94997,8.00161]]},"properties":{"id":293123562,"cls":"trunk","hw":"trunk","tg":"na","name":"","ref":"","surface":"asphalt","sc":"paved","speed":null,"lit":"unk","km":1.982}},
{"type":"Feature","geometry":{"type":"LineString","coordinates":[[-10.95946,8.01633],[-10.95944,8.01624]]},"properties":{"id":293123567,"cls":"trunk","hw":"trunk","tg":"na","name":"","ref":"","surface":"asphalt","sc":"paved","speed":null,"lit":"unk","km":0.01}},
{"type":"Feature","geometry":{"type":"LineString","coordinates":[[-10.94981,8.00137],[-10.94985,8.0015],[-10.94997,8.00161]]},"properties":{"id":293123579,"cls":"trunk","hw":"trunk","tg":"na","name":"","ref":"","surface":"asphalt","sc":"paved","speed":null,"lit":"unk","km":0.033}},
{"type":"Feature","geometry":{"type":"LineString","coordinates":[[-10.93545,7.99282],[-10.93522,7.99262]]},"properties":{"id":293126037,"cls":"trunk","hw":"trunk","tg":"na","name":"","ref":"","surface":"asphalt","sc":"paved","speed":null,"lit":"unk","km":0.034}},
{"type":"Feature","geometry":{"type":"LineString","coordinates":[[-10.93522,7.99262],[-10.93446,7.99191],[-10.93325,7.99107],[-10.93264,7.99058],[-10.93221,7.99023],[-10.93159,7.9899],[-10.93114,7.9897],[-10.93066,7.98959],[-10.92996,7.9895],[-10.92942,7.98947],[-10.92866,7.98944],[-10.92826,7.98937],[-10.92792,7.98928],[-10.92773,7.98918],[-10.92748,7.98905],[-10.92732,7.98895],[-10.92716,7.98883],[-10.92669,7.98843],[-10.92587,7.98758],[-10.92525,7.98698],[-10.92487,7.98665],[-10.92471,7.98652],[-10.92455,7.98641],[-10.92433,7.98627],[-10.92409,7.98614],[-10.92362,7.98591],[-10.92307,7.98572],[-10.92223,7.98549],[-10.92179,7.98537],[-10.92122,7.98522],[-10.92088,7.98515],[-10.92043,7.98505],[-10.91977,7.98495],[-10.91856,7.98484],[-10.91781,7.98483],[-10.91718,7.98485],[-10.91682,7.98488]]},"properties":{"id":293126039,"cls":"trunk","hw":"trunk","tg":"na","name":"","ref":"","surface":"asphalt","sc":"paved","speed":null,"lit":"unk","km":2.288}},
{"type":"Feature","geometry":{"type":"LineString","coordinates":[[-11.06649,8.98081],[-11.0664,8.98107],[-11.06633,8.98133],[-11.06629,8.98171],[-11.06625,8.98219],[-11.06621,8.98264],[-11.06616,8.983],[-11.06609,8.98343],[-11.06606,8.98421],[-11.06604,8.98462],[-11.06604,8.98496],[-11.06604,8.98524],[-11.06608,8.98545],[-11.06616,8.9857],[-11.06621,8.98595],[-11.06622,8.98629],[-11.06624,8.98665],[-11.0663,8.98706],[-11.06633,8.98737],[-11.06633,8.98762],[-11.06629,8.98788],[-11.06623,8.98823],[-11.06622,8.98854],[-11.06622,8.98884],[-11.06624,8.98902],[-11.0663,8.98946],[-11.06632,8.98978],[-11.06635,8.99003],[-11.06642,8.99035],[-11.06647,8.99074],[-11.06646,8.99106],[-11.06643,8.99131],[-11.06638,8.99148],[-11.06631,8.99164],[-11.06623,8.99181],[-11.06612,8.99208],[-11.06609,8.99224],[-11.06607,8.99242],[-11.06607,8.99259],[-11.06606,8.99283],[-11.06604,8.993],[-11.06601,8.99317],[-11.06583,8.99391],[-11.06565,8.99463],[-11.06552,8.99507],[-11.06529,8.99587],[-11.0652,8.9962],[-11.06501,8.99665],[-11.06492,8.99687],[-11.06489,8.99705],[-11.06489,8.99725],[-11.06492,8.99743],[-11.06502,8.99768],[-11.06521,8.99808],[-11.06542,8.99849],[-11.06554,8.99872],[-11.06572,8.99908],[-11.06604,8.99982],[-11.0662,9.00013],[-11.06633,9.0003],[-11.06641,9.00044],[-11.06645,9.00057],[-11.06651,9.00077],[-11.0666,9.00099],[-11.06665,9.00111],[-11.06669,9.00123],[-11.06675,9.00153],[-11.06678,9.00167],[-11.06681,9.00182],[-11.0668,9.00195],[-11.06679,9.00238],[-11.06682,9.00282],[-11.06682,9.00307],[-11.06681,9.00315],[-11.06675,9.00321],[-11.06656,9.00341],[-11.06637,9.0036],[-11.06628,9.00374],[-11.0662,9.00388],[-11.06608,9.00398],[-11.06591,9.00408],[-11.06582,9.00416],[-11.06576,9.00426],[-11.0657,9.00454],[-11.06562,9.00473],[-11.0655,9.00491],[-11.06511,9.00536],[-11.0649,9.00553],[-11.06476,9.00565],[-11.06468,9.00577],[-11.06465,9.00595],[-11.06465,9.00621],[-11.0646,9.00643],[-11.06451,9.00669],[-11.06444,9.00699],[-11.06438,9.00712],[-11.06432,9.00725],[-11.06421,9.00742],[-11.06409,9.00763],[-11.06401,9.00778],[-11.06398,9.00791],[-11.06391,9.00832],[-11.06385,9.00859],[-11.06382,9.00881],[-11.06382,9.00906],[-11.06389,9.00952],[-11.06391,9.00979],[-11.06396,9.01001],[-11.06401,9.01021],[-11.06407,9.01036],[-11.06423,9.01063],[-11.06425,9.01076],[-11.06425,9.01089],[-11.06423,9.01119],[-11.0643,9.01172],[-11.06433,9.01218],[-11.06438,9.01242],[-11.06444,9.01255],[-11.06451,9.01263],[-11.06462,9.01274],[-11.06471,9.01284],[-11.06475,9.01294],[-11.06478,9.01309],[-11.06482,9.01324],[-11.06487,9.01334],[-11.06488,9.01345],[-11.06488,9.01358],[-11.06491,9.01374],[-11.06497,9.01397],[-11.06506,9.01425],[-11.06512,9.01452],[-11.06517,9.01493],[-11.06517,9.01536],[-11.06515,9.01575],[-11.06512,9.01592],[-11.06507,9.0161],[-11.06483,9.01686],[-11.06483,9.01694],[-11.06485,9.017],[-11.06491,9.01709],[-11.06495,9.01723],[-11.06497,9.01745],[-11.06495,9.01774],[-11.06486,9.0181],[-11.06486,9.01838],[-11.06487,9.01871],[-11.06483,9.01906],[-11.06472,9.01959],[-11.06471,9.01968],[-11.06467,9.01976],[-11.06459,9.01987],[-11.06454,9.02001],[-11.0645,9.02023],[-11.06446,9.02041],[-11.06436,9.02075],[-11.06418,9.02151],[-11.06416,9.02184],[-11.0642,9.02211],[-11.06426,9.02228],[-11.06436,9.0224],[-11.0645,9.02262],[-11.0646,9.02282],[-11.06468,9.02313],[-11.06471,9.02332],[-11.06467,9.02351],[-11.06458,9.02367],[-11.06449,9.02385],[-11.06449,9.02406],[-11.06454,9.02423],[-11.06464,9.02438],[-11.06478,9.0246],[-11.06484,9.02474],[-11.06486,9.02491],[-11.06483,9.0251],[-11.06474,9.02527],[-11.06429,9.02598],[-11.06403,9.02652],[-11.06392,9.02674],[-11.06389,9.02695],[-11.06392,9.02714],[-11.06397,9.02734],[-11.06407,9.02752],[-11.06425,9.02772],[-11.06463,9.02812],[-11.06496,9.02849],[-11.06513,9.0287],[-11.06556,9.02935],[-11.06579,9.02972],[-11.06612,9.03013],[-11.06634,9.0304],[-11.06645,9.03057],[-11.06652,9.03076],[-11.06656,9.03114],[-11.06661,9.03182],[-11.06661,9.03231],[-11.06666,9.03283],[-11.0667,9.03358],[-11.06673,9.03396],[-11.06675,9.03431],[-11.06677,9.03467],[-11.06682,9.03494],[-11.06701,9.03589],[-11.0671,9.03614],[-11.06717,9.03643],[-11.06722,9.03705],[-11.06727,9.03805],[-11.06725,9.03825],[-11.06721,9.03843],[-11.06714,9.03869],[-11.06708,9.03918],[-11.06707,9.03959],[-11.06706,9.04005],[-11.06706,9.0403],[-11.06708,9.04049],[-11.06714,9.04065],[-11.06724,9.04085],[-11.06741,9.04106],[-11.06772,9.0415],[-11.06807,9.04199],[-11.06838,9.04244],[-11.0685,9.04262],[-11.06853,9.04271],[-11.06853,9.0428],[-11.0685,9.04295],[-11.06842,9.04311],[-11.0681,9.04354],[-11.06788,9.04377],[-11.0676,9.04412],[-11.06714,9.04461],[-11.06699,9.04476],[-11.0669,9.04482],[-11.06678,9.04484],[-11.06606,9.04496],[-11.06516,9.0451],[-11.06457,9.04517],[-11.06435,9.04522],[-11.06418,9.04533],[-11.06372,9.04569],[-11.06293,9.04626],[-11.06193,9.04702],[-11.06154,9.04739],[-11.06128,9.04772],[-11.06108,9.04809],[-11.06053,9.04922],[-11.06033,9.0496],[-11.06024,9.04971],[-11.06011,9.0498],[-11.05988,9.04991],[-11.05954,9.05013],[-11.05925,9.05027],[-11.05907,9.05034],[-11.05861,9.05046],[-11.05835,9.05056],[-11.05811,9.05073],[-11.05746,9.05137],[-11.0573,9.05153],[-11.05724,9.05166],[-11.05722,9.0517],[-11.05718,9.05188],[-11.05698,9.05306],[-11.05696,9.05335],[-11.05698,9.05351],[-11.05703,9.05372],[-11.05714,9.05429],[-11.05721,9.05491],[-11.0572,9.05545],[-11.05717,9.05587],[-11.05709,9.05618],[-11.05697,9.05646],[-11.05681,9.05669],[-11.05651,9.05708],[-11.05629,9.05735],[-11.05609,9.05779],[-11.05572,9.05891],[-11.0556,9.05926],[-11.05555,9.0595],[-11.05542,9.06037],[-11.05526,9.06101],[-11.05515,9.06157],[-11.05514,9.06177],[-11.05511,9.06222],[-11.055,9.0627],[-11.05489,9.06296],[-11.05472,9.06318],[-11.05411,9.06379],[-11.05357,9.0644],[-11.05327,9.06476],[-11.05309,9.06511],[-11.0529,9.06538],[-11.05278,9.06552],[-11.0526,9.06566],[-11.05241,9.06576],[-11.05206,9.06595],[-11.05182,9.06612],[-11.05158,9.06641],[-11.05141,9.06677],[-11.05123,9.06723],[-11.05118,9.06761],[-11.05108,9.06802],[-11.05092,9.06836],[-11.05074,9.06873],[-11.05064,9.06904],[-11.05065,9.06928],[-11.05068,9.06956],[-11.05074,9.06992],[-11.05086,9.0704],[-11.05092,9.07068],[-11.05093,9.07102],[-11.05088,9.07135],[-11.05075,9.07169],[-11.0507,9.07182],[-11.05067,9.072],[-11.05068,9.07238],[-11.05066,9.07266],[-11.05059,9.07283],[-11.05042,9.07299],[-11.05014,9.07313],[-11.04951,9.07335],[-11.0489,9.07362],[-11.04872,9.0737],[-11.04861,9.07376],[-11.04845,9.0739],[-11.04828,9.07411],[-11.04789,9.07472],[-11.04766,9.07499],[-11.04742,9.07519],[-11.04724,9.07534],[-11.04701,9.0755],[-11.04677,9.07564],[-11.04626,9.0758],[-11.04587,9.0759],[-11.04524,9.07602],[-11.04499,9.07612],[-11.04459,9.07636],[-11.04439,9.07647],[-11.04426,9.07651],[-11.04414,9.07651],[-11.04399,9.07654],[-11.04382,9.07659],[-11.04362,9.07668],[-11.04345,9.07675],[-11.04317,9.0768],[-11.043,9.07682],[-11.04276,9.07683],[-11.04256,9.07685],[-11.04221,9.07692],[-11.04155,9.07711],[-11.04076,9.07728],[-11.0404,9.0774],[-11.03962,9.0777],[-11.03929,9.07784],[-11.03895,9.078],[-11.03856,9.07822],[-11.03785,9.07875],[-11.03756,9.07896],[-11.03739,9.07909],[-11.03725,9.07918],[-11.03696,9.0794],[-11.03663,9.07965],[-11.03644,9.07977],[-11.03628,9.07983],[-11.03603,9.07989],[-11.03534,9.08004],[-11.03523,9.08007]]},"properties":{"id":293290383,"cls":"primary","hw":"primary","tg":"na","name":"","ref":"","surface":"unpaved","sc":"unpaved","speed":null,"lit":"unk","km":13.514}},
{"type":"Feature","geometry":{"type":"LineString","coordinates":[[-11.09181,8.94053],[-11.09162,8.94076],[-11.09147,8.94096],[-11.09132,8.94117],[-11.09115,8.94143],[-11.091,8.94176],[-11.09092,8.94195],[-11.09082,8.9421],[-11.0907,8.94224],[-11.09062,8.94235],[-11.09056,8.94248],[-11.09047,8.94269],[-11.09037,8.94294],[-11.09028,8.94314],[-11.09013,8.94351],[-11.08996,8.94394],[-11.08972,8.94457],[-11.0894,8.94541],[-11.08912,8.94607],[-11.08885,8.94661],[-11.08857,8.94741],[-11.08846,8.9478],[-11.08838,8.94793],[-11.08828,8.94804],[-11.0876,8.9486],[-11.08738,8.9488],[-11.08716,8.94905],[-11.08676,8.94951],[-11.08663,8.94966],[-11.08646,8.94978],[-11.08607,8.95008],[-11.08547,8.9506],[-11.08526,8.95083],[-11.0851,8.95105],[-11.0849,8.95139],[-11.08479,8.95157],[-11.08462,8.95174],[-11.08448,8.95186],[-11.08366,8.95241],[-11.08347,8.95256],[-11.08333,8.95273],[-11.08311,8.95311],[-11.083,8.95329],[-11.08285,8.95347],[-11.08247,8.95384],[-11.08181,8.95446],[-11.08164,8.95464],[-11.08153,8.95479],[-11.08139,8.95509],[-11.08128,8.95538],[-11.08107,8.956],[-11.08097,8.95634],[-11.08086,8.95677],[-11.08081,8.95718],[-11.08065,8.95795],[-11.08054,8.95844],[-11.08048,8.95874],[-11.0804,8.95895],[-11.08013,8.95954],[-11.07984,8.96021],[-11.07975,8.96047],[-11.07967,8.96088],[-11.0796,8.96132],[-11.07954,8.96169],[-11.07945,8.96205],[-11.07936,8.96246],[-11.07928,8.96303],[-11.07913,8.96405],[-11.07908,8.96435],[-11.07904,8.96453],[-11.07897,8.96466],[-11.07889,8.96477],[-11.07862,8.96506],[-11.07827,8.96542],[-11.07794,8.96587],[-11.07745,8.96659],[-11.07722,8.96696],[-11.07713,8.96708],[-11.07702,8.96717],[-11.07643,8.9676],[-11.0763,8.96766],[-11.07614,8.96769],[-11.07585,8.9678],[-11.0757,8.96789],[-11.07556,8.96797],[-11.07533,8.9682],[-11.07495,8.96863],[-11.07489,8.96867],[-11.07478,8.96873],[-11.07471,8.96882],[-11.07466,8.96894],[-11.07461,8.9691],[-11.07458,8.96942],[-11.07449,8.97012],[-11.07444,8.97056],[-11.07439,8.97084],[-11.07427,8.97121],[-11.07407,8.97159],[-11.0739,8.97191],[-11.07382,8.97204],[-11.07373,8.97213],[-11.07353,8.97228],[-11.07321,8.97241],[-11.07304,8.9725],[-11.07292,8.9726],[-11.07237,8.97315],[-11.07223,8.9733],[-11.07213,8.97336],[-11.07199,8.9734],[-11.07191,8.97343],[-11.0716,8.97362],[-11.07111,8.97383],[-11.07053,8.97401],[-11.07025,8.97408],[-11.07003,8.97412],[-11.06979,8.9742],[-11.06954,8.9743],[-11.06925,8.97449],[-11.06899,8.97477],[-11.06882,8.97501],[-11.06849,8.97536],[-11.06839,8.97544],[-11.06823,8.97552],[-11.06781,8.9757],[-11.06737,8.97582],[-11.06703,8.97591],[-11.06655,8.97606],[-11.06635,8.97612],[-11.06612,8.97619],[-11.06594,8.9763],[-11.0658,8.97649],[-11.06574,8.97661],[-11.0657,8.97678],[-11.06569,8.977],[-11.06578,8.97724],[-11.06585,8.97743],[-11.06589,8.9775],[-11.06596,8.97757],[-11.0661,8.97765],[-11.06631,8.97774],[-11.06646,8.97785],[-11.06657,8.97798],[-11.06661,8.97811],[-11.06663,8.97822],[-11.06659,8.97843],[-11.06651,8.9788],[-11.06645,8.97918],[-11.06639,8.97946],[-11.06639,8.97973],[-11.06641,8.98013],[-11.06647,8.98028],[-11.06651,8.98044],[-11.06651,8.98059],[-11.06649,8.98081]]},"properties":{"id":293290385,"cls":"primary","hw":"primary","tg":"na","name":"","ref":"","surface":"unpaved","sc":"unpaved","speed":null,"lit":"unk","km":5.748}},
{"type":"Feature","geometry":{"type":"LineString","coordinates":[[-13.2383,8.45083],[-13.23849,8.45093],[-13.23856,8.45097],[-13.23873,8.45108],[-13.23879,8.45111],[-13.23911,8.45127],[-13.23941,8.45144],[-13.23964,8.45159],[-13.23983,8.45173],[-13.24016,8.45202],[-13.24036,8.4522],[-13.24081,8.4526],[-13.24094,8.45274],[-13.24112,8.45292],[-13.2412,8.45302],[-13.24131,8.45315],[-13.24174,8.4536],[-13.24185,8.45371],[-13.24201,8.45383],[-13.24216,8.45394],[-13.24232,8.45402],[-13.24256,8.45415],[-13.24301,8.45435],[-13.24316,8.45443],[-13.24344,8.45454],[-13.24408,8.45482],[-13.24483,8.45525],[-13.24506,8.45537],[-13.24519,8.45544],[-13.24531,8.45549],[-13.24557,8.45558],[-13.24576,8.45564],[-13.24599,8.4557],[-13.2462,8.45573],[-13.24627,8.45574],[-13.24648,8.45576],[-13.24666,8.4558],[-13.24678,8.45583],[-13.24697,8.4559],[-13.24727,8.45603],[-13.24779,8.45622],[-13.24796,8.45629],[-13.24826,8.45642],[-13.24839,8.45647],[-13.24851,8.45651],[-13.24866,8.45656],[-13.24882,8.45659],[-13.24896,8.4566],[-13.24916,8.45661],[-13.24943,8.45664],[-13.24974,8.45664],[-13.24989,8.45666],[-13.24999,8.45668],[-13.25008,8.4567],[-13.25018,8.45673],[-13.25054,8.45682],[-13.25084,8.4569],[-13.25109,8.45694],[-13.25121,8.45695],[-13.25133,8.45696],[-13.25151,8.45695],[-13.25178,8.45694],[-13.2519,8.45695],[-13.252,8.45696],[-13.25209,8.45699],[-13.25218,8.45703],[-13.25228,8.45706]]},"properties":{"id":293337290,"cls":"primary","hw":"primary","tg":"na","name":"Regent Road","ref":"","surface":"asphalt","sc":"paved","speed":null,"lit":"unk","km":1.733}},
{"type":"Feature","geometry":{"type":"LineString","coordinates":[[-11.10464,8.74378],[-11.10465,8.74384],[-11.10473,8.74408],[-11.1048,8.74426],[-11.10501,8.74491],[-11.10512,8.74521],[-11.1052,8.7455],[-11.10525,8.74579],[-11.1053,8.74606],[-11.10545,8.74657],[-11.10556,8.74694],[-11.10568,8.74724],[-11.1059,8.74769],[-11.10609,8.74801],[-11.10621,8.74826],[-11.10634,8.74859],[-11.10642,8.74876],[-11.10646,8.74896],[-11.1065,8.74932],[-11.10651,8.74964],[-11.1065,8.74992],[-11.10648,8.75013],[-11.10641,8.75036],[-11.10634,8.75054],[-11.10626,8.75075],[-11.10612,8.75096],[-11.10577,8.75143],[-11.10547,8.75186],[-11.1052,8.75234],[-11.1051,8.75257],[-11.10506,8.75277],[-11.10506,8.75296],[-11.10513,8.75339],[-11.10516,8.75405],[-11.10524,8.75488],[-11.10525,8.75521],[-11.10523,8.75551],[-11.1052,8.75574],[-11.10514,8.75609],[-11.10512,8.75635],[-11.10515,8.75664],[-11.10526,8.75714],[-11.10537,8.75776],[-11.10545,8.75807],[-11.10558,8.75837],[-11.10581,8.75896],[-11.10595,8.7593],[-11.10608,8.75967],[-11.10611,8.75981],[-11.1061,8.75993],[-11.10608,8.76004],[-11.10597,8.76031],[-11.10581,8.76067],[-11.10568,8.76112],[-11.10557,8.76136],[-11.10546,8.76153],[-11.1053,8.76176],[-11.10526,8.76188],[-11.10524,8.76199],[-11.10519,8.76229],[-11.10514,8.76254],[-11.10514,8.76271],[-11.10517,8.76286],[-11.10523,8.76299],[-11.10534,8.76321],[-11.1057,8.76375],[-11.10577,8.76387],[-11.1058,8.76403],[-11.10578,8.76423],[-11.10574,8.76455],[-11.10572,8.76471],[-11.10566,8.76484],[-11.10555,8.76494],[-11.10541,8.76504],[-11.10499,8.76521],[-11.10474,8.76535],[-11.10445,8.76556],[-11.10391,8.76599],[-11.10354,8.7663],[-11.10337,8.76645],[-11.1032,8.76663],[-11.10303,8.76687],[-11.10283,8.7672],[-11.10238,8.76813],[-11.10216,8.76864],[-11.10195,8.76927],[-11.10177,8.76976],[-11.10165,8.77001],[-11.10154,8.77018],[-11.10139,8.77036],[-11.10122,8.77051],[-11.10098,8.77069],[-11.10073,8.77089],[-11.10049,8.77114],[-11.10026,8.77144],[-11.10005,8.77174],[-11.09988,8.77187],[-11.09974,8.77195],[-11.09924,8.77223],[-11.09908,8.77235],[-11.09895,8.77249],[-11.09878,8.77274],[-11.0987,8.7729],[-11.09862,8.77319]]},"properties":{"id":293342788,"cls":"primary","hw":"primary","tg":"na","name":"","ref":"","surface":"unpaved","sc":"unpaved","speed":null,"lit":"unk","km":3.732}},
{"type":"Feature","geometry":{"type":"LineString","coordinates":[[-13.27856,8.45036],[-13.27842,8.45059],[-13.2783,8.45079],[-13.27824,8.45087],[-13.27817,8.45098],[-13.27797,8.45123],[-13.27787,8.45133],[-13.27783,8.45138],[-13.27762,8.45158],[-13.27741,8.45176],[-13.27716,8.45197],[-13.27694,8.45215],[-13.27682,8.45224],[-13.2767,8.45231],[-13.27658,8.45238],[-13.27643,8.45246],[-13.27625,8.45254],[-13.27611,8.45263],[-13.27595,8.45271],[-13.2758,8.4528],[-13.27561,8.45289],[-13.27536,8.45298],[-13.27518,8.453]]},"properties":{"id":293579985,"cls":"primary","hw":"primary","tg":"na","name":"Peninsular Road","ref":"","surface":"","sc":"unknown","speed":null,"lit":"unk","km":0.487}},
{"type":"Feature","geometry":{"type":"LineString","coordinates":[[-13.24853,8.38486],[-13.24969,8.3856],[-13.24973,8.38563],[-13.25013,8.3859]]},"properties":{"id":293579986,"cls":"primary","hw":"primary","tg":"na","name":"Peninsular Road","ref":"","surface":"asphalt","sc":"paved","speed":null,"lit":"unk","km":0.211}},
{"type":"Feature","geometry":{"type":"LineString","coordinates":[[-13.25013,8.3859],[-13.25034,8.38606],[-13.25092,8.38642],[-13.25151,8.38679],[-13.25171,8.38692],[-13.25185,8.387],[-13.25213,8.3872],[-13.25253,8.38746],[-13.25271,8.38757],[-13.25286,8.38766],[-13.25299,8.38774],[-13.25321,8.38786],[-13.25343,8.38795],[-13.25368,8.38802],[-13.254,8.38806],[-13.25451,8.38813],[-13.2549,8.3883],[-13.25515,8.38849],[-13.25554,8.38885],[-13.25606,8.38935],[-13.25627,8.38955],[-13.25649,8.38977],[-13.25684,8.3901],[-13.25696,8.39023],[-13.2571,8.39036],[-13.25759,8.39083],[-13.25796,8.39119],[-13.25827,8.39149],[-13.25844,8.39165],[-13.25866,8.39185],[-13.25892,8.3921],[-13.25918,8.39234],[-13.25949,8.39264],[-13.25962,8.39276],[-13.25972,8.39286],[-13.25987,8.39301],[-13.26017,8.39332],[-13.26033,8.39353],[-13.26036,8.39357],[-13.26053,8.39385],[-13.26069,8.39414],[-13.26104,8.39475],[-13.26123,8.3951],[-13.26142,8.39543],[-13.26153,8.39562],[-13.26161,8.39576],[-13.2617,8.39592],[-13.26186,8.39614],[-13.26215,8.39656],[-13.26248,8.39705],[-13.26288,8.39763],[-13.2631,8.39803],[-13.26325,8.39835],[-13.26332,8.39849],[-13.26348,8.39896],[-13.26355,8.39921],[-13.26366,8.39951],[-13.26374,8.39993],[-13.26376,8.40008],[-13.26378,8.40031],[-13.26375,8.40062],[-13.26367,8.40108],[-13.26355,8.40157],[-13.26347,8.40188],[-13.26336,8.40221],[-13.26325,8.40245],[-13.2631,8.40274],[-13.26299,8.40303],[-13.26287,8.40326],[-13.26276,8.40349],[-13.26267,8.40367],[-13.2625,8.40399],[-13.26231,8.40433],[-13.26209,8.4046],[-13.26186,8.40488],[-13.26183,8.40491],[-13.26178,8.40499],[-13.26171,8.40511],[-13.26161,8.40532],[-13.26152,8.40567],[-13.26143,8.4061],[-13.26135,8.4065],[-13.26129,8.40678],[-13.26122,8.40705],[-13.26116,8.40742],[-13.26114,8.40764],[-13.26116,8.40784],[-13.26124,8.40811],[-13.26138,8.40843],[-13.26152,8.40869],[-13.26167,8.40895],[-13.26182,8.40916],[-13.26195,8.40931],[-13.26211,8.40949],[-13.26231,8.40967],[-13.26262,8.40999],[-13.26297,8.41055],[-13.26319,8.41094],[-13.2635,8.41151],[-13.26355,8.41159],[-13.26378,8.41202],[-13.26403,8.41236],[-13.26438,8.41272],[-13.26478,8.41313],[-13.2651,8.41349],[-13.26546,8.4139],[-13.26578,8.41423],[-13.26609,8.41454],[-13.26641,8.41483],[-13.2667,8.41507],[-13.26682,8.41517],[-13.26698,8.4153],[-13.26751,8.41573],[-13.26774,8.41592],[-13.26789,8.41603],[-13.26819,8.41628],[-13.26835,8.4164],[-13.26857,8.41658],[-13.26879,8.41674],[-13.26892,8.41685],[-13.26912,8.41699],[-13.26929,8.41712],[-13.26941,8.4172],[-13.26954,8.4173],[-13.26994,8.41759],[-13.27004,8.41766],[-13.27024,8.4178],[-13.27051,8.41805],[-13.27102,8.41847],[-13.27129,8.41868],[-13.27154,8.41888],[-13.27204,8.41928],[-13.27238,8.41955],[-13.27256,8.41971],[-13.2728,8.41992],[-13.27334,8.42035],[-13.27353,8.42049],[-13.27396,8.42083],[-13.27447,8.42122],[-13.27476,8.42145],[-13.27502,8.4217],[-13.2751,8.42178],[-13.27517,8.42187],[-13.27529,8.42205],[-13.27531,8.42209],[-13.27533,8.42212],[-13.27573,8.42287],[-13.27586,8.42307],[-13.27606,8.42336],[-13.27624,8.42362],[-13.27639,8.42384],[-13.2766,8.42417],[-13.2768,8.4245],[-13.27693,8.42475],[-13.27701,8.42493],[-13.27713,8.42521],[-13.27718,8.42534],[-13.27725,8.42553],[-13.2773,8.42565],[-13.27734,8.42581],[-13.27738,8.42597],[-13.27746,8.42628],[-13.27753,8.42662],[-13.27754,8.4268],[-13.27755,8.42695],[-13.27759,8.42719],[-13.27758,8.42725],[-13.27759,8.42731],[-13.27759,8.4276],[-13.27759,8.42794],[-13.27757,8.42834],[-13.27757,8.42871],[-13.27756,8.42909],[-13.27754,8.42952],[-13.27754,8.42983],[-13.27753,8.43022],[-13.27749,8.43052],[-13.27746,8.43061],[-13.27737,8.4309],[-13.27725,8.43124],[-13.2772,8.43142],[-13.27719,8.43154],[-13.27717,8.43179],[-13.27717,8.43201],[-13.27719,8.4322],[-13.27724,8.43243],[-13.27734,8.43275],[-13.27752,8.4332],[-13.27775,8.4337],[-13.27784,8.43391],[-13.27803,8.43437],[-13.2782,8.4346],[-13.27831,8.43473],[-13.27857,8.43492],[-13.279,8.43515],[-13.27925,8.43528],[-13.27945,8.43544],[-13.27966,8.43565],[-13.27972,8.43575],[-13.27976,8.43585],[-13.27986,8.43608],[-13.27991,8.43634],[-13.2799,8.43662],[-13.27986,8.43679],[-13.27981,8.43693],[-13.27977,8.43702],[-13.27956,8.43744],[-13.27934,8.43788],[-13.27909,8.43844],[-13.27886,8.43909],[-13.27868,8.43967],[-13.27855,8.44013],[-13.27851,8.44054],[-13.27852,8.44084],[-13.27856,8.4411],[-13.2786,8.44135],[-13.27873,8.44197],[-13.27889,8.44283],[-13.27901,8.44404],[-13.27911,8.44506],[-13.27914,8.44541],[-13.27922,8.44628],[-13.27936,8.4477],[-13.27936,8.44806],[-13.27935,8.4483],[-13.27933,8.44849],[-13.27927,8.44869],[-13.2792,8.4489],[-13.27911,8.44911],[-13.27903,8.4493],[-13.27885,8.44972],[-13.27868,8.45012],[-13.27861,8.45027],[-13.27856,8.45036]]},"properties":{"id":293594319,"cls":"primary","hw":"primary","tg":"na","name":"Peninsular Road","ref":"","surface":"asphalt","sc":"paved","speed":null,"lit":"unk","km":8.809}},
{"type":"Feature","geometry":{"type":"LineString","coordinates":[[-11.18183,7.89233],[-11.18218,7.8921],[-11.18228,7.89203],[-11.1824,7.89199],[-11.18256,7.89196],[-11.18357,7.89204],[-11.18405,7.89208],[-11.18443,7.8921],[-11.18491,7.89207],[-11.18514,7.89204],[-11.18539,7.89198],[-11.18561,7.8919],[-11.18584,7.89177],[-11.18595,7.89171],[-11.18609,7.89162],[-11.18625,7.89151],[-11.18651,7.89131],[-11.18667,7.89113],[-11.18678,7.891],[-11.18685,7.89084],[-11.18717,7.89002],[-11.1875,7.88912],[-11.18774,7.88848],[-11.18789,7.888],[-11.18806,7.88752],[-11.18831,7.88692],[-11.18841,7.88665],[-11.18863,7.88603],[-11.1888,7.88548],[-11.18906,7.8847],[-11.18917,7.8844],[-11.18931,7.88403],[-11.18951,7.88341],[-11.18958,7.88319],[-11.18965,7.88297],[-11.18991,7.88223],[-11.19001,7.88192],[-11.19009,7.88172],[-11.1902,7.88125],[-11.19028,7.8809],[-11.19035,7.88063],[-11.19038,7.88036],[-11.1904,7.88019],[-11.19039,7.88009],[-11.19038,7.87999],[-11.1904,7.87986],[-11.19044,7.87951],[-11.19046,7.87938],[-11.19046,7.8792],[-11.19053,7.87867],[-11.19055,7.87831],[-11.19058,7.87792],[-11.19068,7.87699],[-11.19071,7.87674],[-11.19076,7.87641],[-11.19082,7.87613],[-11.19085,7.87608],[-11.19089,7.876],[-11.19112,7.87569],[-11.1913,7.87552],[-11.19153,7.87528],[-11.19179,7.87499],[-11.19204,7.87469],[-11.19239,7.87429],[-11.19248,7.87421],[-11.1926,7.87408],[-11.19271,7.87398]]},"properties":{"id":294500528,"cls":"trunk","hw":"trunk","tg":"na","name":"Hangha Road","ref":"","surface":"asphalt","sc":"paved","speed":null,"lit":"unk","km":2.637}},
{"type":"Feature","geometry":{"type":"LineString","coordinates":[[-11.15545,7.92198],[-11.15586,7.92181],[-11.15618,7.92167],[-11.15674,7.92143]]},"properties":{"id":294500544,"cls":"trunk","hw":"trunk","tg":"na","name":"","ref":"","surface":"","sc":"unknown","speed":null,"lit":"unk","km":0.155}},
{"type":"Feature","geometry":{"type":"LineString","coordinates":[[-11.20047,7.85388],[-11.20074,7.85371]]},"properties":{"id":294592829,"cls":"trunk","hw":"trunk","tg":"na","name":"Bo-Kenema Highway","ref":"TAH 7","surface":"asphalt","sc":"paved","speed":null,"lit":"unk","km":0.035}},
{"type":"Feature","geometry":{"type":"LineString","coordinates":[[-11.20074,7.85371],[-11.20114,7.85352],[-11.20147,7.85334],[-11.20178,7.85321],[-11.20202,7.85311],[-11.20229,7.85304],[-11.20257,7.85296],[-11.20287,7.85288],[-11.20311,7.85287],[-11.20408,7.85272],[-11.20476,7.85265],[-11.20517,7.85258],[-11.20565,7.85249],[-11.20639,7.85231],[-11.20688,7.85218],[-11.20746,7.85202],[-11.20799,7.85189],[-11.20825,7.85182],[-11.20855,7.85174],[-11.20925,7.85154],[-11.20997,7.85135],[-11.21024,7.85128],[-11.21058,7.85116],[-11.21102,7.85105],[-11.21161,7.85091],[-11.21193,7.85081],[-11.21223,7.85074],[-11.21255,7.85067],[-11.21292,7.85059],[-11.21311,7.85055],[-11.21352,7.85051],[-11.21386,7.85047],[-11.21394,7.85047],[-11.21401,7.85046],[-11.21415,7.85045],[-11.2146,7.85042],[-11.21474,7.85041],[-11.21496,7.85041],[-11.21519,7.8504],[-11.21536,7.8504],[-11.21552,7.8504],[-11.21579,7.85043],[-11.21594,7.85044],[-11.21631,7.85046],[-11.21673,7.85049],[-11.2169,7.85052],[-11.21702,7.85053],[-11.21727,7.85056],[-11.21758,7.85062],[-11.21777,7.85064],[-11.21791,7.85066],[-11.21804,7.85069],[-11.21809,7.85069],[-11.21843,7.85074],[-11.21872,7.85079],[-11.21897,7.85084],[-11.21907,7.85085],[-11.21926,7.85088],[-11.21954,7.85092],[-11.21968,7.85093],[-11.21978,7.85094],[-11.21993,7.85094],[-11.21997,7.85095],[-11.22022,7.85095],[-11.22056,7.85096],[-11.22065,7.85097],[-11.22082,7.85097],[-11.22109,7.85097],[-11.22115,7.85096],[-11.22178,7.85093],[-11.22203,7.8509],[-11.22231,7.85086],[-11.22256,7.85081],[-11.22284,7.85076],[-11.22308,7.85072],[-11.22328,7.85068],[-11.22358,7.85061],[-11.22385,7.85053],[-11.22419,7.85042],[-11.2246,7.8503],[-11.22495,7.85016],[-11.22551,7.84992],[-11.22628,7.84952],[-11.22668,7.8493],[-11.22678,7.84924],[-11.22727,7.84899],[-11.22767,7.84882],[-11.22781,7.84877],[-11.22801,7.8487],[-11.22837,7.84862],[-11.22863,7.84856],[-11.22913,7.84849],[-11.22956,7.84846],[-11.22983,7.84846],[-11.23037,7.84848],[-11.23059,7.84848],[-11.23196,7.84849],[-11.23279,7.84851],[-11.23353,7.84851],[-11.23431,7.84851],[-11.2349,7.84852],[-11.23523,7.84853],[-11.23615,7.84854],[-11.23683,7.84857],[-11.23698,7.84857],[-11.23722,7.8486],[-11.23801,7.84868],[-11.2382,7.84872],[-11.2388,7.84883],[-11.23937,7.84898],[-11.2395,7.84901],[-11.24013,7.8492],[-11.24051,7.84933],[-11.24096,7.84947],[-11.24247,7.85002],[-11.24393,7.85055],[-11.24506,7.85088],[-11.24587,7.85109],[-11.24661,7.85124],[-11.24729,7.85137],[-11.24809,7.85146],[-11.24875,7.85152],[-11.24939,7.85157],[-11.25013,7.85159],[-11.25092,7.8516],[-11.25173,7.85156],[-11.25302,7.85144],[-11.25368,7.85136],[-11.25494,7.85111],[-11.25688,7.85072],[-11.25888,7.8503],[-11.26114,7.84985],[-11.26229,7.84962],[-11.26383,7.84931],[-11.26501,7.84905],[-11.26548,7.84896],[-11.26623,7.84884],[-11.26655,7.84877],[-11.26694,7.84873],[-11.26759,7.84868],[-11.26828,7.84868],[-11.26884,7.84875],[-11.26929,7.84884],[-11.26967,7.8489],[-11.27013,7.84899],[-11.27037,7.84905],[-11.27068,7.84915],[-11.27108,7.84931],[-11.27163,7.84955],[-11.27246,7.84988],[-11.27472,7.85092],[-11.27589,7.85142],[-11.277,7.8519],[-11.27787,7.85225],[-11.27799,7.8523],[-11.27813,7.85237],[-11.27856,7.85255],[-11.2792,7.85274],[-11.27984,7.8529],[-11.28087,7.85296],[-11.28317,7.85336],[-11.28538,7.85369],[-11.28759,7.85409],[-11.28844,7.85428],[-11.28895,7.85442],[-11.2894,7.85458],[-11.28978,7.85477],[-11.29017,7.85499],[-11.29062,7.85532],[-11.29095,7.85564],[-11.29139,7.85603]]},"properties":{"id":294592830,"cls":"trunk","hw":"trunk","tg":"na","name":"Bo-Kenema Highway","ref":"TAH 7","surface":"asphalt","sc":"paved","speed":null,"lit":"unk","km":10.333}},
{"type":"Feature","geometry":{"type":"LineString","coordinates":[[-11.25037,8.54661],[-11.24988,8.54686],[-11.24941,8.54708],[-11.24798,8.5478],[-11.24776,8.54791],[-11.24714,8.54821],[-11.24687,8.54835],[-11.24677,8.5484],[-11.24653,8.54853],[-11.24607,8.54876],[-11.24599,8.5488],[-11.24549,8.54906],[-11.244,8.54981],[-11.24326,8.55018],[-11.24294,8.55034],[-11.2426,8.55049],[-11.24205,8.55077],[-11.24159,8.55105],[-11.24122,8.5513],[-11.2408,8.5517],[-11.24052,8.55199],[-11.23873,8.55394],[-11.23855,8.55415],[-11.23838,8.55438],[-11.23824,8.55461],[-11.23752,8.556],[-11.23737,8.55627],[-11.23718,8.55666],[-11.23703,8.55697],[-11.23699,8.55708],[-11.23695,8.55717],[-11.23691,8.55723],[-11.23688,8.5573],[-11.2367,8.55765],[-11.23658,8.55789],[-11.23636,8.55838],[-11.23626,8.55863],[-11.23614,8.55916],[-11.23606,8.55989],[-11.23591,8.56173],[-11.23586,8.56215],[-11.23578,8.5625],[-11.23566,8.56295],[-11.2356,8.56313],[-11.23547,8.56346],[-11.23524,8.56396],[-11.23518,8.56409],[-11.23512,8.56419],[-11.23504,8.56435],[-11.2346,8.56519],[-11.23427,8.56586],[-11.23353,8.56726],[-11.23288,8.56856],[-11.23242,8.56941],[-11.23215,8.57005],[-11.23207,8.57027],[-11.23198,8.57052],[-11.23191,8.57077],[-11.23181,8.57118],[-11.23175,8.57154],[-11.23169,8.57195],[-11.23146,8.57385],[-11.23131,8.575],[-11.2311,8.57701]]},"properties":{"id":295024762,"cls":"primary","hw":"primary","tg":"na","name":"","ref":"","surface":"unpaved","sc":"unpaved","speed":80,"lit":"unk","km":4.275}},
{"type":"Feature","geometry":{"type":"LineString","coordinates":[[-11.69693,7.94669],[-11.69806,7.94652],[-11.69829,7.94648],[-11.6984,7.94648],[-11.6989,7.94643],[-11.69917,7.94643],[-11.69963,7.94645],[-11.69993,7.94648],[-11.70014,7.94653],[-11.70037,7.94658],[-11.70064,7.94666],[-11.70122,7.94683],[-11.70164,7.94696],[-11.7033,7.94747],[-11.70405,7.9477],[-11.70538,7.94813],[-11.7058,7.94826],[-11.70619,7.94831],[-11.70651,7.94836],[-11.70677,7.94837],[-11.707,7.94837],[-11.70723,7.94836],[-11.708,7.94836],[-11.7081,7.94836],[-11.70889,7.94837],[-11.70899,7.94838],[-11.70928,7.94837],[-11.70934,7.94837],[-11.70974,7.94837],[-11.71138,7.94834],[-11.71238,7.94835],[-11.71287,7.94835],[-11.71372,7.94834],[-11.71478,7.94833],[-11.71525,7.94833],[-11.7161,7.94833],[-11.71697,7.94833],[-11.71811,7.9483],[-11.71839,7.9483],[-11.71877,7.9483],[-11.71887,7.9483]]},"properties":{"id":295165381,"cls":"trunk","hw":"trunk","tg":"na","name":"Bo-Kenema Highway","ref":"TAH 7","surface":"asphalt","sc":"paved","speed":null,"lit":"unk","km":2.449}},
{"type":"Feature","geometry":{"type":"LineString","coordinates":[[-11.69665,7.94673],[-11.69693,7.94669]]},"properties":{"id":295165382,"cls":"trunk","hw":"trunk","tg":"na","name":"Bo-Kenema Highway","ref":"TAH 7","surface":"","sc":"unknown","speed":null,"lit":"unk","km":0.031}},
{"type":"Feature","geometry":{"type":"LineString","coordinates":[[-11.1401,7.77582],[-11.14044,7.77571],[-11.14068,7.77572],[-11.14086,7.77578],[-11.14107,7.77594],[-11.14164,7.77671],[-11.14177,7.77683],[-11.14196,7.77693],[-11.14208,7.77695],[-11.14223,7.77691],[-11.14232,7.77684],[-11.14257,7.77658],[-11.14281,7.77632],[-11.14311,7.7761],[-11.14328,7.77601],[-11.14342,7.77599],[-11.14362,7.77601],[-11.14377,7.77607],[-11.14389,7.77615],[-11.14399,7.77627],[-11.14419,7.77641],[-11.14439,7.77649],[-11.14461,7.77655],[-11.14492,7.77657],[-11.14508,7.77661],[-11.14526,7.7767],[-11.14596,7.7771],[-11.14626,7.7773],[-11.14654,7.77748],[-11.14718,7.77786],[-11.14789,7.77831],[-11.14851,7.77876],[-11.14896,7.77906],[-11.14927,7.7793],[-11.14978,7.77967],[-11.15039,7.78021],[-11.15087,7.78063],[-11.15154,7.78123],[-11.15215,7.7817],[-11.15295,7.78225],[-11.15389,7.78284],[-11.15436,7.7831],[-11.15512,7.78347],[-11.15568,7.78376],[-11.15627,7.78403],[-11.15664,7.78417],[-11.157,7.78432],[-11.15732,7.78444],[-11.15752,7.78454],[-11.15774,7.78468],[-11.15884,7.78544],[-11.15931,7.78575],[-11.15973,7.78596],[-11.16028,7.78618],[-11.16073,7.7864],[-11.16121,7.78659],[-11.16212,7.78691],[-11.16297,7.78718],[-11.16325,7.78725],[-11.16363,7.78737],[-11.16408,7.78755],[-11.16469,7.78782],[-11.16516,7.78808],[-11.16564,7.78837],[-11.16596,7.78856],[-11.16648,7.78882],[-11.1667,7.78893],[-11.16688,7.78907],[-11.16729,7.78937],[-11.16767,7.7896],[-11.16837,7.78987],[-11.1688,7.79003],[-11.1692,7.79023],[-11.16944,7.79039],[-11.16961,7.79059],[-11.16978,7.79086],[-11.16994,7.79114],[-11.17036,7.79189],[-11.17068,7.79247],[-11.171,7.79315],[-11.17112,7.79344],[-11.17126,7.79373],[-11.17144,7.79411],[-11.1716,7.79441],[-11.1717,7.79458],[-11.17184,7.79479],[-11.17199,7.79502],[-11.1721,7.79522],[-11.17217,7.79543],[-11.17222,7.79563],[-11.17225,7.79588],[-11.17228,7.79611],[-11.17237,7.79637],[-11.17247,7.79661],[-11.1726,7.79681],[-11.17274,7.797],[-11.17314,7.79735],[-11.17353,7.79771],[-11.17365,7.79783],[-11.17376,7.79799],[-11.17386,7.7982],[-11.17394,7.7984],[-11.17399,7.79867],[-11.17403,7.79893],[-11.17412,7.7993],[-11.17433,7.80048],[-11.17439,7.80079],[-11.17439,7.80109],[-11.17438,7.8013],[-11.17433,7.80167],[-11.17426,7.80196],[-11.17416,7.80221],[-11.174,7.80248],[-11.17378,7.80285],[-11.17354,7.80319],[-11.17336,7.80349],[-11.17315,7.80392],[-11.17304,7.80429],[-11.17298,7.8047],[-11.17293,7.8051],[-11.17289,7.80539],[-11.17289,7.80573],[-11.17293,7.80601],[-11.173,7.80627],[-11.17313,7.80664],[-11.17326,7.80692],[-11.17358,7.80731],[-11.17388,7.80761],[-11.175,7.80876]]},"properties":{"id":297942574,"cls":"trunk","hw":"trunk","tg":"na","name":"Kenema-Joru Highway","ref":"TAH 7","surface":"unpaved","sc":"unpaved","speed":null,"lit":"unk","km":6.09}},
{"type":"Feature","geometry":{"type":"LineString","coordinates":[[-11.14004,7.77584],[-11.1401,7.77582]]},"properties":{"id":297942575,"cls":"trunk","hw":"trunk","tg":"na","name":"Kenema-Joru Highway","ref":"TAH 7","surface":"unpaved","sc":"unpaved","speed":null,"lit":"unk","km":0.007}},
{"type":"Feature","geometry":{"type":"LineString","coordinates":[[-13.27518,8.453],[-13.27508,8.453],[-13.27501,8.453],[-13.27491,8.45297],[-13.27478,8.4529],[-13.27452,8.45268],[-13.27421,8.45242]]},"properties":{"id":298637245,"cls":"primary","hw":"primary","tg":"na","name":"Peninsular Road","ref":"","surface":"","sc":"unknown","speed":null,"lit":"unk","km":0.129}},
{"type":"Feature","geometry":{"type":"LineString","coordinates":[[-13.22733,8.44532],[-13.22741,8.44537],[-13.22748,8.4454],[-13.22755,8.44542],[-13.22769,8.44544],[-13.22803,8.44549],[-13.22819,8.44553],[-13.22835,8.44557],[-13.2285,8.44562],[-13.22857,8.44564],[-13.22887,8.44572],[-13.2294,8.44595],[-13.22952,8.44602],[-13.22964,8.44608],[-13.22976,8.44614],[-13.23007,8.44627],[-13.23018,8.4463],[-13.23024,8.44631],[-13.2303,8.44633],[-13.23043,8.44634],[-13.23055,8.44635],[-13.23076,8.44637],[-13.23097,8.44641],[-13.23106,8.44643],[-13.23126,8.44648],[-13.23136,8.44652],[-13.23146,8.44656],[-13.23166,8.44665],[-13.23193,8.44678],[-13.23199,8.4468],[-13.23229,8.44693],[-13.23254,8.44707],[-13.2327,8.44717],[-13.23282,8.44725],[-13.23292,8.44734],[-13.23309,8.44748],[-13.23327,8.44764],[-13.23338,8.44772],[-13.23348,8.44781],[-13.23362,8.44793],[-13.23372,8.448],[-13.23383,8.44806],[-13.23396,8.44813],[-13.2341,8.4482],[-13.23458,8.44843],[-13.23486,8.44856],[-13.23497,8.44862],[-13.23511,8.4487],[-13.23531,8.44883],[-13.23537,8.44887],[-13.23566,8.44909],[-13.23584,8.44923],[-13.23617,8.44948],[-13.23642,8.44966],[-13.23644,8.44967],[-13.23671,8.44986],[-13.23691,8.45],[-13.23708,8.45011],[-13.23721,8.45021],[-13.23744,8.45037],[-13.23752,8.45042],[-13.23757,8.45046],[-13.23772,8.45054],[-13.23783,8.4506],[-13.23798,8.45068],[-13.23814,8.45075],[-13.23825,8.45081],[-13.2383,8.45083]]},"properties":{"id":298821413,"cls":"primary","hw":"primary","tg":"na","name":"Regent Road","ref":"","surface":"paved","sc":"paved","speed":null,"lit":"unk","km":1.373}},
{"type":"Feature","geometry":{"type":"LineString","coordinates":[[-13.18855,8.41566],[-13.18841,8.41555]]},"properties":{"id":298821482,"cls":"primary","hw":"primary","tg":"na","name":"Youyi Highway","ref":"","surface":"","sc":"unknown","speed":null,"lit":"unk","km":0.02}},
{"type":"Feature","geometry":{"type":"LineString","coordinates":[[-13.18841,8.41555],[-13.18816,8.41544],[-13.18789,8.41534],[-13.1873,8.41515],[-13.18678,8.41496],[-13.18643,8.41486],[-13.18634,8.41483],[-13.18602,8.41478],[-13.18586,8.41478],[-13.1857,8.41488],[-13.18557,8.41501],[-13.18547,8.41514],[-13.18536,8.41528],[-13.18525,8.4154],[-13.18512,8.41546],[-13.18489,8.41553],[-13.18472,8.41552],[-13.18455,8.4155],[-13.18445,8.41548],[-13.18431,8.41546],[-13.1834,8.41522],[-13.18212,8.41487],[-13.18149,8.41475],[-13.1812,8.41466],[-13.18097,8.41452],[-13.18084,8.41435],[-13.18051,8.41371],[-13.18032,8.41342],[-13.18004,8.41303],[-13.17983,8.41263],[-13.17967,8.4123],[-13.17919,8.41168],[-13.17878,8.41107],[-13.17869,8.41089],[-13.17849,8.41052],[-13.1783,8.41027],[-13.17808,8.41011],[-13.17771,8.4099],[-13.17715,8.40968],[-13.17677,8.40953],[-13.1767,8.4095],[-13.17649,8.40934],[-13.1763,8.40914],[-13.17579,8.40854],[-13.17557,8.40824],[-13.17544,8.40809],[-13.17522,8.40787],[-13.17484,8.40748],[-13.17468,8.40735],[-13.17424,8.40701]]},"properties":{"id":298821483,"cls":"primary","hw":"primary","tg":"na","name":"Youyi Highway","ref":"","surface":"","sc":"unknown","speed":null,"lit":"unk","km":2.025}},
{"type":"Feature","geometry":{"type":"LineString","coordinates":[[-13.20058,8.42656],[-13.20046,8.42646]]},"properties":{"id":299213626,"cls":"primary","hw":"primary","tg":"na","name":"Youyi Highway","ref":"","surface":"","sc":"unknown","speed":null,"lit":"unk","km":0.017}},
{"type":"Feature","geometry":{"type":"LineString","coordinates":[[-13.20046,8.42646],[-13.2004,8.42643],[-13.20032,8.4264],[-13.20003,8.42629],[-13.19983,8.4262],[-13.19968,8.42614],[-13.19951,8.42602],[-13.19937,8.42582],[-13.19922,8.42557],[-13.19919,8.42552],[-13.19908,8.42535],[-13.19892,8.42506],[-13.19868,8.42465],[-13.19856,8.42452],[-13.19835,8.42436],[-13.1982,8.4243],[-13.1979,8.42427],[-13.19738,8.42433],[-13.19724,8.42433],[-13.19711,8.4243],[-13.19694,8.42424],[-13.19678,8.42413],[-13.19641,8.42378],[-13.19625,8.4236],[-13.19615,8.42346],[-13.19606,8.42334],[-13.19602,8.42324],[-13.19597,8.42311],[-13.19593,8.42296],[-13.1959,8.4228],[-13.19584,8.42263],[-13.19574,8.42247],[-13.19561,8.42237],[-13.19549,8.42233],[-13.19535,8.4223],[-13.19521,8.42231],[-13.19506,8.42234],[-13.19477,8.42245],[-13.1946,8.42249],[-13.19447,8.42249],[-13.19432,8.42245],[-13.19419,8.42238],[-13.19406,8.42229],[-13.19387,8.42207],[-13.19373,8.42189],[-13.19356,8.42177],[-13.19294,8.42138],[-13.19281,8.42127],[-13.1927,8.42102],[-13.19268,8.42087],[-13.19272,8.42073],[-13.1928,8.42049],[-13.19292,8.41988],[-13.19287,8.41956],[-13.19274,8.41924],[-13.19245,8.41898],[-13.19214,8.41882],[-13.19174,8.41876],[-13.19034,8.41882],[-13.18998,8.41878],[-13.18966,8.41868],[-13.18954,8.41859],[-13.18941,8.4185],[-13.18923,8.41834],[-13.18908,8.41816],[-13.18893,8.41778],[-13.18887,8.41741],[-13.18887,8.41632],[-13.18884,8.41612],[-13.18881,8.41598],[-13.18873,8.41586],[-13.18867,8.41576],[-13.18855,8.41566]]},"properties":{"id":299213628,"cls":"primary","hw":"primary","tg":"na","name":"Youyi Highway","ref":"","surface":"asphalt","sc":"paved","speed":null,"lit":"unk","km":2.094}},
{"type":"Feature","geometry":{"type":"LineString","coordinates":[[-13.20693,8.43134],[-13.20676,8.43131]]},"properties":{"id":300065474,"cls":"primary","hw":"primary","tg":"na","name":"Youyi Highway","ref":"","surface":"","sc":"unknown","speed":null,"lit":"unk","km":0.019}},
{"type":"Feature","geometry":{"type":"LineString","coordinates":[[-13.20676,8.43131],[-13.20655,8.43127],[-13.20631,8.4312],[-13.20598,8.43109],[-13.20488,8.43066],[-13.20475,8.43062],[-13.20464,8.43054],[-13.20452,8.43042],[-13.2044,8.43026],[-13.20435,8.43005],[-13.20429,8.42986],[-13.2041,8.42945],[-13.2038,8.42918],[-13.20354,8.42904],[-13.20335,8.42898],[-13.2023,8.4287],[-13.2019,8.42856],[-13.20159,8.42836],[-13.20133,8.42813],[-13.20115,8.4279],[-13.201,8.42748],[-13.20095,8.4272],[-13.20087,8.42695],[-13.20075,8.42674],[-13.20064,8.42661],[-13.20058,8.42656]]},"properties":{"id":300065475,"cls":"primary","hw":"primary","tg":"na","name":"Youyi Highway","ref":"","surface":"","sc":"unknown","speed":null,"lit":"unk","km":0.928}},
{"type":"Feature","geometry":{"type":"LineString","coordinates":[[-13.24636,8.38339],[-13.24602,8.38318],[-13.24576,8.38301],[-13.24547,8.38283],[-13.24497,8.38249],[-13.24473,8.38234],[-13.24446,8.38217],[-13.24419,8.38195],[-13.24393,8.38169],[-13.24372,8.38149],[-13.24365,8.38141],[-13.24334,8.38111],[-13.24296,8.38072],[-13.24275,8.38051],[-13.24227,8.38],[-13.24178,8.37947],[-13.24159,8.37922],[-13.24145,8.37893],[-13.24097,8.37766],[-13.24082,8.37733],[-13.24072,8.37716],[-13.24053,8.37693],[-13.23989,8.37626],[-13.23945,8.37587],[-13.23916,8.37562],[-13.2385,8.37505],[-13.23808,8.37466],[-13.23764,8.37434],[-13.23708,8.37383],[-13.23645,8.37329],[-13.23597,8.37289],[-13.23573,8.37268],[-13.23547,8.37243],[-13.23517,8.37216],[-13.23467,8.37175],[-13.2342,8.37134],[-13.23371,8.37096],[-13.2335,8.37073],[-13.23293,8.36991],[-13.23271,8.3696],[-13.23215,8.36827],[-13.23205,8.36772],[-13.23202,8.36757]]},"properties":{"id":300113916,"cls":"primary","hw":"primary","tg":"na","name":"Peninsular Road","ref":"","surface":"asphalt","sc":"paved","speed":null,"lit":"unk","km":2.416}},
{"type":"Feature","geometry":{"type":"LineString","coordinates":[[-10.9814,9.11384],[-10.98134,9.11398],[-10.98121,9.11486],[-10.98117,9.11534],[-10.98113,9.11546],[-10.98103,9.11564],[-10.98088,9.11584],[-10.98077,9.11602],[-10.98053,9.11662],[-10.98031,9.1171],[-10.98019,9.11729],[-10.97975,9.11778],[-10.97951,9.11809],[-10.97898,9.11875],[-10.97824,9.11963],[-10.97816,9.11974],[-10.97801,9.12005],[-10.97775,9.12055],[-10.97763,9.1207],[-10.97744,9.12084],[-10.97644,9.12121],[-10.9761,9.12137],[-10.97574,9.1216],[-10.97518,9.12207],[-10.97463,9.12242],[-10.97447,9.12259],[-10.97433,9.12285],[-10.97424,9.12308],[-10.97396,9.12472],[-10.97391,9.12487],[-10.97378,9.12505],[-10.97375,9.12509],[-10.97374,9.12517],[-10.97373,9.12586],[-10.9737,9.12594],[-10.97362,9.12602],[-10.97247,9.12701],[-10.97201,9.12746],[-10.97132,9.12829],[-10.97119,9.12849],[-10.97103,9.12881],[-10.97055,9.12996],[-10.97033,9.13041],[-10.97025,9.13065],[-10.97011,9.13126],[-10.96999,9.13188],[-10.96995,9.13201],[-10.96985,9.13226],[-10.96965,9.1326],[-10.9694,9.13301],[-10.96931,9.13313],[-10.96892,9.13349],[-10.96874,9.13361],[-10.96865,9.13371],[-10.96859,9.13386],[-10.96851,9.13419],[-10.96846,9.13463],[-10.96844,9.13528],[-10.96846,9.13552],[-10.96854,9.13592],[-10.96855,9.13613],[-10.96851,9.13631],[-10.96839,9.1365],[-10.96827,9.13665],[-10.968,9.13697],[-10.96785,9.13715],[-10.96777,9.13727],[-10.96771,9.13734],[-10.9676,9.13738],[-10.96745,9.13743],[-10.9673,9.13754],[-10.96718,9.13771],[-10.96709,9.13797],[-10.96698,9.1384],[-10.96692,9.13863],[-10.96688,9.13872],[-10.96682,9.13881],[-10.96632,9.13927],[-10.96579,9.13988],[-10.96547,9.14027],[-10.96537,9.14043],[-10.96529,9.14058],[-10.96523,9.14065],[-10.96516,9.14074],[-10.96511,9.14083],[-10.96497,9.14125],[-10.96483,9.14164],[-10.9646,9.14256],[-10.96443,9.14313],[-10.96422,9.14351],[-10.96403,9.14383],[-10.96389,9.14411],[-10.96385,9.14428],[-10.96384,9.14441],[-10.96386,9.14453],[-10.96395,9.14479],[-10.96398,9.14495],[-10.96394,9.14511],[-10.96376,9.14549],[-10.96359,9.14584],[-10.96357,9.14592],[-10.96353,9.14637],[-10.9635,9.14654],[-10.96336,9.14705],[-10.96328,9.14724],[-10.96322,9.14741],[-10.96321,9.14759],[-10.96326,9.14781],[-10.96341,9.1483],[-10.96347,9.14863],[-10.96347,9.14881],[-10.96345,9.14894],[-10.96339,9.14911],[-10.96331,9.14936],[-10.9632,9.14972],[-10.96316,9.14995],[-10.96309,9.15052],[-10.96306,9.15069],[-10.96262,9.15163],[-10.96244,9.15203],[-10.96239,9.15219],[-10.96234,9.1524],[-10.96229,9.15254],[-10.96226,9.15265],[-10.96226,9.15287],[-10.96235,9.15341],[-10.96237,9.15379],[-10.9624,9.15424],[-10.9624,9.15437],[-10.96236,9.15455],[-10.96228,9.15472],[-10.96216,9.15485],[-10.96201,9.15497],[-10.96167,9.1551],[-10.96096,9.15527],[-10.9602,9.15558],[-10.95943,9.15593],[-10.95926,9.15609],[-10.95873,9.15663],[-10.95773,9.15788],[-10.95758,9.15807],[-10.95748,9.15823],[-10.95732,9.15855],[-10.95695,9.15925],[-10.95642,9.16043],[-10.95633,9.16059],[-10.95622,9.16073],[-10.95601,9.16101],[-10.95533,9.16209],[-10.95516,9.1623],[-10.95495,9.16249],[-10.9542,9.16304],[-10.9541,9.16312],[-10.95404,9.16321]]},"properties":{"id":301714060,"cls":"primary","hw":"primary","tg":"na","name":"","ref":"","surface":"","sc":"unknown","speed":null,"lit":"unk","km":6.651}},
{"type":"Feature","geometry":{"type":"LineString","coordinates":[[-10.91922,9.29844],[-10.91908,9.29879]]},"properties":{"id":301714083,"cls":"primary","hw":"primary","tg":"na","name":"","ref":"","surface":"","sc":"unknown","speed":null,"lit":"unk","km":0.042}},
{"type":"Feature","geometry":{"type":"LineString","coordinates":[[-11.03523,9.08007],[-11.03518,9.08008],[-11.03449,9.08023],[-11.03435,9.08025],[-11.03417,9.08025],[-11.0338,9.08023],[-11.03327,9.08017],[-11.03261,9.08008],[-11.03226,9.08004],[-11.03198,9.08002],[-11.03172,9.08005],[-11.03145,9.08011],[-11.03128,9.08017],[-11.0311,9.08034],[-11.0303,9.08135],[-11.02962,9.08213],[-11.02907,9.08278],[-11.0288,9.08303],[-11.02856,9.08318],[-11.02822,9.08331],[-11.02754,9.08349],[-11.02697,9.08357],[-11.0265,9.08355],[-11.02597,9.0835],[-11.02568,9.08347],[-11.02545,9.08342],[-11.02532,9.08339],[-11.02518,9.08339],[-11.02502,9.08344],[-11.02387,9.08407],[-11.02371,9.08417],[-11.0235,9.08433],[-11.02331,9.08455],[-11.02275,9.08542],[-11.02252,9.08577],[-11.02157,9.0869],[-11.02124,9.0872],[-11.02088,9.08745],[-11.02046,9.08782],[-11.02,9.08831]]},"properties":{"id":301714085,"cls":"primary","hw":"primary","tg":"na","name":"","ref":"","surface":"","sc":"unknown","speed":null,"lit":"unk","km":2.071}},
{"type":"Feature","geometry":{"type":"LineString","coordinates":[[-10.91908,9.29879],[-10.91878,9.29945],[-10.91856,9.29987],[-10.91827,9.30047],[-10.91766,9.30164],[-10.91706,9.30282],[-10.91689,9.30307],[-10.91671,9.3033],[-10.91626,9.30381],[-10.91546,9.30478],[-10.91436,9.30609],[-10.91422,9.30629],[-10.91413,9.30645],[-10.91408,9.30657],[-10.91403,9.30675],[-10.91398,9.3069],[-10.91373,9.30787],[-10.91352,9.30853],[-10.91345,9.30892],[-10.9134,9.30929],[-10.91334,9.30987],[-10.91333,9.31038],[-10.91327,9.31124],[-10.91321,9.3121],[-10.91319,9.31288],[-10.91318,9.31363],[-10.91314,9.31439]]},"properties":{"id":301714094,"cls":"primary","hw":"primary","tg":"na","name":"","ref":"","surface":"","sc":"unknown","speed":null,"lit":"unk","km":1.911}},
{"type":"Feature","geometry":{"type":"LineString","coordinates":[[-12.79351,8.77538],[-12.79338,8.77531],[-12.79326,8.77526],[-12.79308,8.77523],[-12.79233,8.77514],[-12.79213,8.77511],[-12.79137,8.77501],[-12.79114,8.77497],[-12.791,8.77496],[-12.79056,8.7749],[-12.79029,8.77486],[-12.79014,8.77484],[-12.78982,8.77479],[-12.78967,8.77476],[-12.78935,8.77469],[-12.78903,8.77461],[-12.78859,8.77453]]},"properties":{"id":301814162,"cls":"primary","hw":"primary","tg":"na","name":"","ref":"","surface":"asphalt","sc":"paved","speed":null,"lit":"unk","km":0.551}},
{"type":"Feature","geometry":{"type":"LineString","coordinates":[[-11.65491,7.58464],[-11.65532,7.58538],[-11.65551,7.58575],[-11.65568,7.58609],[-11.65577,7.58639],[-11.65582,7.58668],[-11.65586,7.58691],[-11.65587,7.5871],[-11.65586,7.58741],[-11.65582,7.58772],[-11.65576,7.58797],[-11.65557,7.5887],[-11.65536,7.5895],[-11.65522,7.59007],[-11.65517,7.59034],[-11.65512,7.5906],[-11.65509,7.59086],[-11.65509,7.59126],[-11.65511,7.59153],[-11.65517,7.59185],[-11.65529,7.59227],[-11.65546,7.59283],[-11.65591,7.59429],[-11.65603,7.59468],[-11.65615,7.59507],[-11.65662,7.59663],[-11.65679,7.59714],[-11.65692,7.59748],[-11.65709,7.59777],[-11.65731,7.59813],[-11.65804,7.59939],[-11.65835,7.59982],[-11.65869,7.60019],[-11.659,7.60047],[-11.65929,7.60069],[-11.65969,7.60091],[-11.66044,7.60136],[-11.66087,7.60165],[-11.66128,7.602],[-11.66209,7.60275],[-11.66245,7.6031],[-11.66273,7.60348],[-11.66294,7.60383],[-11.66319,7.60435],[-11.66338,7.60487],[-11.66346,7.60528],[-11.66351,7.60572],[-11.66355,7.60657],[-11.66357,7.60685],[-11.6636,7.60715],[-11.66371,7.6076],[-11.66384,7.60797],[-11.66408,7.60851],[-11.66425,7.60907],[-11.66435,7.60959],[-11.66439,7.60981],[-11.6644,7.61037],[-11.66445,7.61135],[-11.66448,7.61169],[-11.66453,7.61195],[-11.66463,7.61228],[-11.66475,7.61258],[-11.6649,7.61285],[-11.66512,7.61316],[-11.66536,7.61343],[-11.66562,7.61366],[-11.666,7.61396],[-11.66624,7.61424],[-11.66643,7.61449],[-11.66658,7.61474],[-11.66772,7.61704],[-11.66801,7.61772],[-11.66823,7.61831],[-11.66856,7.61946],[-11.66974,7.62344],[-11.66996,7.62417],[-11.67026,7.62517],[-11.67071,7.6267],[-11.67101,7.62768],[-11.67115,7.62819],[-11.67125,7.62854],[-11.67169,7.63001],[-11.67236,7.63224],[-11.67262,7.63311],[-11.67277,7.63368],[-11.67288,7.63414],[-11.67368,7.63824],[-11.67424,7.64116],[-11.67434,7.64154],[-11.6744,7.64178],[-11.67454,7.64207],[-11.67472,7.6424],[-11.67491,7.64267],[-11.67515,7.64293],[-11.67571,7.64341],[-11.67594,7.6436],[-11.6763,7.64397],[-11.6795,7.64728],[-11.68038,7.64824],[-11.68065,7.6485],[-11.68093,7.64874],[-11.68124,7.64897],[-11.68164,7.64924],[-11.68207,7.64953],[-11.68283,7.65008],[-11.68334,7.65046],[-11.68375,7.65074],[-11.68387,7.65085],[-11.68399,7.65097],[-11.68409,7.65111],[-11.6842,7.65126],[-11.68427,7.65137],[-11.68441,7.65163]]},"properties":{"id":302348824,"cls":"trunk","hw":"trunk","tg":"na","name":"","ref":"","surface":"asphalt","sc":"paved","speed":null,"lit":"unk","km":8.5}},
{"type":"Feature","geometry":{"type":"LineString","coordinates":[[-11.6846,7.65198],[-11.68468,7.65215],[-11.68477,7.65233],[-11.68487,7.65259],[-11.68493,7.6528],[-11.68496,7.65304],[-11.68499,7.65334],[-11.68498,7.6536],[-11.68494,7.65386],[-11.68485,7.65419],[-11.68478,7.65437],[-11.68466,7.65465],[-11.6835,7.6572],[-11.68336,7.65756],[-11.68324,7.65795],[-11.68318,7.65817],[-11.68313,7.65843],[-11.68307,7.65878],[-11.68303,7.65912],[-11.683,7.65963],[-11.68301,7.66008],[-11.68314,7.66237],[-11.68324,7.66405],[-11.68327,7.66435],[-11.68333,7.6647],[-11.68342,7.66504],[-11.68353,7.66538],[-11.68375,7.66594],[-11.68389,7.66642],[-11.68403,7.66708],[-11.6842,7.66801],[-11.6844,7.66915],[-11.68455,7.67021],[-11.68478,7.6719],[-11.68507,7.67382],[-11.68523,7.67503],[-11.68545,7.67654],[-11.68579,7.67828],[-11.68598,7.67935],[-11.68605,7.67969],[-11.68622,7.68057],[-11.6865,7.6821],[-11.68674,7.68331],[-11.68684,7.68375],[-11.68706,7.68473],[-11.68729,7.68585],[-11.68756,7.68704],[-11.6882,7.69],[-11.6885,7.69133],[-11.68882,7.69278],[-11.68949,7.69591],[-11.68987,7.69759],[-11.68998,7.6981],[-11.69036,7.69988],[-11.69094,7.70247],[-11.69112,7.70331],[-11.69139,7.70458],[-11.69175,7.70619],[-11.69192,7.70699],[-11.69197,7.7072],[-11.69209,7.7077],[-11.69219,7.70809],[-11.69231,7.70853],[-11.69242,7.70905],[-11.69264,7.70993],[-11.69272,7.71024],[-11.69305,7.71149],[-11.69334,7.7127],[-11.69351,7.71336],[-11.69363,7.71387],[-11.69402,7.71538],[-11.69418,7.71601],[-11.69425,7.71625],[-11.69442,7.71693],[-11.69462,7.7178],[-11.69479,7.71845],[-11.69506,7.71955],[-11.69535,7.72062],[-11.69577,7.72217],[-11.69627,7.72389],[-11.69742,7.72806],[-11.69759,7.72861],[-11.69826,7.73104],[-11.69868,7.73249],[-11.69881,7.73306],[-11.69886,7.73336],[-11.69888,7.73369],[-11.69886,7.73549],[-11.69882,7.7367],[-11.69881,7.73733],[-11.69884,7.73778],[-11.6989,7.73809],[-11.69896,7.73838],[-11.6991,7.7388],[-11.69924,7.73917],[-11.6994,7.73949],[-11.69967,7.74],[-11.69981,7.74024],[-11.69988,7.74038],[-11.70053,7.74163],[-11.70093,7.74238],[-11.70109,7.74263],[-11.70132,7.74292],[-11.70154,7.74317],[-11.70194,7.74358],[-11.70453,7.74625],[-11.70569,7.74745],[-11.70641,7.74816],[-11.70678,7.7486],[-11.7071,7.74906],[-11.70731,7.7494],[-11.70754,7.74971],[-11.70781,7.75001],[-11.70803,7.75024],[-11.70826,7.75045],[-11.70876,7.75084],[-11.70929,7.75121],[-11.70986,7.75166],[-11.71014,7.75192],[-11.71082,7.75266],[-11.71229,7.75426],[-11.71258,7.75463],[-11.7129,7.75512],[-11.71303,7.75538],[-11.71314,7.75566],[-11.71326,7.75606],[-11.71344,7.75683],[-11.71362,7.75737],[-11.71385,7.75789],[-11.71422,7.75854],[-11.71467,7.75928],[-11.71506,7.75997],[-11.7159,7.76138],[-11.71671,7.76278],[-11.71701,7.76327],[-11.71729,7.76369],[-11.71763,7.7641],[-11.71928,7.76596],[-11.72039,7.76724],[-11.72152,7.76852],[-11.72351,7.77082],[-11.7237,7.77101],[-11.72392,7.77135],[-11.72407,7.77171],[-11.72415,7.77189],[-11.7242,7.77207],[-11.7243,7.77252],[-11.72433,7.77277],[-11.72434,7.77298],[-11.72432,7.77324],[-11.7243,7.77343]]},"properties":{"id":302348829,"cls":"trunk","hw":"trunk","tg":"na","name":"","ref":"","surface":"asphalt","sc":"paved","speed":null,"lit":"unk","km":14.729}},
{"type":"Feature","geometry":{"type":"LineString","coordinates":[[-11.72427,7.77377],[-11.72423,7.77404],[-11.72416,7.77471],[-11.72415,7.77516],[-11.72423,7.77601],[-11.72431,7.77638],[-11.72469,7.77771],[-11.72505,7.77866],[-11.72535,7.77924],[-11.7258,7.77991],[-11.72704,7.7814],[-11.7274,7.78197],[-11.72765,7.78253],[-11.72793,7.78349],[-11.72833,7.78741],[-11.72858,7.78842],[-11.72878,7.78897],[-11.72904,7.7895],[-11.7294,7.79011],[-11.73127,7.79276],[-11.73193,7.79387],[-11.73216,7.79437],[-11.73289,7.79656],[-11.73302,7.79687],[-11.73371,7.79812],[-11.73406,7.79889],[-11.73421,7.79957],[-11.73423,7.80029],[-11.7339,7.80263],[-11.73373,7.80353],[-11.7336,7.80392],[-11.73354,7.80436],[-11.73346,7.80557],[-11.73334,7.80752],[-11.73338,7.80832],[-11.73346,7.80954],[-11.73355,7.81195],[-11.73354,7.81555],[-11.73344,7.81624],[-11.73252,7.8214],[-11.73246,7.82227],[-11.73255,7.8235],[-11.73253,7.82396],[-11.73203,7.82687],[-11.73161,7.82921],[-11.73145,7.83054],[-11.73119,7.8314],[-11.73072,7.83204],[-11.73026,7.83246],[-11.72986,7.83274],[-11.72752,7.83427],[-11.72716,7.83449],[-11.7263,7.83503],[-11.72565,7.83535],[-11.72472,7.83577],[-11.72372,7.83614],[-11.72214,7.83664],[-11.72118,7.83719],[-11.71543,7.8415],[-11.71518,7.84173],[-11.71483,7.84219],[-11.71453,7.84277],[-11.71431,7.84327],[-11.71397,7.84405],[-11.7133,7.84558],[-11.7129,7.84617],[-11.71237,7.84673],[-11.71129,7.84752],[-11.711,7.84772],[-11.71055,7.84809],[-11.71007,7.84862],[-11.70973,7.84907],[-11.7095,7.84952],[-11.70926,7.85019],[-11.70893,7.85185],[-11.7089,7.8527],[-11.70922,7.8556],[-11.70949,7.85869],[-11.7095,7.8605],[-11.70945,7.86131],[-11.70936,7.86352],[-11.70884,7.86593],[-11.70878,7.86644],[-11.70875,7.86666],[-11.7083,7.8686]]},"properties":{"id":302348830,"cls":"trunk","hw":"trunk","tg":"na","name":"","ref":"","surface":"asphalt","sc":"paved","speed":null,"lit":"unk","km":12.073}},
{"type":"Feature","geometry":{"type":"LineString","coordinates":[[-11.7243,7.77343],[-11.72427,7.77377]]},"properties":{"id":302348832,"cls":"trunk","hw":"trunk","tg":"na","name":"","ref":"","surface":"asphalt","sc":"paved","speed":null,"lit":"unk","km":0.038}},
{"type":"Feature","geometry":{"type":"LineString","coordinates":[[-11.65481,7.58449],[-11.65491,7.58464]]},"properties":{"id":302348833,"cls":"trunk","hw":"trunk","tg":"na","name":"","ref":"","surface":"asphalt","sc":"paved","speed":null,"lit":"unk","km":0.02}},
{"type":"Feature","geometry":{"type":"LineString","coordinates":[[-11.68441,7.65163],[-11.6846,7.65198]]},"properties":{"id":302348834,"cls":"trunk","hw":"trunk","tg":"na","name":"","ref":"","surface":"asphalt","sc":"paved","speed":null,"lit":"unk","km":0.044}},
{"type":"Feature","geometry":{"type":"LineString","coordinates":[[-11.9685,9.04009],[-11.96815,9.04057]]},"properties":{"id":302564896,"cls":"primary","hw":"primary","tg":"na","name":"Mabarta Road","ref":"","surface":"","sc":"unknown","speed":null,"lit":"unk","km":0.066}},
{"type":"Feature","geometry":{"type":"LineString","coordinates":[[-11.95725,9.11084],[-11.958,9.11146],[-11.95931,9.11258],[-11.95965,9.11292],[-11.95993,9.11324],[-11.96022,9.11361],[-11.96069,9.11429],[-11.96145,9.11531],[-11.96251,9.11678],[-11.96372,9.11845],[-11.964,9.11882],[-11.96432,9.11917],[-11.96471,9.1195],[-11.96537,9.11989],[-11.96598,9.12012],[-11.96684,9.12033],[-11.96743,9.1205],[-11.96782,9.12072],[-11.96822,9.12101],[-11.96856,9.12134],[-11.96879,9.12166],[-11.96901,9.12204],[-11.96972,9.1237],[-11.96988,9.12427],[-11.96996,9.1247],[-11.96998,9.12526],[-11.96995,9.1259],[-11.96988,9.12634],[-11.9698,9.12672],[-11.96967,9.12712],[-11.96952,9.12745],[-11.9693,9.12782],[-11.96894,9.12832],[-11.96846,9.12889],[-11.96751,9.12999],[-11.96613,9.13151],[-11.96565,9.13204],[-11.96522,9.13248],[-11.9636,9.13418],[-11.96273,9.13514],[-11.96209,9.13598],[-11.96099,9.13754],[-11.9606,9.13806],[-11.9602,9.13866],[-11.95982,9.13938],[-11.95966,9.13977],[-11.95956,9.14018],[-11.9595,9.14057],[-11.95936,9.14262],[-11.95926,9.14411],[-11.95926,9.14473],[-11.95932,9.14507],[-11.9594,9.14544],[-11.95953,9.14612],[-11.95962,9.14672],[-11.95965,9.14738],[-11.9597,9.148],[-11.95977,9.14857],[-11.95984,9.14888],[-11.95991,9.14913],[-11.96006,9.14974],[-11.96012,9.14991],[-11.96021,9.15021],[-11.96049,9.15087],[-11.96083,9.15178],[-11.96089,9.15216],[-11.96092,9.15254],[-11.9609,9.15296],[-11.9608,9.15346],[-11.96069,9.1541],[-11.96062,9.15451],[-11.96056,9.15485],[-11.96021,9.15677],[-11.96004,9.15761],[-11.95996,9.15824],[-11.95996,9.15874],[-11.96,9.15937],[-11.96007,9.15989],[-11.96018,9.16037],[-11.96062,9.1625],[-11.96069,9.1631],[-11.9607,9.16417],[-11.96067,9.1646],[-11.9606,9.16498]]},"properties":{"id":302564897,"cls":"primary","hw":"primary","tg":"na","name":"Mabarta Road","ref":"","surface":"paved","sc":"paved","speed":null,"lit":"unk","km":7.069}},
{"type":"Feature","geometry":{"type":"LineString","coordinates":[[-11.86,9.33116],[-11.85957,9.33116]]},"properties":{"id":304352320,"cls":"primary","hw":"primary","tg":"na","name":"Mabarta Road","ref":"","surface":"paved","sc":"paved","speed":null,"lit":"unk","km":0.047}},
{"type":"Feature","geometry":{"type":"LineString","coordinates":[[-11.85957,9.33116],[-11.85895,9.33112],[-11.85867,9.33109],[-11.85826,9.33098],[-11.85757,9.33061],[-11.85654,9.33005],[-11.85613,9.32991],[-11.85555,9.32976],[-11.8551,9.32965],[-11.852,9.32893]]},"properties":{"id":304352321,"cls":"primary","hw":"primary","tg":"na","name":"Mabarta Road","ref":"","surface":"","sc":"unknown","speed":null,"lit":"unk","km":0.875}},
{"type":"Feature","geometry":{"type":"LineString","coordinates":[[-11.71287,9.43759],[-11.71231,9.43809],[-11.71205,9.4383],[-11.71181,9.43857],[-11.7116,9.4389],[-11.71096,9.44008],[-11.71068,9.44059],[-11.71031,9.44116],[-11.71006,9.44148],[-11.70981,9.44175],[-11.70949,9.44209],[-11.70921,9.44248],[-11.70855,9.44355],[-11.7082,9.44434],[-11.70797,9.44501],[-11.70764,9.4459],[-11.70745,9.44633],[-11.70711,9.44684],[-11.70644,9.44773],[-11.70546,9.44912],[-11.70444,9.45055],[-11.70378,9.45158],[-11.70313,9.45277],[-11.7026,9.45365],[-11.70187,9.45482],[-11.70154,9.4553],[-11.70131,9.45565],[-11.7011,9.45588],[-11.70091,9.45606],[-11.7007,9.45622],[-11.70061,9.45629],[-11.70047,9.45637],[-11.69999,9.45656],[-11.69941,9.45672],[-11.69862,9.45686],[-11.69713,9.4571],[-11.69615,9.45722],[-11.69577,9.45719],[-11.69541,9.4571],[-11.69509,9.45689],[-11.69481,9.45657],[-11.69464,9.45629],[-11.69438,9.45566],[-11.69426,9.45545],[-11.69411,9.45525],[-11.69382,9.45503],[-11.6935,9.45487],[-11.6925,9.45458],[-11.69116,9.45424],[-11.69078,9.45417],[-11.69044,9.45415],[-11.69004,9.45418],[-11.68973,9.45424],[-11.68936,9.45435],[-11.68778,9.45496],[-11.68721,9.45517],[-11.6865,9.45548],[-11.68597,9.45585],[-11.68519,9.45639],[-11.68481,9.45671],[-11.68436,9.4572],[-11.68406,9.45766],[-11.68396,9.45799],[-11.68393,9.45807],[-11.6834,9.45952],[-11.68322,9.45998],[-11.68305,9.46039],[-11.68275,9.46096],[-11.68234,9.46169],[-11.68198,9.46237],[-11.68175,9.46274],[-11.68167,9.46288],[-11.68146,9.46321],[-11.68129,9.46355],[-11.68102,9.46444],[-11.68089,9.46473],[-11.68068,9.46503],[-11.68044,9.46524],[-11.68014,9.46545],[-11.6795,9.46575],[-11.67909,9.46591],[-11.67843,9.46614],[-11.67809,9.46629],[-11.67779,9.46645],[-11.67743,9.46668],[-11.67675,9.4671],[-11.67655,9.46725],[-11.67631,9.46754],[-11.67602,9.46784],[-11.67572,9.46812],[-11.67545,9.46833],[-11.67508,9.46852],[-11.67464,9.46868],[-11.67334,9.46898],[-11.67214,9.4693],[-11.67174,9.46946],[-11.6713,9.46966],[-11.67094,9.46992],[-11.67061,9.47021],[-11.6702,9.47069],[-11.66967,9.47146],[-11.66903,9.47225],[-11.66865,9.47267],[-11.66829,9.47296],[-11.66789,9.47321],[-11.66745,9.47339],[-11.66699,9.47351],[-11.66671,9.47359],[-11.6664,9.47375],[-11.66617,9.47396],[-11.66601,9.47419],[-11.66592,9.47436],[-11.66586,9.47453],[-11.66579,9.47488],[-11.66574,9.4754],[-11.6657,9.47562],[-11.66564,9.47582],[-11.66555,9.47606],[-11.66542,9.47636],[-11.66525,9.47662],[-11.66474,9.47735],[-11.66453,9.47762],[-11.66421,9.47793],[-11.66374,9.47829],[-11.66354,9.47842],[-11.6631,9.4787],[-11.66243,9.47903],[-11.66214,9.47921],[-11.66178,9.47947],[-11.66138,9.47982],[-11.66095,9.48031],[-11.66018,9.48123],[-11.6599,9.48157],[-11.65969,9.48178],[-11.65949,9.48191],[-11.65944,9.48195],[-11.65927,9.48205],[-11.65902,9.48213],[-11.65878,9.48216],[-11.65846,9.48215],[-11.65816,9.48209],[-11.65752,9.48187],[-11.65716,9.48172],[-11.65676,9.48153],[-11.65626,9.48118],[-11.65537,9.48046],[-11.65513,9.48027],[-11.65501,9.48021],[-11.6548,9.48017],[-11.65455,9.48017],[-11.65434,9.48021],[-11.65408,9.48033],[-11.65361,9.48057],[-11.65314,9.48086],[-11.6525,9.48118],[-11.65221,9.48128],[-11.65193,9.48132],[-11.65155,9.48133],[-11.6512,9.48126],[-11.6503,9.48092],[-11.64925,9.48049],[-11.64829,9.48016],[-11.64779,9.47999],[-11.64714,9.47985],[-11.64658,9.47978],[-11.64557,9.47972],[-11.64477,9.47971],[-11.64452,9.47973],[-11.64429,9.47978],[-11.64354,9.48006],[-11.64327,9.48018],[-11.64302,9.4802],[-11.6425,9.48019],[-11.64127,9.48023],[-11.63956,9.48035],[-11.63876,9.48039],[-11.63692,9.48046],[-11.63538,9.48056],[-11.63202,9.48067],[-11.63145,9.48071],[-11.63094,9.48076],[-11.62992,9.48084],[-11.62923,9.48094],[-11.62858,9.48105],[-11.628,9.48123],[-11.62739,9.48147],[-11.62687,9.4817],[-11.62599,9.48214],[-11.62483,9.48278],[-11.62311,9.48378],[-11.62257,9.48402],[-11.62207,9.48419],[-11.62151,9.48431],[-11.62017,9.48451],[-11.61563,9.48513],[-11.6151,9.48523],[-11.61455,9.48542],[-11.61403,9.48568],[-11.61359,9.486],[-11.6132,9.4864],[-11.61222,9.48741],[-11.61079,9.48876],[-11.61,9.48951],[-11.60919,9.49029],[-11.60829,9.49114],[-11.60787,9.49147],[-11.60727,9.49187],[-11.60511,9.49338],[-11.60476,9.49367],[-11.60448,9.49393],[-11.6042,9.49427],[-11.60366,9.49503],[-11.60322,9.49565],[-11.60255,9.49662],[-11.60196,9.49745],[-11.60164,9.4978],[-11.60134,9.49806],[-11.60104,9.49827],[-11.59987,9.49886],[-11.59865,9.49947],[-11.59746,9.50011],[-11.59722,9.50026],[-11.59665,9.5007],[-11.59637,9.50096],[-11.59607,9.5013],[-11.59553,9.50194],[-11.59519,9.50228],[-11.59475,9.5026],[-11.5943,9.50283],[-11.5934,9.50319],[-11.59222,9.50355],[-11.59177,9.5037],[-11.5914,9.50385],[-11.59112,9.50407],[-11.5909,9.50433],[-11.59075,9.50461],[-11.59066,9.50493],[-11.59062,9.50521],[-11.59077,9.50721],[-11.59092,9.50878],[-11.59117,9.51147],[-11.59115,9.51175],[-11.59109,9.51206],[-11.59101,9.51233],[-11.59085,9.51276],[-11.59079,9.51286],[-11.59058,9.51326],[-11.5902,9.5137],[-11.58985,9.51399],[-11.58937,9.51426],[-11.58815,9.51491],[-11.5869,9.51563],[-11.58607,9.5161],[-11.58573,9.51634],[-11.58551,9.51654],[-11.58452,9.5177],[-11.58393,9.51834],[-11.58311,9.51918],[-11.58159,9.52057],[-11.58126,9.52088],[-11.58097,9.52117],[-11.58068,9.52166],[-11.57995,9.52304],[-11.57949,9.52378],[-11.57928,9.52424],[-11.57919,9.52455],[-11.5791,9.52488],[-11.57908,9.52526],[-11.5791,9.52568],[-11.57913,9.52603],[-11.57932,9.52672],[-11.5795,9.52737],[-11.57984,9.52855],[-11.58032,9.53019],[-11.58042,9.53065],[-11.58049,9.53111],[-11.58052,9.53165],[-11.58049,9.53266],[-11.58045,9.53524],[-11.58039,9.53598],[-11.58036,9.53619],[-11.5803,9.5364],[-11.58001,9.53712],[-11.57983,9.53747],[-11.57949,9.53807],[-11.57908,9.53874],[-11.57859,9.53959],[-11.57834,9.53996],[-11.57808,9.54029],[-11.57772,9.54069],[-11.57733,9.54104],[-11.57627,9.5418],[-11.57551,9.54234],[-11.57331,9.5439],[-11.57258,9.54437],[-11.57143,9.54516],[-11.57042,9.54587],[-11.56938,9.54663],[-11.56907,9.54692],[-11.56879,9.54723],[-11.56854,9.54756],[-11.5685,9.54762],[-11.56827,9.54797],[-11.56814,9.5482],[-11.56804,9.54845],[-11.56772,9.54937],[-11.56755,9.54987],[-11.56744,9.55025],[-11.56728,9.55077],[-11.56718,9.55126],[-11.5669,9.55208],[-11.56657,9.55321],[-11.56632,9.55395],[-11.5661,9.55484],[-11.56593,9.55538],[-11.56574,9.55587],[-11.56549,9.55641],[-11.56517,9.55689],[-11.5649,9.55724],[-11.56475,9.55739],[-11.5646,9.55754],[-11.56446,9.55769],[-11.56397,9.55825],[-11.56327,9.55907],[-11.5619,9.56066],[-11.56181,9.56076],[-11.56092,9.56179],[-11.56076,9.56201],[-11.56049,9.56244],[-11.56041,9.56265],[-11.56033,9.56284],[-11.56029,9.56307],[-11.56023,9.56349],[-11.56016,9.56426],[-11.56005,9.56493],[-11.55996,9.56526],[-11.5598,9.56567],[-11.55951,9.56621],[-11.55912,9.56693],[-11.55889,9.56737],[-11.55864,9.56782],[-11.55829,9.56844],[-11.55802,9.56898],[-11.55793,9.56923],[-11.55785,9.56957],[-11.55781,9.56981],[-11.55779,9.5701],[-11.55778,9.57051],[-11.5578,9.57082],[-11.55785,9.57113],[-11.55789,9.5713],[-11.55794,9.5715],[-11.55798,9.57178],[-11.5581,9.57249],[-11.5582,9.57311],[-11.55821,9.5735],[-11.5582,9.57374],[-11.55819,9.57382],[-11.55815,9.57392],[-11.55807,9.57411],[-11.55794,9.57432],[-11.5575,9.57499],[-11.55717,9.57546],[-11.55675,9.57619],[-11.55653,9.57661],[-11.55634,9.57704],[-11.55621,9.57747],[-11.55614,9.57775],[-11.55596,9.57847],[-11.55583,9.57884],[-11.55572,9.57909],[-11.55561,9.57935],[-11.55556,9.57948],[-11.55539,9.57981],[-11.55527,9.58004],[-11.55504,9.58038],[-11.55448,9.58114],[-11.55417,9.58159],[-11.55381,9.58208],[-11.55361,9.58239],[-11.55354,9.58258],[-11.55352,9.58275],[-11.55352,9.58296],[-11.55351,9.58366],[-11.55352,9.58401],[-11.55353,9.58434],[-11.55354,9.58446],[-11.55354,9.58449]]},"properties":{"id":304510376,"cls":"primary","hw":"primary","tg":"na","name":"Makeni Road","ref":"","surface":"asphalt","sc":"paved","speed":null,"lit":"unk","km":27.726}},
{"type":"Feature","geometry":{"type":"LineString","coordinates":[[-11.72361,9.41866],[-11.72353,9.41905]]},"properties":{"id":304510378,"cls":"primary","hw":"primary","tg":"na","name":"Mabarta Road","ref":"","surface":"","sc":"unknown","speed":null,"lit":"unk","km":0.044}},
{"type":"Feature","geometry":{"type":"LineString","coordinates":[[-11.71334,9.43736],[-11.71287,9.43759]]},"properties":{"id":304510379,"cls":"primary","hw":"primary","tg":"na","name":"Mabarta Road","ref":"","surface":"","sc":"unknown","speed":null,"lit":"unk","km":0.058}},
{"type":"Feature","geometry":{"type":"LineString","coordinates":[[-11.72353,9.41905],[-11.72345,9.41948],[-11.72337,9.41981],[-11.72328,9.42007],[-11.72314,9.42037],[-11.72296,9.42067],[-11.72276,9.42091],[-11.72227,9.42142],[-11.72201,9.42169],[-11.72177,9.42201],[-11.72146,9.4225],[-11.72115,9.42299],[-11.72068,9.42377],[-11.72053,9.42406],[-11.72043,9.42431],[-11.72032,9.42474],[-11.72025,9.42512],[-11.72023,9.4255],[-11.72024,9.4262],[-11.72022,9.42658],[-11.72015,9.42677],[-11.72002,9.42703],[-11.71976,9.4274],[-11.71873,9.42879],[-11.71668,9.43158],[-11.71573,9.43292],[-11.71544,9.43337],[-11.71525,9.43371],[-11.71513,9.43402],[-11.71505,9.43442],[-11.71497,9.43471],[-11.71486,9.43494],[-11.71451,9.4355],[-11.71427,9.43586],[-11.71408,9.43619],[-11.71371,9.43699],[-11.71356,9.43721],[-11.71334,9.43736]]},"properties":{"id":304510380,"cls":"primary","hw":"primary","tg":"na","name":"Mabarta Road","ref":"","surface":"","sc":"unknown","speed":null,"lit":"unk","km":2.368}},
{"type":"Feature","geometry":{"type":"LineString","coordinates":[[-11.20494,8.63116],[-11.20478,8.63135],[-11.20459,8.63152],[-11.20441,8.63167],[-11.20421,8.63182],[-11.20393,8.63202],[-11.20358,8.63226],[-11.20316,8.63255],[-11.20279,8.63285],[-11.20263,8.63302],[-11.20249,8.63318],[-11.20235,8.63337],[-11.20224,8.63356],[-11.20213,8.63379],[-11.20151,8.63534],[-11.20123,8.63606],[-11.20094,8.6368],[-11.20052,8.63788],[-11.20026,8.6385],[-11.20005,8.63898],[-11.19974,8.63962],[-11.19942,8.64017],[-11.19862,8.64157],[-11.19832,8.64204],[-11.19805,8.64245],[-11.19772,8.64289],[-11.19737,8.64339],[-11.19721,8.64367],[-11.19704,8.64396],[-11.19697,8.6441],[-11.19691,8.64422],[-11.1968,8.64451],[-11.19649,8.64525],[-11.1964,8.64544],[-11.19632,8.64559],[-11.19589,8.64636],[-11.19574,8.64659],[-11.1956,8.64679],[-11.19544,8.64697],[-11.19518,8.64724],[-11.19498,8.6474],[-11.19465,8.64764],[-11.19445,8.64775],[-11.19423,8.64785],[-11.19413,8.64789],[-11.19404,8.64792],[-11.19383,8.64798],[-11.19359,8.64804],[-11.19327,8.64806],[-11.19296,8.6481],[-11.19241,8.64814],[-11.19158,8.64819],[-11.19044,8.64826],[-11.18945,8.64832],[-11.18906,8.64834],[-11.18875,8.64835],[-11.18854,8.64834],[-11.18837,8.64834],[-11.18824,8.64832],[-11.18798,8.64829],[-11.18777,8.64825],[-11.18755,8.64819],[-11.18727,8.64813],[-11.18664,8.64795],[-11.1863,8.64784],[-11.18598,8.64773],[-11.18569,8.6476],[-11.18546,8.64745],[-11.18522,8.64726],[-11.18499,8.64703],[-11.18483,8.64682],[-11.18472,8.64665],[-11.18458,8.64643],[-11.18406,8.6457],[-11.18382,8.64537],[-11.18369,8.64519],[-11.18355,8.64502],[-11.18344,8.64489],[-11.18331,8.64479],[-11.1832,8.6447],[-11.18311,8.64464],[-11.18299,8.64457],[-11.1829,8.64452],[-11.1828,8.64446],[-11.18269,8.64441],[-11.18251,8.64433],[-11.18235,8.64428],[-11.1821,8.64421],[-11.18189,8.64416],[-11.1811,8.64405],[-11.1806,8.64397],[-11.1802,8.64393],[-11.17998,8.6439],[-11.17973,8.64387],[-11.1795,8.64386],[-11.17927,8.64386],[-11.17903,8.64389],[-11.17882,8.64394],[-11.17858,8.644],[-11.17834,8.6441],[-11.17814,8.6442],[-11.17797,8.64431],[-11.1779,8.64436],[-11.17571,8.64605],[-11.17483,8.64672],[-11.17386,8.64747],[-11.17371,8.64759],[-11.17347,8.64774],[-11.17327,8.64786],[-11.17307,8.64798],[-11.17283,8.64807],[-11.1726,8.64814],[-11.17239,8.64819],[-11.17219,8.64822],[-11.17195,8.64821],[-11.17175,8.6482],[-11.1715,8.64817],[-11.17132,8.64813],[-11.17116,8.64808],[-11.17105,8.64804],[-11.17092,8.64799],[-11.17073,8.6479],[-11.17056,8.6478],[-11.17039,8.64768],[-11.17024,8.64757],[-11.1701,8.64744],[-11.17002,8.64737],[-11.16983,8.64714],[-11.16968,8.64693],[-11.16937,8.6465],[-11.16912,8.64619],[-11.169,8.64603],[-11.16883,8.64587],[-11.16871,8.64577],[-11.1686,8.6457],[-11.16847,8.64561],[-11.16835,8.64554],[-11.16823,8.64547],[-11.16802,8.6454],[-11.16778,8.64534],[-11.16754,8.64529],[-11.16653,8.64512],[-11.16626,8.64508],[-11.16602,8.64505],[-11.16577,8.64503],[-11.16558,8.64503],[-11.16536,8.64502],[-11.16506,8.64503],[-11.1646,8.64507],[-11.16411,8.64513],[-11.1637,8.64518],[-11.16336,8.64519],[-11.16324,8.64519],[-11.16304,8.64518],[-11.16284,8.64515],[-11.16261,8.64512],[-11.1624,8.64508],[-11.16224,8.64504],[-11.16177,8.64493],[-11.16031,8.64457],[-11.15984,8.64443],[-11.15954,8.64432],[-11.15936,8.64424],[-11.15912,8.64412],[-11.15891,8.64398],[-11.15847,8.64368],[-11.15665,8.64234],[-11.15619,8.64202],[-11.15577,8.64176],[-11.15495,8.64127],[-11.15326,8.64025],[-11.15186,8.63949],[-11.15154,8.6393],[-11.15146,8.63926],[-11.15143,8.63925],[-11.15133,8.6392],[-11.15123,8.63916],[-11.15111,8.63912],[-11.15095,8.63907],[-11.15081,8.63904],[-11.15062,8.639],[-11.15048,8.63898],[-11.15026,8.63897],[-11.15007,8.63897],[-11.14992,8.63898],[-11.14968,8.63902],[-11.14951,8.63905],[-11.14946,8.63907],[-11.14877,8.63928],[-11.14816,8.63947],[-11.14763,8.63962]]},"properties":{"id":304580935,"cls":"primary","hw":"primary","tg":"na","name":"","ref":"","surface":"paved","sc":"paved","speed":80,"lit":"unk","km":8.023}},
{"type":"Feature","geometry":{"type":"LineString","coordinates":[[-11.26879,8.56399],[-11.26775,8.56285],[-11.26762,8.56272],[-11.26747,8.56254],[-11.26732,8.56233],[-11.26718,8.56209],[-11.26708,8.56189],[-11.26699,8.56166],[-11.2666,8.56059],[-11.26619,8.55945],[-11.26612,8.5592],[-11.26607,8.559],[-11.26604,8.55884],[-11.26601,8.5586],[-11.26599,8.55839],[-11.26597,8.55813],[-11.26595,8.55777],[-11.26596,8.55764],[-11.26597,8.55734],[-11.266,8.55709],[-11.26615,8.55619],[-11.26617,8.55609],[-11.26624,8.5557],[-11.26626,8.55542],[-11.26627,8.5551],[-11.26627,8.55491],[-11.26627,8.55481],[-11.26626,8.55463],[-11.26622,8.55431],[-11.26619,8.5541],[-11.26616,8.55392],[-11.26609,8.55366],[-11.26603,8.55343],[-11.26593,8.55314],[-11.26569,8.55247],[-11.26562,8.55229],[-11.26556,8.55214],[-11.26553,8.55207]]},"properties":{"id":304580938,"cls":"primary","hw":"primary","tg":"na","name":"","ref":"","surface":"unpaved","sc":"unpaved","speed":80,"lit":"unk","km":1.428}},
{"type":"Feature","geometry":{"type":"LineString","coordinates":[[-11.14763,8.63962],[-11.14726,8.63973],[-11.14671,8.6399],[-11.14627,8.64004],[-11.14612,8.64008]]},"properties":{"id":304595126,"cls":"primary","hw":"primary","tg":"na","name":"","ref":"","surface":"paved","sc":"paved","speed":80,"lit":"unk","km":0.174}},
{"type":"Feature","geometry":{"type":"LineString","coordinates":[[-12.68174,8.70779],[-12.68173,8.70794],[-12.68169,8.70815]]},"properties":{"id":306410681,"cls":"trunk","hw":"trunk","tg":"na","name":"","ref":"TAH 7","surface":"","sc":"unknown","speed":null,"lit":"unk","km":0.04}},
{"type":"Feature","geometry":{"type":"LineString","coordinates":[[-12.68169,8.70815],[-12.68135,8.70881],[-12.68099,8.70955],[-12.68082,8.70994],[-12.68072,8.71023],[-12.68064,8.71052],[-12.68056,8.71087],[-12.68054,8.71098],[-12.68049,8.71128],[-12.68043,8.71168],[-12.68041,8.71206],[-12.68041,8.71261],[-12.68045,8.71303],[-12.68049,8.71329],[-12.68055,8.71356],[-12.68067,8.71407],[-12.68091,8.71496],[-12.68119,8.7159],[-12.6818,8.71819],[-12.68249,8.72067],[-12.68268,8.72132],[-12.68279,8.72167],[-12.68294,8.72199],[-12.68319,8.72248],[-12.68342,8.72284],[-12.68372,8.72328],[-12.68394,8.72353],[-12.68421,8.72382],[-12.68462,8.7242],[-12.68496,8.72447],[-12.68527,8.72469],[-12.68539,8.72477],[-12.68654,8.72551],[-12.68695,8.72578],[-12.68732,8.72602],[-12.68752,8.72615],[-12.6876,8.72621],[-12.68795,8.72642],[-12.68828,8.72664],[-12.68864,8.72685],[-12.68901,8.72705],[-12.68938,8.72722],[-12.68957,8.72729],[-12.69005,8.72746],[-12.69054,8.72758],[-12.6928,8.72804],[-12.6947,8.72844],[-12.69482,8.72847],[-12.6965,8.72881],[-12.69818,8.72917],[-12.69851,8.72923],[-12.69878,8.72928],[-12.6991,8.72932],[-12.69934,8.72935],[-12.69958,8.72936],[-12.69995,8.72937],[-12.70089,8.72939],[-12.70182,8.7294],[-12.70292,8.72941],[-12.7042,8.72942],[-12.70667,8.72945],[-12.70833,8.72946],[-12.71152,8.72952],[-12.71356,8.72954],[-12.71511,8.72956],[-12.71544,8.72956],[-12.71569,8.72957],[-12.71599,8.72959],[-12.71634,8.72963],[-12.71669,8.72973],[-12.71699,8.72983],[-12.71717,8.7299],[-12.71738,8.72998],[-12.71751,8.73006],[-12.71771,8.73016],[-12.71794,8.7303],[-12.71815,8.73045],[-12.71834,8.7306],[-12.71856,8.73079],[-12.71878,8.73102],[-12.71895,8.73122],[-12.71912,8.73143],[-12.71922,8.73158],[-12.71936,8.73177],[-12.71952,8.73204],[-12.71962,8.73227],[-12.71971,8.73251],[-12.7198,8.73276],[-12.71986,8.73298],[-12.71993,8.73328],[-12.72008,8.73387],[-12.72053,8.73572],[-12.72071,8.73643],[-12.7208,8.73672],[-12.72097,8.73713],[-12.72117,8.73759],[-12.72131,8.73781],[-12.72144,8.73801],[-12.72165,8.73833],[-12.72188,8.73857],[-12.72221,8.73892],[-12.72245,8.73914],[-12.72258,8.73925],[-12.72294,8.7395],[-12.7233,8.73972],[-12.72367,8.7399],[-12.72406,8.74006],[-12.72487,8.74032],[-12.72501,8.74036],[-12.72602,8.74068],[-12.72886,8.74156],[-12.73119,8.74228],[-12.73304,8.74286],[-12.73493,8.74345],[-12.73572,8.74369],[-12.73647,8.74392],[-12.73811,8.74443],[-12.73985,8.74497],[-12.73995,8.745],[-12.74037,8.74514],[-12.74089,8.7453],[-12.74133,8.74543],[-12.74173,8.74553],[-12.74221,8.74564],[-12.74277,8.74575],[-12.74379,8.74595],[-12.74487,8.74616],[-12.75099,8.74741],[-12.75233,8.74768],[-12.75491,8.7482],[-12.75541,8.74829],[-12.75595,8.74837],[-12.75643,8.74842],[-12.75695,8.74844],[-12.75749,8.74843],[-12.75805,8.74838],[-12.75857,8.7483],[-12.75916,8.74819],[-12.75976,8.74805],[-12.76143,8.7477],[-12.76177,8.74765],[-12.76211,8.7476],[-12.76247,8.74758],[-12.76269,8.74756],[-12.7629,8.74755],[-12.76302,8.74755],[-12.76324,8.74756],[-12.76357,8.74757],[-12.76391,8.74759],[-12.76413,8.74761],[-12.76427,8.74763],[-12.7644,8.74764],[-12.76445,8.74765],[-12.76481,8.74771],[-12.76529,8.74782],[-12.7657,8.74794],[-12.76608,8.74805],[-12.76626,8.74811],[-12.76645,8.74818],[-12.76709,8.7484],[-12.76744,8.7485],[-12.76775,8.74862]]},"properties":{"id":306410682,"cls":"trunk","hw":"trunk","tg":"na","name":"","ref":"TAH 7","surface":"asphalt","sc":"paved","speed":null,"lit":"unk","km":12.007}},
{"type":"Feature","geometry":{"type":"LineString","coordinates":[[-11.89726,9.31735],[-11.89686,9.31725]]},"properties":{"id":307375365,"cls":"primary","hw":"primary","tg":"na","name":"Mabarta Road","ref":"","surface":"paved","sc":"paved","speed":null,"lit":"unk","km":0.045}},
{"type":"Feature","geometry":{"type":"LineString","coordinates":[[-11.87783,9.31481],[-11.87742,9.31481]]},"properties":{"id":307375366,"cls":"primary","hw":"primary","tg":"na","name":"Mabarta Road","ref":"","surface":"paved","sc":"paved","speed":null,"lit":"unk","km":0.045}},
{"type":"Feature","geometry":{"type":"LineString","coordinates":[[-11.87742,9.31481],[-11.87679,9.3148],[-11.87664,9.31479],[-11.87642,9.3148],[-11.87605,9.31481],[-11.87587,9.31482],[-11.8755,9.31488],[-11.87507,9.31496],[-11.87481,9.31503],[-11.87471,9.31507],[-11.87452,9.31515],[-11.87413,9.31529],[-11.87379,9.31544],[-11.87329,9.31569],[-11.87278,9.31603],[-11.87235,9.31635],[-11.8715,9.31717],[-11.87034,9.3184],[-11.87018,9.31857],[-11.86977,9.31898],[-11.86935,9.31945],[-11.86898,9.31997],[-11.86862,9.32059],[-11.8682,9.3214],[-11.8679,9.32206],[-11.86761,9.32272],[-11.86664,9.32493],[-11.86635,9.32542],[-11.86618,9.32566],[-11.86595,9.32594],[-11.86566,9.3263],[-11.86533,9.32661],[-11.86499,9.3269],[-11.86455,9.32718],[-11.86354,9.32774],[-11.86325,9.32799],[-11.86293,9.32836],[-11.86259,9.32885],[-11.86239,9.32927],[-11.86217,9.32991],[-11.86201,9.33017],[-11.86178,9.33047],[-11.86149,9.33071],[-11.86127,9.33085],[-11.86092,9.33101],[-11.86061,9.33111],[-11.86031,9.33114],[-11.86,9.33116]]},"properties":{"id":307375367,"cls":"primary","hw":"primary","tg":"na","name":"Mabarta Road","ref":"","surface":"paved","sc":"paved","speed":null,"lit":"unk","km":2.805}},
{"type":"Feature","geometry":{"type":"LineString","coordinates":[[-11.89686,9.31725],[-11.89585,9.317],[-11.89101,9.31563],[-11.8905,9.31551],[-11.88977,9.31534],[-11.88901,9.31521],[-11.88855,9.31518],[-11.8872,9.31511],[-11.88686,9.31508],[-11.88479,9.31501],[-11.88213,9.31496],[-11.88052,9.31489],[-11.87783,9.31481]]},"properties":{"id":307375368,"cls":"primary","hw":"primary","tg":"na","name":"Mabarta Road","ref":"","surface":"paved","sc":"paved","speed":null,"lit":"unk","km":2.119}},
{"type":"Feature","geometry":{"type":"LineString","coordinates":[[-11.96388,9.23546],[-11.96345,9.23757],[-11.96324,9.23868],[-11.96295,9.24022],[-11.96285,9.24072],[-11.96282,9.24124],[-11.96282,9.24175],[-11.96284,9.24232],[-11.96292,9.24286],[-11.96298,9.24324],[-11.96311,9.24371],[-11.96354,9.24527],[-11.96422,9.24765],[-11.96435,9.24813],[-11.96445,9.24863],[-11.96451,9.24915],[-11.96456,9.2497],[-11.96457,9.25028],[-11.96458,9.2528],[-11.96457,9.25411],[-11.96459,9.25501],[-11.96462,9.25556],[-11.9647,9.25633],[-11.9649,9.25709],[-11.96525,9.25839],[-11.96567,9.25992],[-11.96614,9.26158],[-11.96623,9.26199],[-11.96629,9.26246],[-11.96634,9.26311],[-11.9663,9.26352],[-11.96625,9.26397],[-11.96598,9.26519],[-11.96582,9.26569],[-11.96554,9.26623],[-11.96521,9.26674],[-11.9648,9.26718],[-11.96383,9.26802],[-11.96188,9.26966],[-11.9605,9.27086],[-11.95949,9.27171],[-11.9588,9.27228],[-11.95801,9.27309],[-11.95765,9.2736],[-11.9575,9.27383],[-11.95741,9.274],[-11.95731,9.27423],[-11.95713,9.2747],[-11.95702,9.27512],[-11.9569,9.27566],[-11.95663,9.27686],[-11.95637,9.27816],[-11.9563,9.27875],[-11.95632,9.28102],[-11.95632,9.28205],[-11.95633,9.28295],[-11.9563,9.28357],[-11.95624,9.28393],[-11.95608,9.28457],[-11.95588,9.28508],[-11.95568,9.28552],[-11.95539,9.28599],[-11.95475,9.28699],[-11.95396,9.28821],[-11.95374,9.28861],[-11.95316,9.29013],[-11.9529,9.29056],[-11.95259,9.29097],[-11.9522,9.29144],[-11.95194,9.29171],[-11.95162,9.29201],[-11.9513,9.29226],[-11.95075,9.2927],[-11.95038,9.29303],[-11.95027,9.2932],[-11.95003,9.29346],[-11.94986,9.29369],[-11.94974,9.29392],[-11.9496,9.29419],[-11.9495,9.29445],[-11.94945,9.29464],[-11.94929,9.29529],[-11.94915,9.29588],[-11.949,9.29667],[-11.94896,9.29706],[-11.94891,9.29726],[-11.94885,9.29757],[-11.94861,9.29837],[-11.94848,9.29889],[-11.94836,9.29951],[-11.94818,9.30025],[-11.94801,9.30097],[-11.94784,9.30171],[-11.94767,9.30219],[-11.94751,9.30256],[-11.94729,9.30297],[-11.94709,9.30323]]},"properties":{"id":307375369,"cls":"primary","hw":"primary","tg":"na","name":"Mabarta Road","ref":"","surface":"paved","sc":"paved","speed":null,"lit":"unk","km":8.285}},
{"type":"Feature","geometry":{"type":"LineString","coordinates":[[-11.5496,9.70689],[-11.54957,9.7067],[-11.54938,9.70624],[-11.54931,9.70598],[-11.54924,9.70558],[-11.5491,9.70506],[-11.54887,9.70417],[-11.54866,9.70335],[-11.54837,9.70243],[-11.54823,9.70206],[-11.54814,9.7018],[-11.54782,9.701],[-11.54774,9.70076],[-11.5476,9.70032],[-11.54736,9.69985],[-11.54709,9.69934],[-11.547,9.69912],[-11.54695,9.6989],[-11.54695,9.69865],[-11.54706,9.69818],[-11.54714,9.69797],[-11.54723,9.69777],[-11.54726,9.69763],[-11.54719,9.69662],[-11.54712,9.69644],[-11.54697,9.69623],[-11.54634,9.69564],[-11.54614,9.69542],[-11.54603,9.69526],[-11.54595,9.69509],[-11.5459,9.69486],[-11.54581,9.69461],[-11.54562,9.69425],[-11.54543,9.69382],[-11.54529,9.69337],[-11.54514,9.69302],[-11.54505,9.69273],[-11.54505,9.69235],[-11.54507,9.69218],[-11.54516,9.69202],[-11.54534,9.69176],[-11.54561,9.6915],[-11.54634,9.69081],[-11.54641,9.69073],[-11.54643,9.69061],[-11.54641,9.69031],[-11.54635,9.68989],[-11.54631,9.68974],[-11.54603,9.68905],[-11.54596,9.68884],[-11.54595,9.68866],[-11.54597,9.68843],[-11.546,9.68823],[-11.54606,9.68799],[-11.54608,9.68765],[-11.5461,9.68726],[-11.54613,9.687],[-11.54617,9.68673],[-11.5463,9.68626],[-11.54635,9.686],[-11.54638,9.68559],[-11.54637,9.68512],[-11.54631,9.68396],[-11.54634,9.68352],[-11.54638,9.68328],[-11.54648,9.68259],[-11.54657,9.68212],[-11.54659,9.68198],[-11.54662,9.68114],[-11.54666,9.68081],[-11.5467,9.68059],[-11.5468,9.6803],[-11.54689,9.68013],[-11.54704,9.67991],[-11.54725,9.67968],[-11.54748,9.67948],[-11.54789,9.6791],[-11.54824,9.67873],[-11.54879,9.67805],[-11.54913,9.67751],[-11.54922,9.67735],[-11.54957,9.67674],[-11.54964,9.67651],[-11.54966,9.67632],[-11.54965,9.67539],[-11.54965,9.67502],[-11.54961,9.6748],[-11.54955,9.67454],[-11.54946,9.67427],[-11.54937,9.67401],[-11.54914,9.67338],[-11.54899,9.67298],[-11.54873,9.67229],[-11.54867,9.67207],[-11.54863,9.67187],[-11.54859,9.67139],[-11.5485,9.67094],[-11.5484,9.67065],[-11.54817,9.67027],[-11.54812,9.67006],[-11.54815,9.66959],[-11.54824,9.6692],[-11.54842,9.66883],[-11.54866,9.66842],[-11.54889,9.66794],[-11.54904,9.66732],[-11.54906,9.66716],[-11.549,9.6669],[-11.54888,9.66659],[-11.54872,9.66626],[-11.54848,9.66587],[-11.54833,9.6656],[-11.54818,9.66527],[-11.5481,9.66506],[-11.54805,9.66485],[-11.54805,9.66452],[-11.54808,9.66421],[-11.54814,9.66369],[-11.54817,9.66335],[-11.54815,9.66303],[-11.54812,9.66238],[-11.54808,9.66212],[-11.54804,9.66202],[-11.54789,9.6618],[-11.54766,9.66161],[-11.54728,9.66121],[-11.54694,9.66086],[-11.54671,9.66067],[-11.54661,9.66049],[-11.54657,9.66038],[-11.54653,9.66023],[-11.54649,9.65994],[-11.54644,9.65953],[-11.54639,9.65934],[-11.54633,9.6592],[-11.5462,9.659],[-11.54602,9.6588],[-11.54593,9.65868],[-11.54569,9.65855],[-11.5455,9.65839],[-11.54475,9.65784],[-11.54448,9.65762],[-11.54419,9.65728],[-11.54393,9.6571],[-11.54365,9.65693],[-11.5434,9.65685],[-11.54309,9.65681],[-11.54222,9.65659],[-11.542,9.65652],[-11.54184,9.65644],[-11.54164,9.65623],[-11.54135,9.65586],[-11.54078,9.65487],[-11.54052,9.65437],[-11.54049,9.65422],[-11.54049,9.65409],[-11.54054,9.65339],[-11.54057,9.65309],[-11.54062,9.65286],[-11.5408,9.65257],[-11.54103,9.6523],[-11.54139,9.65194],[-11.54154,9.65179],[-11.54163,9.65165],[-11.54176,9.65136],[-11.54207,9.65078],[-11.54228,9.65033],[-11.54237,9.65002],[-11.54244,9.64965],[-11.54267,9.64832],[-11.54305,9.64686],[-11.54311,9.6467],[-11.54321,9.64657],[-11.54359,9.64632],[-11.54375,9.64614],[-11.54383,9.64597],[-11.54385,9.64579],[-11.54383,9.64502],[-11.54385,9.64467],[-11.5439,9.64448],[-11.54401,9.64437],[-11.54419,9.64428],[-11.54562,9.64384],[-11.54578,9.64379],[-11.54589,9.6437],[-11.54623,9.64316],[-11.54652,9.6429],[-11.54677,9.6428],[-11.54709,9.64279],[-11.54762,9.64291],[-11.54792,9.64294],[-11.54816,9.64289],[-11.54834,9.64273],[-11.54863,9.64227],[-11.54908,9.64142]]},"properties":{"id":307774739,"cls":"primary","hw":"primary","tg":"na","name":"","ref":"","surface":"unpaved","sc":"unpaved","speed":null,"lit":"unk","km":8.557}},
{"type":"Feature","geometry":{"type":"LineString","coordinates":[[-11.45545,9.83767],[-11.45546,9.83752],[-11.45547,9.83701],[-11.4555,9.83668],[-11.45561,9.8363],[-11.45603,9.8354],[-11.45614,9.83513],[-11.45626,9.83469],[-11.45631,9.83434],[-11.45642,9.83396],[-11.45649,9.83374],[-11.45661,9.83357],[-11.45681,9.83326],[-11.45691,9.83289],[-11.45696,9.83261],[-11.45695,9.83226],[-11.45689,9.83188],[-11.45677,9.83144],[-11.45668,9.83106],[-11.45666,9.83073],[-11.45668,9.83042],[-11.45676,9.83001],[-11.45687,9.82935],[-11.45699,9.82876],[-11.45699,9.82804],[-11.45702,9.82777],[-11.45709,9.82759],[-11.45711,9.82736],[-11.45707,9.82711],[-11.45705,9.82689],[-11.45709,9.82665],[-11.45722,9.82626],[-11.45728,9.82599],[-11.45733,9.8255],[-11.4574,9.82518],[-11.4575,9.82491],[-11.45763,9.82462],[-11.45768,9.82436],[-11.45768,9.82403],[-11.45771,9.82377],[-11.45777,9.82342],[-11.45778,9.82314],[-11.45774,9.82293],[-11.45768,9.82281],[-11.4575,9.82261],[-11.45728,9.82239],[-11.45656,9.82174],[-11.45648,9.82165],[-11.45647,9.82154],[-11.45656,9.82141],[-11.45666,9.8213],[-11.45683,9.82125],[-11.45762,9.82119],[-11.45782,9.8212],[-11.45792,9.82125],[-11.45804,9.82139],[-11.45813,9.82144],[-11.45825,9.82144],[-11.45861,9.82134],[-11.45886,9.8212],[-11.45901,9.82101],[-11.45922,9.82045],[-11.45935,9.82024],[-11.45947,9.82009],[-11.45961,9.81999],[-11.46018,9.81981],[-11.46035,9.81977],[-11.46071,9.81975],[-11.46093,9.8197],[-11.46114,9.81954],[-11.46139,9.8193],[-11.46209,9.81846],[-11.46271,9.81774],[-11.4629,9.81758],[-11.4631,9.81744],[-11.4634,9.81738],[-11.46367,9.81737],[-11.46392,9.81742],[-11.46412,9.81753],[-11.46431,9.81764],[-11.46471,9.81786],[-11.4649,9.81795],[-11.46519,9.81804],[-11.46545,9.81807],[-11.46572,9.81803],[-11.46595,9.81796],[-11.46614,9.81784],[-11.46626,9.81772],[-11.46669,9.81726],[-11.46699,9.81689],[-11.46774,9.81601],[-11.46785,9.81588],[-11.46795,9.8158],[-11.46807,9.81573],[-11.46834,9.81559],[-11.46898,9.81529],[-11.46927,9.81514],[-11.46939,9.81505],[-11.46956,9.81488],[-11.46973,9.81458],[-11.46997,9.8143],[-11.47023,9.81404],[-11.4704,9.81383],[-11.47051,9.81357],[-11.47054,9.81341],[-11.47053,9.81323],[-11.47041,9.81302],[-11.47021,9.8127],[-11.4702,9.81252],[-11.47024,9.81236],[-11.4705,9.8121],[-11.47095,9.8118],[-11.47109,9.81169],[-11.47133,9.81117],[-11.47142,9.8109],[-11.47146,9.8108],[-11.47166,9.81055],[-11.47197,9.81011],[-11.47224,9.80964],[-11.47237,9.80913],[-11.47246,9.809],[-11.47267,9.8088],[-11.47327,9.80844],[-11.47338,9.80826],[-11.47342,9.80804],[-11.47343,9.80771],[-11.47359,9.80714],[-11.47376,9.8069],[-11.47387,9.80679],[-11.47402,9.80673],[-11.47409,9.80663],[-11.47416,9.80634],[-11.47422,9.80619],[-11.47429,9.80613],[-11.47438,9.80612],[-11.47449,9.80618],[-11.47456,9.80624],[-11.47467,9.80636],[-11.47479,9.80644],[-11.47491,9.80643],[-11.47505,9.80635],[-11.47514,9.80625],[-11.47519,9.8061],[-11.47524,9.80593],[-11.47529,9.80578],[-11.47565,9.80517],[-11.47616,9.80452],[-11.47645,9.8041],[-11.47653,9.80395],[-11.4766,9.80375],[-11.47659,9.80337],[-11.47659,9.80295],[-11.47658,9.80248],[-11.47659,9.80209],[-11.47662,9.8019],[-11.47668,9.80172],[-11.47676,9.80152],[-11.4768,9.80137],[-11.47684,9.80104],[-11.47688,9.80077],[-11.47689,9.80046],[-11.47693,9.80018],[-11.47704,9.79993],[-11.47718,9.79974],[-11.47794,9.79877],[-11.47812,9.79848],[-11.47827,9.79817],[-11.47843,9.79773],[-11.47852,9.79759],[-11.47863,9.79746],[-11.47967,9.79666],[-11.48024,9.79624],[-11.48043,9.79604],[-11.48053,9.79583],[-11.48056,9.79568],[-11.48059,9.79543],[-11.48069,9.79483],[-11.48084,9.79433],[-11.48103,9.7938],[-11.48106,9.7937],[-11.48106,9.7936],[-11.48097,9.79319],[-11.48097,9.79306],[-11.48103,9.79244],[-11.48104,9.79191],[-11.48105,9.79175],[-11.4811,9.79162],[-11.48143,9.79107],[-11.48147,9.79095],[-11.48143,9.79077],[-11.48128,9.79063],[-11.48118,9.79048],[-11.48114,9.79029],[-11.48113,9.79002],[-11.48115,9.78972],[-11.48124,9.78952],[-11.48141,9.78929],[-11.48212,9.78883],[-11.48236,9.7886],[-11.48248,9.78841],[-11.48264,9.78808],[-11.4828,9.7879],[-11.48301,9.78778],[-11.48313,9.78772],[-11.48333,9.78766],[-11.48359,9.78753],[-11.48365,9.78749],[-11.48374,9.78741],[-11.48385,9.78737],[-11.48402,9.78736],[-11.48481,9.78737],[-11.48524,9.78733],[-11.48567,9.78727],[-11.48612,9.78726],[-11.48631,9.78729],[-11.48661,9.78737],[-11.48685,9.78738],[-11.48725,9.78737],[-11.48758,9.78736],[-11.48852,9.78749],[-11.4889,9.78748],[-11.48915,9.78739],[-11.4893,9.78724],[-11.48944,9.78696],[-11.48957,9.78641],[-11.48955,9.78619],[-11.48949,9.78599],[-11.4892,9.78561],[-11.48889,9.7849],[-11.4888,9.7846],[-11.48874,9.78424],[-11.48873,9.78383],[-11.48875,9.78333],[-11.48884,9.78277],[-11.48892,9.78242],[-11.48915,9.78132],[-11.48917,9.781],[-11.48913,9.78063],[-11.48895,9.77965],[-11.48889,9.77913],[-11.48889,9.77879],[-11.48892,9.7784],[-11.48906,9.77777],[-11.48915,9.77747],[-11.48972,9.7759],[-11.48981,9.77553],[-11.48983,9.77517],[-11.4898,9.77477],[-11.48971,9.77451],[-11.48964,9.77434],[-11.48949,9.77415],[-11.4892,9.77398],[-11.48904,9.77379],[-11.48895,9.77361],[-11.48895,9.77346],[-11.48909,9.77206],[-11.48908,9.77149],[-11.48901,9.7713],[-11.48886,9.77112],[-11.48867,9.77087],[-11.48859,9.77058],[-11.48857,9.77004],[-11.48853,9.76965],[-11.48809,9.76822],[-11.48799,9.76799],[-11.4879,9.76784],[-11.48779,9.7677],[-11.48754,9.76751],[-11.48744,9.76739],[-11.48737,9.76724],[-11.48736,9.76705],[-11.48745,9.76644],[-11.48748,9.76585],[-11.48754,9.76541],[-11.48759,9.76501],[-11.48753,9.76449],[-11.4874,9.76372],[-11.48736,9.76315],[-11.48738,9.76257],[-11.48743,9.76193],[-11.48738,9.76131],[-11.48731,9.76078],[-11.48725,9.76055],[-11.48721,9.76028]]},"properties":{"id":307774742,"cls":"primary","hw":"primary","tg":"na","name":"","ref":"","surface":"unpaved","sc":"unpaved","speed":null,"lit":"unk","km":11.242}},
{"type":"Feature","geometry":{"type":"LineString","coordinates":[[-11.49373,9.75479],[-11.49386,9.75472],[-11.49411,9.75462],[-11.49458,9.75435],[-11.49484,9.7541],[-11.49498,9.75392],[-11.49509,9.7537],[-11.49527,9.75327],[-11.4955,9.75282],[-11.49566,9.75263],[-11.49579,9.75256],[-11.49599,9.7525],[-11.49666,9.75243],[-11.49691,9.75239],[-11.4971,9.75236],[-11.49738,9.75238],[-11.49862,9.7524],[-11.49897,9.75237],[-11.49927,9.75231],[-11.49945,9.75219],[-11.49964,9.75201],[-11.49988,9.75167],[-11.5,9.75138],[-11.50044,9.75051],[-11.5013,9.74885],[-11.50147,9.74852],[-11.50165,9.74825],[-11.50209,9.74766],[-11.50234,9.74734],[-11.50298,9.74663],[-11.50425,9.74522],[-11.50474,9.74467],[-11.50595,9.7432],[-11.50668,9.74233],[-11.50732,9.74162],[-11.5075,9.74148],[-11.50763,9.74142],[-11.50784,9.74138],[-11.50821,9.74142],[-11.50875,9.74146],[-11.50931,9.74145],[-11.50975,9.74135],[-11.50996,9.74128],[-11.51016,9.74118],[-11.51051,9.74093],[-11.51111,9.74049],[-11.5115,9.74028],[-11.51177,9.74015],[-11.5124,9.73999],[-11.51291,9.7399],[-11.51311,9.73988],[-11.5134,9.73989],[-11.51373,9.73996],[-11.51394,9.73996],[-11.5141,9.73989],[-11.51479,9.7394],[-11.51506,9.73925],[-11.51525,9.73918],[-11.51566,9.73907],[-11.51713,9.73855],[-11.51797,9.73836],[-11.51867,9.73815],[-11.51909,9.73796],[-11.51968,9.73754],[-11.51988,9.73741],[-11.52001,9.73726],[-11.52014,9.73708],[-11.52033,9.73687],[-11.52047,9.73672],[-11.52113,9.73636],[-11.52131,9.73624],[-11.52149,9.73598],[-11.52165,9.73576],[-11.5218,9.73563],[-11.52235,9.73532],[-11.5225,9.73521],[-11.52266,9.73504],[-11.52282,9.73475],[-11.52297,9.7344],[-11.52329,9.73374],[-11.52346,9.73344],[-11.52375,9.73309],[-11.52437,9.73241],[-11.52456,9.73214],[-11.525,9.73131],[-11.52517,9.7311],[-11.52539,9.73091],[-11.52578,9.7307],[-11.52596,9.73053],[-11.52606,9.7303],[-11.52615,9.72993],[-11.52626,9.72883],[-11.52632,9.72844],[-11.52644,9.72811],[-11.52691,9.72751],[-11.52727,9.72721],[-11.52766,9.72698],[-11.5297,9.72581],[-11.52999,9.7256],[-11.53021,9.72541],[-11.53068,9.72468],[-11.53103,9.72433],[-11.53153,9.72392],[-11.53197,9.72363],[-11.53267,9.72332],[-11.5338,9.72288],[-11.53421,9.72273],[-11.53441,9.72267],[-11.53457,9.72266],[-11.53529,9.72262],[-11.53571,9.72251],[-11.53606,9.72234],[-11.53635,9.72216],[-11.53672,9.72186],[-11.53729,9.72132],[-11.5384,9.72044],[-11.5389,9.72009],[-11.53912,9.72002],[-11.53934,9.72004],[-11.54011,9.72039],[-11.5405,9.72052],[-11.54084,9.72049],[-11.54119,9.72037],[-11.54152,9.72016],[-11.54178,9.7199],[-11.54221,9.71937],[-11.5426,9.7189],[-11.54281,9.71859],[-11.54312,9.71821],[-11.54349,9.71783],[-11.54433,9.71681],[-11.54479,9.71621],[-11.54507,9.71566],[-11.54515,9.71545],[-11.54524,9.71519],[-11.54533,9.71501],[-11.54543,9.71486],[-11.54582,9.71446],[-11.54589,9.71437],[-11.54598,9.71419],[-11.54632,9.71323],[-11.54639,9.71309],[-11.54652,9.71294],[-11.54672,9.71276],[-11.54688,9.7126]]},"properties":{"id":307774749,"cls":"primary","hw":"primary","tg":"na","name":"","ref":"","surface":"unpaved","sc":"unpaved","speed":null,"lit":"unk","km":8.05}},
{"type":"Feature","geometry":{"type":"LineString","coordinates":[[-13.10555,8.69633],[-13.10547,8.69646],[-13.10541,8.69659],[-13.10522,8.69704],[-13.10501,8.69756],[-13.10455,8.69864],[-13.10416,8.69957],[-13.10381,8.70039],[-13.10362,8.70081],[-13.10353,8.70102],[-13.10344,8.7012],[-13.10333,8.70138],[-13.10322,8.70154],[-13.10309,8.7017],[-13.10296,8.70184],[-13.10283,8.70195],[-13.10271,8.70205],[-13.10252,8.70219],[-13.10231,8.70232],[-13.10168,8.70266],[-13.1014,8.70282],[-13.10099,8.70304],[-13.10002,8.70359],[-13.09941,8.70391],[-13.09851,8.70439],[-13.09801,8.70467],[-13.09777,8.70478],[-13.09751,8.70491],[-13.09737,8.70496],[-13.09721,8.70501],[-13.09705,8.70504],[-13.09685,8.70508],[-13.09616,8.70512],[-13.09524,8.70518],[-13.09478,8.70521],[-13.09432,8.70524],[-13.09377,8.70528],[-13.09307,8.70532],[-13.09242,8.70535],[-13.09205,8.70537],[-13.09175,8.70536],[-13.09152,8.70533],[-13.09131,8.70527],[-13.09118,8.70523],[-13.091,8.70518],[-13.09069,8.70505],[-13.09044,8.70492],[-13.08944,8.70435],[-13.08909,8.70417],[-13.08872,8.70404],[-13.08839,8.70395],[-13.08811,8.70389],[-13.08787,8.70387],[-13.08764,8.70385],[-13.08717,8.70387],[-13.08681,8.70393],[-13.0863,8.70402],[-13.08571,8.70411],[-13.08515,8.7042],[-13.08485,8.70423],[-13.08452,8.70424],[-13.08416,8.70422],[-13.08379,8.70417],[-13.08341,8.70409],[-13.08306,8.70401],[-13.08272,8.70394],[-13.08231,8.70386],[-13.08184,8.70381],[-13.08144,8.70378],[-13.08119,8.70377],[-13.08076,8.70379],[-13.08021,8.70385],[-13.07978,8.70393],[-13.07928,8.70407],[-13.07891,8.70419],[-13.07822,8.7044],[-13.07702,8.70477],[-13.07655,8.70491],[-13.07592,8.70505],[-13.07517,8.70519],[-13.07391,8.70544],[-13.07322,8.70557],[-13.07262,8.70569],[-13.07186,8.70584],[-13.07138,8.70592],[-13.0712,8.70595],[-13.07097,8.70598],[-13.07048,8.70602],[-13.07005,8.70607],[-13.06974,8.70609],[-13.06933,8.70611],[-13.06894,8.70611],[-13.06826,8.70612],[-13.06688,8.7061],[-13.06584,8.70611],[-13.06457,8.70611],[-13.06386,8.70614],[-13.06335,8.70618],[-13.06293,8.70623],[-13.06192,8.70641],[-13.06132,8.70653],[-13.06065,8.70666],[-13.05981,8.70679],[-13.05887,8.70696],[-13.05808,8.70709],[-13.05738,8.70721],[-13.05661,8.70735],[-13.05625,8.70744],[-13.0559,8.70756],[-13.0554,8.70777],[-13.05452,8.70811],[-13.05379,8.70839],[-13.05326,8.7086],[-13.05275,8.70879],[-13.05219,8.70897],[-13.05171,8.70907],[-13.05136,8.70912],[-13.05102,8.70916],[-13.0507,8.70917],[-13.04974,8.70915],[-13.04743,8.70913],[-13.04688,8.70913],[-13.04615,8.70913],[-13.04495,8.7091],[-13.04424,8.70909],[-13.04392,8.70909],[-13.04361,8.70908],[-13.04325,8.70905],[-13.04281,8.70899],[-13.04248,8.70894],[-13.04217,8.70887],[-13.04173,8.70875],[-13.04147,8.70866],[-13.04119,8.70856],[-13.04093,8.70843],[-13.04057,8.70826],[-13.04034,8.70812],[-13.03975,8.70775],[-13.03905,8.70728],[-13.03798,8.70652],[-13.03696,8.70581],[-13.03635,8.70544],[-13.03568,8.70494],[-13.03431,8.70402],[-13.0338,8.70365],[-13.03349,8.70345],[-13.0332,8.70326],[-13.03282,8.70299],[-13.03255,8.70275],[-13.03228,8.7025],[-13.03202,8.7022],[-13.03171,8.70182],[-13.03143,8.70141],[-13.03093,8.70055],[-13.03068,8.70009],[-13.03047,8.69977],[-13.03031,8.69957],[-13.03014,8.69939],[-13.02999,8.69926],[-13.02985,8.69915],[-13.02962,8.69901],[-13.02942,8.6989],[-13.02917,8.6988],[-13.02889,8.69869],[-13.02819,8.69844],[-13.02727,8.69814],[-13.02698,8.69804],[-13.02668,8.69794],[-13.02644,8.69786],[-13.0262,8.69774],[-13.02597,8.69761],[-13.0257,8.69743],[-13.02528,8.69713],[-13.02488,8.69688],[-13.02462,8.69676],[-13.02437,8.69667],[-13.02405,8.69658],[-13.02376,8.69654],[-13.02343,8.69653],[-13.02307,8.69652],[-13.02218,8.69653],[-13.0203,8.69654],[-13.01993,8.69651],[-13.01959,8.69647],[-13.01927,8.69639],[-13.01903,8.69631],[-13.01879,8.69618],[-13.01868,8.69612],[-13.01853,8.69602],[-13.01824,8.6958],[-13.01768,8.69536],[-13.01668,8.69455],[-13.01557,8.69365],[-13.01492,8.69315],[-13.01473,8.69301],[-13.01447,8.69282],[-13.014,8.69249],[-13.01339,8.69209],[-13.01283,8.69173],[-13.01166,8.69109],[-13.00931,8.68979],[-13.00789,8.68896],[-13.00699,8.68847],[-13.00651,8.68824],[-13.00607,8.68805],[-13.00553,8.68786],[-13.00504,8.68773],[-13.00441,8.68759],[-13.00402,8.68753],[-13.00364,8.68749],[-13.00325,8.68746],[-13.0027,8.68746],[-13.00215,8.68748],[-13.00178,8.68751],[-13.0014,8.68756],[-13.00104,8.68764],[-13.0007,8.68773],[-12.99812,8.68839]]},"properties":{"id":308258632,"cls":"primary","hw":"primary","tg":"na","name":"","ref":"","surface":"asphalt","sc":"paved","speed":null,"lit":"unk","km":13.195}},
{"type":"Feature","geometry":{"type":"LineString","coordinates":[[-11.85158,9.32883],[-11.85038,9.32855],[-11.84944,9.32833],[-11.84857,9.32811],[-11.84818,9.32797],[-11.84794,9.32785],[-11.84773,9.32771],[-11.84716,9.3273],[-11.84679,9.32708],[-11.84638,9.3269],[-11.84603,9.32683],[-11.84571,9.32682],[-11.84537,9.32685],[-11.84492,9.32697],[-11.84465,9.32709],[-11.8444,9.32726],[-11.84413,9.32747],[-11.84366,9.32804],[-11.84317,9.32861],[-11.84221,9.32972],[-11.84095,9.33114],[-11.84042,9.33191],[-11.84009,9.33245],[-11.83978,9.33303],[-11.83905,9.33446],[-11.8386,9.33517],[-11.83811,9.33602],[-11.83788,9.33646],[-11.83782,9.33663],[-11.83779,9.33676],[-11.83757,9.33772],[-11.83752,9.3379],[-11.83721,9.33869],[-11.83696,9.33925],[-11.83663,9.33993],[-11.8365,9.34015],[-11.83628,9.34048],[-11.83594,9.34086],[-11.83576,9.34109],[-11.83507,9.34197],[-11.83468,9.34244],[-11.83438,9.34275],[-11.83418,9.34292],[-11.83393,9.3431],[-11.83361,9.34331],[-11.83309,9.34357],[-11.83259,9.3438],[-11.83223,9.34393],[-11.83181,9.34404],[-11.83156,9.34411],[-11.83028,9.34451],[-11.83005,9.34461],[-11.82982,9.34473],[-11.82976,9.34476],[-11.82934,9.34498],[-11.82832,9.3457],[-11.82811,9.34577],[-11.82793,9.34577],[-11.82775,9.34572],[-11.82745,9.34544],[-11.82737,9.34525],[-11.82739,9.34508],[-11.82755,9.34462],[-11.82781,9.34379],[-11.82789,9.34346],[-11.82786,9.34318],[-11.82776,9.34301],[-11.82761,9.34283],[-11.82741,9.34273],[-11.82718,9.34271],[-11.82695,9.34277],[-11.82674,9.34293],[-11.82659,9.34314],[-11.82648,9.34338],[-11.82644,9.3436],[-11.82642,9.34395],[-11.82638,9.34411],[-11.82629,9.34427],[-11.82598,9.34454],[-11.82554,9.34499],[-11.82475,9.34584],[-11.82455,9.34605],[-11.82447,9.34617],[-11.82434,9.34642],[-11.82425,9.34658],[-11.8241,9.34671],[-11.82395,9.34674],[-11.8238,9.34673],[-11.82365,9.34667],[-11.82351,9.34656],[-11.82343,9.34638],[-11.82337,9.34616],[-11.82328,9.34602],[-11.82315,9.34593],[-11.823,9.34592],[-11.82283,9.34594],[-11.82267,9.34604],[-11.82247,9.34625],[-11.82216,9.34669],[-11.82164,9.34757],[-11.82153,9.34774],[-11.82127,9.34797],[-11.82089,9.34816],[-11.81919,9.34878],[-11.81785,9.34924],[-11.81753,9.34935],[-11.81725,9.34939],[-11.81668,9.34941],[-11.81632,9.34938],[-11.81554,9.34927],[-11.81455,9.34913],[-11.81349,9.34899],[-11.81283,9.34894],[-11.81243,9.34893],[-11.81199,9.34896],[-11.81162,9.34901],[-11.81099,9.34916],[-11.81061,9.34928],[-11.80908,9.34981],[-11.80819,9.35009],[-11.80748,9.35024],[-11.807,9.35033],[-11.80642,9.35041],[-11.80621,9.35044],[-11.80598,9.35053],[-11.80575,9.35066],[-11.80553,9.35085],[-11.80538,9.35108],[-11.8053,9.35134],[-11.80526,9.35168],[-11.8053,9.35236],[-11.80539,9.35322],[-11.80541,9.35347],[-11.80547,9.35412],[-11.80554,9.35538],[-11.8056,9.35634],[-11.80554,9.35681],[-11.80536,9.35735],[-11.80521,9.35772],[-11.80504,9.35806],[-11.80486,9.35841],[-11.8039,9.36003],[-11.80345,9.36095],[-11.80335,9.36124],[-11.80322,9.36167],[-11.80308,9.36241],[-11.80286,9.36422],[-11.80281,9.36456],[-11.80266,9.36506],[-11.80258,9.36533],[-11.80243,9.36563],[-11.80225,9.36591],[-11.80193,9.36626],[-11.80158,9.36653],[-11.79959,9.36827],[-11.79908,9.36889],[-11.79627,9.37246],[-11.79592,9.37289],[-11.79554,9.37328],[-11.79506,9.37368],[-11.79463,9.37399],[-11.79411,9.37425],[-11.79359,9.37448],[-11.79341,9.37461],[-11.79315,9.37485],[-11.79302,9.37505],[-11.79281,9.37539],[-11.79262,9.3758],[-11.79141,9.37913],[-11.79091,9.38053],[-11.79069,9.38094],[-11.79039,9.38138],[-11.79014,9.3817],[-11.78987,9.38195],[-11.7885,9.38327],[-11.78673,9.3849],[-11.78526,9.38639],[-11.78476,9.3869],[-11.78428,9.38736],[-11.78382,9.38773],[-11.78332,9.38806],[-11.78299,9.38818],[-11.78258,9.3883],[-11.78236,9.38836],[-11.78212,9.38849],[-11.78183,9.38871],[-11.78162,9.38891],[-11.78144,9.38917],[-11.7813,9.38956],[-11.78031,9.39257],[-11.78002,9.39345],[-11.77975,9.39416],[-11.77943,9.39495],[-11.77899,9.3957],[-11.77876,9.396],[-11.77857,9.3962],[-11.77841,9.39632],[-11.77821,9.39643],[-11.77791,9.39653],[-11.77743,9.39657],[-11.77709,9.39654],[-11.77684,9.39643],[-11.77655,9.39629],[-11.77538,9.39542],[-11.77211,9.39293],[-11.77156,9.39253],[-11.77107,9.39221],[-11.77061,9.39195],[-11.77035,9.39182],[-11.77019,9.39174],[-11.77003,9.39168],[-11.76908,9.39132],[-11.76893,9.39127],[-11.76877,9.39123],[-11.76858,9.39119],[-11.76798,9.39113],[-11.76786,9.39111],[-11.76779,9.3911],[-11.76764,9.39105],[-11.76696,9.39073],[-11.76669,9.39061],[-11.76665,9.39059],[-11.76651,9.39054],[-11.76633,9.39048],[-11.76599,9.3904],[-11.76577,9.39037],[-11.76539,9.39036],[-11.76453,9.39043],[-11.76304,9.39065],[-11.76234,9.39073],[-11.76133,9.39084],[-11.76098,9.39085],[-11.76075,9.39085],[-11.75974,9.39079]]},"properties":{"id":309120525,"cls":"primary","hw":"primary","tg":"na","name":"Mabarta Road","ref":"","surface":"","sc":"unknown","speed":null,"lit":"unk","km":15.402}},
{"type":"Feature","geometry":{"type":"LineString","coordinates":[[-11.852,9.32893],[-11.85158,9.32883]]},"properties":{"id":309120526,"cls":"primary","hw":"primary","tg":"na","name":"Mabarta Road","ref":"","surface":"","sc":"unknown","speed":null,"lit":"unk","km":0.047}},
{"type":"Feature","geometry":{"type":"LineString","coordinates":[[-12.05027,8.87533],[-12.05024,8.87516],[-12.05019,8.87491],[-12.05015,8.87455],[-12.0501,8.87399],[-12.05006,8.87348],[-12.05005,8.87313],[-12.05006,8.87291],[-12.05008,8.87267],[-12.05009,8.87238],[-12.05012,8.87209],[-12.05016,8.87185],[-12.05021,8.87121],[-12.05027,8.87061],[-12.0503,8.87032],[-12.05032,8.87007],[-12.05034,8.86987],[-12.0504,8.86941],[-12.05042,8.86922],[-12.05047,8.86884],[-12.05054,8.86807],[-12.05057,8.86779],[-12.05063,8.86733],[-12.05071,8.86668],[-12.05081,8.86608],[-12.05088,8.86574],[-12.05098,8.86531],[-12.05112,8.86476],[-12.05127,8.8643],[-12.05143,8.86385],[-12.05155,8.86345],[-12.0517,8.86306],[-12.05186,8.86259],[-12.05219,8.86161],[-12.05239,8.861],[-12.05253,8.86061],[-12.05268,8.86018],[-12.05279,8.85987],[-12.05305,8.8591],[-12.05327,8.85842],[-12.05333,8.85827],[-12.05376,8.857],[-12.05378,8.85694],[-12.05402,8.85624],[-12.05428,8.85547],[-12.05447,8.85492],[-12.05466,8.85436],[-12.05473,8.85416],[-12.05482,8.85387],[-12.05491,8.85364],[-12.05515,8.85284],[-12.05525,8.85241],[-12.05543,8.85147],[-12.05551,8.85098],[-12.05556,8.85058],[-12.0556,8.85009],[-12.05561,8.84984],[-12.05566,8.84883],[-12.05568,8.84843],[-12.05568,8.84812],[-12.05569,8.84783],[-12.05573,8.84691],[-12.05576,8.84622],[-12.05583,8.845],[-12.05586,8.84445],[-12.05588,8.84386],[-12.05591,8.84312],[-12.05599,8.84153],[-12.05605,8.84032],[-12.05608,8.83935],[-12.05608,8.83897],[-12.05606,8.83847],[-12.05603,8.83802],[-12.05587,8.83684],[-12.05579,8.83647],[-12.05568,8.83608],[-12.0552,8.83471],[-12.05493,8.83389]]},"properties":{"id":309747302,"cls":"primary","hw":"primary","tg":"na","name":"Magburaka Highway","ref":"","surface":"","sc":"unknown","speed":80,"lit":"unk","km":4.713}},
{"type":"Feature","geometry":{"type":"LineString","coordinates":[[-12.2552,8.46985],[-12.25594,8.47017],[-12.25621,8.4703],[-12.25661,8.47049],[-12.25846,8.47138],[-12.25896,8.47163],[-12.25941,8.47182],[-12.2597,8.47191],[-12.26002,8.472],[-12.26059,8.47214],[-12.26168,8.47245],[-12.26317,8.4729],[-12.26432,8.47328],[-12.265,8.47348],[-12.26526,8.47356],[-12.2655,8.47367],[-12.26576,8.47378],[-12.26599,8.47392],[-12.26621,8.47407],[-12.26697,8.4746],[-12.26797,8.47538],[-12.26827,8.47561],[-12.26986,8.47681],[-12.27018,8.47703],[-12.27055,8.47722],[-12.27082,8.47733],[-12.27118,8.47744],[-12.27158,8.47749],[-12.27196,8.4775],[-12.27238,8.47745],[-12.27361,8.47724],[-12.27433,8.47714],[-12.27453,8.47712],[-12.2749,8.47709],[-12.27553,8.47709],[-12.27606,8.47713],[-12.27662,8.47722],[-12.27693,8.47728],[-12.2772,8.47735],[-12.27759,8.47746],[-12.27801,8.47761],[-12.27853,8.47782],[-12.27984,8.47835],[-12.28086,8.47875],[-12.28176,8.47919],[-12.28292,8.47963],[-12.28359,8.47989],[-12.28423,8.48012],[-12.2849,8.48032],[-12.28582,8.48056],[-12.28657,8.48072],[-12.28808,8.48097],[-12.2904,8.48137],[-12.29102,8.48149],[-12.29171,8.48159],[-12.29224,8.4816],[-12.2927,8.4816],[-12.29323,8.48155],[-12.29373,8.48141],[-12.29427,8.48122],[-12.29475,8.481],[-12.29514,8.48079],[-12.29546,8.48056],[-12.29609,8.48007],[-12.29661,8.47967],[-12.29702,8.47944],[-12.29733,8.47928],[-12.29765,8.47915],[-12.29827,8.47896],[-12.29904,8.47874],[-12.30135,8.47812],[-12.30178,8.47802],[-12.30225,8.47797],[-12.30259,8.47796],[-12.30293,8.47798],[-12.3032,8.47801],[-12.30365,8.4781],[-12.30523,8.47861],[-12.30746,8.47934],[-12.30786,8.47952],[-12.30808,8.47963],[-12.30861,8.4799],[-12.31086,8.48102],[-12.31292,8.48197],[-12.31337,8.48219],[-12.31381,8.48242],[-12.3142,8.48264],[-12.31492,8.48316],[-12.31564,8.48372],[-12.31628,8.48414],[-12.31673,8.48437],[-12.31725,8.48456],[-12.31776,8.48467],[-12.31831,8.4847],[-12.31862,8.48471],[-12.31895,8.48467],[-12.31934,8.48463],[-12.31979,8.48456],[-12.32031,8.48441],[-12.32076,8.48423],[-12.3212,8.48399],[-12.32156,8.48373],[-12.32188,8.48345],[-12.32214,8.48318],[-12.32255,8.48262],[-12.32291,8.48215],[-12.32315,8.48187],[-12.32341,8.48166],[-12.32369,8.4815],[-12.32409,8.48136],[-12.3248,8.48116],[-12.32772,8.48036],[-12.33225,8.4791],[-12.33266,8.479],[-12.33297,8.47895],[-12.33327,8.47894],[-12.33356,8.47897],[-12.33411,8.47909],[-12.33427,8.47913],[-12.33857,8.48011],[-12.34055,8.48057],[-12.34235,8.48099],[-12.34346,8.48125],[-12.34424,8.48143],[-12.34468,8.48152],[-12.34508,8.48156],[-12.34541,8.48156],[-12.34568,8.48153],[-12.34594,8.48147],[-12.34623,8.48138],[-12.34661,8.48121],[-12.34824,8.48028],[-12.34862,8.48009],[-12.34886,8.48001],[-12.34915,8.47994],[-12.34951,8.47989],[-12.3513,8.4798],[-12.35351,8.47969],[-12.35381,8.47966],[-12.35407,8.47961],[-12.35435,8.47952],[-12.35466,8.47935],[-12.35495,8.47913],[-12.35535,8.47877],[-12.35635,8.47775],[-12.35804,8.47599],[-12.3593,8.47469],[-12.36013,8.47395],[-12.36105,8.47323],[-12.36159,8.47282],[-12.36184,8.47263],[-12.36219,8.47242],[-12.36248,8.4723],[-12.36272,8.47223],[-12.36301,8.47219],[-12.36329,8.47219],[-12.36366,8.47221],[-12.36417,8.4723],[-12.36463,8.47241],[-12.36598,8.47276],[-12.3681,8.47332],[-12.36853,8.47343],[-12.36886,8.47355],[-12.36921,8.47369],[-12.3695,8.47383],[-12.36985,8.47403],[-12.37078,8.47465],[-12.37358,8.47657],[-12.37497,8.47753],[-12.37544,8.47784],[-12.37584,8.4781],[-12.37626,8.47833],[-12.3766,8.47847],[-12.37696,8.47858],[-12.37736,8.47866],[-12.37836,8.4788],[-12.38021,8.47911],[-12.38301,8.47962],[-12.38423,8.4798],[-12.3847,8.47984],[-12.38513,8.47984],[-12.38555,8.47981],[-12.38599,8.47976],[-12.38893,8.4793],[-12.38978,8.47923],[-12.39011,8.47922],[-12.39043,8.47923],[-12.39076,8.47929],[-12.39117,8.47941],[-12.39262,8.47991],[-12.39439,8.48046],[-12.39606,8.48099],[-12.39879,8.48184],[-12.40076,8.48246],[-12.40193,8.48284],[-12.40376,8.48343],[-12.40423,8.48357],[-12.40491,8.48378],[-12.40561,8.484],[-12.40581,8.48406],[-12.406,8.48412],[-12.4064,8.48425],[-12.40656,8.4843],[-12.40774,8.48468],[-12.40826,8.48482],[-12.40881,8.4849],[-12.40972,8.48499],[-12.41083,8.48508],[-12.41146,8.48512],[-12.41201,8.48515],[-12.41255,8.48518],[-12.41271,8.48518],[-12.41289,8.48517],[-12.41299,8.48517],[-12.4133,8.48516],[-12.41353,8.48515],[-12.41408,8.48512],[-12.41427,8.48511],[-12.41451,8.4851],[-12.41479,8.48508],[-12.41543,8.48505],[-12.41562,8.48503],[-12.41578,8.48503],[-12.41592,8.48503],[-12.41636,8.48501]]},"properties":{"id":310081942,"cls":"trunk","hw":"trunk","tg":"na","name":"Masiaka-Yonibama Highway","ref":"TAH 7","surface":"asphalt","sc":"paved","speed":null,"lit":"unk","km":19.152}},
{"type":"Feature","geometry":{"type":"LineString","coordinates":[[-12.41636,8.48501],[-12.41666,8.48499],[-12.41698,8.48497],[-12.41718,8.48495],[-12.41762,8.48492],[-12.41811,8.48492],[-12.41839,8.48491],[-12.41885,8.48489],[-12.41905,8.48487],[-12.41938,8.48486],[-12.41941,8.48486],[-12.42003,8.48484],[-12.42074,8.48481],[-12.42097,8.4848],[-12.42117,8.48479],[-12.42239,8.48475],[-12.42316,8.48471],[-12.42341,8.48468],[-12.42363,8.48462],[-12.42388,8.48453],[-12.42414,8.48439],[-12.42439,8.48421],[-12.42467,8.48395],[-12.42483,8.48379],[-12.42512,8.48351],[-12.42552,8.48313],[-12.42575,8.48293],[-12.42604,8.48275],[-12.42627,8.48266],[-12.42656,8.48256],[-12.42685,8.48251],[-12.42715,8.48249],[-12.42842,8.48242],[-12.4305,8.48238],[-12.43129,8.48235],[-12.43231,8.48231],[-12.43285,8.48229],[-12.43321,8.48228],[-12.43351,8.48228],[-12.43424,8.48225],[-12.43528,8.48222],[-12.43563,8.48222],[-12.43604,8.48223],[-12.43636,8.48225],[-12.43778,8.48237],[-12.43904,8.48248],[-12.43996,8.48256],[-12.44104,8.48265],[-12.44224,8.48275],[-12.44335,8.48285],[-12.44461,8.48296],[-12.445,8.48299],[-12.44529,8.48299],[-12.44549,8.48297],[-12.44568,8.48295],[-12.44589,8.48291],[-12.44614,8.48284],[-12.44648,8.48271],[-12.44742,8.48229],[-12.4493,8.48145],[-12.44994,8.48116],[-12.45025,8.48102],[-12.4509,8.48074],[-12.45163,8.48041],[-12.45221,8.48015],[-12.45446,8.47912],[-12.45782,8.4776],[-12.45982,8.4767],[-12.46258,8.47549],[-12.46451,8.47466],[-12.46509,8.47441],[-12.46723,8.47349],[-12.46908,8.4727],[-12.47194,8.47142],[-12.47382,8.47057],[-12.47527,8.46992],[-12.4759,8.46963],[-12.47619,8.4695],[-12.47636,8.46942],[-12.47654,8.46935],[-12.4769,8.46918],[-12.47705,8.46912],[-12.47792,8.46872],[-12.47813,8.46863],[-12.47831,8.46854],[-12.47896,8.46825],[-12.47913,8.46818],[-12.47977,8.46792],[-12.48051,8.46767],[-12.4812,8.46751],[-12.48183,8.46738],[-12.48243,8.4673],[-12.48299,8.46726],[-12.48355,8.46723],[-12.48506,8.4672],[-12.48547,8.46716],[-12.48579,8.46712],[-12.48611,8.46706],[-12.48645,8.46697],[-12.48683,8.46682],[-12.48718,8.46665],[-12.4875,8.46647],[-12.48783,8.46624],[-12.48815,8.46596],[-12.48911,8.46502],[-12.49011,8.46409],[-12.49061,8.46369],[-12.49088,8.4635],[-12.4914,8.46315],[-12.49196,8.46286],[-12.49278,8.46247],[-12.49373,8.46208],[-12.495,8.46156],[-12.49551,8.46133],[-12.49694,8.46075],[-12.49768,8.46044]]},"properties":{"id":310081943,"cls":"trunk","hw":"trunk","tg":"na","name":"Masiaka-Yonibama Highway","ref":"TAH 7","surface":"asphalt","sc":"paved","speed":null,"lit":"unk","km":9.612}},
{"type":"Feature","geometry":{"type":"LineString","coordinates":[[-13.13505,8.21041],[-13.13491,8.21051],[-13.13485,8.21068]]},"properties":{"id":311032706,"cls":"primary","hw":"primary_link","tg":"na","name":"","ref":"","surface":"","sc":"unknown","speed":null,"lit":"unk","km":0.039}},
{"type":"Feature","geometry":{"type":"LineString","coordinates":[[-13.23202,8.36757],[-13.23201,8.36736]]},"properties":{"id":311765926,"cls":"primary","hw":"primary","tg":"na","name":"Peninsular Road","ref":"","surface":"paved","sc":"paved","speed":null,"lit":"unk","km":0.023}},
{"type":"Feature","geometry":{"type":"LineString","coordinates":[[-13.26073,8.4853],[-13.26054,8.48516],[-13.26009,8.48477],[-13.25995,8.48465],[-13.25974,8.48446],[-13.2595,8.48424],[-13.25931,8.48399],[-13.25915,8.48376],[-13.25907,8.48356],[-13.25903,8.48344],[-13.25899,8.48331],[-13.25897,8.48318]]},"properties":{"id":314462002,"cls":"primary","hw":"primary","tg":"na","name":"Murray Town Road","ref":"","surface":"asphalt","sc":"paved","speed":null,"lit":"unk","km":0.313}},
{"type":"Feature","geometry":{"type":"LineString","coordinates":[[-13.26081,8.48544],[-13.26088,8.48546],[-13.26102,8.48549],[-13.26114,8.48549],[-13.26141,8.48549],[-13.26176,8.48547],[-13.26258,8.4854],[-13.26301,8.48537],[-13.26309,8.48537],[-13.26345,8.48534],[-13.26376,8.48531],[-13.26407,8.48528],[-13.26423,8.48527],[-13.26482,8.48523],[-13.26502,8.4852],[-13.26529,8.48517],[-13.26553,8.4851],[-13.26568,8.48504],[-13.26587,8.48497],[-13.26599,8.48493],[-13.26605,8.4849],[-13.26613,8.48487],[-13.26648,8.48473],[-13.26718,8.48443],[-13.26754,8.48427],[-13.26779,8.48411],[-13.268,8.48392],[-13.26823,8.48367],[-13.26829,8.48357],[-13.26836,8.48346],[-13.26844,8.48333],[-13.26859,8.4831],[-13.26882,8.48273],[-13.26895,8.48255],[-13.26941,8.4818],[-13.26953,8.48163],[-13.26967,8.48142],[-13.26994,8.48104],[-13.2701,8.48083],[-13.27035,8.48051],[-13.27051,8.48032],[-13.27084,8.4799],[-13.27125,8.47939],[-13.27143,8.47917],[-13.27145,8.47914],[-13.27204,8.47839],[-13.27248,8.47785],[-13.27272,8.47753],[-13.27337,8.47673],[-13.27398,8.47595],[-13.27404,8.47588],[-13.27422,8.47565],[-13.27436,8.47549],[-13.27442,8.47541],[-13.2747,8.47507],[-13.27515,8.4745],[-13.27535,8.47424],[-13.27553,8.47403],[-13.27571,8.47379],[-13.27584,8.4736],[-13.27595,8.47342],[-13.27605,8.47321],[-13.27613,8.47298],[-13.27618,8.47277],[-13.27623,8.47253],[-13.27627,8.47206],[-13.2764,8.47113],[-13.27644,8.47077],[-13.27646,8.47053],[-13.27647,8.47038],[-13.27647,8.47015],[-13.27645,8.46998],[-13.27641,8.46976],[-13.27637,8.46965],[-13.27634,8.46955],[-13.27627,8.4694],[-13.27614,8.46916],[-13.27603,8.46901],[-13.27595,8.4689],[-13.27575,8.46866],[-13.27552,8.46839],[-13.27521,8.46801],[-13.27488,8.46765],[-13.27454,8.46723],[-13.27448,8.46715],[-13.27428,8.4669],[-13.27418,8.46679],[-13.27397,8.46652],[-13.27394,8.46649],[-13.27375,8.46628],[-13.27354,8.46603],[-13.27341,8.46583],[-13.27332,8.46567],[-13.27327,8.46553],[-13.27314,8.46518],[-13.27301,8.46482],[-13.27285,8.46431],[-13.2726,8.46351],[-13.27251,8.46321],[-13.27243,8.46295],[-13.27236,8.46273],[-13.27224,8.46237],[-13.27211,8.46203],[-13.2721,8.462],[-13.27204,8.46188],[-13.27188,8.46156],[-13.27168,8.46122],[-13.27154,8.461],[-13.2715,8.46094],[-13.27141,8.4608],[-13.27108,8.46024],[-13.27094,8.46001],[-13.27085,8.45986],[-13.27068,8.45959],[-13.27063,8.45949],[-13.27054,8.45936],[-13.27048,8.45927],[-13.27043,8.45921]]},"properties":{"id":314462006,"cls":"primary","hw":"primary","tg":"na","name":"Wilkinson Road","ref":"","surface":"asphalt","sc":"paved","speed":null,"lit":"unk","km":4.062}},
{"type":"Feature","geometry":{"type":"LineString","coordinates":[[-11.09517,8.71187],[-11.09525,8.71203],[-11.09532,8.71218],[-11.09534,8.71233],[-11.09532,8.71249],[-11.0952,8.71286],[-11.09499,8.71391],[-11.09485,8.71459],[-11.09482,8.71497],[-11.0948,8.71559],[-11.0948,8.71663],[-11.09481,8.71686],[-11.09486,8.71707],[-11.09498,8.71748],[-11.09515,8.71794],[-11.09525,8.71816],[-11.09534,8.71826],[-11.09544,8.71834],[-11.09571,8.71852],[-11.09591,8.71871],[-11.09607,8.71892],[-11.09622,8.71914],[-11.09625,8.71924],[-11.09627,8.71937],[-11.09629,8.71968],[-11.09633,8.72001],[-11.09637,8.72043],[-11.0964,8.7207],[-11.09643,8.72104],[-11.09641,8.7213],[-11.09641,8.72147],[-11.09644,8.72164],[-11.09652,8.72184],[-11.09655,8.72197],[-11.09656,8.72213],[-11.09653,8.72238],[-11.09646,8.72276],[-11.09639,8.72322],[-11.09635,8.72378],[-11.09626,8.72484],[-11.09625,8.72532],[-11.09623,8.72577],[-11.09621,8.72598],[-11.09616,8.72621],[-11.09596,8.72679],[-11.09587,8.72717]]},"properties":{"id":315174583,"cls":"primary","hw":"primary","tg":"na","name":"","ref":"","surface":"","sc":"unknown","speed":null,"lit":"unk","km":1.776}},
{"type":"Feature","geometry":{"type":"LineString","coordinates":[[-13.16474,8.44786],[-13.16487,8.448],[-13.16519,8.44838],[-13.16524,8.44843],[-13.1656,8.44884],[-13.16567,8.44893],[-13.16588,8.44918],[-13.16615,8.44949],[-13.16627,8.44962],[-13.16676,8.45019],[-13.16709,8.45058],[-13.16714,8.45063],[-13.16753,8.45109],[-13.16788,8.4515],[-13.16799,8.45162],[-13.16816,8.45181],[-13.1684,8.4521],[-13.16849,8.4522],[-13.16917,8.45301],[-13.16948,8.45336],[-13.16964,8.45354],[-13.16994,8.45393],[-13.17004,8.45403],[-13.17018,8.45422],[-13.17041,8.45448],[-13.17061,8.45476],[-13.17079,8.45506],[-13.17102,8.45545],[-13.17118,8.45576],[-13.17139,8.45623],[-13.17164,8.45692],[-13.17167,8.45702],[-13.17192,8.45769],[-13.17207,8.45806],[-13.17212,8.45819],[-13.17223,8.45848],[-13.17232,8.45873],[-13.17245,8.45911],[-13.17252,8.45929],[-13.1726,8.45952],[-13.17264,8.45964],[-13.17288,8.46028],[-13.17292,8.46039],[-13.17305,8.46075],[-13.1731,8.46088],[-13.1734,8.46172],[-13.17349,8.46198],[-13.17359,8.46223],[-13.17372,8.46257],[-13.17394,8.46318],[-13.17402,8.46336],[-13.17413,8.46358],[-13.17428,8.46387],[-13.1744,8.46406],[-13.17453,8.46423],[-13.17471,8.46446],[-13.17505,8.46484],[-13.17588,8.46569],[-13.17642,8.46625],[-13.17665,8.4665],[-13.1769,8.46675],[-13.17714,8.467],[-13.17742,8.46729],[-13.17768,8.46755],[-13.17791,8.46778],[-13.17828,8.46815],[-13.17859,8.46846],[-13.17904,8.46892],[-13.17952,8.4694],[-13.17984,8.46972],[-13.18009,8.46996],[-13.18029,8.47015],[-13.18072,8.47047],[-13.18088,8.47058],[-13.18118,8.47077],[-13.1816,8.47097],[-13.18217,8.4712],[-13.18271,8.47139],[-13.18355,8.47168],[-13.18386,8.4718],[-13.18412,8.47191],[-13.1844,8.47205],[-13.18473,8.47222],[-13.1849,8.47232],[-13.18504,8.47241],[-13.18539,8.47263],[-13.18572,8.47286],[-13.18644,8.47332],[-13.18669,8.47344],[-13.18696,8.47357],[-13.18752,8.47379],[-13.18806,8.47396],[-13.18854,8.47406]]},"properties":{"id":327267591,"cls":"trunk","hw":"trunk","tg":"na","name":"Bai Bureh Road","ref":"","surface":"asphalt","sc":"paved","speed":null,"lit":"unk","km":4.072}},
{"type":"Feature","geometry":{"type":"LineString","coordinates":[[-13.14409,8.39341],[-13.14419,8.3934],[-13.1443,8.39338],[-13.14437,8.39335],[-13.14443,8.3933],[-13.14459,8.39313],[-13.14495,8.39261],[-13.14501,8.39255],[-13.1451,8.39244],[-13.1459,8.39138],[-13.14648,8.39061],[-13.14695,8.38998],[-13.14757,8.38916],[-13.14791,8.38871],[-13.14815,8.3884],[-13.14847,8.388],[-13.14876,8.38786]]},"properties":{"id":330064936,"cls":"primary","hw":"primary","tg":"na","name":"Jui Road","ref":"","surface":"asphalt","sc":"paved","speed":null,"lit":"unk","km":0.814}},
{"type":"Feature","geometry":{"type":"LineString","coordinates":[[-11.85568,8.65322],[-11.85558,8.65352],[-11.85549,8.65389],[-11.85535,8.6545],[-11.85528,8.6549],[-11.85514,8.65584],[-11.85511,8.65597],[-11.85507,8.65611],[-11.85505,8.65624],[-11.85504,8.65638],[-11.85506,8.6566],[-11.85513,8.65714],[-11.85518,8.65744],[-11.85531,8.65809]]},"properties":{"id":330158172,"cls":"primary","hw":"primary","tg":"na","name":"Old Railway Line","ref":"","surface":"unpaved","sc":"unpaved","speed":null,"lit":"unk","km":0.552}},
{"type":"Feature","geometry":{"type":"LineString","coordinates":[[-11.83607,8.51166],[-11.83543,8.51278],[-11.83532,8.51291],[-11.83522,8.513],[-11.83509,8.51309],[-11.83494,8.51318],[-11.83433,8.51355],[-11.83335,8.5141],[-11.8326,8.51454],[-11.83212,8.51482],[-11.83193,8.515],[-11.83181,8.51518],[-11.83166,8.51545],[-11.83147,8.5159],[-11.83092,8.51715],[-11.8306,8.51787],[-11.82997,8.5194],[-11.82929,8.52091],[-11.82917,8.52118],[-11.82906,8.52135],[-11.82891,8.52149],[-11.82868,8.52169],[-11.82753,8.52266],[-11.82625,8.52374],[-11.82558,8.52427],[-11.82522,8.52456],[-11.82508,8.52473],[-11.82498,8.5249],[-11.82482,8.52515],[-11.82461,8.52551],[-11.8242,8.52621],[-11.82361,8.52722],[-11.82286,8.52847],[-11.82258,8.52897],[-11.82244,8.5293],[-11.82238,8.52953],[-11.82236,8.5298],[-11.82235,8.53071],[-11.82236,8.53135],[-11.82231,8.53194],[-11.82224,8.53229],[-11.82212,8.53256],[-11.82199,8.53277],[-11.8218,8.53298],[-11.82156,8.5332],[-11.82028,8.53436],[-11.81973,8.53486],[-11.81956,8.53507],[-11.81946,8.53525],[-11.81935,8.53555],[-11.81891,8.53688],[-11.81842,8.53833],[-11.81818,8.53905],[-11.81808,8.53941],[-11.81809,8.53962],[-11.81811,8.53983],[-11.8182,8.54009],[-11.81889,8.54169],[-11.81945,8.54302],[-11.81997,8.54426],[-11.82034,8.54518],[-11.82055,8.54586],[-11.8206,8.54612],[-11.82061,8.54638],[-11.82059,8.54674],[-11.82055,8.54699],[-11.82048,8.54725],[-11.82028,8.54776],[-11.81986,8.54873],[-11.81918,8.55013],[-11.81878,8.55105],[-11.81865,8.55145],[-11.8185,8.5521],[-11.81819,8.55346],[-11.81814,8.55365],[-11.81808,8.55386],[-11.818,8.55402],[-11.81785,8.55422],[-11.81752,8.55457],[-11.81668,8.55542],[-11.81588,8.55621],[-11.81555,8.5565],[-11.81545,8.55663],[-11.81536,8.5568],[-11.81527,8.55703],[-11.81518,8.55738],[-11.81511,8.55776],[-11.81495,8.559],[-11.81464,8.56078],[-11.81443,8.56216],[-11.8143,8.56281],[-11.81413,8.56364],[-11.81406,8.56398],[-11.81404,8.56433],[-11.81407,8.56463],[-11.81411,8.565],[-11.81418,8.56536],[-11.81455,8.56658],[-11.81469,8.56716],[-11.81478,8.5676],[-11.81488,8.56813],[-11.81514,8.56942],[-11.81544,8.57066],[-11.8158,8.57233],[-11.81591,8.57289],[-11.81632,8.5746],[-11.81651,8.57555],[-11.81659,8.57599],[-11.81661,8.57629],[-11.8166,8.57655],[-11.81656,8.57677],[-11.81636,8.57761],[-11.81624,8.57799],[-11.81609,8.57833],[-11.81576,8.57903],[-11.81522,8.58021],[-11.81479,8.58111],[-11.81435,8.58205],[-11.81427,8.58225],[-11.81423,8.5824],[-11.81422,8.58259],[-11.81424,8.58292],[-11.81428,8.58327],[-11.8143,8.58342],[-11.81441,8.58423],[-11.81447,8.58455],[-11.81455,8.58481],[-11.81466,8.58508],[-11.81509,8.58584],[-11.8157,8.58687],[-11.81609,8.58759],[-11.81618,8.58781],[-11.81623,8.58799],[-11.81625,8.58814],[-11.81625,8.58832],[-11.81622,8.58862],[-11.81617,8.58899],[-11.8156,8.59224],[-11.81549,8.59287],[-11.81541,8.59341],[-11.81539,8.59371],[-11.81539,8.59397],[-11.81544,8.59421],[-11.81555,8.59456],[-11.81588,8.59577],[-11.81595,8.59614],[-11.81598,8.59643],[-11.81596,8.5967],[-11.81578,8.59809],[-11.81576,8.59839],[-11.81578,8.59859],[-11.81584,8.59878],[-11.81595,8.59896],[-11.8162,8.59928],[-11.8165,8.59958],[-11.81734,8.60042],[-11.81749,8.60063],[-11.81756,8.60079],[-11.81759,8.60097],[-11.81757,8.60117],[-11.81733,8.60217],[-11.81711,8.60308],[-11.8168,8.60429],[-11.81674,8.60464],[-11.81673,8.60493],[-11.81675,8.60524],[-11.81683,8.60577],[-11.817,8.60673],[-11.81711,8.60731],[-11.81723,8.60799],[-11.81737,8.60907],[-11.81746,8.6098],[-11.81751,8.61012],[-11.81757,8.6104],[-11.81764,8.61062],[-11.81774,8.61087],[-11.81796,8.61128],[-11.81821,8.61165],[-11.81885,8.61266],[-11.81926,8.61335],[-11.81938,8.61348],[-11.81945,8.61354],[-11.81953,8.61358],[-11.81966,8.61362],[-11.81998,8.61364],[-11.82031,8.61365],[-11.82072,8.61369],[-11.82087,8.61374],[-11.82099,8.61381],[-11.82117,8.61392],[-11.82139,8.61409],[-11.82153,8.61423],[-11.82165,8.6144],[-11.82178,8.61461],[-11.82191,8.61492],[-11.82207,8.6153],[-11.82224,8.61581],[-11.82246,8.61652],[-11.82257,8.61694],[-11.82261,8.6172],[-11.82264,8.61764],[-11.82283,8.61969],[-11.82296,8.62101],[-11.82308,8.62225],[-11.82321,8.62372],[-11.82329,8.62454],[-11.82335,8.62492],[-11.82339,8.6251],[-11.82345,8.62528],[-11.82355,8.62551],[-11.82468,8.62762],[-11.82512,8.62848],[-11.82523,8.62875],[-11.82529,8.62895],[-11.82533,8.62915],[-11.82549,8.63029],[-11.82562,8.6311],[-11.82581,8.63253],[-11.82597,8.63337],[-11.82615,8.63412],[-11.82642,8.63517],[-11.82656,8.63579],[-11.82667,8.6362],[-11.82683,8.63657],[-11.82703,8.63702],[-11.82732,8.63755],[-11.82791,8.6386],[-11.82873,8.64005],[-11.82903,8.64066],[-11.82945,8.64147],[-11.82956,8.64162],[-11.82972,8.64177],[-11.82992,8.64193],[-11.83016,8.64205],[-11.83095,8.64246],[-11.83207,8.64299],[-11.83335,8.64359],[-11.83454,8.64419],[-11.83516,8.64451],[-11.83601,8.64491],[-11.83698,8.6454],[-11.8372,8.64549],[-11.8374,8.64554],[-11.83761,8.64557],[-11.83786,8.64558],[-11.83822,8.64557],[-11.83957,8.64553],[-11.8415,8.64545],[-11.8429,8.64539],[-11.84435,8.64534],[-11.84559,8.64528],[-11.84609,8.64527],[-11.84637,8.6453],[-11.84662,8.64535],[-11.84699,8.64546],[-11.84725,8.64554],[-11.84748,8.64562],[-11.84766,8.64572],[-11.84779,8.64581],[-11.84798,8.64597],[-11.84827,8.64622]]},"properties":{"id":330158173,"cls":"primary","hw":"primary","tg":"na","name":"Old Railway Line","ref":"","surface":"unpaved","sc":"unpaved","speed":null,"lit":"unk","km":18.252}},
{"type":"Feature","geometry":{"type":"LineString","coordinates":[[-11.85568,8.65322],[-11.85575,8.65302],[-11.85576,8.65292],[-11.85576,8.65282],[-11.85574,8.65271]]},"properties":{"id":330158174,"cls":"primary","hw":"primary","tg":"na","name":"Old Railway Line","ref":"","surface":"unpaved","sc":"unpaved","speed":null,"lit":"unk","km":0.058}},
{"type":"Feature","geometry":{"type":"LineString","coordinates":[[-12.78859,8.77453],[-12.78824,8.77445],[-12.78801,8.77443]]},"properties":{"id":331939095,"cls":"primary","hw":"primary","tg":"na","name":"","ref":"","surface":"asphalt","sc":"paved","speed":null,"lit":"unk","km":0.065}},
{"type":"Feature","geometry":{"type":"LineString","coordinates":[[-12.78801,8.77443],[-12.78785,8.77444],[-12.78766,8.77448],[-12.78749,8.77453],[-12.78731,8.77453]]},"properties":{"id":331939100,"cls":"primary","hw":"primary","tg":"na","name":"","ref":"","surface":"asphalt","sc":"paved","speed":null,"lit":"unk","km":0.078}},
{"type":"Feature","geometry":{"type":"LineString","coordinates":[[-13.23201,8.36736],[-13.23199,8.36653],[-13.23203,8.36612],[-13.23211,8.36549],[-13.23218,8.36487],[-13.23221,8.36431],[-13.2322,8.36418],[-13.23218,8.36401],[-13.23215,8.3637],[-13.23212,8.36355],[-13.23206,8.36315],[-13.23203,8.36288],[-13.23197,8.36257],[-13.23191,8.36228],[-13.23188,8.36213],[-13.23182,8.36175],[-13.23176,8.3613],[-13.23142,8.35958],[-13.23127,8.35883],[-13.23116,8.35832],[-13.23107,8.35796],[-13.23103,8.35773],[-13.23079,8.35643],[-13.23068,8.35595],[-13.23059,8.3554],[-13.23052,8.35482],[-13.23043,8.35431],[-13.23034,8.35343],[-13.23029,8.35305],[-13.23016,8.35253],[-13.23005,8.35221],[-13.22995,8.35186],[-13.22993,8.35178],[-13.22991,8.35169],[-13.22978,8.35132],[-13.22957,8.3509],[-13.2295,8.35079],[-13.2294,8.35065],[-13.22917,8.35035],[-13.22906,8.35022],[-13.22878,8.34998],[-13.22811,8.34951],[-13.22632,8.34831],[-13.22595,8.34807],[-13.22295,8.34608],[-13.22245,8.34579],[-13.22211,8.34565],[-13.22187,8.34559],[-13.2215,8.34549],[-13.22004,8.34524],[-13.21917,8.34509],[-13.21872,8.34487],[-13.21714,8.34382],[-13.21661,8.34346],[-13.21559,8.34278],[-13.2144,8.34203],[-13.21347,8.3414],[-13.21216,8.34057],[-13.21156,8.34022],[-13.21125,8.3401],[-13.211,8.34005],[-13.21064,8.34003]]},"properties":{"id":333222565,"cls":"primary","hw":"primary","tg":"na","name":"Peninsular Road","ref":"","surface":"asphalt","sc":"paved","speed":null,"lit":"unk","km":4.309}},
{"type":"Feature","geometry":{"type":"LineString","coordinates":[[-13.23216,8.48983],[-13.23136,8.48875],[-13.23131,8.4887],[-13.23124,8.48866]]},"properties":{"id":335829745,"cls":"primary","hw":"primary","tg":"na","name":"Wilberforce Street","ref":"","surface":"asphalt","sc":"paved","speed":null,"lit":"unk","km":0.166}},
{"type":"Feature","geometry":{"type":"LineString","coordinates":[[-11.07935,8.61132],[-11.0796,8.61098],[-11.07977,8.61071],[-11.0799,8.61049],[-11.08,8.61026]]},"properties":{"id":336158115,"cls":"primary","hw":"primary","tg":"na","name":"","ref":"","surface":"unpaved","sc":"unpaved","speed":null,"lit":"unk","km":0.138}},
{"type":"Feature","geometry":{"type":"LineString","coordinates":[[-10.57403,8.2768],[-10.57397,8.27691]]},"properties":{"id":338987005,"cls":"primary","hw":"primary","tg":"na","name":"","ref":"","surface":"paved","sc":"paved","speed":null,"lit":"unk","km":0.014}},
{"type":"Feature","geometry":{"type":"LineString","coordinates":[[-10.57395,8.27722],[-10.57403,8.27708]]},"properties":{"id":338987006,"cls":"primary","hw":"primary","tg":"na","name":"","ref":"","surface":"paved","sc":"paved","speed":null,"lit":"unk","km":0.018}},
{"type":"Feature","geometry":{"type":"LineString","coordinates":[[-13.25537,8.46269],[-13.2553,8.46261],[-13.2552,8.46253],[-13.25505,8.46241],[-13.25488,8.46229],[-13.25459,8.46203],[-13.25441,8.46187],[-13.25418,8.46167],[-13.25403,8.46156],[-13.25392,8.46148],[-13.2538,8.4614],[-13.25366,8.46129],[-13.25352,8.46119],[-13.25344,8.46111],[-13.25334,8.461],[-13.25328,8.46092],[-13.25322,8.46082],[-13.25316,8.46073],[-13.25309,8.46061],[-13.25295,8.46028],[-13.25284,8.46004],[-13.25281,8.45991],[-13.2528,8.45978],[-13.25282,8.45963],[-13.25287,8.4592],[-13.25287,8.4591],[-13.25286,8.45902],[-13.2528,8.45852],[-13.25271,8.45804],[-13.25264,8.45764],[-13.25261,8.45741],[-13.2526,8.45732],[-13.25259,8.45723],[-13.25258,8.45716],[-13.25257,8.45711],[-13.25255,8.45707],[-13.25254,8.45704]]},"properties":{"id":373277990,"cls":"primary","hw":"primary","tg":"na","name":"Regent Road","ref":"","surface":"asphalt","sc":"paved","speed":null,"lit":"unk","km":0.751}},
{"type":"Feature","geometry":{"type":"LineString","coordinates":[[-13.25546,8.46274],[-13.25542,8.4627],[-13.25537,8.46269],[-13.2553,8.46269],[-13.25525,8.46273],[-13.25522,8.46279],[-13.25522,8.46283],[-13.25524,8.46287],[-13.25526,8.4629],[-13.25528,8.46292],[-13.25534,8.46293],[-13.2554,8.46292],[-13.25543,8.46291],[-13.25546,8.46287],[-13.25547,8.46283],[-13.25547,8.46278],[-13.25546,8.46274]]},"properties":{"id":373277997,"cls":"primary","hw":"primary","tg":"na","name":"","ref":"","surface":"asphalt","sc":"paved","speed":null,"lit":"unk","km":0.088}},
{"type":"Feature","geometry":{"type":"LineString","coordinates":[[-12.68174,8.70779],[-12.68184,8.70787],[-12.68197,8.7079],[-12.68207,8.70788],[-12.68217,8.70784],[-12.68224,8.70776],[-12.68228,8.70767],[-12.68229,8.70756],[-12.68227,8.70746],[-12.6822,8.70736],[-12.6821,8.70729],[-12.68197,8.70727],[-12.68191,8.70727],[-12.68183,8.7073],[-12.68176,8.70735],[-12.68171,8.70741],[-12.68167,8.70749],[-12.68166,8.70756],[-12.68166,8.70764],[-12.68169,8.70772],[-12.68174,8.70779]]},"properties":{"id":374187355,"cls":"trunk","hw":"trunk","tg":"na","name":"","ref":"","surface":"","sc":"unknown","speed":null,"lit":"unk","km":0.219}},
{"type":"Feature","geometry":{"type":"LineString","coordinates":[[-13.25232,8.45712],[-13.2524,8.45721],[-13.25245,8.45728],[-13.25249,8.45735],[-13.25251,8.45743],[-13.25255,8.45765],[-13.2526,8.45805],[-13.25262,8.45816],[-13.25271,8.4587],[-13.25273,8.45889],[-13.25276,8.45905],[-13.25277,8.45921],[-13.25275,8.45957],[-13.25273,8.4598],[-13.25274,8.45992],[-13.25278,8.46009],[-13.25285,8.46024],[-13.25306,8.46071],[-13.25315,8.46086],[-13.25323,8.46099],[-13.25335,8.46111],[-13.25347,8.46124],[-13.25363,8.46136],[-13.25378,8.46147],[-13.25398,8.46162],[-13.25416,8.46175],[-13.25435,8.46192],[-13.25457,8.4621],[-13.25483,8.46233],[-13.25494,8.46243],[-13.25503,8.46254],[-13.2551,8.46262],[-13.25517,8.46272],[-13.25522,8.46279]]},"properties":{"id":374460832,"cls":"primary","hw":"primary","tg":"na","name":"Regent Road","ref":"","surface":"asphalt","sc":"paved","speed":null,"lit":"unk","km":0.749}},
{"type":"Feature","geometry":{"type":"LineString","coordinates":[[-13.25238,8.45685],[-13.25226,8.45686],[-13.25212,8.45687],[-13.25198,8.45687],[-13.25156,8.45688],[-13.25139,8.45688],[-13.25124,8.45688],[-13.25112,8.45687],[-13.25104,8.45686],[-13.25095,8.45684],[-13.2506,8.45676],[-13.25034,8.4567],[-13.25011,8.45664],[-13.2499,8.45659],[-13.2498,8.45658],[-13.24969,8.45657],[-13.24943,8.45656],[-13.24916,8.45654],[-13.24897,8.45653],[-13.24883,8.45652],[-13.24873,8.4565],[-13.24866,8.45648],[-13.24858,8.45645],[-13.24799,8.45622],[-13.24783,8.45616],[-13.24768,8.45611],[-13.24731,8.45595],[-13.247,8.45582],[-13.2468,8.45576],[-13.24673,8.45574],[-13.24651,8.45569],[-13.2462,8.45564],[-13.246,8.45562],[-13.24578,8.45558],[-13.24558,8.45552],[-13.24535,8.45544],[-13.24525,8.45539],[-13.24511,8.45532],[-13.2449,8.45519],[-13.24444,8.45493],[-13.24411,8.45476],[-13.2435,8.45448],[-13.2432,8.45436],[-13.24306,8.45429],[-13.24262,8.45409],[-13.24237,8.45395],[-13.2422,8.45386],[-13.24205,8.45377],[-13.24192,8.45367],[-13.24179,8.45354],[-13.24138,8.4531],[-13.24127,8.45297],[-13.24121,8.4529],[-13.2409,8.45257],[-13.24084,8.4525],[-13.24045,8.45217],[-13.24035,8.45208],[-13.24021,8.45195],[-13.23989,8.45168],[-13.23973,8.45156],[-13.23965,8.4515],[-13.23952,8.45141],[-13.23935,8.45131],[-13.23911,8.45119],[-13.23884,8.45104],[-13.2386,8.45091],[-13.23857,8.45089],[-13.23846,8.45084],[-13.23833,8.45076]]},"properties":{"id":374460833,"cls":"primary","hw":"primary","tg":"na","name":"Regent Road","ref":"","surface":"asphalt","sc":"paved","speed":null,"lit":"unk","km":1.739}},
{"type":"Feature","geometry":{"type":"LineString","coordinates":[[-13.25246,8.45688],[-13.25242,8.45686],[-13.25238,8.45685],[-13.25233,8.45687],[-13.25229,8.4569],[-13.25227,8.45694],[-13.25226,8.45698],[-13.25226,8.45702],[-13.25228,8.45706],[-13.25232,8.45712],[-13.25235,8.45713],[-13.25241,8.45713],[-13.25246,8.45711],[-13.25251,8.45708],[-13.25254,8.45704],[-13.25254,8.457],[-13.25254,8.45696],[-13.25251,8.45691],[-13.25246,8.45688]]},"properties":{"id":374460836,"cls":"primary","hw":"primary","tg":"na","name":"","ref":"","surface":"asphalt","sc":"paved","speed":null,"lit":"unk","km":0.098}},
{"type":"Feature","geometry":{"type":"LineString","coordinates":[[-12.96084,8.7188],[-12.96107,8.71845],[-12.96133,8.71801],[-12.96153,8.71759],[-12.96173,8.71715],[-12.9619,8.71668],[-12.96201,8.71636],[-12.96211,8.71598],[-12.96222,8.71555],[-12.96234,8.71481],[-12.96246,8.71332],[-12.9625,8.71297],[-12.96255,8.71274],[-12.96261,8.71253],[-12.96268,8.7123],[-12.96276,8.71211],[-12.96285,8.71189],[-12.96301,8.71161],[-12.96316,8.71136],[-12.96331,8.71115],[-12.96345,8.71096],[-12.96361,8.71078],[-12.96382,8.71057],[-12.96405,8.71037],[-12.96438,8.71011],[-12.96546,8.70939],[-12.96597,8.70905],[-12.96649,8.70869],[-12.96879,8.70713],[-12.96925,8.70683],[-12.97039,8.70606],[-12.9709,8.70574],[-12.97146,8.70538],[-12.9722,8.70486],[-12.97272,8.70444],[-12.97355,8.70368],[-12.97385,8.70339]]},"properties":{"id":375683649,"cls":"primary","hw":"primary","tg":"na","name":"","ref":"","surface":"asphalt","sc":"paved","speed":null,"lit":"unk","km":2.355}},
{"type":"Feature","geometry":{"type":"LineString","coordinates":[[-12.99812,8.68839],[-12.99664,8.68877],[-12.9953,8.68912],[-12.99316,8.68968],[-12.99285,8.68976],[-12.99254,8.68984],[-12.99067,8.69032],[-12.9874,8.69117]]},"properties":{"id":375683653,"cls":"primary","hw":"primary","tg":"na","name":"","ref":"","surface":"asphalt","sc":"paved","speed":null,"lit":"unk","km":1.218}},
{"type":"Feature","geometry":{"type":"LineString","coordinates":[[-11.09587,8.72717],[-11.09571,8.72776],[-11.09566,8.72794],[-11.09562,8.72813],[-11.0956,8.72837],[-11.09561,8.72847],[-11.09566,8.72855],[-11.09587,8.72888],[-11.09607,8.72913],[-11.09624,8.72936],[-11.09632,8.72956],[-11.09647,8.72995],[-11.09663,8.73029],[-11.09693,8.73077],[-11.09721,8.73114],[-11.09757,8.73155],[-11.09786,8.73183],[-11.09796,8.73194],[-11.09802,8.73204],[-11.09804,8.73213],[-11.09806,8.73223],[-11.09806,8.73274],[-11.0981,8.73311],[-11.09812,8.73335],[-11.09814,8.73354],[-11.09819,8.73373],[-11.09835,8.73431],[-11.09841,8.73454],[-11.09868,8.73531],[-11.09892,8.73586],[-11.09914,8.73626],[-11.0994,8.73665],[-11.09978,8.73713],[-11.10017,8.73755],[-11.10069,8.73808],[-11.10089,8.73831],[-11.10109,8.73857],[-11.10257,8.74048]]},"properties":{"id":381393130,"cls":"primary","hw":"primary","tg":"na","name":"","ref":"","surface":"","sc":"unknown","speed":null,"lit":"unk","km":1.723}},
{"type":"Feature","geometry":{"type":"LineString","coordinates":[[-10.94489,9.18456],[-10.94474,9.18474],[-10.94458,9.18499],[-10.94452,9.18519],[-10.94447,9.18542],[-10.94445,9.18559],[-10.94457,9.18598],[-10.94479,9.18632],[-10.9451,9.1867],[-10.94555,9.18717],[-10.94626,9.18785],[-10.9475,9.18911],[-10.94846,9.19007],[-10.94891,9.19057],[-10.94904,9.1907],[-10.94914,9.19086],[-10.94939,9.19131],[-10.94978,9.19208],[-10.94988,9.19229],[-10.94992,9.19244],[-10.94995,9.19259],[-10.94997,9.19273],[-10.94996,9.1929],[-10.94991,9.19313],[-10.94977,9.19344],[-10.94954,9.19381],[-10.94942,9.19401],[-10.94936,9.19412],[-10.94928,9.19423],[-10.94917,9.19437],[-10.94901,9.19455],[-10.94891,9.19465],[-10.94787,9.19588],[-10.94751,9.19628],[-10.94686,9.19708],[-10.94651,9.19749],[-10.94555,9.19862],[-10.94525,9.19896],[-10.94496,9.19925],[-10.94471,9.1995],[-10.94451,9.19969],[-10.94438,9.19983],[-10.94424,9.20006],[-10.94406,9.20033],[-10.9439,9.20065],[-10.94375,9.20101],[-10.94341,9.20205],[-10.94328,9.20229],[-10.94323,9.20246],[-10.94319,9.20265],[-10.94319,9.20347],[-10.9432,9.20371],[-10.94318,9.20392],[-10.94311,9.20414],[-10.94301,9.20431],[-10.94288,9.20448],[-10.94272,9.20461],[-10.94263,9.2047],[-10.94258,9.20485],[-10.94255,9.20506],[-10.94252,9.20519],[-10.94245,9.20534],[-10.94236,9.20546],[-10.94217,9.20563],[-10.94184,9.20601],[-10.94147,9.20642],[-10.94097,9.20688],[-10.94052,9.20733],[-10.93969,9.20813],[-10.93904,9.20872],[-10.93889,9.20883],[-10.93881,9.20895],[-10.93875,9.20899],[-10.93862,9.20904],[-10.93795,9.20956],[-10.93777,9.20971],[-10.93764,9.20985],[-10.93746,9.21011],[-10.93733,9.21037],[-10.93716,9.21062],[-10.93687,9.21101],[-10.93669,9.2113],[-10.9366,9.21154],[-10.93652,9.21184],[-10.93649,9.21202],[-10.93646,9.2121],[-10.93639,9.21217],[-10.93629,9.21221],[-10.93623,9.21225],[-10.93616,9.21236],[-10.93573,9.21315],[-10.93564,9.21329],[-10.93556,9.2135],[-10.93547,9.21387],[-10.93545,9.21415],[-10.93545,9.21445],[-10.93547,9.21462],[-10.93553,9.21477],[-10.93558,9.21493],[-10.93558,9.21508],[-10.93552,9.2155],[-10.93538,9.21603],[-10.93532,9.21629],[-10.93527,9.21647],[-10.93519,9.21663],[-10.93509,9.21676],[-10.93456,9.21713],[-10.93439,9.21723],[-10.93424,9.21736],[-10.93407,9.21755],[-10.93384,9.21778],[-10.93354,9.218],[-10.93334,9.21815],[-10.93312,9.21828],[-10.93293,9.21837],[-10.93281,9.21842],[-10.93265,9.21842],[-10.93201,9.21827],[-10.93188,9.21827],[-10.93175,9.21829],[-10.93164,9.21836],[-10.93154,9.21848],[-10.93141,9.21874],[-10.93132,9.21896],[-10.9311,9.21923],[-10.93086,9.2195],[-10.93061,9.21971],[-10.93044,9.21982],[-10.92911,9.22037],[-10.92887,9.22047],[-10.92875,9.22055],[-10.92861,9.22068],[-10.92847,9.22089],[-10.92832,9.22123],[-10.92815,9.22167],[-10.92778,9.2226],[-10.92752,9.22318],[-10.92725,9.2237],[-10.92696,9.22431],[-10.92685,9.22457],[-10.92676,9.22482],[-10.92667,9.22512],[-10.92664,9.22539],[-10.92664,9.22562],[-10.9267,9.22588],[-10.92676,9.22606],[-10.92686,9.22623],[-10.92701,9.22642],[-10.92751,9.22706],[-10.92789,9.22762],[-10.92801,9.22779],[-10.92808,9.22792],[-10.92816,9.2281],[-10.92824,9.2283],[-10.92827,9.22845],[-10.92829,9.2286],[-10.92828,9.22874],[-10.9282,9.22888],[-10.92808,9.22899],[-10.92776,9.22922],[-10.9272,9.22968],[-10.92669,9.23004],[-10.92658,9.2301],[-10.92649,9.23013],[-10.92628,9.23019],[-10.92617,9.23024],[-10.92606,9.23034],[-10.92593,9.23053],[-10.92585,9.23073],[-10.92574,9.23105],[-10.92569,9.23141],[-10.92568,9.23187],[-10.9257,9.23221],[-10.92574,9.23237],[-10.92578,9.23251],[-10.92586,9.23267],[-10.92625,9.23344],[-10.92648,9.2338],[-10.92664,9.23401],[-10.92682,9.23421],[-10.92714,9.23445],[-10.92749,9.23471],[-10.92791,9.23495],[-10.92842,9.23522],[-10.92884,9.23543],[-10.9299,9.23608],[-10.93031,9.23634],[-10.93053,9.23651],[-10.93074,9.2367],[-10.93099,9.23695],[-10.93149,9.23749],[-10.93215,9.23829],[-10.93241,9.23857],[-10.93272,9.23886],[-10.93321,9.23931],[-10.93335,9.23948],[-10.93346,9.23967],[-10.93352,9.23984],[-10.93357,9.24007],[-10.93362,9.24047],[-10.93383,9.24223],[-10.93392,9.24294],[-10.934,9.24396],[-10.93408,9.24573],[-10.93408,9.24607],[-10.93404,9.24641],[-10.93391,9.24686],[-10.93373,9.24732],[-10.93352,9.24773],[-10.93315,9.24823],[-10.93286,9.24854],[-10.93271,9.24866],[-10.93259,9.24877],[-10.93254,9.24883],[-10.93252,9.24891],[-10.93242,9.24944],[-10.93241,9.24971],[-10.93244,9.25004],[-10.93247,9.25048],[-10.93247,9.2509],[-10.93246,9.25173],[-10.93245,9.25226],[-10.93246,9.2528],[-10.93247,9.25296],[-10.93249,9.25307],[-10.93257,9.25328],[-10.93273,9.25366],[-10.9328,9.25389],[-10.9329,9.25434],[-10.93297,9.25486],[-10.93301,9.25508],[-10.93306,9.25529],[-10.93312,9.25549],[-10.93314,9.25563],[-10.93316,9.25582],[-10.93316,9.2562],[-10.93313,9.25638],[-10.93308,9.25653],[-10.93296,9.25672],[-10.93272,9.25701],[-10.93222,9.25759],[-10.93206,9.25773],[-10.93193,9.2578],[-10.93177,9.25786],[-10.93166,9.25792],[-10.93158,9.25803],[-10.93153,9.25816],[-10.93143,9.25844],[-10.93133,9.25865],[-10.93111,9.259],[-10.93096,9.25916],[-10.93085,9.25923],[-10.93071,9.25927],[-10.93019,9.25934],[-10.92995,9.25936],[-10.92987,9.25938],[-10.92976,9.25944],[-10.92909,9.25988],[-10.92878,9.26008],[-10.92855,9.26026],[-10.92841,9.26033],[-10.92831,9.26037],[-10.92824,9.26043],[-10.92816,9.26052],[-10.9281,9.26069],[-10.92781,9.26178],[-10.92777,9.26192],[-10.9277,9.26206],[-10.92738,9.26261],[-10.92724,9.26279],[-10.92705,9.26303],[-10.92662,9.26369],[-10.92645,9.26388],[-10.92602,9.26426],[-10.92553,9.26464],[-10.92539,9.26477],[-10.92528,9.26495],[-10.92516,9.26525],[-10.92508,9.2656],[-10.9249,9.26637],[-10.92484,9.26653],[-10.92473,9.26676],[-10.92465,9.26689],[-10.92458,9.26706],[-10.92451,9.26734],[-10.9245,9.26765],[-10.92452,9.26794],[-10.92467,9.26842],[-10.92485,9.26889],[-10.92489,9.26913],[-10.92488,9.26938],[-10.92481,9.26958],[-10.92466,9.26981],[-10.92445,9.27005],[-10.92419,9.27036],[-10.92397,9.27058],[-10.92306,9.27155],[-10.92282,9.27187],[-10.92265,9.27217],[-10.92256,9.27244],[-10.92247,9.27281],[-10.92237,9.27336],[-10.92219,9.27412],[-10.92195,9.27476],[-10.92151,9.27586],[-10.92127,9.2766],[-10.92116,9.27699],[-10.92108,9.2774],[-10.92109,9.27767],[-10.92114,9.27795],[-10.92118,9.27818],[-10.92118,9.2785],[-10.92114,9.27877],[-10.92106,9.27914],[-10.92091,9.27971],[-10.92078,9.28018],[-10.92058,9.28082],[-10.92036,9.28153],[-10.92017,9.28212],[-10.92005,9.28261],[-10.91979,9.28367],[-10.91972,9.28426],[-10.91964,9.28475],[-10.91956,9.28549],[-10.91955,9.28592],[-10.91958,9.28649],[-10.91967,9.2871],[-10.91972,9.28741],[-10.91985,9.28793],[-10.91989,9.2881],[-10.9199,9.2883],[-10.91992,9.28854],[-10.91992,9.28875],[-10.9199,9.2889],[-10.91984,9.28904],[-10.91962,9.28954],[-10.91938,9.29002],[-10.9191,9.29039],[-10.91891,9.29073],[-10.91872,9.29109],[-10.91862,9.29138],[-10.91858,9.29164],[-10.9186,9.29215],[-10.91863,9.29234],[-10.91886,9.29275],[-10.91899,9.29304],[-10.9191,9.29319],[-10.91935,9.29347],[-10.91943,9.2936],[-10.91963,9.29405],[-10.91979,9.2945],[-10.91981,9.29474],[-10.91978,9.29493],[-10.91965,9.29526],[-10.91957,9.29548],[-10.91934,9.29632],[-10.91931,9.29649],[-10.91931,9.29671],[-10.91931,9.29713],[-10.91933,9.2977],[-10.91928,9.2981],[-10.91922,9.29844]]},"properties":{"id":382737962,"cls":"primary","hw":"primary","tg":"na","name":"","ref":"","surface":"","sc":"unknown","speed":null,"lit":"unk","km":15.254}},
{"type":"Feature","geometry":{"type":"LineString","coordinates":[[-12.803,8.7846],[-12.80419,8.78526],[-12.80527,8.78585],[-12.80658,8.78656],[-12.80742,8.78704],[-12.80937,8.78813],[-12.81109,8.78908],[-12.81289,8.79009],[-12.81326,8.7903],[-12.81361,8.79047],[-12.8139,8.79062],[-12.8142,8.79073],[-12.81451,8.79083],[-12.81473,8.79088],[-12.8151,8.79094],[-12.81639,8.7911],[-12.81701,8.7912],[-12.81743,8.79131],[-12.81771,8.79141],[-12.8179,8.7915],[-12.81809,8.7916],[-12.81827,8.79173],[-12.81851,8.79192],[-12.81875,8.79215],[-12.81922,8.79262],[-12.82018,8.79356],[-12.8205,8.79385],[-12.82078,8.79409],[-12.82106,8.79426],[-12.82127,8.79435],[-12.82146,8.79441],[-12.82168,8.79445],[-12.82188,8.79446],[-12.82209,8.79448],[-12.82228,8.79447],[-12.82254,8.79442],[-12.82303,8.79431],[-12.82433,8.79395],[-12.82693,8.7932],[-12.82755,8.79304],[-12.82794,8.79295],[-12.82824,8.79289],[-12.82878,8.79278],[-12.82934,8.7927],[-12.83001,8.79265],[-12.83059,8.79264],[-12.83099,8.79265],[-12.83156,8.79268],[-12.8325,8.79278],[-12.83381,8.79293],[-12.83469,8.79301],[-12.83576,8.79315],[-12.83637,8.79319],[-12.83689,8.79323],[-12.83746,8.79322],[-12.84014,8.79319],[-12.84159,8.79316],[-12.8443,8.79309],[-12.8445,8.79308],[-12.84467,8.79306],[-12.84502,8.79299],[-12.84535,8.79292],[-12.84571,8.79278],[-12.84601,8.79265],[-12.8463,8.79247],[-12.84658,8.79227],[-12.84679,8.7921],[-12.84698,8.79193],[-12.84716,8.79174],[-12.84748,8.79131],[-12.84773,8.79086],[-12.84783,8.79061],[-12.84793,8.79033],[-12.848,8.79006],[-12.84805,8.78977],[-12.84808,8.78954],[-12.84809,8.7893],[-12.84809,8.78858],[-12.84802,8.7876],[-12.84802,8.78737],[-12.84803,8.78714],[-12.84805,8.78686],[-12.84811,8.78659],[-12.84818,8.78633],[-12.84825,8.78613],[-12.84834,8.78593],[-12.84848,8.78566],[-12.84865,8.78541],[-12.84876,8.78528],[-12.84888,8.78514],[-12.84909,8.78496],[-12.84928,8.7848],[-12.84954,8.78463],[-12.84975,8.78452],[-12.85021,8.78432],[-12.85073,8.78411],[-12.85304,8.78323],[-12.8536,8.78304],[-12.85406,8.78288],[-12.85463,8.78266],[-12.85495,8.78252],[-12.85522,8.78239],[-12.85555,8.7822],[-12.85571,8.78209],[-12.85585,8.78198],[-12.85607,8.78178],[-12.85628,8.78156],[-12.8565,8.78128],[-12.85669,8.78099],[-12.85684,8.7807],[-12.85695,8.7804],[-12.85705,8.78016],[-12.85711,8.77992],[-12.85714,8.7797],[-12.85717,8.77947],[-12.85717,8.77907],[-12.85716,8.77871],[-12.85711,8.77746],[-12.85709,8.77672],[-12.85708,8.77628],[-12.85709,8.7759],[-12.85711,8.77572],[-12.85715,8.77546],[-12.85722,8.77519],[-12.85731,8.77501],[-12.85738,8.77484],[-12.8575,8.77465],[-12.85758,8.77451],[-12.85774,8.77429],[-12.85804,8.77396],[-12.85894,8.77313],[-12.8593,8.7728],[-12.85949,8.77265],[-12.85972,8.77251],[-12.86004,8.77233],[-12.86031,8.77224],[-12.8605,8.77218],[-12.86072,8.77213],[-12.86091,8.77211],[-12.86119,8.77209],[-12.86153,8.77211],[-12.86188,8.77217],[-12.86225,8.7723],[-12.86264,8.77248],[-12.86313,8.77275],[-12.86347,8.7729],[-12.8638,8.77301],[-12.86402,8.77307],[-12.86423,8.77313],[-12.86446,8.77317],[-12.86468,8.77318],[-12.86488,8.77319],[-12.86512,8.77319],[-12.86538,8.77316],[-12.8656,8.77313],[-12.86593,8.77303],[-12.86615,8.77297],[-12.86636,8.77289],[-12.86677,8.77271],[-12.86843,8.7719],[-12.87145,8.77043],[-12.87177,8.77028],[-12.87238,8.76999],[-12.87275,8.76984],[-12.87311,8.76972],[-12.87353,8.76959],[-12.87385,8.76952],[-12.87425,8.76946],[-12.87465,8.76943],[-12.87506,8.76941],[-12.87546,8.76942],[-12.87593,8.76947],[-12.87671,8.76959],[-12.8774,8.7697],[-12.87817,8.76982],[-12.87891,8.76992],[-12.88036,8.77011],[-12.88071,8.77017],[-12.88089,8.77017],[-12.88112,8.77017],[-12.88142,8.77014],[-12.88178,8.77008],[-12.8821,8.77],[-12.88254,8.76986],[-12.88294,8.76968],[-12.88324,8.76953],[-12.88346,8.76939],[-12.88377,8.76917],[-12.88407,8.7689],[-12.88492,8.76799],[-12.88535,8.76754],[-12.88555,8.76733],[-12.88578,8.76713],[-12.886,8.76695],[-12.88623,8.76679],[-12.88646,8.76667],[-12.88671,8.76656],[-12.8869,8.7665],[-12.88709,8.76644],[-12.88727,8.7664],[-12.8875,8.76636],[-12.88779,8.76634],[-12.88807,8.76634],[-12.88831,8.76635],[-12.88853,8.76638],[-12.88873,8.76644],[-12.88919,8.7666],[-12.88974,8.76681],[-12.8914,8.76743],[-12.89262,8.76787],[-12.89312,8.76805],[-12.89363,8.76823],[-12.8954,8.76887],[-12.89595,8.76907],[-12.89638,8.76919],[-12.89674,8.76924],[-12.89703,8.76925],[-12.89733,8.76923],[-12.89757,8.7692],[-12.89787,8.76916],[-12.89808,8.76911],[-12.89831,8.76904],[-12.89855,8.76893],[-12.89883,8.76879],[-12.90044,8.76765],[-12.90187,8.76681],[-12.90249,8.76649],[-12.90307,8.7662],[-12.90366,8.76594],[-12.90464,8.76553],[-12.90555,8.76516],[-12.90599,8.76496],[-12.90636,8.76474],[-12.90666,8.7645],[-12.90695,8.76424],[-12.90803,8.76325],[-12.90849,8.76278],[-12.90881,8.7624],[-12.90908,8.76202],[-12.90934,8.76161]]},"properties":{"id":385146643,"cls":"primary","hw":"primary","tg":"na","name":"","ref":"","surface":"asphalt","sc":"paved","speed":null,"lit":"unk","km":14.134}},
{"type":"Feature","geometry":{"type":"LineString","coordinates":[[-12.78731,8.77453],[-12.78678,8.77498],[-12.7866,8.77513],[-12.78653,8.77519],[-12.78584,8.77572],[-12.78568,8.77581],[-12.78532,8.7761],[-12.78503,8.77634],[-12.78463,8.77666],[-12.78433,8.77705],[-12.78424,8.77715],[-12.78398,8.77747],[-12.78333,8.77827],[-12.78317,8.77846],[-12.78302,8.77865],[-12.78294,8.77873],[-12.78258,8.77914],[-12.78214,8.77958],[-12.78186,8.77985],[-12.78145,8.78019],[-12.78086,8.78068],[-12.78064,8.78082],[-12.78045,8.78095],[-12.78015,8.78109],[-12.78008,8.78112],[-12.77977,8.78116],[-12.77937,8.78115],[-12.77873,8.78116]]},"properties":{"id":385146656,"cls":"primary","hw":"primary","tg":"na","name":"","ref":"","surface":"asphalt","sc":"paved","speed":null,"lit":"unk","km":1.237}},
{"type":"Feature","geometry":{"type":"LineString","coordinates":[[-10.77441,8.02666],[-10.77415,8.0269]]},"properties":{"id":391890712,"cls":"trunk","hw":"trunk","tg":"na","name":"","ref":"","surface":"asphalt","sc":"paved","speed":null,"lit":"unk","km":0.039}},
{"type":"Feature","geometry":{"type":"LineString","coordinates":[[-10.96085,9.53779],[-10.96097,9.53797]]},"properties":{"id":398775879,"cls":"primary","hw":"primary","tg":"na","name":"","ref":"","surface":"","sc":"unknown","speed":null,"lit":"unk","km":0.024}},
{"type":"Feature","geometry":{"type":"LineString","coordinates":[[-10.87469,9.35472],[-10.8746,9.35479],[-10.87453,9.35482],[-10.87439,9.35483],[-10.87427,9.35483],[-10.87417,9.35486],[-10.87407,9.35493],[-10.8738,9.3552],[-10.8735,9.35554],[-10.87342,9.35564],[-10.87339,9.35573],[-10.87339,9.35584],[-10.87346,9.3561],[-10.87346,9.3562],[-10.87344,9.35638],[-10.87343,9.35653],[-10.87339,9.35666],[-10.87332,9.3568],[-10.87302,9.35725],[-10.8728,9.35765],[-10.87267,9.35788],[-10.87259,9.35804],[-10.87254,9.35816],[-10.87247,9.35834],[-10.87242,9.35849],[-10.87235,9.35871],[-10.87228,9.35896],[-10.87216,9.35927],[-10.87195,9.35971],[-10.87183,9.35994],[-10.87177,9.36009],[-10.87173,9.36025],[-10.87171,9.36042],[-10.8717,9.36052],[-10.8717,9.3606],[-10.87169,9.36067],[-10.87169,9.361],[-10.87169,9.36136],[-10.87172,9.3617],[-10.87175,9.362],[-10.87181,9.36232],[-10.87184,9.36256],[-10.87189,9.36285],[-10.87196,9.36299],[-10.87206,9.36313],[-10.87241,9.36359],[-10.87249,9.36374],[-10.87255,9.36394],[-10.8726,9.36452],[-10.8726,9.36495],[-10.87243,9.36658],[-10.87232,9.36718],[-10.87215,9.36783],[-10.87202,9.36806],[-10.87186,9.36824],[-10.8716,9.36857],[-10.87146,9.36883],[-10.87106,9.36964],[-10.87097,9.36984],[-10.87048,9.37046],[-10.87038,9.37064],[-10.8702,9.37106],[-10.87009,9.37142],[-10.87005,9.37168],[-10.87005,9.3719],[-10.8701,9.37219],[-10.87021,9.37273],[-10.87037,9.3732],[-10.87049,9.37352],[-10.87053,9.3737],[-10.8706,9.37401],[-10.87071,9.37434],[-10.87079,9.37462],[-10.87079,9.37498],[-10.87072,9.37543],[-10.87063,9.37572],[-10.87051,9.3761],[-10.87036,9.37675],[-10.87025,9.37702],[-10.87005,9.37742],[-10.86997,9.37762],[-10.8699,9.37789],[-10.86989,9.37861],[-10.86986,9.37891],[-10.86989,9.37921],[-10.86999,9.37945],[-10.87008,9.37961],[-10.87028,9.37997],[-10.87057,9.38045],[-10.87073,9.38066],[-10.87091,9.38088],[-10.87119,9.38128],[-10.87157,9.38173],[-10.87193,9.38206],[-10.87275,9.38268],[-10.87292,9.38284],[-10.87353,9.38377],[-10.8737,9.38405],[-10.8739,9.38426],[-10.8742,9.38454],[-10.87456,9.38484],[-10.87477,9.38503],[-10.87493,9.38511],[-10.87521,9.38517],[-10.87589,9.38549],[-10.87658,9.38583],[-10.87721,9.38619],[-10.87766,9.38646],[-10.87789,9.38669],[-10.87805,9.38689],[-10.87844,9.38725],[-10.8787,9.38742],[-10.87935,9.38781],[-10.87951,9.38793],[-10.87965,9.38807],[-10.87978,9.38825],[-10.88003,9.3888],[-10.88031,9.38939],[-10.8804,9.38981],[-10.88051,9.39064],[-10.8805,9.39107],[-10.88045,9.39135],[-10.88029,9.39181],[-10.88023,9.39194],[-10.88019,9.39208],[-10.88003,9.39263],[-10.87993,9.39292],[-10.8799,9.39313],[-10.8799,9.39331],[-10.87992,9.3935],[-10.88002,9.39371],[-10.88034,9.39412],[-10.88068,9.39448],[-10.88108,9.39479],[-10.88167,9.39515],[-10.88199,9.39534],[-10.88235,9.3955],[-10.88255,9.39564],[-10.8831,9.39629],[-10.88326,9.3965],[-10.88337,9.39671],[-10.88345,9.39706],[-10.88349,9.39735],[-10.88347,9.39763],[-10.88335,9.3981],[-10.88326,9.39843],[-10.88325,9.3987],[-10.88332,9.39903],[-10.88348,9.39948],[-10.88398,9.40054],[-10.88416,9.40092],[-10.88442,9.40135],[-10.88453,9.40157],[-10.88496,9.40273],[-10.88498,9.40297],[-10.88496,9.40322],[-10.88491,9.40348],[-10.88485,9.40391],[-10.88484,9.40441],[-10.8849,9.40487],[-10.88511,9.40558],[-10.88561,9.40662],[-10.88572,9.40699],[-10.88579,9.40736],[-10.88578,9.40793],[-10.88576,9.40841],[-10.88568,9.40871],[-10.88555,9.40902],[-10.8855,9.40925],[-10.88554,9.40982],[-10.88555,9.40999],[-10.88548,9.41012],[-10.88545,9.41025],[-10.8855,9.4105],[-10.88557,9.41065],[-10.88572,9.41081],[-10.88605,9.41101],[-10.88623,9.41113],[-10.88636,9.41127],[-10.88642,9.41148],[-10.88668,9.41315],[-10.88671,9.41344],[-10.88675,9.4138],[-10.88679,9.41425],[-10.88688,9.41457],[-10.887,9.41481],[-10.88722,9.415],[-10.88766,9.41527],[-10.88813,9.41544],[-10.8886,9.41569],[-10.88877,9.41586],[-10.88897,9.41629],[-10.88901,9.41648],[-10.88903,9.41664],[-10.88901,9.41684],[-10.88886,9.41719],[-10.88872,9.41757],[-10.88865,9.41782],[-10.88862,9.41803],[-10.88857,9.4187],[-10.88856,9.41887],[-10.88857,9.41898],[-10.88864,9.41908],[-10.88879,9.41918],[-10.88923,9.41953],[-10.88962,9.41986],[-10.88987,9.4202],[-10.89023,9.42061],[-10.89048,9.4208],[-10.89077,9.42096],[-10.89206,9.42176],[-10.89263,9.4221],[-10.89327,9.42247],[-10.89368,9.42273],[-10.89412,9.42301],[-10.89499,9.42352],[-10.89535,9.42369],[-10.89566,9.42379],[-10.89621,9.42396],[-10.8964,9.42405],[-10.89675,9.42421],[-10.89704,9.42436],[-10.89728,9.42454],[-10.89754,9.42474],[-10.89772,9.42498],[-10.89786,9.42525],[-10.89826,9.42623],[-10.89834,9.42633],[-10.89846,9.42641],[-10.8986,9.42646],[-10.89953,9.42645],[-10.90109,9.42652],[-10.90128,9.42653],[-10.90146,9.42656],[-10.90165,9.42662],[-10.90252,9.42705],[-10.90277,9.42718],[-10.90288,9.42723],[-10.90319,9.42732],[-10.90336,9.4274],[-10.90354,9.4275],[-10.90376,9.42766],[-10.90395,9.42785],[-10.90492,9.42873],[-10.90599,9.42979],[-10.90678,9.43065],[-10.90697,9.43088],[-10.90739,9.43134],[-10.90779,9.43178],[-10.90788,9.43194],[-10.90798,9.43231],[-10.9081,9.43292],[-10.90821,9.43362],[-10.90829,9.43392],[-10.90839,9.43417],[-10.90866,9.43489],[-10.90892,9.4355],[-10.90922,9.43616],[-10.90962,9.43694],[-10.90977,9.43727],[-10.91,9.43773],[-10.91012,9.43789],[-10.91029,9.4381],[-10.91168,9.43951],[-10.91246,9.44037],[-10.91295,9.44084],[-10.91304,9.44091],[-10.91314,9.44096],[-10.91345,9.44106],[-10.91376,9.44114],[-10.91397,9.4412],[-10.9141,9.44126],[-10.91422,9.44135]]},"properties":{"id":398775882,"cls":"primary","hw":"primary","tg":"na","name":"","ref":"","surface":"","sc":"unknown","speed":null,"lit":"unk","km":12.329}},
{"type":"Feature","geometry":{"type":"LineString","coordinates":[[-11.07802,7.7067],[-11.07819,7.70673]]},"properties":{"id":407944752,"cls":"trunk","hw":"trunk","tg":"na","name":"Kenema-Joru Highway","ref":"TAH 7","surface":"unpaved","sc":"unpaved","speed":null,"lit":"unk","km":0.019}},
{"type":"Feature","geometry":{"type":"LineString","coordinates":[[-11.05698,7.69456],[-11.05756,7.69593],[-11.05771,7.69638],[-11.05785,7.69681],[-11.05808,7.69767],[-11.05821,7.69811],[-11.05828,7.69838],[-11.05837,7.69851],[-11.05848,7.69867],[-11.0587,7.69884],[-11.0592,7.69924],[-11.05992,7.69978],[-11.06059,7.7003],[-11.06113,7.70063],[-11.06186,7.70104],[-11.06312,7.70177],[-11.06385,7.70228],[-11.06484,7.70311],[-11.06544,7.7036],[-11.06597,7.70412],[-11.06636,7.70455],[-11.06653,7.7047],[-11.06676,7.70488],[-11.06698,7.70505],[-11.06714,7.70519],[-11.06733,7.70538],[-11.06751,7.70552],[-11.06774,7.70563],[-11.06793,7.70568],[-11.06809,7.70567],[-11.06865,7.70548],[-11.06881,7.70542],[-11.069,7.7054],[-11.0692,7.70541],[-11.06991,7.70546],[-11.07072,7.70549],[-11.07085,7.7055],[-11.07097,7.70552],[-11.07121,7.70562],[-11.07162,7.70586],[-11.07188,7.70601],[-11.07213,7.70613],[-11.0724,7.70626],[-11.07256,7.70632],[-11.07289,7.7064],[-11.0735,7.70645],[-11.07473,7.70652],[-11.075,7.70655],[-11.07523,7.70662],[-11.07557,7.70683],[-11.07592,7.70711],[-11.07606,7.70719],[-11.07623,7.7072],[-11.07646,7.70713],[-11.07664,7.707],[-11.07687,7.70679],[-11.07707,7.70668],[-11.07728,7.70663],[-11.07759,7.70664],[-11.07788,7.70667],[-11.07802,7.7067]]},"properties":{"id":407944755,"cls":"trunk","hw":"trunk","tg":"na","name":"Kenema-Joru Highway","ref":"TAH 7","surface":"unpaved","sc":"unpaved","speed":null,"lit":"unk","km":2.977}},
{"type":"Feature","geometry":{"type":"LineString","coordinates":[[-10.84267,7.99176],[-10.84261,7.99173],[-10.84253,7.99173],[-10.84247,7.99176],[-10.84243,7.99182],[-10.84242,7.99185],[-10.84242,7.99187],[-10.84244,7.99194],[-10.84249,7.992],[-10.84252,7.99201],[-10.84256,7.99202],[-10.8426,7.99201],[-10.84263,7.99201],[-10.84267,7.99198],[-10.8427,7.99194],[-10.84272,7.99188],[-10.84271,7.99181],[-10.84267,7.99176]]},"properties":{"id":408393573,"cls":"trunk","hw":"trunk","tg":"na","name":"","ref":"","surface":"asphalt","sc":"paved","speed":null,"lit":"unk","km":0.103}},
{"type":"Feature","geometry":{"type":"LineString","coordinates":[[-10.84298,7.99178],[-10.84267,7.99176]]},"properties":{"id":408393574,"cls":"trunk","hw":"trunk","tg":"na","name":"","ref":"","surface":"asphalt","sc":"paved","speed":null,"lit":"unk","km":0.034}},
{"type":"Feature","geometry":{"type":"LineString","coordinates":[[-10.84242,7.99187],[-10.84219,7.99208]]},"properties":{"id":408393576,"cls":"trunk","hw":"trunk","tg":"na","name":"","ref":"","surface":"asphalt","sc":"paved","speed":null,"lit":"unk","km":0.034}},
{"type":"Feature","geometry":{"type":"LineString","coordinates":[[-10.84219,7.99208],[-10.84249,7.992]]},"properties":{"id":408393579,"cls":"trunk","hw":"trunk","tg":"na","name":"","ref":"","surface":"asphalt","sc":"paved","speed":null,"lit":"unk","km":0.034}},
{"type":"Feature","geometry":{"type":"LineString","coordinates":[[-10.84272,7.99188],[-10.84298,7.99178]]},"properties":{"id":408393581,"cls":"trunk","hw":"trunk","tg":"na","name":"","ref":"","surface":"asphalt","sc":"paved","speed":null,"lit":"unk","km":0.031}},
{"type":"Feature","geometry":{"type":"LineString","coordinates":[[-13.21109,8.48925],[-13.21143,8.48923],[-13.21166,8.48921],[-13.21246,8.48912],[-13.2128,8.4891],[-13.21293,8.48909],[-13.21314,8.4891],[-13.21328,8.48911],[-13.21338,8.48913],[-13.2135,8.48916],[-13.2138,8.48927],[-13.21396,8.48934],[-13.21418,8.48943],[-13.21433,8.48949],[-13.21439,8.48951],[-13.21473,8.48965],[-13.21481,8.48968],[-13.21494,8.48971],[-13.21511,8.48974],[-13.21525,8.48976],[-13.21534,8.48976],[-13.21548,8.48976],[-13.21574,8.48974],[-13.21608,8.48972],[-13.21625,8.48971]]},"properties":{"id":412175596,"cls":"primary","hw":"primary","tg":"na","name":"Fourah Bay Road","ref":"","surface":"asphalt","sc":"paved","speed":null,"lit":"unk","km":0.581}},
{"type":"Feature","geometry":{"type":"LineString","coordinates":[[-10.954,9.16359],[-10.95398,9.16375],[-10.95393,9.16386],[-10.95322,9.16503],[-10.95308,9.16528],[-10.95278,9.16615],[-10.95267,9.16652],[-10.95261,9.16681],[-10.95259,9.16703],[-10.95263,9.16723],[-10.95271,9.16757],[-10.95278,9.1683],[-10.95283,9.16898],[-10.95292,9.16939],[-10.953,9.17],[-10.95303,9.17033],[-10.95304,9.17041],[-10.95306,9.17048],[-10.95312,9.17057],[-10.95327,9.17079],[-10.95335,9.17094],[-10.95339,9.1711],[-10.9534,9.17125],[-10.95339,9.17142],[-10.95335,9.17149],[-10.95276,9.17195],[-10.9519,9.17284],[-10.95157,9.17321],[-10.95142,9.17334],[-10.951,9.17353],[-10.95076,9.1737],[-10.95058,9.17388],[-10.95017,9.17479],[-10.94998,9.17514],[-10.94984,9.17534],[-10.94967,9.17554],[-10.94914,9.176],[-10.94848,9.17647],[-10.94762,9.17722],[-10.94705,9.17765],[-10.94679,9.17786],[-10.94666,9.17798],[-10.94634,9.17846],[-10.94604,9.179],[-10.94586,9.17953],[-10.94578,9.1797],[-10.94549,9.18011],[-10.94541,9.18021],[-10.94538,9.18035],[-10.94542,9.18052],[-10.9455,9.18066],[-10.94566,9.18091],[-10.94581,9.18129],[-10.94591,9.18166],[-10.94596,9.18201],[-10.94602,9.18282],[-10.94602,9.18312],[-10.94599,9.18325],[-10.94592,9.18339],[-10.94566,9.18373],[-10.94541,9.18402],[-10.94489,9.18456]]},"properties":{"id":413063806,"cls":"primary","hw":"primary","tg":"na","name":"","ref":"","surface":"","sc":"unknown","speed":null,"lit":"unk","km":2.801}},
{"type":"Feature","geometry":{"type":"LineString","coordinates":[[-10.95404,9.16321],[-10.954,9.16359]]},"properties":{"id":413063807,"cls":"primary","hw":"primary","tg":"na","name":"","ref":"","surface":"","sc":"unknown","speed":null,"lit":"unk","km":0.042}},
{"type":"Feature","geometry":{"type":"LineString","coordinates":[[-10.99715,8.04572],[-10.99705,8.0457],[-10.99701,8.04563],[-10.99698,8.0455]]},"properties":{"id":413366965,"cls":"trunk","hw":"trunk_link","tg":"na","name":"","ref":"","surface":"","sc":"unknown","speed":null,"lit":"unk","km":0.035}},
{"type":"Feature","geometry":{"type":"LineString","coordinates":[[-13.27862,8.45038],[-13.27867,8.4503],[-13.2787,8.45023],[-13.27895,8.44967],[-13.27906,8.44942],[-13.2791,8.44932],[-13.27914,8.44922],[-13.27926,8.44894],[-13.27934,8.44871],[-13.27941,8.44843],[-13.27943,8.4481],[-13.27943,8.44781],[-13.27941,8.44749],[-13.27917,8.44506],[-13.27896,8.44282],[-13.27878,8.44189],[-13.2786,8.44096],[-13.27858,8.44072],[-13.27859,8.4404],[-13.27862,8.44014],[-13.27876,8.43969],[-13.27896,8.43901],[-13.27914,8.43846],[-13.2794,8.43793],[-13.27963,8.43746],[-13.27984,8.43703],[-13.27994,8.43675],[-13.27996,8.43655],[-13.27996,8.43636],[-13.27991,8.43608],[-13.27982,8.4358],[-13.2798,8.43575],[-13.27973,8.43563],[-13.27953,8.43542],[-13.27937,8.43528],[-13.27922,8.43519],[-13.27908,8.4351],[-13.27863,8.43488],[-13.27835,8.43468],[-13.27819,8.4345],[-13.27807,8.4343],[-13.27789,8.43391],[-13.27781,8.43367],[-13.27764,8.43331],[-13.27758,8.43318],[-13.27755,8.43312],[-13.2774,8.43273],[-13.27729,8.43244],[-13.27726,8.43226],[-13.27723,8.43213],[-13.27723,8.43203],[-13.27722,8.43194],[-13.27722,8.43177],[-13.27724,8.43153],[-13.2773,8.43129],[-13.27743,8.43091],[-13.27753,8.43064],[-13.27755,8.43055],[-13.27756,8.43047],[-13.27759,8.43026],[-13.2776,8.42986],[-13.27763,8.4292],[-13.27765,8.42835],[-13.27765,8.42795],[-13.27766,8.42774],[-13.27765,8.42725],[-13.27764,8.42718],[-13.27761,8.42672],[-13.27757,8.42649],[-13.27745,8.42599],[-13.27737,8.42564],[-13.27725,8.42532],[-13.27719,8.42516],[-13.27707,8.4249],[-13.27687,8.42448],[-13.27666,8.42414],[-13.27663,8.42408],[-13.2765,8.42389],[-13.27645,8.4238],[-13.2763,8.42358],[-13.27614,8.42334],[-13.27594,8.42308],[-13.2758,8.42285],[-13.27556,8.42241],[-13.27539,8.42209],[-13.27531,8.42197],[-13.27523,8.42184],[-13.27509,8.42166],[-13.27453,8.42118],[-13.27384,8.42064],[-13.27337,8.42027],[-13.27296,8.41994],[-13.27285,8.41986],[-13.2726,8.41964],[-13.27228,8.41939],[-13.27198,8.41915],[-13.27168,8.41891],[-13.27148,8.41875],[-13.27108,8.41842],[-13.27058,8.41802],[-13.27029,8.41777],[-13.27003,8.41757],[-13.26958,8.41724],[-13.26935,8.41708],[-13.26916,8.41694],[-13.26888,8.41672],[-13.26862,8.41652],[-13.26859,8.41649],[-13.26837,8.41633],[-13.26785,8.41591],[-13.26763,8.41573],[-13.26746,8.41561],[-13.26715,8.41535],[-13.26686,8.41512],[-13.26659,8.41489],[-13.26647,8.41477],[-13.26614,8.41448],[-13.26602,8.41435],[-13.26583,8.41417],[-13.26563,8.41397],[-13.26552,8.41385],[-13.2655,8.41382],[-13.26536,8.41366],[-13.26521,8.4135],[-13.26516,8.41344],[-13.26486,8.4131],[-13.26446,8.4127],[-13.26408,8.41231],[-13.26385,8.41198],[-13.26353,8.41143],[-13.26325,8.4109],[-13.26316,8.41071],[-13.26294,8.41033],[-13.26269,8.40998],[-13.26261,8.40987],[-13.26248,8.40973],[-13.26237,8.40963],[-13.26221,8.40948],[-13.26201,8.40928],[-13.26186,8.4091],[-13.26172,8.4089],[-13.26155,8.40862],[-13.26143,8.40839],[-13.2613,8.40808],[-13.26124,8.40785],[-13.26122,8.40763],[-13.26122,8.40742],[-13.26129,8.40706],[-13.26135,8.40683],[-13.26141,8.40652],[-13.26149,8.40609],[-13.26158,8.40564],[-13.26167,8.4053],[-13.26175,8.40515],[-13.26181,8.40505],[-13.26188,8.40494],[-13.26191,8.4049],[-13.26214,8.40462],[-13.26236,8.40436],[-13.26254,8.40401],[-13.26266,8.40378],[-13.26281,8.40349],[-13.26292,8.40327],[-13.26316,8.40279],[-13.26331,8.40244],[-13.26342,8.4022],[-13.26356,8.40178],[-13.26362,8.40158],[-13.26368,8.40128],[-13.26381,8.40068],[-13.26384,8.40029],[-13.26383,8.4001],[-13.26382,8.39991],[-13.26378,8.39968],[-13.26373,8.39951],[-13.26365,8.3992],[-13.26359,8.39904],[-13.26347,8.39862],[-13.26335,8.39834],[-13.26321,8.39805],[-13.26293,8.3976],[-13.26278,8.39737],[-13.2625,8.39695],[-13.26221,8.39653],[-13.26193,8.39614],[-13.26177,8.39588],[-13.26161,8.39563],[-13.26149,8.3954],[-13.2613,8.39509],[-13.26114,8.39481],[-13.26108,8.3947],[-13.2609,8.3944],[-13.26076,8.39413],[-13.26059,8.39382],[-13.26043,8.39354],[-13.26032,8.39341],[-13.26021,8.39327],[-13.25992,8.39297],[-13.2597,8.39276],[-13.25955,8.39261],[-13.25925,8.39231],[-13.25901,8.39209],[-13.25849,8.39159],[-13.25805,8.39118],[-13.25797,8.39109],[-13.25779,8.39091],[-13.25759,8.39072],[-13.25706,8.39024],[-13.25691,8.39009],[-13.25609,8.38928],[-13.25561,8.3888],[-13.2552,8.38839],[-13.25494,8.38822],[-13.25468,8.38812],[-13.25441,8.38803],[-13.25398,8.38799],[-13.2536,8.38792],[-13.25325,8.38779],[-13.25301,8.38767],[-13.25284,8.38757],[-13.25251,8.38735],[-13.25225,8.38718],[-13.2519,8.38694],[-13.2518,8.38686],[-13.25155,8.38671],[-13.25095,8.38635],[-13.25032,8.38594],[-13.24974,8.38549],[-13.24936,8.38514],[-13.24902,8.38486],[-13.24868,8.38462]]},"properties":{"id":413368171,"cls":"primary","hw":"primary","tg":"na","name":"Peninsular Road","ref":"","surface":"asphalt","sc":"paved","speed":null,"lit":"unk","km":9.034}},
{"type":"Feature","geometry":{"type":"LineString","coordinates":[[-13.21064,8.34003],[-13.21045,8.34003],[-13.21018,8.34006],[-13.20909,8.34024],[-13.20832,8.34038],[-13.20805,8.34043],[-13.2076,8.34049],[-13.20698,8.34054],[-13.20675,8.34051],[-13.20658,8.34045],[-13.20611,8.34024],[-13.20517,8.3398],[-13.20453,8.33949],[-13.20368,8.33908],[-13.20333,8.3389],[-13.20154,8.33796],[-13.20116,8.33775],[-13.20097,8.33768],[-13.20018,8.33747],[-13.19981,8.33747],[-13.19927,8.3375],[-13.19868,8.33773],[-13.19833,8.33789],[-13.19807,8.33805],[-13.19755,8.33835],[-13.19698,8.33886],[-13.19648,8.33937],[-13.19614,8.33967],[-13.19583,8.34001],[-13.19554,8.34029],[-13.19542,8.34042],[-13.19518,8.34067],[-13.19436,8.34142],[-13.19362,8.34201],[-13.19316,8.34226],[-13.19254,8.34249],[-13.19214,8.34255],[-13.19191,8.34256],[-13.19164,8.34257],[-13.19003,8.3425],[-13.18977,8.34254],[-13.18951,8.34264],[-13.18916,8.34296],[-13.18888,8.34332],[-13.18867,8.3436],[-13.18828,8.34415],[-13.18805,8.34435],[-13.18778,8.34451],[-13.18763,8.34455],[-13.18751,8.34457]]},"properties":{"id":421596146,"cls":"primary","hw":"primary","tg":"na","name":"Peninsular Road","ref":"","surface":"","sc":"unknown","speed":null,"lit":"unk","km":2.922}},
{"type":"Feature","geometry":{"type":"LineString","coordinates":[[-13.1875,8.34471],[-13.18782,8.34463],[-13.18809,8.34452],[-13.18836,8.34425],[-13.18944,8.34288],[-13.18975,8.34271],[-13.18993,8.34262],[-13.1902,8.3426],[-13.19151,8.34265],[-13.19183,8.34266],[-13.19215,8.34265],[-13.19255,8.34259],[-13.19283,8.34249],[-13.19334,8.34228],[-13.19373,8.34207],[-13.1944,8.34153],[-13.19485,8.34111],[-13.19523,8.34075],[-13.19545,8.34051],[-13.19595,8.33999],[-13.19653,8.33944],[-13.19692,8.33905],[-13.1976,8.3384],[-13.19838,8.33798],[-13.19929,8.33761],[-13.20015,8.33759],[-13.20092,8.33778],[-13.20115,8.33788],[-13.20163,8.33812],[-13.20329,8.33897],[-13.20365,8.33916],[-13.20512,8.33992],[-13.20677,8.34064],[-13.20712,8.34067],[-13.20805,8.34054],[-13.20834,8.3405],[-13.21056,8.34011],[-13.21098,8.34015],[-13.2112,8.34021],[-13.21151,8.34031],[-13.2121,8.34064],[-13.21339,8.34152],[-13.21432,8.34215],[-13.21549,8.34291],[-13.21607,8.34328],[-13.21652,8.34356],[-13.21684,8.34376],[-13.21698,8.34386],[-13.21747,8.34417],[-13.21875,8.34502],[-13.21915,8.34519],[-13.21999,8.34537],[-13.2201,8.34539],[-13.2205,8.34546],[-13.22109,8.34556],[-13.22146,8.34562],[-13.22176,8.3457],[-13.22184,8.34573],[-13.22205,8.34578],[-13.22238,8.34594],[-13.22293,8.34627],[-13.22425,8.34711],[-13.22513,8.3477],[-13.22588,8.34818],[-13.22625,8.3484],[-13.22804,8.34961],[-13.2287,8.35009],[-13.22909,8.35045],[-13.22931,8.35074],[-13.22945,8.35096],[-13.22977,8.35175],[-13.22992,8.35223],[-13.23,8.35256],[-13.23013,8.35307],[-13.23018,8.35343],[-13.2303,8.35424],[-13.23048,8.35541],[-13.23058,8.35592],[-13.23059,8.35596],[-13.23069,8.35645],[-13.23093,8.35776],[-13.23096,8.35798],[-13.23104,8.35833],[-13.2313,8.3596],[-13.23163,8.36132],[-13.2317,8.36174],[-13.23175,8.36214],[-13.23194,8.36319],[-13.23198,8.36354],[-13.232,8.36371],[-13.23204,8.36416],[-13.23204,8.36434],[-13.23204,8.36439],[-13.23202,8.36484],[-13.23195,8.36548],[-13.23191,8.36615],[-13.23185,8.36653],[-13.23188,8.36737]]},"properties":{"id":421596147,"cls":"primary","hw":"primary","tg":"na","name":"Peninsular Road","ref":"","surface":"asphalt","sc":"paved","speed":null,"lit":"unk","km":7.209}},
{"type":"Feature","geometry":{"type":"LineString","coordinates":[[-13.23188,8.36737],[-13.23189,8.36757]]},"properties":{"id":421596229,"cls":"primary","hw":"primary","tg":"na","name":"Peninsular Road","ref":"","surface":"paved","sc":"paved","speed":null,"lit":"unk","km":0.022}},
{"type":"Feature","geometry":{"type":"LineString","coordinates":[[-13.23189,8.36757],[-13.23203,8.36831],[-13.23259,8.36966],[-13.23341,8.37078],[-13.23356,8.37093],[-13.23412,8.37142],[-13.23512,8.37226],[-13.2354,8.37249],[-13.2357,8.37273],[-13.23638,8.37336],[-13.23662,8.37355],[-13.23696,8.37383],[-13.23797,8.37471],[-13.23901,8.37562],[-13.23945,8.37597],[-13.23992,8.37637],[-13.24051,8.377],[-13.24065,8.37721],[-13.24078,8.37742],[-13.24087,8.37761],[-13.24137,8.37896],[-13.24154,8.37928],[-13.24162,8.3794],[-13.24172,8.37952],[-13.24222,8.38006],[-13.24266,8.38053],[-13.24286,8.38073],[-13.24305,8.38094],[-13.24321,8.38111],[-13.24328,8.38117],[-13.24338,8.3813],[-13.2436,8.38151],[-13.24366,8.38156],[-13.24389,8.3818],[-13.24417,8.38206],[-13.24447,8.38227],[-13.24471,8.38242],[-13.24498,8.3826],[-13.24532,8.38284],[-13.24566,8.38305],[-13.24594,8.38324],[-13.24623,8.3834]]},"properties":{"id":421596231,"cls":"primary","hw":"primary","tg":"na","name":"Peninsular Road","ref":"","surface":"asphalt","sc":"paved","speed":null,"lit":"unk","km":2.418}},
{"type":"Feature","geometry":{"type":"LineString","coordinates":[[-10.69564,8.10251],[-10.69559,8.10264],[-10.6955,8.10285],[-10.69543,8.10309],[-10.69533,8.10335],[-10.69525,8.10346],[-10.69472,8.10403],[-10.69454,8.10422],[-10.69446,8.10432],[-10.69441,8.10444],[-10.69424,8.10499],[-10.69411,8.10536],[-10.69408,8.10546],[-10.69377,8.10645],[-10.69343,8.10751],[-10.69327,8.10805],[-10.69305,8.10876],[-10.693,8.10893],[-10.69283,8.10953],[-10.69235,8.11117],[-10.69204,8.11217],[-10.69195,8.11246],[-10.69179,8.11291]]},"properties":{"id":425905067,"cls":"trunk","hw":"trunk","tg":"na","name":"","ref":"","surface":"asphalt","sc":"paved","speed":null,"lit":"unk","km":1.243}},
{"type":"Feature","geometry":{"type":"LineString","coordinates":[[-10.69374,8.0919],[-10.69385,8.09223],[-10.69416,8.09309],[-10.69443,8.0939],[-10.69472,8.09483],[-10.695,8.09567],[-10.69508,8.09595],[-10.69518,8.09623],[-10.69521,8.0963],[-10.69538,8.09688],[-10.69544,8.09706],[-10.69552,8.09731],[-10.69564,8.09777],[-10.6958,8.09821],[-10.69584,8.09834],[-10.69592,8.09859],[-10.69597,8.09876],[-10.696,8.09887],[-10.69603,8.09905],[-10.69606,8.09916],[-10.6961,8.09929],[-10.69614,8.09947],[-10.69627,8.09994],[-10.69628,8.10014],[-10.69627,8.10048],[-10.69624,8.10072],[-10.69618,8.10094],[-10.69615,8.1011],[-10.69609,8.10126],[-10.69591,8.10173]]},"properties":{"id":425905068,"cls":"trunk","hw":"trunk","tg":"na","name":"","ref":"","surface":"asphalt","sc":"paved","speed":null,"lit":"unk","km":1.142}},
{"type":"Feature","geometry":{"type":"LineString","coordinates":[[-10.69095,8.06589],[-10.69146,8.06637]]},"properties":{"id":425906779,"cls":"trunk","hw":"trunk","tg":"na","name":"","ref":"","surface":"","sc":"unknown","speed":null,"lit":"unk","km":0.077}},
{"type":"Feature","geometry":{"type":"LineString","coordinates":[[-10.69586,8.10208],[-10.69583,8.10206],[-10.69579,8.10205],[-10.69575,8.10205],[-10.69572,8.10206],[-10.69569,8.10208],[-10.69567,8.10211],[-10.69565,8.10214],[-10.69565,8.10218],[-10.69565,8.10222],[-10.69567,8.10226],[-10.6957,8.10229],[-10.69574,8.1023],[-10.69579,8.10231],[-10.69583,8.1023],[-10.69586,8.10228],[-10.69589,8.10225],[-10.6959,8.10221],[-10.69591,8.10218],[-10.6959,8.10214],[-10.69588,8.10211],[-10.69586,8.10208]]},"properties":{"id":425906780,"cls":"trunk","hw":"trunk","tg":"na","name":"","ref":"","surface":"asphalt","sc":"paved","speed":null,"lit":"unk","km":0.091}},
{"type":"Feature","geometry":{"type":"LineString","coordinates":[[-10.69368,8.09143],[-10.69365,8.09141],[-10.69361,8.0914],[-10.69357,8.0914],[-10.69354,8.09141],[-10.69351,8.09143],[-10.69348,8.09146],[-10.69347,8.09149],[-10.69346,8.09153],[-10.69347,8.09157],[-10.69348,8.0916],[-10.69351,8.09163],[-10.69354,8.09165],[-10.69358,8.09166],[-10.69361,8.09166],[-10.69365,8.09165],[-10.69368,8.09163],[-10.6937,8.0916],[-10.69372,8.09157],[-10.69372,8.09153],[-10.69372,8.09149],[-10.6937,8.09146],[-10.69368,8.09143]]},"properties":{"id":425906781,"cls":"trunk","hw":"trunk","tg":"na","name":"","ref":"","surface":"asphalt","sc":"paved","speed":null,"lit":"unk","km":0.091}},
{"type":"Feature","geometry":{"type":"LineString","coordinates":[[-10.6959,8.10214],[-10.69589,8.10197],[-10.6959,8.10185],[-10.69591,8.10173]]},"properties":{"id":425906782,"cls":"trunk","hw":"trunk","tg":"na","name":"","ref":"","surface":"asphalt","sc":"paved","speed":null,"lit":"unk","km":0.046}},
{"type":"Feature","geometry":{"type":"LineString","coordinates":[[-10.69565,8.10222],[-10.69565,8.10236],[-10.69564,8.10251]]},"properties":{"id":425906784,"cls":"trunk","hw":"trunk","tg":"na","name":"","ref":"","surface":"asphalt","sc":"paved","speed":null,"lit":"unk","km":0.032}},
{"type":"Feature","geometry":{"type":"LineString","coordinates":[[-10.69365,8.09141],[-10.69355,8.09125],[-10.69343,8.09106]]},"properties":{"id":425906785,"cls":"trunk","hw":"trunk","tg":"na","name":"","ref":"","surface":"asphalt","sc":"paved","speed":null,"lit":"unk","km":0.046}},
{"type":"Feature","geometry":{"type":"LineString","coordinates":[[-10.69354,8.09165],[-10.69358,8.0917],[-10.69362,8.09176],[-10.69374,8.0919]]},"properties":{"id":425906786,"cls":"trunk","hw":"trunk","tg":"na","name":"","ref":"","surface":"asphalt","sc":"paved","speed":null,"lit":"unk","km":0.036}},
{"type":"Feature","geometry":{"type":"LineString","coordinates":[[-10.92303,9.46231],[-10.92299,9.46244],[-10.92297,9.46287],[-10.92297,9.4631],[-10.92301,9.46341],[-10.92308,9.46371],[-10.92315,9.46408],[-10.9232,9.46432],[-10.92322,9.46447],[-10.92328,9.4647],[-10.92336,9.46488],[-10.92345,9.46507],[-10.9236,9.46536],[-10.92377,9.4657],[-10.92385,9.46595],[-10.92392,9.46623],[-10.92396,9.4665],[-10.92397,9.46678],[-10.92395,9.46709],[-10.92393,9.46759],[-10.92388,9.46823],[-10.92385,9.46918],[-10.92388,9.46955],[-10.92391,9.46983],[-10.92395,9.46997],[-10.92415,9.47039],[-10.92422,9.47053],[-10.92427,9.47065],[-10.92447,9.47105],[-10.92467,9.47136],[-10.92485,9.47173],[-10.92504,9.47235],[-10.92514,9.47267],[-10.92559,9.47387],[-10.9258,9.4744],[-10.92594,9.47478],[-10.92602,9.47516],[-10.92604,9.47552],[-10.92609,9.47632],[-10.92609,9.47662],[-10.92603,9.47713],[-10.92593,9.47743],[-10.92532,9.47872],[-10.92509,9.47913],[-10.92482,9.47948],[-10.92432,9.47995],[-10.92417,9.48015],[-10.92398,9.48045],[-10.92392,9.48063],[-10.92389,9.48078],[-10.9239,9.48094],[-10.92393,9.48115],[-10.92398,9.48131],[-10.92424,9.48201],[-10.92436,9.48254],[-10.92476,9.48431],[-10.92483,9.48479],[-10.92484,9.48518],[-10.9248,9.48558],[-10.92469,9.48592],[-10.9246,9.48636],[-10.92458,9.48676],[-10.92468,9.48746],[-10.92491,9.48884],[-10.92506,9.4899],[-10.92513,9.49031],[-10.92518,9.49066],[-10.92527,9.49096],[-10.92547,9.49136],[-10.92573,9.49176],[-10.92598,9.49228],[-10.92617,9.49272],[-10.92628,9.49306],[-10.92647,9.49387],[-10.92665,9.49474],[-10.92669,9.49502],[-10.92673,9.49521],[-10.92685,9.49565],[-10.92686,9.49584],[-10.92684,9.49612],[-10.92676,9.49642],[-10.92655,9.49746],[-10.92649,9.49789],[-10.92651,9.49827],[-10.92674,9.4991],[-10.92687,9.49963],[-10.92704,9.50044],[-10.92714,9.50089],[-10.92724,9.50125],[-10.92776,9.50277],[-10.92843,9.50462],[-10.92848,9.50475],[-10.92858,9.50496],[-10.92867,9.50507],[-10.92916,9.50533],[-10.92987,9.50565],[-10.93023,9.50584],[-10.93046,9.50598],[-10.93063,9.50612],[-10.9309,9.50645],[-10.93135,9.50715],[-10.93176,9.50771],[-10.93246,9.50864],[-10.93265,9.50888],[-10.93288,9.50909],[-10.93316,9.50934],[-10.93342,9.50952],[-10.93402,9.50987],[-10.93523,9.51057],[-10.93654,9.51153],[-10.93695,9.51182],[-10.93765,9.51227],[-10.93796,9.51248],[-10.93832,9.51267],[-10.93925,9.51297],[-10.93979,9.51312],[-10.94004,9.51316],[-10.94048,9.5132],[-10.94074,9.51322],[-10.94091,9.51326],[-10.94105,9.51336],[-10.94143,9.5137],[-10.94219,9.5145],[-10.94231,9.5147],[-10.9424,9.51487],[-10.94244,9.51511],[-10.94244,9.51539],[-10.94238,9.51575],[-10.94231,9.51614],[-10.94233,9.51636],[-10.94238,9.51651],[-10.94252,9.51666],[-10.94283,9.51677],[-10.94331,9.51689],[-10.94414,9.51711],[-10.94511,9.51728],[-10.94566,9.5174],[-10.94612,9.5175],[-10.94638,9.5176],[-10.94728,9.51818],[-10.94787,9.51862],[-10.94804,9.5188],[-10.94816,9.51896],[-10.94876,9.52009],[-10.9492,9.52081],[-10.94971,9.52177],[-10.94977,9.52195],[-10.94981,9.52216],[-10.94988,9.52255],[-10.94994,9.52283],[-10.95002,9.52307],[-10.95017,9.52344],[-10.95035,9.52371],[-10.95151,9.52508],[-10.95219,9.52569],[-10.9524,9.52594],[-10.95258,9.52618],[-10.95319,9.52717],[-10.95356,9.52807],[-10.95366,9.52831],[-10.95382,9.52852],[-10.95432,9.52911],[-10.95466,9.52949],[-10.95487,9.52974],[-10.95495,9.5299],[-10.95503,9.53009],[-10.95528,9.53084],[-10.95538,9.53108],[-10.95551,9.53132],[-10.95569,9.53159],[-10.95582,9.53174],[-10.95593,9.53188],[-10.95616,9.5322],[-10.95646,9.5328],[-10.95654,9.53295],[-10.95676,9.5333],[-10.95681,9.53338],[-10.95703,9.53369],[-10.95723,9.53399],[-10.95793,9.53486],[-10.95796,9.5349],[-10.95824,9.53523],[-10.95853,9.53555],[-10.95877,9.53575],[-10.9589,9.53582],[-10.9592,9.53591],[-10.95951,9.53603],[-10.95965,9.53612],[-10.95975,9.53621],[-10.96005,9.53653],[-10.96033,9.53688],[-10.96055,9.53724],[-10.96073,9.53759],[-10.96085,9.53779]]},"properties":{"id":432402841,"cls":"primary","hw":"primary","tg":"na","name":"","ref":"","surface":"unpaved","sc":"unpaved","speed":null,"lit":"unk","km":10.357}},
{"type":"Feature","geometry":{"type":"LineString","coordinates":[[-10.92303,9.46231],[-10.92313,9.46213]]},"properties":{"id":432402856,"cls":"primary","hw":"primary","tg":"na","name":"","ref":"","surface":"","sc":"unknown","speed":null,"lit":"unk","km":0.023}},
{"type":"Feature","geometry":{"type":"LineString","coordinates":[[-10.90063,9.32437],[-10.90122,9.32441],[-10.90166,9.32443],[-10.90211,9.32437],[-10.90247,9.32426],[-10.90294,9.32401],[-10.90415,9.32313],[-10.90434,9.32298],[-10.90446,9.32279],[-10.90455,9.32262],[-10.9047,9.32247],[-10.90497,9.32227],[-10.9054,9.32198],[-10.90555,9.32182],[-10.90578,9.3215],[-10.90607,9.32109],[-10.90659,9.32056],[-10.90679,9.32037],[-10.90764,9.3199],[-10.90783,9.31985],[-10.90807,9.31978],[-10.90873,9.31937],[-10.90927,9.31894],[-10.9097,9.31851],[-10.91006,9.31819],[-10.91037,9.31804],[-10.91112,9.31777],[-10.91137,9.31763],[-10.91158,9.31743],[-10.91259,9.31626],[-10.91284,9.31594],[-10.91295,9.3158],[-10.91306,9.31561],[-10.91311,9.31547],[-10.91314,9.31527],[-10.91314,9.31509],[-10.91313,9.31484],[-10.91314,9.31439]]},"properties":{"id":432428477,"cls":"primary","hw":"primary","tg":"na","name":"","ref":"","surface":"","sc":"unknown","speed":null,"lit":"unk","km":1.878}},
{"type":"Feature","geometry":{"type":"LineString","coordinates":[[-11.84081,8.4178],[-11.84077,8.41799],[-11.84071,8.41814],[-11.84051,8.41863],[-11.84026,8.41921],[-11.84,8.41981],[-11.83966,8.42055],[-11.83935,8.42121],[-11.83917,8.4216],[-11.83875,8.42255],[-11.8386,8.42292],[-11.83808,8.42412],[-11.83776,8.42482],[-11.8373,8.4258],[-11.83676,8.42698],[-11.83659,8.42737],[-11.83655,8.42757],[-11.83652,8.42778],[-11.83652,8.42803],[-11.83654,8.42848],[-11.83658,8.42944],[-11.83662,8.43057],[-11.83663,8.43189],[-11.83666,8.43312],[-11.83669,8.43442],[-11.83675,8.43604],[-11.83681,8.43745],[-11.83681,8.43776],[-11.83684,8.438],[-11.83688,8.43817],[-11.83696,8.43833],[-11.83708,8.43849],[-11.83726,8.43871],[-11.83845,8.44007],[-11.8388,8.44047],[-11.8389,8.44064],[-11.83898,8.44084],[-11.83901,8.44104],[-11.83902,8.44127],[-11.83899,8.4423],[-11.83895,8.4425],[-11.8389,8.44261],[-11.8388,8.44272],[-11.8386,8.4429],[-11.83732,8.44396],[-11.83715,8.4442],[-11.83708,8.44437],[-11.83704,8.44454],[-11.83683,8.44596],[-11.83673,8.4469],[-11.83672,8.4474],[-11.83674,8.44779],[-11.83733,8.4546],[-11.83749,8.45638],[-11.83762,8.45801],[-11.83768,8.45859],[-11.83777,8.45958],[-11.83791,8.46137],[-11.83801,8.46258],[-11.83815,8.46411],[-11.83826,8.46519],[-11.83839,8.46648],[-11.83846,8.46725],[-11.83853,8.4681],[-11.83858,8.46875],[-11.83885,8.47203],[-11.83904,8.47384],[-11.8393,8.47709],[-11.83949,8.47921],[-11.83956,8.47948],[-11.8397,8.47987],[-11.84111,8.48368],[-11.84168,8.48526],[-11.84247,8.48741],[-11.84267,8.48787],[-11.84287,8.48829],[-11.84297,8.48848],[-11.84311,8.48868],[-11.84369,8.48942],[-11.84446,8.49036],[-11.84522,8.4913],[-11.84533,8.49148],[-11.84539,8.49164],[-11.84543,8.49188],[-11.84544,8.49239],[-11.84541,8.49353],[-11.8454,8.49451],[-11.84534,8.49473],[-11.84526,8.49495],[-11.84512,8.49521],[-11.8447,8.49577],[-11.84398,8.49665],[-11.84386,8.49685],[-11.84371,8.49713],[-11.84337,8.4981],[-11.84327,8.49835],[-11.84295,8.49915],[-11.84274,8.49965],[-11.84238,8.50051],[-11.84228,8.50078],[-11.84185,8.50177],[-11.84159,8.50229],[-11.84134,8.50272],[-11.84118,8.50299],[-11.84004,8.50493],[-11.83763,8.50897],[-11.83694,8.51017],[-11.83607,8.51166]]},"properties":{"id":443645292,"cls":"primary","hw":"primary","tg":"na","name":"","ref":"","surface":"unpaved","sc":"unpaved","speed":null,"lit":"unk","km":11.15}},
{"type":"Feature","geometry":{"type":"LineString","coordinates":[[-10.90063,9.32437],[-10.90015,9.32432],[-10.89986,9.32429],[-10.89964,9.32427],[-10.89951,9.32426],[-10.8994,9.32425],[-10.89928,9.32424],[-10.89916,9.32422],[-10.8989,9.32418],[-10.89874,9.32415],[-10.89862,9.32414],[-10.89852,9.32413],[-10.89837,9.32413]]},"properties":{"id":474875908,"cls":"primary","hw":"primary","tg":"na","name":"","ref":"","surface":"","sc":"unknown","speed":null,"lit":"unk","km":0.25}},
{"type":"Feature","geometry":{"type":"LineString","coordinates":[[-13.26071,8.48539],[-13.26081,8.4855],[-13.26088,8.48557]]},"properties":{"id":513074929,"cls":"primary","hw":"primary_link","tg":"na","name":"","ref":"","surface":"","sc":"unknown","speed":null,"lit":"unk","km":0.027}},
{"type":"Feature","geometry":{"type":"LineString","coordinates":[[-13.21913,8.43458],[-13.21923,8.43458],[-13.21929,8.43458],[-13.21935,8.43459],[-13.21941,8.43461],[-13.21954,8.43465],[-13.21969,8.43474],[-13.21991,8.43485],[-13.22026,8.43501],[-13.22042,8.4351],[-13.22053,8.43517],[-13.22071,8.43529],[-13.22095,8.4354],[-13.22107,8.43543],[-13.22118,8.43544],[-13.22134,8.43543],[-13.2218,8.43539],[-13.22225,8.43543],[-13.22265,8.43548],[-13.22314,8.43553],[-13.22324,8.43555]]},"properties":{"id":518836469,"cls":"primary","hw":"primary","tg":"na","name":"Regent Road","ref":"","surface":"paved","sc":"paved","speed":null,"lit":"unk","km":0.476}},
{"type":"Feature","geometry":{"type":"LineString","coordinates":[[-13.25547,8.46316],[-13.25552,8.46309],[-13.25558,8.46305],[-13.25567,8.46305]]},"properties":{"id":542424724,"cls":"primary","hw":"primary_link","tg":"na","name":"","ref":"","surface":"asphalt","sc":"paved","speed":null,"lit":"unk","km":0.027}},
{"type":"Feature","geometry":{"type":"LineString","coordinates":[[-12.79328,8.77496],[-12.79326,8.77507],[-12.79323,8.77512],[-12.79318,8.77518],[-12.79312,8.77522],[-12.79308,8.77523]]},"properties":{"id":563084507,"cls":"primary","hw":"primary_link","tg":"na","name":"","ref":"","surface":"","sc":"unknown","speed":null,"lit":"unk","km":0.04}},
{"type":"Feature","geometry":{"type":"LineString","coordinates":[[-12.77873,8.78116],[-12.77862,8.78114],[-12.77839,8.78112],[-12.77823,8.78107]]},"properties":{"id":563113589,"cls":"primary","hw":"primary","tg":"na","name":"","ref":"","surface":"asphalt","sc":"paved","speed":null,"lit":"unk","km":0.056}},
{"type":"Feature","geometry":{"type":"LineString","coordinates":[[-12.77817,8.7812],[-12.77837,8.7812],[-12.77863,8.78119],[-12.77873,8.78116]]},"properties":{"id":563113590,"cls":"primary","hw":"primary","tg":"na","name":"","ref":"","surface":"asphalt","sc":"paved","speed":null,"lit":"unk","km":0.062}},
{"type":"Feature","geometry":{"type":"LineString","coordinates":[[-10.69564,8.10251],[-10.69575,8.10239],[-10.69583,8.1023]]},"properties":{"id":563421676,"cls":"trunk","hw":"trunk","tg":"na","name":"","ref":"","surface":"asphalt","sc":"paved","speed":null,"lit":"unk","km":0.031}},
{"type":"Feature","geometry":{"type":"LineString","coordinates":[[-10.69591,8.10173],[-10.69578,8.10193],[-10.69575,8.10205]]},"properties":{"id":563421677,"cls":"trunk","hw":"trunk","tg":"na","name":"","ref":"","surface":"asphalt","sc":"paved","speed":null,"lit":"unk","km":0.04}},
{"type":"Feature","geometry":{"type":"LineString","coordinates":[[-10.69374,8.0919],[-10.69372,8.09173],[-10.6937,8.0916]]},"properties":{"id":563421723,"cls":"trunk","hw":"trunk","tg":"na","name":"","ref":"","surface":"asphalt","sc":"paved","speed":null,"lit":"unk","km":0.034}},
{"type":"Feature","geometry":{"type":"LineString","coordinates":[[-10.69343,8.09106],[-10.69344,8.09128],[-10.69347,8.09149]]},"properties":{"id":563421724,"cls":"trunk","hw":"trunk","tg":"na","name":"","ref":"","surface":"asphalt","sc":"paved","speed":null,"lit":"unk","km":0.048}},
{"type":"Feature","geometry":{"type":"LineString","coordinates":[[-10.35503,8.43723],[-10.35492,8.43754],[-10.35481,8.43771],[-10.35424,8.43851],[-10.35361,8.4394],[-10.3529,8.44022],[-10.35205,8.44109],[-10.35136,8.44177],[-10.35012,8.44317],[-10.34923,8.44415],[-10.34906,8.44433],[-10.34864,8.44491],[-10.34841,8.4453],[-10.34797,8.44646],[-10.34758,8.44766],[-10.34747,8.44814],[-10.34737,8.44994],[-10.34726,8.45053],[-10.34725,8.4506],[-10.34715,8.4512],[-10.34707,8.45161],[-10.34704,8.45174],[-10.34705,8.45188],[-10.3471,8.45201],[-10.34718,8.45212],[-10.34731,8.45221],[-10.34751,8.45242],[-10.34761,8.45257],[-10.34767,8.45283],[-10.34767,8.45309],[-10.34758,8.45344],[-10.34756,8.45355],[-10.34743,8.45365],[-10.34728,8.45375],[-10.34612,8.45436],[-10.34486,8.45476],[-10.34464,8.45488],[-10.34439,8.45511],[-10.34418,8.45536],[-10.34364,8.45632],[-10.34347,8.45655],[-10.3432,8.45691],[-10.34314,8.45699],[-10.3428,8.45737],[-10.34275,8.45741],[-10.34269,8.45749],[-10.34235,8.45787],[-10.34218,8.45806],[-10.34205,8.45821],[-10.34189,8.4584],[-10.34183,8.45849],[-10.34139,8.45898],[-10.34095,8.45948],[-10.3407,8.4598],[-10.34049,8.46011],[-10.34023,8.4604],[-10.33964,8.46092],[-10.33927,8.46118],[-10.33828,8.46173],[-10.3381,8.46183]]},"properties":{"id":563427639,"cls":"primary","hw":"primary","tg":"na","name":"","ref":"","surface":"compacted","sc":"unpaved","speed":null,"lit":"unk","km":3.549}},
{"type":"Feature","geometry":{"type":"LineString","coordinates":[[-11.15972,7.91964],[-11.16,7.91932],[-11.16008,7.91924],[-11.16038,7.91891],[-11.16056,7.91871],[-11.16094,7.91831],[-11.16104,7.91821],[-11.16141,7.91778],[-11.1615,7.91769],[-11.16176,7.91741],[-11.16207,7.91707],[-11.16236,7.91673],[-11.16242,7.91666],[-11.16277,7.91626],[-11.16331,7.91565],[-11.16344,7.9155],[-11.16386,7.91503],[-11.16398,7.9149],[-11.16451,7.91434],[-11.16467,7.91416],[-11.16476,7.91406],[-11.16501,7.91379],[-11.16529,7.91348],[-11.16533,7.91342],[-11.16571,7.91303],[-11.16576,7.91298],[-11.16597,7.91277],[-11.16622,7.91251],[-11.16633,7.9124]]},"properties":{"id":571453766,"cls":"trunk","hw":"trunk","tg":"na","name":"Hangha Road","ref":"","surface":"paved","sc":"paved","speed":null,"lit":"unk","km":1.086}},
{"type":"Feature","geometry":{"type":"LineString","coordinates":[[-11.16795,7.91078],[-11.16776,7.91097],[-11.16754,7.91121],[-11.16743,7.91133],[-11.16723,7.91151]]},"properties":{"id":571453767,"cls":"trunk","hw":"trunk","tg":"na","name":"Hangha Road","ref":"","surface":"paved","sc":"paved","speed":null,"lit":"unk","km":0.114}},
{"type":"Feature","geometry":{"type":"LineString","coordinates":[[-11.16811,7.9106],[-11.16795,7.91078]]},"properties":{"id":571453768,"cls":"trunk","hw":"trunk","tg":"na","name":"Hangha Road","ref":"","surface":"paved","sc":"paved","speed":null,"lit":"unk","km":0.027}},
{"type":"Feature","geometry":{"type":"LineString","coordinates":[[-10.27703,8.47131],[-10.27729,8.4715],[-10.27778,8.47171],[-10.27968,8.47224],[-10.27978,8.47222],[-10.28182,8.47246],[-10.28267,8.47258],[-10.28325,8.47263],[-10.28361,8.4726],[-10.28398,8.47262],[-10.28422,8.47267],[-10.28442,8.47276],[-10.28472,8.47295],[-10.285,8.47317],[-10.28521,8.47329],[-10.28567,8.47344],[-10.28613,8.47362],[-10.28693,8.47392],[-10.28746,8.47413],[-10.28785,8.47426],[-10.2881,8.47438],[-10.28832,8.47458],[-10.28866,8.4749],[-10.28902,8.47518],[-10.28942,8.4754],[-10.28992,8.47567],[-10.29048,8.47603],[-10.29221,8.47689],[-10.29277,8.4772],[-10.29289,8.47729],[-10.29302,8.47737],[-10.29315,8.47743],[-10.29329,8.47751],[-10.29446,8.47811],[-10.29477,8.47828],[-10.29496,8.47835],[-10.29522,8.47835],[-10.29561,8.47832],[-10.29584,8.47827],[-10.29608,8.47816],[-10.29629,8.47801],[-10.29651,8.47775],[-10.2969,8.47722],[-10.29723,8.47664],[-10.29739,8.47646],[-10.29766,8.47621],[-10.29797,8.47592],[-10.2984,8.47567],[-10.29897,8.47541],[-10.29949,8.47523]]},"properties":{"id":572160558,"cls":"primary","hw":"primary","tg":"na","name":"","ref":"","surface":"compacted","sc":"unpaved","speed":null,"lit":"unk","km":2.801}},
{"type":"Feature","geometry":{"type":"LineString","coordinates":[[-12.21344,8.4659],[-12.21341,8.46598],[-12.2134,8.46603],[-12.21337,8.46608],[-12.21334,8.46614],[-12.2133,8.46618],[-12.21324,8.46623]]},"properties":{"id":572423118,"cls":"trunk","hw":"trunk_link","tg":"na","name":"","ref":"","surface":"asphalt","sc":"paved","speed":null,"lit":"unk","km":0.044}},
{"type":"Feature","geometry":{"type":"LineString","coordinates":[[-12.21628,8.46675],[-12.21614,8.46676],[-12.21582,8.46683],[-12.21565,8.46685],[-12.21546,8.46686],[-12.21522,8.46684],[-12.21501,8.46681],[-12.21483,8.46676],[-12.2146,8.46667],[-12.21456,8.46665],[-12.21431,8.46651],[-12.21409,8.46637],[-12.21398,8.46629],[-12.21393,8.46624],[-12.21386,8.46616]]},"properties":{"id":572423119,"cls":"trunk","hw":"trunk","tg":"na","name":"Masiaka-Yonibama Highway","ref":"TAH 7","surface":"asphalt","sc":"paved","speed":null,"lit":"unk","km":0.289}},
{"type":"Feature","geometry":{"type":"LineString","coordinates":[[-12.21377,8.46629],[-12.21381,8.46632],[-12.21387,8.46636],[-12.21395,8.46641],[-12.21412,8.46652],[-12.21453,8.46675],[-12.21471,8.46683],[-12.21492,8.46689],[-12.2152,8.46694],[-12.21543,8.46695],[-12.21559,8.46693],[-12.21573,8.46691],[-12.21595,8.46686],[-12.21614,8.46681],[-12.21628,8.46675]]},"properties":{"id":572423120,"cls":"trunk","hw":"trunk","tg":"na","name":"Masiaka-Yonibama Highway","ref":"TAH 7","surface":"asphalt","sc":"paved","speed":null,"lit":"unk","km":0.297}},
{"type":"Feature","geometry":{"type":"LineString","coordinates":[[-12.21377,8.46601],[-12.21371,8.46596],[-12.21363,8.4659],[-12.2135,8.4658],[-12.2134,8.46572],[-12.21328,8.46563]]},"properties":{"id":572423121,"cls":"trunk","hw":"trunk","tg":"na","name":"Yonibana-Bo","ref":"TAH 7","surface":"asphalt","sc":"paved","speed":null,"lit":"unk","km":0.068}},
{"type":"Feature","geometry":{"type":"LineString","coordinates":[[-12.21328,8.46563],[-12.21337,8.46578],[-12.21344,8.4659],[-12.21348,8.46598],[-12.21352,8.46606],[-12.21355,8.46613]]},"properties":{"id":572423122,"cls":"trunk","hw":"trunk","tg":"na","name":"Yonibana-Bo","ref":"TAH 7","surface":"asphalt","sc":"paved","speed":null,"lit":"unk","km":0.063}},
{"type":"Feature","geometry":{"type":"LineString","coordinates":[[-12.2163,8.32467],[-12.2162,8.3246],[-12.21608,8.3245],[-12.216,8.32438],[-12.21598,8.32427],[-12.21596,8.32418]]},"properties":{"id":572427392,"cls":"trunk","hw":"trunk_link","tg":"na","name":"","ref":"","surface":"","sc":"unknown","speed":null,"lit":"unk","km":0.069}},
{"type":"Feature","geometry":{"type":"LineString","coordinates":[[-12.21577,8.32506],[-12.21585,8.32493],[-12.21592,8.32482],[-12.21598,8.32477],[-12.21615,8.32469],[-12.2163,8.32467]]},"properties":{"id":572427395,"cls":"trunk","hw":"trunk_link","tg":"na","name":"","ref":"","surface":"","sc":"unknown","speed":null,"lit":"unk","km":0.077}},
{"type":"Feature","geometry":{"type":"LineString","coordinates":[[-12.21598,8.32253],[-12.21594,8.32289],[-12.21593,8.32296],[-12.21591,8.32331],[-12.2159,8.32362],[-12.21589,8.32386],[-12.21588,8.32405],[-12.21586,8.32433],[-12.21581,8.32459],[-12.21574,8.32488],[-12.2156,8.32527],[-12.21548,8.32554],[-12.21529,8.32592],[-12.21489,8.32666]]},"properties":{"id":572427397,"cls":"trunk","hw":"trunk","tg":"na","name":"Yonibana-Bo","ref":"TAH 7","surface":"","sc":"unknown","speed":null,"lit":"unk","km":0.483}},
{"type":"Feature","geometry":{"type":"LineString","coordinates":[[-12.07534,8.22111],[-12.07535,8.22147],[-12.07536,8.22321],[-12.07541,8.2237],[-12.07551,8.22409],[-12.0757,8.22459],[-12.07587,8.2249],[-12.0761,8.22525],[-12.0764,8.2257],[-12.07757,8.22753],[-12.07853,8.22904],[-12.07906,8.2299],[-12.07947,8.23061],[-12.08002,8.23156],[-12.08051,8.23238],[-12.08111,8.23342],[-12.08149,8.23406],[-12.08192,8.23484],[-12.08276,8.23636],[-12.08468,8.23976],[-12.08518,8.24061],[-12.08698,8.24374],[-12.08749,8.24464],[-12.08843,8.24626],[-12.08872,8.24692],[-12.08883,8.24738],[-12.08887,8.24787],[-12.08886,8.24832],[-12.08874,8.24927],[-12.08853,8.25088],[-12.08836,8.25256],[-12.08828,8.25376]]},"properties":{"id":572427399,"cls":"trunk","hw":"trunk","tg":"na","name":"Yonibana-Bo","ref":"TAH 7","surface":"asphalt","sc":"paved","speed":null,"lit":"unk","km":4.026}},
{"type":"Feature","geometry":{"type":"LineString","coordinates":[[-12.21489,8.32666],[-12.21529,8.32612],[-12.21539,8.32594],[-12.21546,8.32579],[-12.21559,8.32551],[-12.21568,8.3253],[-12.21577,8.32506],[-12.21582,8.32489],[-12.21589,8.3246],[-12.21591,8.3245],[-12.21593,8.32436],[-12.21596,8.32418],[-12.21596,8.32408],[-12.21598,8.32364],[-12.21599,8.32331],[-12.216,8.32296],[-12.216,8.3229],[-12.21598,8.32253]]},"properties":{"id":572427405,"cls":"trunk","hw":"trunk","tg":"na","name":"Yonibana-Bo","ref":"TAH 7","surface":"","sc":"unknown","speed":null,"lit":"unk","km":0.488}},
{"type":"Feature","geometry":{"type":"LineString","coordinates":[[-11.7284,7.9447],[-11.72858,7.94494],[-11.72871,7.94511]]},"properties":{"id":572429338,"cls":"primary","hw":"primary","tg":"na","name":"Sewa Road","ref":"","surface":"","sc":"unknown","speed":null,"lit":"unk","km":0.057}},
{"type":"Feature","geometry":{"type":"LineString","coordinates":[[-11.72871,7.94511],[-11.72865,7.94494],[-11.72853,7.94465]]},"properties":{"id":572429340,"cls":"primary","hw":"primary","tg":"na","name":"Sewa Road","ref":"","surface":"","sc":"unknown","speed":null,"lit":"unk","km":0.055}},
{"type":"Feature","geometry":{"type":"LineString","coordinates":[[-11.72783,7.9449],[-11.728,7.94483],[-11.72838,7.94469]]},"properties":{"id":572429343,"cls":"trunk","hw":"trunk","tg":"na","name":"","ref":"TAH 7","surface":"asphalt","sc":"paved","speed":null,"lit":"unk","km":0.065}},
{"type":"Feature","geometry":{"type":"LineString","coordinates":[[-11.72832,7.94457],[-11.72796,7.94478],[-11.72783,7.9449]]},"properties":{"id":572429345,"cls":"trunk","hw":"trunk","tg":"na","name":"","ref":"TAH 7","surface":"asphalt","sc":"paved","speed":null,"lit":"unk","km":0.066}},
{"type":"Feature","geometry":{"type":"LineString","coordinates":[[-11.72855,7.9446],[-11.72867,7.94455],[-11.72916,7.94434],[-11.72928,7.94427]]},"properties":{"id":572429348,"cls":"trunk","hw":"trunk","tg":"na","name":"Bo-Tiama Highway","ref":"TAH 7","surface":"asphalt","sc":"paved","speed":null,"lit":"unk","km":0.088}},
{"type":"Feature","geometry":{"type":"LineString","coordinates":[[-11.72928,7.94427],[-11.72916,7.94429],[-11.72884,7.94437],[-11.72854,7.94447],[-11.72847,7.94448]]},"properties":{"id":572429356,"cls":"trunk","hw":"trunk","tg":"na","name":"Bo-Tiama Highway","ref":"TAH 7","surface":"asphalt","sc":"paved","speed":null,"lit":"unk","km":0.092}},
{"type":"Feature","geometry":{"type":"LineString","coordinates":[[-11.39231,7.89343],[-11.39264,7.89349],[-11.39358,7.89366],[-11.39419,7.8938],[-11.39464,7.89395],[-11.39504,7.89412],[-11.39555,7.89437],[-11.39574,7.89448],[-11.39605,7.89469],[-11.39646,7.89498],[-11.39678,7.89527],[-11.39703,7.89553],[-11.39722,7.89574],[-11.39748,7.89604],[-11.39766,7.89632],[-11.39806,7.89699],[-11.39911,7.89877],[-11.39949,7.89948],[-11.39959,7.89964],[-11.39965,7.89974],[-11.40015,7.90059],[-11.40048,7.90114],[-11.40112,7.90223],[-11.40134,7.90257],[-11.40162,7.90292],[-11.40189,7.90324],[-11.40225,7.90357],[-11.40253,7.90379],[-11.4029,7.90406],[-11.40326,7.90427],[-11.4036,7.90444],[-11.40377,7.90452],[-11.40419,7.90473],[-11.40487,7.90503],[-11.40543,7.90531],[-11.40596,7.90556],[-11.40639,7.90576],[-11.40726,7.90622],[-11.4082,7.90668],[-11.40904,7.9071],[-11.40986,7.9075],[-11.41111,7.9081],[-11.41184,7.90845],[-11.41276,7.90891],[-11.41343,7.90924],[-11.41385,7.90945],[-11.41427,7.90968],[-11.4146,7.90988],[-11.41486,7.91008],[-11.41521,7.91035],[-11.41582,7.91088],[-11.4173,7.91231]]},"properties":{"id":572430032,"cls":"trunk","hw":"trunk","tg":"na","name":"Bo-Kenema Highway","ref":"TAH 7","surface":"asphalt","sc":"paved","speed":null,"lit":"unk","km":3.584}},
{"type":"Feature","geometry":{"type":"LineString","coordinates":[[-11.34428,7.88236],[-11.34453,7.88246]]},"properties":{"id":572430034,"cls":"trunk","hw":"trunk","tg":"na","name":"Bo-Kenema Highway","ref":"TAH 7","surface":"asphalt","sc":"paved","speed":null,"lit":"unk","km":0.03}},
{"type":"Feature","geometry":{"type":"LineString","coordinates":[[-11.19282,7.87374],[-11.19276,7.87386],[-11.19271,7.87398]]},"properties":{"id":572430565,"cls":"trunk","hw":"trunk","tg":"na","name":"Hangha Road","ref":"","surface":"paved","sc":"paved","speed":null,"lit":"unk","km":0.029}},
{"type":"Feature","geometry":{"type":"LineString","coordinates":[[-11.19271,7.87398],[-11.19284,7.8739],[-11.19295,7.87382]]},"properties":{"id":572430566,"cls":"trunk","hw":"trunk","tg":"na","name":"Hangha Road","ref":"","surface":"paved","sc":"paved","speed":null,"lit":"unk","km":0.032}},
{"type":"Feature","geometry":{"type":"LineString","coordinates":[[-11.19294,7.87358],[-11.19278,7.87353],[-11.19262,7.87347]]},"properties":{"id":572430567,"cls":"trunk","hw":"trunk","tg":"na","name":"","ref":"","surface":"","sc":"unknown","speed":null,"lit":"unk","km":0.037}},
{"type":"Feature","geometry":{"type":"LineString","coordinates":[[-11.19262,7.87347],[-11.19272,7.87358],[-11.19282,7.87367]]},"properties":{"id":572430568,"cls":"trunk","hw":"trunk","tg":"na","name":"","ref":"","surface":"","sc":"unknown","speed":null,"lit":"unk","km":0.031}},
{"type":"Feature","geometry":{"type":"LineString","coordinates":[[-13.20632,8.47982],[-13.20626,8.47972],[-13.20623,8.47966]]},"properties":{"id":572433670,"cls":"trunk","hw":"trunk_link","tg":"na","name":"","ref":"","surface":"","sc":"unknown","speed":null,"lit":"unk","km":0.02}},
{"type":"Feature","geometry":{"type":"LineString","coordinates":[[-12.9268,9.11181],[-12.92692,9.11196],[-12.92698,9.11201]]},"properties":{"id":572437021,"cls":"trunk","hw":"trunk","tg":"na","name":"","ref":"TAH 7","surface":"asphalt","sc":"paved","speed":null,"lit":"unk","km":0.03}},
{"type":"Feature","geometry":{"type":"LineString","coordinates":[[-12.92683,9.11167],[-12.92672,9.11153],[-12.92665,9.11149]]},"properties":{"id":572437024,"cls":"trunk","hw":"trunk","tg":"na","name":"","ref":"TAH 7","surface":"asphalt","sc":"paved","speed":null,"lit":"unk","km":0.029}},
{"type":"Feature","geometry":{"type":"LineString","coordinates":[[-12.92679,9.11181],[-12.9268,9.11181],[-12.92682,9.11181],[-12.92684,9.1118],[-12.92686,9.11178],[-12.92687,9.11176],[-12.92688,9.11174],[-12.92687,9.11171],[-12.92685,9.11169],[-12.92683,9.11167],[-12.92679,9.11167],[-12.92677,9.11168],[-12.92674,9.11171],[-12.92674,9.11173],[-12.92674,9.11175],[-12.92674,9.11177],[-12.92676,9.11179],[-12.92678,9.1118],[-12.92679,9.11181]]},"properties":{"id":572437026,"cls":"trunk","hw":"trunk","tg":"na","name":"","ref":"","surface":"asphalt","sc":"paved","speed":null,"lit":"unk","km":0.049}},
{"type":"Feature","geometry":{"type":"LineString","coordinates":[[-12.92698,9.11201],[-12.92697,9.11195],[-12.92689,9.1118],[-12.92687,9.11176]]},"properties":{"id":572437030,"cls":"trunk","hw":"trunk","tg":"na","name":"","ref":"TAH 7","surface":"asphalt","sc":"paved","speed":null,"lit":"unk","km":0.031}},
{"type":"Feature","geometry":{"type":"LineString","coordinates":[[-12.92665,9.11149],[-12.92666,9.11156],[-12.92674,9.11171]]},"properties":{"id":572437033,"cls":"trunk","hw":"trunk","tg":"na","name":"","ref":"TAH 7","surface":"asphalt","sc":"paved","speed":null,"lit":"unk","km":0.027}},
{"type":"Feature","geometry":{"type":"LineString","coordinates":[[-12.92698,9.11201],[-12.92764,9.11307],[-12.92938,9.11576],[-12.92962,9.11607],[-12.92985,9.11643],[-12.93043,9.11735],[-12.93061,9.11766]]},"properties":{"id":572437036,"cls":"trunk","hw":"trunk","tg":"na","name":"","ref":"TAH 7","surface":"asphalt","sc":"paved","speed":null,"lit":"unk","km":0.744}},
{"type":"Feature","geometry":{"type":"LineString","coordinates":[[-13.25981,8.48462],[-13.25977,8.48467]]},"properties":{"id":572470996,"cls":"primary","hw":"primary_link","tg":"na","name":"","ref":"","surface":"","sc":"unknown","speed":null,"lit":"unk","km":0.007}},
{"type":"Feature","geometry":{"type":"LineString","coordinates":[[-13.26088,8.48557],[-13.26093,8.48553],[-13.26095,8.48552],[-13.26102,8.48549]]},"properties":{"id":572470997,"cls":"primary","hw":"primary_link","tg":"na","name":"","ref":"","surface":"","sc":"unknown","speed":null,"lit":"unk","km":0.018}},
{"type":"Feature","geometry":{"type":"LineString","coordinates":[[-13.17411,8.40692],[-13.17389,8.40676]]},"properties":{"id":572475242,"cls":"primary","hw":"primary","tg":"na","name":"Youyi Highway","ref":"","surface":"","sc":"unknown","speed":null,"lit":"unk","km":0.03}},
{"type":"Feature","geometry":{"type":"LineString","coordinates":[[-13.17424,8.40701],[-13.17411,8.40692]]},"properties":{"id":572475243,"cls":"primary","hw":"primary","tg":"na","name":"Youyi Highway","ref":"","surface":"","sc":"unknown","speed":null,"lit":"unk","km":0.017}},
{"type":"Feature","geometry":{"type":"LineString","coordinates":[[-13.23539,8.48744],[-13.23549,8.48739],[-13.23561,8.4873]]},"properties":{"id":573743197,"cls":"primary","hw":"primary","tg":"na","name":"Siaka Stevens Street","ref":"","surface":"asphalt","sc":"paved","speed":null,"lit":"unk","km":0.029}},
{"type":"Feature","geometry":{"type":"LineString","coordinates":[[-13.23547,8.48723],[-13.23543,8.48733],[-13.23539,8.48744]]},"properties":{"id":573743200,"cls":"primary","hw":"primary","tg":"na","name":"Siaka Stevens Street","ref":"","surface":"asphalt","sc":"paved","speed":null,"lit":"unk","km":0.025}},
{"type":"Feature","geometry":{"type":"LineString","coordinates":[[-13.23577,8.48711],[-13.23587,8.48701],[-13.23595,8.48691]]},"properties":{"id":573743202,"cls":"primary","hw":"primary","tg":"na","name":"Siaka Stevens Street","ref":"","surface":"","sc":"unknown","speed":null,"lit":"unk","km":0.03}},
{"type":"Feature","geometry":{"type":"LineString","coordinates":[[-13.23595,8.48691],[-13.23583,8.48695],[-13.23578,8.48697],[-13.2357,8.487]]},"properties":{"id":573743206,"cls":"primary","hw":"primary","tg":"na","name":"Siaka Stevens Street","ref":"","surface":"","sc":"unknown","speed":null,"lit":"unk","km":0.029}},
{"type":"Feature","geometry":{"type":"LineString","coordinates":[[-13.25925,8.48415],[-13.25936,8.48418]]},"properties":{"id":573744054,"cls":"primary","hw":"primary_link","tg":"na","name":"","ref":"","surface":"","sc":"unknown","speed":null,"lit":"unk","km":0.013}},
{"type":"Feature","geometry":{"type":"LineString","coordinates":[[-13.26587,8.48497],[-13.26591,8.48498],[-13.26604,8.48498]]},"properties":{"id":573745153,"cls":"primary","hw":"primary_link","tg":"na","name":"","ref":"","surface":"","sc":"unknown","speed":null,"lit":"unk","km":0.019}},
{"type":"Feature","geometry":{"type":"LineString","coordinates":[[-13.26616,8.485],[-13.26614,8.48494],[-13.26613,8.48491],[-13.26613,8.48487]]},"properties":{"id":573745154,"cls":"primary","hw":"primary_link","tg":"na","name":"","ref":"","surface":"","sc":"unknown","speed":null,"lit":"unk","km":0.015}},
{"type":"Feature","geometry":{"type":"LineString","coordinates":[[-12.04379,8.88837],[-12.04381,8.88838],[-12.04383,8.88838],[-12.04386,8.88838],[-12.04393,8.88836]]},"properties":{"id":574151068,"cls":"primary","hw":"primary","tg":"na","name":"","ref":"","surface":"","sc":"unknown","speed":null,"lit":"unk","km":0.016}},
{"type":"Feature","geometry":{"type":"LineString","coordinates":[[-12.04393,8.88836],[-12.04402,8.88833],[-12.04414,8.88829],[-12.04426,8.88825],[-12.04436,8.88823],[-12.04455,8.88819]]},"properties":{"id":574151069,"cls":"primary","hw":"primary","tg":"na","name":"Rogbane Road","ref":"","surface":"paved","sc":"paved","speed":null,"lit":"unk","km":0.071}},
{"type":"Feature","geometry":{"type":"LineString","coordinates":[[-12.04927,8.88732],[-12.04911,8.88727],[-12.04901,8.88728],[-12.0489,8.8873],[-12.04873,8.8874],[-12.04814,8.88768],[-12.04778,8.88784],[-12.04746,8.88795],[-12.04726,8.88802],[-12.0471,8.88807],[-12.04672,8.88817],[-12.0464,8.88825],[-12.04626,8.88827],[-12.04612,8.88828],[-12.04586,8.88827],[-12.0452,8.88823],[-12.04455,8.88819]]},"properties":{"id":574151070,"cls":"primary","hw":"primary","tg":"na","name":"Mabanta Road","ref":"","surface":"paved","sc":"paved","speed":null,"lit":"unk","km":0.541}},
{"type":"Feature","geometry":{"type":"LineString","coordinates":[[-12.04419,8.88813],[-12.04411,8.88814],[-12.04393,8.88818]]},"properties":{"id":574151071,"cls":"primary","hw":"primary","tg":"na","name":"Magburaka Road","ref":"","surface":"","sc":"unknown","speed":null,"lit":"unk","km":0.029}},
{"type":"Feature","geometry":{"type":"LineString","coordinates":[[-12.04455,8.88819],[-12.04442,8.88816],[-12.04432,8.88814],[-12.04419,8.88813]]},"properties":{"id":574151072,"cls":"primary","hw":"primary","tg":"na","name":"","ref":"","surface":"","sc":"unknown","speed":null,"lit":"unk","km":0.04}},
{"type":"Feature","geometry":{"type":"LineString","coordinates":[[-11.18643,7.86251],[-11.18651,7.86256],[-11.1866,7.86262]]},"properties":{"id":574553558,"cls":"trunk","hw":"trunk","tg":"na","name":"","ref":"","surface":"","sc":"unknown","speed":null,"lit":"unk","km":0.022}},
{"type":"Feature","geometry":{"type":"LineString","coordinates":[[-11.1866,7.86262],[-11.18657,7.8625],[-11.18653,7.86245]]},"properties":{"id":574553560,"cls":"trunk","hw":"trunk","tg":"na","name":"","ref":"","surface":"","sc":"unknown","speed":null,"lit":"unk","km":0.021}},
{"type":"Feature","geometry":{"type":"LineString","coordinates":[[-11.18653,7.8623],[-11.18661,7.8622],[-11.18674,7.86207]]},"properties":{"id":574553562,"cls":"trunk","hw":"trunk","tg":"na","name":"Bo-Kenema Highway","ref":"TAH 7","surface":"asphalt","sc":"paved","speed":null,"lit":"unk","km":0.035}},
{"type":"Feature","geometry":{"type":"LineString","coordinates":[[-11.18674,7.86207],[-11.18657,7.86216],[-11.18648,7.86224]]},"properties":{"id":574553566,"cls":"trunk","hw":"trunk","tg":"na","name":"Bo-Kenema Highway","ref":"TAH 7","surface":"asphalt","sc":"paved","speed":null,"lit":"unk","km":0.035}},
{"type":"Feature","geometry":{"type":"LineString","coordinates":[[-11.18632,7.86224],[-11.18622,7.86218],[-11.18611,7.86213]]},"properties":{"id":574553569,"cls":"trunk","hw":"trunk","tg":"na","name":"Kenema-Joru Highway","ref":"TAH 7","surface":"","sc":"unknown","speed":null,"lit":"unk","km":0.026}},
{"type":"Feature","geometry":{"type":"LineString","coordinates":[[-11.18611,7.86213],[-11.18617,7.86221],[-11.18626,7.86234]]},"properties":{"id":574553572,"cls":"trunk","hw":"trunk","tg":"na","name":"Kenema-Joru Highway","ref":"TAH 7","surface":"","sc":"unknown","speed":null,"lit":"unk","km":0.029}},
{"type":"Feature","geometry":{"type":"LineString","coordinates":[[-13.27261,8.4527],[-13.27259,8.45278],[-13.27254,8.45295],[-13.27253,8.45306],[-13.27252,8.45318],[-13.27248,8.45336],[-13.27246,8.45356],[-13.27245,8.45368]]},"properties":{"id":574619591,"cls":"primary","hw":"primary","tg":"na","name":"Goderich Road","ref":"","surface":"","sc":"unknown","speed":null,"lit":"unk","km":0.111}},
{"type":"Feature","geometry":{"type":"LineString","coordinates":[[-12.0388,8.89556],[-12.03849,8.89602],[-12.03822,8.89653],[-12.03802,8.89695],[-12.0378,8.8974],[-12.03757,8.89785],[-12.03731,8.89836],[-12.03658,8.89982],[-12.03624,8.90054],[-12.03611,8.9008],[-12.03568,8.90165],[-12.03532,8.90239],[-12.03515,8.9027],[-12.03491,8.90301],[-12.03467,8.90334],[-12.03377,8.90454],[-12.03361,8.90475],[-12.03347,8.90495],[-12.03332,8.90519],[-12.03313,8.90555],[-12.033,8.90588],[-12.03286,8.90632],[-12.03272,8.90702],[-12.03266,8.90742],[-12.03259,8.90777],[-12.03255,8.90807],[-12.03252,8.90819],[-12.03249,8.90846],[-12.03241,8.90889],[-12.03233,8.90933],[-12.03216,8.9099],[-12.03194,8.91045],[-12.03182,8.91076],[-12.03177,8.91087],[-12.03132,8.91195],[-12.03126,8.91211],[-12.03121,8.91228],[-12.03112,8.91262],[-12.03101,8.91414],[-12.03107,8.91531],[-12.03098,8.91592],[-12.03087,8.91643],[-12.03072,8.91679],[-12.03064,8.91693],[-12.03012,8.91779],[-12.03004,8.9179],[-12.02994,8.91804],[-12.02958,8.91866],[-12.0291,8.9194],[-12.02866,8.91991],[-12.02827,8.92028],[-12.02789,8.92054],[-12.02757,8.9207],[-12.02702,8.92096],[-12.02613,8.92122],[-12.02422,8.92175],[-12.024,8.9218],[-12.0212,8.92244],[-12.02015,8.92268],[-12.01949,8.92285],[-12.01914,8.92296],[-12.01881,8.92307],[-12.01837,8.92327],[-12.01788,8.92353],[-12.01759,8.92372],[-12.01715,8.92404],[-12.0153,8.9257],[-12.01458,8.92636],[-12.01401,8.92678],[-12.01339,8.92716],[-12.01255,8.9276],[-12.01134,8.92821],[-12.00997,8.92891],[-12.00926,8.92927],[-12.00859,8.92962],[-12.00752,8.93015],[-12.00575,8.93106],[-12.00444,8.93178],[-12.00345,8.93227],[-12.00237,8.93284],[-12.00163,8.93318],[-12.00096,8.93345],[-11.99916,8.93414],[-11.9977,8.93482],[-11.99641,8.93544],[-11.99607,8.93559],[-11.99244,8.93724],[-11.99191,8.93751],[-11.99165,8.93766],[-11.9913,8.93791],[-11.99108,8.9381],[-11.99078,8.93842],[-11.99058,8.93869],[-11.99035,8.93903],[-11.99007,8.9395],[-11.98957,8.94051],[-11.98892,8.94192],[-11.98827,8.94321],[-11.9882,8.94334],[-11.98816,8.94344],[-11.98695,8.946],[-11.9867,8.94646],[-11.98656,8.94672],[-11.98616,8.94733],[-11.98574,8.94784],[-11.98518,8.94839],[-11.985,8.94858],[-11.98414,8.94926],[-11.98332,8.94991],[-11.98242,8.95062],[-11.98187,8.95105],[-11.98116,8.95161],[-11.9809,8.95181],[-11.98053,8.95209],[-11.98032,8.95225],[-11.97924,8.95298],[-11.9782,8.95365],[-11.978,8.95377],[-11.97786,8.95389],[-11.97765,8.95413],[-11.97731,8.95462],[-11.9772,8.95481],[-11.97706,8.95506],[-11.97687,8.9554],[-11.97678,8.95555],[-11.97606,8.95679],[-11.97572,8.95754],[-11.97554,8.95806],[-11.97507,8.95953],[-11.97491,8.95993],[-11.97471,8.96035],[-11.97421,8.96141],[-11.97414,8.96157],[-11.97408,8.96171],[-11.97394,8.96219],[-11.97381,8.96274],[-11.97338,8.96496],[-11.97267,8.96846],[-11.97217,8.97086],[-11.97166,8.97355],[-11.97138,8.97489],[-11.97113,8.97615],[-11.97107,8.97644],[-11.97078,8.97794],[-11.97066,8.97861],[-11.9705,8.9793],[-11.97021,8.98068],[-11.97009,8.98126],[-11.96992,8.98214],[-11.96984,8.98252],[-11.96972,8.98291],[-11.9696,8.98319],[-11.96925,8.98394],[-11.96894,8.98458],[-11.9681,8.98627],[-11.968,8.98647],[-11.96786,8.98676],[-11.96757,8.98737],[-11.96738,8.98774],[-11.96684,8.98886],[-11.9659,8.9908],[-11.96573,8.99131],[-11.96562,8.99177],[-11.96555,8.99242],[-11.96555,8.99275],[-11.96559,8.99324],[-11.96573,8.9945],[-11.96594,8.99595],[-11.96605,8.99673],[-11.96607,8.99692],[-11.96621,8.99781],[-11.96634,8.9984],[-11.96643,8.99876],[-11.96654,8.99921],[-11.96657,8.99932],[-11.96673,9.0001],[-11.96693,9.001],[-11.96708,9.00147],[-11.9672,9.0018],[-11.9676,9.00264],[-11.96811,9.00368],[-11.96837,9.00421],[-11.96862,9.00477],[-11.96877,9.00521],[-11.96889,9.00566],[-11.96894,9.00597],[-11.96906,9.00642],[-11.9691,9.00675],[-11.9693,9.00769],[-11.96943,9.00801],[-11.96961,9.00841],[-11.96981,9.00876],[-11.96997,9.00902],[-11.97072,9.01009],[-11.9708,9.01018],[-11.9713,9.01087],[-11.97153,9.01121],[-11.97174,9.01159],[-11.97199,9.01211],[-11.97221,9.01254],[-11.97236,9.01293],[-11.97247,9.0133],[-11.97251,9.01351],[-11.97259,9.01386],[-11.97261,9.01404],[-11.97263,9.01429],[-11.97266,9.01461],[-11.97266,9.01544],[-11.97262,9.01604],[-11.9724,9.01723],[-11.97162,9.02093],[-11.97116,9.0233],[-11.97007,9.02754],[-11.96996,9.02795],[-11.96982,9.02872],[-11.96976,9.02953],[-11.96975,9.03002],[-11.96979,9.03047],[-11.96983,9.03092],[-11.96993,9.03144],[-11.97005,9.03189],[-11.97019,9.03234],[-11.97053,9.03323],[-11.97085,9.03399],[-11.97099,9.03442],[-11.97107,9.03491],[-11.9711,9.03546],[-11.97107,9.0359],[-11.97098,9.03637],[-11.97084,9.03682],[-11.97063,9.03729],[-11.97047,9.03758],[-11.97,9.03824],[-11.9685,9.04009]]},"properties":{"id":584139149,"cls":"primary","hw":"primary","tg":"na","name":"Kabala Highway","ref":"","surface":"paved","sc":"paved","speed":null,"lit":"unk","km":20.094}},
{"type":"Feature","geometry":{"type":"LineString","coordinates":[[-12.04938,8.88736],[-12.04927,8.88732]]},"properties":{"id":584139150,"cls":"primary","hw":"primary","tg":"na","name":"Lunsar Road","ref":"","surface":"","sc":"unknown","speed":null,"lit":"unk","km":0.013}},
{"type":"Feature","geometry":{"type":"LineString","coordinates":[[-12.05846,8.8913],[-12.05819,8.89113],[-12.05808,8.89105],[-12.05712,8.89038],[-12.05627,8.88976],[-12.05597,8.88955],[-12.05557,8.88925],[-12.0551,8.88894],[-12.05473,8.88868],[-12.05451,8.88852]]},"properties":{"id":589838385,"cls":"primary","hw":"primary","tg":"na","name":"Azzolini Highway","ref":"","surface":"asphalt","sc":"paved","speed":null,"lit":"unk","km":0.533}},
{"type":"Feature","geometry":{"type":"LineString","coordinates":[[-11.73763,8.64365],[-11.73612,8.64425],[-11.73588,8.64435],[-11.73564,8.64446],[-11.73546,8.64456],[-11.73527,8.64465],[-11.73374,8.64554],[-11.73245,8.64627],[-11.73205,8.64646],[-11.73163,8.64661],[-11.73117,8.64671],[-11.73073,8.64676],[-11.73038,8.64676],[-11.73031,8.64675],[-11.73012,8.64674],[-11.72985,8.6467],[-11.72944,8.64661],[-11.72915,8.64651],[-11.72894,8.64642],[-11.72822,8.64609],[-11.7269,8.64552],[-11.72507,8.6447],[-11.72464,8.6445],[-11.72427,8.64431],[-11.72401,8.64416],[-11.72374,8.64399],[-11.72342,8.64378],[-11.72226,8.64292],[-11.72198,8.64274],[-11.72171,8.64259],[-11.72138,8.64243],[-11.72104,8.6423],[-11.72072,8.6422],[-11.72038,8.64212],[-11.72002,8.64207],[-11.71967,8.64204],[-11.71838,8.64199],[-11.71472,8.64178],[-11.71432,8.64178],[-11.71393,8.64183],[-11.71354,8.6419],[-11.7132,8.64202],[-11.71283,8.64216],[-11.71252,8.64234],[-11.71221,8.64255],[-11.71185,8.64284],[-11.7088,8.64562],[-11.7083,8.64607],[-11.7079,8.64642],[-11.70761,8.6466],[-11.7075,8.64664],[-11.70728,8.64674],[-11.707,8.6468],[-11.70669,8.64683],[-11.70637,8.6468],[-11.70606,8.64674],[-11.70582,8.64665],[-11.70556,8.64653],[-11.70537,8.6464],[-11.70517,8.64621],[-11.705,8.646],[-11.70486,8.64578],[-11.70473,8.64549],[-11.70463,8.6452],[-11.70447,8.64427],[-11.70432,8.64355],[-11.7041,8.64232],[-11.70381,8.64098],[-11.70371,8.64048],[-11.70361,8.6401],[-11.70354,8.63987],[-11.70347,8.63973],[-11.7034,8.63961],[-11.70327,8.63942],[-11.70307,8.63919],[-11.70271,8.63886],[-11.70221,8.63851],[-11.70191,8.63827],[-11.70168,8.63802],[-11.70151,8.63774],[-11.70138,8.63748],[-11.70129,8.6372],[-11.70124,8.63699],[-11.70121,8.63675],[-11.70124,8.63623],[-11.70135,8.63512],[-11.70142,8.63451],[-11.70144,8.63416],[-11.70145,8.63382],[-11.70135,8.63337],[-11.7012,8.63286],[-11.70083,8.63168],[-11.70042,8.63055],[-11.69993,8.62899],[-11.69959,8.62811],[-11.69947,8.62781],[-11.69936,8.62762],[-11.69917,8.62732],[-11.69897,8.62711],[-11.6988,8.62696],[-11.69858,8.62681],[-11.69836,8.62666],[-11.69812,8.62654],[-11.69787,8.62645],[-11.69766,8.62639],[-11.69743,8.62635],[-11.69645,8.62633],[-11.69572,8.62635],[-11.69351,8.62646],[-11.69113,8.62657],[-11.69082,8.62659],[-11.69057,8.62664],[-11.6903,8.62673],[-11.69003,8.62685],[-11.68979,8.62701],[-11.68955,8.62718],[-11.68906,8.62765],[-11.68858,8.62818],[-11.6884,8.62837],[-11.68829,8.6285],[-11.68815,8.62868],[-11.68796,8.62898],[-11.68779,8.62929],[-11.68741,8.63006],[-11.68723,8.63039],[-11.68708,8.63061],[-11.68692,8.6308],[-11.68673,8.63101],[-11.68655,8.63117],[-11.68636,8.63131],[-11.68614,8.63145],[-11.68597,8.63154],[-11.68565,8.63169],[-11.68429,8.63233],[-11.68339,8.63273],[-11.68307,8.63287],[-11.68275,8.63296],[-11.68252,8.633],[-11.68231,8.63302],[-11.68191,8.63303],[-11.68084,8.633],[-11.68048,8.633],[-11.68027,8.63301],[-11.68005,8.63304],[-11.67981,8.63311],[-11.67951,8.6332],[-11.67815,8.63366],[-11.67777,8.63379],[-11.67738,8.6339],[-11.67694,8.63403],[-11.67642,8.63415],[-11.67589,8.63425],[-11.67491,8.63434],[-11.67373,8.63449],[-11.67341,8.63451],[-11.67305,8.63451],[-11.67267,8.63448],[-11.67233,8.63442],[-11.67214,8.63438],[-11.67185,8.6343],[-11.67155,8.63419],[-11.6698,8.63344],[-11.66956,8.63333],[-11.66942,8.63326],[-11.66921,8.63311],[-11.66894,8.63297],[-11.66823,8.63256],[-11.66766,8.63224],[-11.66762,8.63221],[-11.66629,8.63138],[-11.66534,8.63079],[-11.66483,8.63048],[-11.66459,8.63032],[-11.66439,8.63021],[-11.6642,8.63012],[-11.66397,8.63004],[-11.6638,8.62998],[-11.66364,8.62993],[-11.66346,8.6299],[-11.66327,8.62986],[-11.66312,8.62984],[-11.66301,8.62982],[-11.66238,8.62973],[-11.66215,8.62969],[-11.66185,8.62962],[-11.66173,8.62955],[-11.6616,8.62951],[-11.66146,8.62943],[-11.6603,8.62881],[-11.65879,8.628]]},"properties":{"id":616418580,"cls":"primary","hw":"primary","tg":"na","name":"","ref":"","surface":"asphalt","sc":"paved","speed":80,"lit":"unk","km":11.225}},
{"type":"Feature","geometry":{"type":"LineString","coordinates":[[-12.05245,8.88356],[-12.05241,8.88282],[-12.05236,8.88237],[-12.0523,8.88179],[-12.05224,8.88128],[-12.05216,8.88063],[-12.05211,8.88027],[-12.05208,8.88011],[-12.05199,8.87978],[-12.05196,8.87966],[-12.0519,8.87949],[-12.05186,8.87938],[-12.05167,8.87887],[-12.05153,8.87857],[-12.05145,8.8784],[-12.05135,8.87821],[-12.05126,8.87805]]},"properties":{"id":630734571,"cls":"primary","hw":"primary","tg":"na","name":"Azzolini Highway","ref":"","surface":"","sc":"unknown","speed":80,"lit":"unk","km":0.633}},
{"type":"Feature","geometry":{"type":"LineString","coordinates":[[-11.09779,8.93998],[-11.09712,8.94001],[-11.09642,8.94002],[-11.09608,8.94006],[-11.09576,8.94012],[-11.09464,8.94038],[-11.09433,8.94045],[-11.09406,8.94049],[-11.09374,8.9405],[-11.09331,8.94049],[-11.09248,8.9405],[-11.09181,8.94053]]},"properties":{"id":649265814,"cls":"primary","hw":"primary","tg":"na","name":"","ref":"","surface":"unpaved","sc":"unpaved","speed":null,"lit":"unk","km":0.663}},
{"type":"Feature","geometry":{"type":"LineString","coordinates":[[-11.10293,8.83434],[-11.10308,8.83445],[-11.10322,8.83453]]},"properties":{"id":649265815,"cls":"primary","hw":"primary","tg":"na","name":"","ref":"","surface":"unpaved","sc":"unpaved","speed":null,"lit":"unk","km":0.038}},
{"type":"Feature","geometry":{"type":"LineString","coordinates":[[-12.05247,8.88378],[-12.05245,8.88356]]},"properties":{"id":652102653,"cls":"primary","hw":"primary","tg":"na","name":"Azzolini Highway","ref":"","surface":"asphalt","sc":"paved","speed":80,"lit":"unk","km":0.025}},
{"type":"Feature","geometry":{"type":"LineString","coordinates":[[-12.05251,8.88407],[-12.0525,8.88399],[-12.05249,8.88386]]},"properties":{"id":652102654,"cls":"primary","hw":"primary","tg":"na","name":"Azzolini Highway","ref":"","surface":"asphalt","sc":"paved","speed":80,"lit":"unk","km":0.023}},
{"type":"Feature","geometry":{"type":"LineString","coordinates":[[-12.05238,8.88395],[-12.05245,8.88402],[-12.05251,8.88407]]},"properties":{"id":652102655,"cls":"primary","hw":"primary","tg":"na","name":"","ref":"","surface":"","sc":"unknown","speed":null,"lit":"unk","km":0.02}},
{"type":"Feature","geometry":{"type":"LineString","coordinates":[[-12.05245,8.88356],[-12.05236,8.88372]]},"properties":{"id":652102657,"cls":"primary","hw":"primary","tg":"na","name":"","ref":"","surface":"","sc":"unknown","speed":null,"lit":"unk","km":0.02}},
{"type":"Feature","geometry":{"type":"LineString","coordinates":[[-12.05233,8.88373],[-12.05228,8.88376],[-12.05226,8.8838],[-12.05225,8.88385],[-12.05226,8.88386],[-12.05226,8.88387],[-12.05228,8.88391],[-12.05232,8.88394],[-12.05238,8.88395],[-12.05243,8.88394],[-12.05247,8.8839],[-12.05249,8.88386],[-12.05248,8.8838],[-12.05247,8.88378],[-12.05246,8.88375],[-12.05243,8.88373],[-12.0524,8.88372],[-12.05236,8.88372],[-12.05233,8.88373]]},"properties":{"id":652102663,"cls":"primary","hw":"primary","tg":"na","name":"","ref":"","surface":"","sc":"unknown","speed":null,"lit":"unk","km":0.082}},
{"type":"Feature","geometry":{"type":"LineString","coordinates":[[-12.05027,8.87533],[-12.05039,8.87533],[-12.0505,8.87534],[-12.05065,8.87538],[-12.05074,8.87542]]},"properties":{"id":667411474,"cls":"primary","hw":"primary_link","tg":"na","name":"","ref":"","surface":"","sc":"unknown","speed":null,"lit":"unk","km":0.053}},
{"type":"Feature","geometry":{"type":"LineString","coordinates":[[-10.95609,8.64628],[-10.95635,8.64625],[-10.95654,8.64623],[-10.95673,8.64623],[-10.95785,8.64625],[-10.95849,8.64625],[-10.95917,8.64623],[-10.95954,8.64622],[-10.95992,8.64621],[-10.96046,8.6462],[-10.96069,8.64619],[-10.96131,8.64618],[-10.96156,8.64617],[-10.96208,8.64616],[-10.96258,8.64615],[-10.96297,8.64615],[-10.96319,8.64614],[-10.96346,8.64613],[-10.96387,8.64612],[-10.96447,8.6461],[-10.96508,8.64609],[-10.96554,8.64607],[-10.96568,8.64605],[-10.9658,8.64603],[-10.96595,8.646],[-10.96623,8.64593],[-10.96642,8.64588]]},"properties":{"id":667687354,"cls":"primary","hw":"primary","tg":"na","name":"","ref":"","surface":"paved","sc":"paved","speed":null,"lit":"unk","km":1.139}},
{"type":"Feature","geometry":{"type":"LineString","coordinates":[[-10.9768,8.6426],[-10.97664,8.64266],[-10.9764,8.64275],[-10.97595,8.64293],[-10.97466,8.64346],[-10.97456,8.6435],[-10.97391,8.64379],[-10.97365,8.6439],[-10.97335,8.64402],[-10.97312,8.6441],[-10.97282,8.6442],[-10.97248,8.6443],[-10.97192,8.64444],[-10.97143,8.64457],[-10.97104,8.64466],[-10.97091,8.64469]]},"properties":{"id":667687355,"cls":"primary","hw":"primary","tg":"na","name":"Main Kaindordu Road","ref":"","surface":"asphalt","sc":"paved","speed":null,"lit":"unk","km":0.689}},
{"type":"Feature","geometry":{"type":"LineString","coordinates":[[-10.97091,8.64469],[-10.97079,8.64472],[-10.97035,8.64484],[-10.96987,8.64496],[-10.96943,8.64507],[-10.96928,8.64511],[-10.96876,8.64524],[-10.96854,8.6453],[-10.96823,8.64536],[-10.96794,8.64544],[-10.96771,8.64549],[-10.96746,8.64555],[-10.96711,8.64564],[-10.96671,8.64573],[-10.96642,8.6458],[-10.9662,8.64586],[-10.96608,8.6459],[-10.9658,8.64595],[-10.9656,8.64598],[-10.96547,8.64599],[-10.9653,8.646],[-10.96507,8.64601],[-10.96447,8.64603],[-10.96408,8.64604],[-10.96388,8.64605],[-10.96371,8.64605],[-10.96346,8.64606],[-10.96318,8.64606],[-10.96258,8.64608],[-10.96228,8.64609],[-10.96173,8.6461],[-10.96154,8.64611],[-10.96137,8.64611],[-10.96131,8.64611],[-10.96085,8.64612],[-10.96069,8.64613],[-10.96046,8.64613],[-10.95992,8.64615],[-10.95981,8.64615],[-10.95918,8.64617],[-10.95849,8.64618],[-10.958,8.64617],[-10.95785,8.64617],[-10.95722,8.64616],[-10.95673,8.64614],[-10.95655,8.64615],[-10.95642,8.64616],[-10.95629,8.64617],[-10.95613,8.6462],[-10.95578,8.64626],[-10.95567,8.64628],[-10.95559,8.64631],[-10.95554,8.64633],[-10.95547,8.64637],[-10.95531,8.64646]]},"properties":{"id":667687356,"cls":"primary","hw":"primary","tg":"na","name":"Main Kainkordu Road","ref":"","surface":"asphalt","sc":"paved","speed":null,"lit":"unk","km":1.739}},
{"type":"Feature","geometry":{"type":"LineString","coordinates":[[-10.96447,8.6461],[-10.96447,8.64603]]},"properties":{"id":667702214,"cls":"primary","hw":"primary_link","tg":"na","name":"","ref":"","surface":"","sc":"unknown","speed":null,"lit":"unk","km":0.008}},
{"type":"Feature","geometry":{"type":"LineString","coordinates":[[-10.96771,8.64549],[-10.96773,8.64557]]},"properties":{"id":667702215,"cls":"primary","hw":"primary_link","tg":"na","name":"","ref":"","surface":"","sc":"unknown","speed":null,"lit":"unk","km":0.009}},
{"type":"Feature","geometry":{"type":"LineString","coordinates":[[-10.97092,8.64475],[-10.97104,8.64472],[-10.97249,8.64435],[-10.97284,8.64425],[-10.97313,8.64415],[-10.97316,8.64414],[-10.97392,8.64385],[-10.9746,8.64355],[-10.97468,8.64351],[-10.97598,8.64299],[-10.97642,8.64281],[-10.97664,8.64272],[-10.9768,8.64267]]},"properties":{"id":668224876,"cls":"primary","hw":"primary","tg":"na","name":"Main Kainkordu Road","ref":"","surface":"asphalt","sc":"paved","speed":30,"lit":"unk","km":0.688}},
{"type":"Feature","geometry":{"type":"LineString","coordinates":[[-10.97598,8.64299],[-10.97595,8.64293]]},"properties":{"id":668229685,"cls":"primary","hw":"primary_link","tg":"na","name":"","ref":"","surface":"","sc":"unknown","speed":null,"lit":"unk","km":0.007}},
{"type":"Feature","geometry":{"type":"LineString","coordinates":[[-10.97468,8.64351],[-10.97466,8.64346]]},"properties":{"id":668229686,"cls":"primary","hw":"primary_link","tg":"na","name":"","ref":"","surface":"","sc":"unknown","speed":null,"lit":"unk","km":0.006}},
{"type":"Feature","geometry":{"type":"LineString","coordinates":[[-10.95524,8.64659],[-10.95532,8.64652]]},"properties":{"id":668437426,"cls":"primary","hw":"primary","tg":"na","name":"","ref":"","surface":"paved","sc":"paved","speed":null,"lit":"unk","km":0.012}},
{"type":"Feature","geometry":{"type":"LineString","coordinates":[[-10.95531,8.64646],[-10.95524,8.64659]]},"properties":{"id":668437428,"cls":"primary","hw":"primary","tg":"na","name":"","ref":"","surface":"paved","sc":"paved","speed":null,"lit":"unk","km":0.016}},
{"type":"Feature","geometry":{"type":"LineString","coordinates":[[-12.04375,8.88834],[-12.04377,8.88836],[-12.04379,8.88837]]},"properties":{"id":668439692,"cls":"primary","hw":"primary","tg":"na","name":"","ref":"","surface":"","sc":"unknown","speed":null,"lit":"unk","km":0.006}},
{"type":"Feature","geometry":{"type":"LineString","coordinates":[[-10.96131,8.64618],[-10.96131,8.64611]]},"properties":{"id":668440583,"cls":"primary","hw":"primary_link","tg":"na","name":"","ref":"","surface":"","sc":"unknown","speed":null,"lit":"unk","km":0.008}},
{"type":"Feature","geometry":{"type":"LineString","coordinates":[[-10.96346,8.64606],[-10.96346,8.64613]]},"properties":{"id":668440584,"cls":"primary","hw":"primary_link","tg":"na","name":"","ref":"","surface":"","sc":"unknown","speed":null,"lit":"unk","km":0.008}},
{"type":"Feature","geometry":{"type":"LineString","coordinates":[[-10.96318,8.64606],[-10.96319,8.64614]]},"properties":{"id":668440585,"cls":"primary","hw":"primary_link","tg":"na","name":"","ref":"","surface":"","sc":"unknown","speed":null,"lit":"unk","km":0.009}},
{"type":"Feature","geometry":{"type":"LineString","coordinates":[[-10.95673,8.64623],[-10.95673,8.64614]]},"properties":{"id":668453414,"cls":"primary","hw":"primary_link","tg":"na","name":"","ref":"","surface":"","sc":"unknown","speed":null,"lit":"unk","km":0.01}},
{"type":"Feature","geometry":{"type":"LineString","coordinates":[[-10.95785,8.64625],[-10.95785,8.64617]]},"properties":{"id":668453415,"cls":"primary","hw":"primary_link","tg":"na","name":"","ref":"","surface":"","sc":"unknown","speed":null,"lit":"unk","km":0.009}},
{"type":"Feature","geometry":{"type":"LineString","coordinates":[[-10.95849,8.64625],[-10.95849,8.64618]]},"properties":{"id":668453416,"cls":"primary","hw":"primary_link","tg":"na","name":"","ref":"","surface":"","sc":"unknown","speed":null,"lit":"unk","km":0.008}},
{"type":"Feature","geometry":{"type":"LineString","coordinates":[[-12.04383,8.88861],[-12.04393,8.88836]]},"properties":{"id":668461157,"cls":"primary","hw":"primary","tg":"na","name":"Rogbane Road","ref":"","surface":"paved","sc":"paved","speed":null,"lit":"unk","km":0.03}},
{"type":"Feature","geometry":{"type":"LineString","coordinates":[[-10.97898,8.6399],[-10.97885,8.6399],[-10.97823,8.64],[-10.97788,8.64006],[-10.9778,8.64009]]},"properties":{"id":668489862,"cls":"primary","hw":"primary","tg":"na","name":"Mashingbi Road","ref":"","surface":"asphalt","sc":"paved","speed":80,"lit":"unk","km":0.132}},
{"type":"Feature","geometry":{"type":"LineString","coordinates":[[-10.9778,8.64009],[-10.97756,8.64013],[-10.97743,8.64015],[-10.97729,8.64018],[-10.97715,8.64021],[-10.97705,8.64026],[-10.97692,8.64034],[-10.97686,8.64037],[-10.97681,8.64041],[-10.97676,8.64047]]},"properties":{"id":668489865,"cls":"primary","hw":"primary","tg":"na","name":"Mashingbi Road","ref":"","surface":"asphalt","sc":"paved","speed":80,"lit":"unk","km":0.125}},
{"type":"Feature","geometry":{"type":"LineString","coordinates":[[-12.04379,8.88837],[-12.04383,8.88861]]},"properties":{"id":668640223,"cls":"primary","hw":"primary","tg":"na","name":"Rogbane Road","ref":"","surface":"paved","sc":"paved","speed":null,"lit":"unk","km":0.027}},
{"type":"Feature","geometry":{"type":"LineString","coordinates":[[-13.26846,8.47168],[-13.26845,8.47161]]},"properties":{"id":669171251,"cls":"primary","hw":"primary_link","tg":"na","name":"","ref":"","surface":"","sc":"unknown","speed":null,"lit":"unk","km":0.008}},
{"type":"Feature","geometry":{"type":"LineString","coordinates":[[-13.23879,8.45111],[-13.23884,8.45104]]},"properties":{"id":669757814,"cls":"primary","hw":"primary_link","tg":"na","name":"","ref":"","surface":"","sc":"unknown","speed":null,"lit":"unk","km":0.01}},
{"type":"Feature","geometry":{"type":"LineString","coordinates":[[-13.24222,8.38006],[-13.24227,8.38]]},"properties":{"id":670221911,"cls":"primary","hw":"primary_link","tg":"na","name":"","ref":"","surface":"asphalt","sc":"paved","speed":null,"lit":"unk","km":0.009}},
{"type":"Feature","geometry":{"type":"LineString","coordinates":[[-13.21109,8.48925],[-13.21098,8.48921],[-13.2109,8.48919],[-13.21084,8.48916]]},"properties":{"id":670261794,"cls":"primary","hw":"primary","tg":"na","name":"","ref":"","surface":"asphalt","sc":"paved","speed":null,"lit":"unk","km":0.029}},
{"type":"Feature","geometry":{"type":"LineString","coordinates":[[-13.27022,8.47071],[-13.27016,8.47075]]},"properties":{"id":670465517,"cls":"primary","hw":"primary_link","tg":"na","name":"","ref":"","surface":"","sc":"unknown","speed":null,"lit":"unk","km":0.008}},
{"type":"Feature","geometry":{"type":"LineString","coordinates":[[-13.27917,8.44506],[-13.27911,8.44506]]},"properties":{"id":670467743,"cls":"primary","hw":"primary_link","tg":"na","name":"","ref":"","surface":"","sc":"unknown","speed":null,"lit":"unk","km":0.007}},
{"type":"Feature","geometry":{"type":"LineString","coordinates":[[-13.21742,8.48963],[-13.21742,8.48969]]},"properties":{"id":670478016,"cls":"primary","hw":"primary_link","tg":"na","name":"","ref":"","surface":"","sc":"unknown","speed":null,"lit":"unk","km":0.007}},
{"type":"Feature","geometry":{"type":"LineString","coordinates":[[-13.2167,8.48968],[-13.2167,8.48974]]},"properties":{"id":670478017,"cls":"primary","hw":"primary_link","tg":"na","name":"","ref":"","surface":"asphalt","sc":"paved","speed":null,"lit":"unk","km":0.007}},
{"type":"Feature","geometry":{"type":"LineString","coordinates":[[-13.26944,8.46947],[-13.26939,8.46951]]},"properties":{"id":670505875,"cls":"primary","hw":"primary_link","tg":"na","name":"","ref":"","surface":"","sc":"unknown","speed":null,"lit":"unk","km":0.007}},
{"type":"Feature","geometry":{"type":"LineString","coordinates":[[-13.26906,8.46879],[-13.269,8.46882]]},"properties":{"id":670505876,"cls":"primary","hw":"primary_link","tg":"na","name":"","ref":"","surface":"","sc":"unknown","speed":null,"lit":"unk","km":0.007}},
{"type":"Feature","geometry":{"type":"LineString","coordinates":[[-13.26977,8.46502],[-13.2697,8.46502]]},"properties":{"id":670505877,"cls":"primary","hw":"primary_link","tg":"na","name":"","ref":"","surface":"","sc":"unknown","speed":null,"lit":"unk","km":0.008}},
{"type":"Feature","geometry":{"type":"LineString","coordinates":[[-13.26954,8.46294],[-13.26962,8.46291]]},"properties":{"id":670505878,"cls":"primary","hw":"primary_link","tg":"na","name":"","ref":"","surface":"","sc":"unknown","speed":null,"lit":"unk","km":0.009}},
{"type":"Feature","geometry":{"type":"LineString","coordinates":[[-13.2628,8.46838],[-13.26278,8.46845]]},"properties":{"id":670678216,"cls":"primary","hw":"primary_link","tg":"na","name":"","ref":"","surface":"","sc":"unknown","speed":null,"lit":"unk","km":0.008}},
{"type":"Feature","geometry":{"type":"LineString","coordinates":[[-13.27394,8.46649],[-13.27386,8.46655]]},"properties":{"id":670703045,"cls":"primary","hw":"primary_link","tg":"na","name":"","ref":"","surface":"","sc":"unknown","speed":null,"lit":"unk","km":0.011}},
{"type":"Feature","geometry":{"type":"LineString","coordinates":[[-13.27448,8.46715],[-13.27441,8.46721]]},"properties":{"id":670703047,"cls":"primary","hw":"primary_link","tg":"na","name":"","ref":"","surface":"","sc":"unknown","speed":null,"lit":"unk","km":0.01}},
{"type":"Feature","geometry":{"type":"LineString","coordinates":[[-13.26459,8.46998],[-13.26453,8.47001]]},"properties":{"id":670709696,"cls":"primary","hw":"primary_link","tg":"na","name":"","ref":"","surface":"","sc":"unknown","speed":null,"lit":"unk","km":0.007}},
{"type":"Feature","geometry":{"type":"LineString","coordinates":[[-13.2697,8.4638],[-13.2696,8.4638]]},"properties":{"id":670709697,"cls":"primary","hw":"primary_link","tg":"na","name":"","ref":"","surface":"","sc":"unknown","speed":null,"lit":"unk","km":0.011}},
{"type":"Feature","geometry":{"type":"LineString","coordinates":[[-12.85194,8.92701],[-12.85268,8.92727]]},"properties":{"id":674971202,"cls":"trunk","hw":"trunk","tg":"na","name":"","ref":"TAH 7","surface":"paved","sc":"paved","speed":null,"lit":"unk","km":0.086}},
{"type":"Feature","geometry":{"type":"LineString","coordinates":[[-12.84992,8.92539],[-12.85033,8.92584],[-12.8508,8.92634],[-12.85099,8.92653],[-12.85115,8.92664],[-12.85129,8.92673],[-12.85142,8.92681],[-12.85164,8.92691],[-12.85194,8.92701]]},"properties":{"id":674971204,"cls":"trunk","hw":"trunk","tg":"na","name":"","ref":"TAH 7","surface":"asphalt","sc":"paved","speed":null,"lit":"unk","km":0.291}},
{"type":"Feature","geometry":{"type":"LineString","coordinates":[[-12.2138,8.32823],[-12.21366,8.32841]]},"properties":{"id":675186751,"cls":"trunk","hw":"trunk","tg":"na","name":"Yonibana-Bo","ref":"TAH 7","surface":"","sc":"unknown","speed":null,"lit":"unk","km":0.025}},
{"type":"Feature","geometry":{"type":"LineString","coordinates":[[-12.21489,8.32666],[-12.21448,8.32724],[-12.21438,8.32739],[-12.21411,8.3278],[-12.2138,8.32823]]},"properties":{"id":675186752,"cls":"trunk","hw":"trunk","tg":"na","name":"Yonibana-Bo","ref":"TAH 7","surface":"","sc":"unknown","speed":null,"lit":"unk","km":0.212}},
{"type":"Feature","geometry":{"type":"LineString","coordinates":[[-12.64143,8.48678],[-12.64167,8.48647]]},"properties":{"id":675186753,"cls":"trunk","hw":"trunk","tg":"na","name":"Masiaka-Yonibama Highway","ref":"TAH 7","surface":"","sc":"unknown","speed":null,"lit":"unk","km":0.043}},
{"type":"Feature","geometry":{"type":"LineString","coordinates":[[-12.58118,8.47832],[-12.58146,8.47854],[-12.5817,8.47873],[-12.58191,8.47889],[-12.58222,8.47913],[-12.5841,8.48058],[-12.58493,8.48121],[-12.58566,8.48171],[-12.58614,8.482],[-12.58664,8.48222],[-12.58702,8.48236],[-12.58784,8.48262],[-12.58923,8.48305],[-12.58974,8.4832],[-12.5905,8.48343],[-12.59156,8.48374],[-12.59199,8.48387],[-12.59318,8.48423],[-12.5935,8.48433],[-12.59377,8.48442],[-12.594,8.48449],[-12.5955,8.48496],[-12.59835,8.48583],[-12.60003,8.48635],[-12.6003,8.48644],[-12.60123,8.48672],[-12.60164,8.48681],[-12.60209,8.48686],[-12.60266,8.48686],[-12.60301,8.48682],[-12.60345,8.48673],[-12.60397,8.48659],[-12.60439,8.48645],[-12.60504,8.4862],[-12.60599,8.4858],[-12.60648,8.48562],[-12.60724,8.48529],[-12.60756,8.4852],[-12.60788,8.48515],[-12.60822,8.48515],[-12.60863,8.4852],[-12.60994,8.48543],[-12.61018,8.48547],[-12.61081,8.48557],[-12.6113,8.48565],[-12.61155,8.48566],[-12.61179,8.48564],[-12.61206,8.48559],[-12.61232,8.48552],[-12.6126,8.48539],[-12.61307,8.4851],[-12.61376,8.48463],[-12.61418,8.4844],[-12.61438,8.48431],[-12.61468,8.48424],[-12.61491,8.48421],[-12.6151,8.48421],[-12.61528,8.48422],[-12.61563,8.48428],[-12.6158,8.48433],[-12.61612,8.48441],[-12.61658,8.48456],[-12.61748,8.48484],[-12.61837,8.4851],[-12.61923,8.48534],[-12.61968,8.48549],[-12.62005,8.48556],[-12.62035,8.4856],[-12.62069,8.48561],[-12.62119,8.48555],[-12.62165,8.4854],[-12.6228,8.48484],[-12.62465,8.48388],[-12.6251,8.48369],[-12.62547,8.48359],[-12.62588,8.48354],[-12.62625,8.48357],[-12.62664,8.48365],[-12.62709,8.48378],[-12.62735,8.48391],[-12.62769,8.48412],[-12.62801,8.4844],[-12.62829,8.48476],[-12.62847,8.48505],[-12.62861,8.48538],[-12.62904,8.48659],[-12.62924,8.48695],[-12.62961,8.48737],[-12.63005,8.48771],[-12.63065,8.48809],[-12.63122,8.48837],[-12.63214,8.48885],[-12.63259,8.48904],[-12.63307,8.4892],[-12.63331,8.48924],[-12.63359,8.48925],[-12.63396,8.48922],[-12.63432,8.48918],[-12.63583,8.48901],[-12.63823,8.48881],[-12.63905,8.48874],[-12.63934,8.48868],[-12.63961,8.48859],[-12.63995,8.48841],[-12.6403,8.48816],[-12.64056,8.48788],[-12.64088,8.48748],[-12.64143,8.48678]]},"properties":{"id":675186754,"cls":"trunk","hw":"trunk","tg":"na","name":"Masiaka-Yonibama Highway","ref":"TAH 7","surface":"","sc":"unknown","speed":null,"lit":"unk","km":7.369}},
{"type":"Feature","geometry":{"type":"LineString","coordinates":[[-11.94492,8.1683],[-11.94528,8.16844]]},"properties":{"id":675203573,"cls":"trunk","hw":"trunk","tg":"na","name":"Yonibana-Bo","ref":"TAH 7","surface":"paved","sc":"paved","speed":null,"lit":"unk","km":0.043}},
{"type":"Feature","geometry":{"type":"LineString","coordinates":[[-11.8497,8.10555],[-11.84976,8.10584],[-11.8498,8.10611],[-11.84985,8.10639],[-11.84989,8.10659],[-11.85006,8.10765],[-11.85016,8.10833],[-11.85019,8.10868],[-11.85037,8.10999],[-11.85044,8.11043],[-11.85062,8.11167],[-11.8507,8.11212],[-11.85085,8.11294],[-11.85096,8.11365],[-11.85102,8.11425],[-11.8511,8.11488],[-11.8512,8.11544],[-11.85131,8.1158],[-11.85142,8.11609],[-11.8515,8.11625],[-11.8518,8.11683],[-11.85216,8.11734],[-11.85252,8.11778],[-11.85294,8.11817],[-11.85331,8.11847],[-11.85379,8.11876],[-11.85471,8.11932],[-11.85509,8.11953],[-11.85566,8.11982],[-11.85657,8.12022],[-11.85747,8.12061],[-11.85853,8.12098],[-11.86081,8.12179],[-11.86169,8.12211],[-11.86215,8.12228],[-11.86252,8.1225],[-11.86298,8.12277],[-11.86351,8.12312],[-11.86387,8.12341],[-11.86431,8.12378],[-11.86466,8.1241],[-11.86497,8.12446],[-11.86572,8.1254],[-11.86712,8.12718],[-11.86822,8.12851],[-11.8688,8.12922],[-11.86934,8.12983],[-11.8699,8.13038],[-11.87057,8.13098],[-11.87131,8.13177],[-11.87263,8.133],[-11.87315,8.13353],[-11.87379,8.13418],[-11.87417,8.13457],[-11.8746,8.13499],[-11.87497,8.13533],[-11.87534,8.13563],[-11.87561,8.1358],[-11.87616,8.13608],[-11.87683,8.13633],[-11.87719,8.13645],[-11.87755,8.13653],[-11.87795,8.13658],[-11.87832,8.13659],[-11.88019,8.13652],[-11.88182,8.13645],[-11.88355,8.13638]]},"properties":{"id":675203574,"cls":"trunk","hw":"trunk","tg":"na","name":"Yonibana-Bo","ref":"TAH 7","surface":"asphalt","sc":"paved","speed":null,"lit":"unk","km":5.606}},
{"type":"Feature","geometry":{"type":"LineString","coordinates":[[-11.69946,8.11767],[-11.69946,8.11802]]},"properties":{"id":676244828,"cls":"primary","hw":"primary","tg":"na","name":"Mahei Boima Road","ref":"","surface":"","sc":"unknown","speed":null,"lit":"unk","km":0.039}},
{"type":"Feature","geometry":{"type":"LineString","coordinates":[[-11.73794,7.98274],[-11.73789,7.98301],[-11.73784,7.98327],[-11.73776,7.98366],[-11.73772,7.98385],[-11.73749,7.98494],[-11.73736,7.98558],[-11.73706,7.98703],[-11.73701,7.98727],[-11.73693,7.98761],[-11.7369,7.98777],[-11.73677,7.98842],[-11.73666,7.98906],[-11.73641,7.99023],[-11.73635,7.99054],[-11.73625,7.99074],[-11.7361,7.99098],[-11.73585,7.99119],[-11.7357,7.9913],[-11.73519,7.9916],[-11.73497,7.99173],[-11.73483,7.99182],[-11.73469,7.99191],[-11.73426,7.99218],[-11.7338,7.99244],[-11.7333,7.99271],[-11.73294,7.99297],[-11.73236,7.99336],[-11.73196,7.99367],[-11.73174,7.99392],[-11.73155,7.99425],[-11.73142,7.99471],[-11.73139,7.9948],[-11.73137,7.9949],[-11.73132,7.99512],[-11.73111,7.99596],[-11.73078,7.99718],[-11.73029,7.99913],[-11.73022,7.99962],[-11.73023,7.99993],[-11.73024,8.00021],[-11.73027,8.00039],[-11.73041,8.00108],[-11.73046,8.00144],[-11.73049,8.00173],[-11.73049,8.00203],[-11.73042,8.00236],[-11.73034,8.00263],[-11.73021,8.00288],[-11.73006,8.00311],[-11.72986,8.00337],[-11.72936,8.00409],[-11.72854,8.00528],[-11.72843,8.00544],[-11.72819,8.00579],[-11.7277,8.00647],[-11.72758,8.00667],[-11.7275,8.00686],[-11.72739,8.00721],[-11.72732,8.00755],[-11.72724,8.00827],[-11.72719,8.00867],[-11.72707,8.00939],[-11.72703,8.00976],[-11.72702,8.01012],[-11.72704,8.01044],[-11.72715,8.01128],[-11.72722,8.01179],[-11.72729,8.0122],[-11.72741,8.01275],[-11.72784,8.01408],[-11.72805,8.01468],[-11.72832,8.01543],[-11.72853,8.01606],[-11.72861,8.01637],[-11.72864,8.0166],[-11.72865,8.0168],[-11.72861,8.01718],[-11.72856,8.01767],[-11.72836,8.01884],[-11.72828,8.01928],[-11.72824,8.01947],[-11.72792,8.02125],[-11.72768,8.02278],[-11.7275,8.02382],[-11.72733,8.0246],[-11.72706,8.02636],[-11.72704,8.02671],[-11.72707,8.02699],[-11.72712,8.02724],[-11.72722,8.02746],[-11.72759,8.02824],[-11.72822,8.0296],[-11.72865,8.03042],[-11.72888,8.03102],[-11.72894,8.03136],[-11.72894,8.03178],[-11.72889,8.03215],[-11.72877,8.03271],[-11.7285,8.0341],[-11.72828,8.03542],[-11.72824,8.03566],[-11.72818,8.03588],[-11.72808,8.03608],[-11.72793,8.03628],[-11.72775,8.03656],[-11.72758,8.0369],[-11.72747,8.03721],[-11.7274,8.03754],[-11.7274,8.03799],[-11.72741,8.03841],[-11.72745,8.04038],[-11.72745,8.04075],[-11.72744,8.041],[-11.7274,8.04125],[-11.72732,8.0415],[-11.72719,8.04182],[-11.72687,8.04264],[-11.72675,8.0429],[-11.72663,8.04314],[-11.72647,8.04336],[-11.72632,8.04352],[-11.72608,8.04383],[-11.72592,8.0441],[-11.72587,8.04425],[-11.72583,8.04441],[-11.72578,8.04486],[-11.72579,8.04531],[-11.72575,8.04609],[-11.72575,8.04686],[-11.72571,8.04801],[-11.72569,8.04845],[-11.72565,8.04878],[-11.72559,8.0491],[-11.72537,8.0502],[-11.72531,8.0508],[-11.72529,8.05125],[-11.72528,8.05174],[-11.72524,8.05264],[-11.7253,8.05344],[-11.72528,8.05376],[-11.72526,8.05399],[-11.7252,8.05438],[-11.72509,8.05513],[-11.72487,8.05646],[-11.72476,8.05694],[-11.72465,8.0573],[-11.72444,8.0578],[-11.72411,8.05851],[-11.72317,8.06017],[-11.72301,8.06045],[-11.72294,8.06059],[-11.72288,8.06076],[-11.72285,8.06093]]},"properties":{"id":676244831,"cls":"primary","hw":"primary","tg":"na","name":"Mahei Boima Road","ref":"","surface":"unpaved","sc":"unpaved","speed":null,"lit":"unk","km":9.319}},
{"type":"Feature","geometry":{"type":"LineString","coordinates":[[-11.73488,8.31651],[-11.73502,8.31783]]},"properties":{"id":676244846,"cls":"primary","hw":"primary","tg":"na","name":"Mahei Boima Road","ref":"","surface":"","sc":"unknown","speed":null,"lit":"unk","km":0.148}},
{"type":"Feature","geometry":{"type":"LineString","coordinates":[[-11.73502,8.31783],[-11.73509,8.31825],[-11.73515,8.31871],[-11.73515,8.31905],[-11.7351,8.31937],[-11.73505,8.31957],[-11.73498,8.31976],[-11.73483,8.32002],[-11.73469,8.32025],[-11.73457,8.32048],[-11.73453,8.3206],[-11.73451,8.32069],[-11.73451,8.32089],[-11.73453,8.32114],[-11.7346,8.32153],[-11.73504,8.32296],[-11.73581,8.32545],[-11.73596,8.32586],[-11.7362,8.32637],[-11.7365,8.3269],[-11.73694,8.32777],[-11.73708,8.32812],[-11.73716,8.32838],[-11.73725,8.32874],[-11.73731,8.32912],[-11.73742,8.32998],[-11.73758,8.33134],[-11.73764,8.33159],[-11.73773,8.33182],[-11.7379,8.33209],[-11.73803,8.33227],[-11.73823,8.33249],[-11.73851,8.3328],[-11.73924,8.33361],[-11.74001,8.3345],[-11.74044,8.33502],[-11.74065,8.33528],[-11.74075,8.33543],[-11.74146,8.3366],[-11.74161,8.33687],[-11.74173,8.33712],[-11.74181,8.33731],[-11.74191,8.33756],[-11.74199,8.3378],[-11.74211,8.33807],[-11.74221,8.33829],[-11.74234,8.33852],[-11.74259,8.33895],[-11.74277,8.3393],[-11.74289,8.33958],[-11.74303,8.33999],[-11.74324,8.34058],[-11.74361,8.3417],[-11.7438,8.34223],[-11.74394,8.34257],[-11.74405,8.34278],[-11.7442,8.34299],[-11.74466,8.34362],[-11.74515,8.34429],[-11.74562,8.3449],[-11.74606,8.34542],[-11.74664,8.3461],[-11.74717,8.34679],[-11.74732,8.34705],[-11.74746,8.34732],[-11.74763,8.34772],[-11.74776,8.34807],[-11.74791,8.34856],[-11.74802,8.34894],[-11.74816,8.34955],[-11.74842,8.35096],[-11.74856,8.35182],[-11.74861,8.35236],[-11.74865,8.35317],[-11.7487,8.35371],[-11.74875,8.35394],[-11.7488,8.3541],[-11.74886,8.35425],[-11.74891,8.35435],[-11.74899,8.35447],[-11.74908,8.35457],[-11.74918,8.35469],[-11.74926,8.35478]]},"properties":{"id":676244848,"cls":"primary","hw":"primary","tg":"na","name":"Mahei Boima Road","ref":"","surface":"unpaved","sc":"unpaved","speed":null,"lit":"unk","km":4.545}},
{"type":"Feature","geometry":{"type":"LineString","coordinates":[[-11.74926,8.35478],[-11.74953,8.35508]]},"properties":{"id":676244850,"cls":"primary","hw":"primary","tg":"na","name":"Mahei Boima Road","ref":"","surface":"","sc":"unknown","speed":null,"lit":"unk","km":0.045}},
{"type":"Feature","geometry":{"type":"LineString","coordinates":[[-11.75106,8.3567],[-11.75134,8.35705],[-11.75259,8.35843],[-11.75304,8.35889],[-11.75327,8.35907],[-11.75344,8.35918],[-11.75366,8.35929],[-11.75376,8.35934],[-11.75386,8.35938],[-11.75401,8.35942],[-11.7543,8.35949],[-11.75485,8.3596],[-11.75583,8.35977],[-11.75636,8.35988],[-11.75654,8.35992],[-11.75667,8.35997],[-11.75683,8.36003],[-11.75707,8.36013],[-11.75723,8.36021],[-11.75742,8.36031],[-11.75766,8.36042],[-11.75787,8.36051],[-11.75809,8.36059],[-11.75829,8.36064],[-11.75848,8.36068],[-11.75963,8.36095],[-11.76146,8.36139],[-11.76229,8.36158],[-11.76267,8.36162],[-11.76295,8.36163],[-11.76314,8.36163],[-11.76341,8.36161],[-11.76379,8.36157],[-11.76405,8.36157],[-11.76426,8.36159],[-11.76439,8.36162],[-11.76453,8.36168],[-11.7647,8.36181],[-11.76496,8.36208],[-11.76513,8.36226],[-11.76547,8.3626],[-11.7658,8.36288],[-11.76606,8.36307],[-11.76638,8.36325],[-11.76664,8.3634],[-11.76682,8.36347],[-11.76703,8.36353],[-11.76722,8.36358],[-11.76736,8.3636],[-11.76751,8.36361],[-11.76766,8.36361],[-11.76783,8.36359],[-11.768,8.36358],[-11.7687,8.36346],[-11.76992,8.36326],[-11.77063,8.36315],[-11.77092,8.36312],[-11.77115,8.36313],[-11.77151,8.36316],[-11.77182,8.36322],[-11.77219,8.3633],[-11.77322,8.36358],[-11.77381,8.36372],[-11.77442,8.36388],[-11.77475,8.36399],[-11.77487,8.36403],[-11.77497,8.36409],[-11.77511,8.36417],[-11.77525,8.36429],[-11.77539,8.3644],[-11.7756,8.36463],[-11.77574,8.36478],[-11.77635,8.36548],[-11.77674,8.36595],[-11.77781,8.36721],[-11.77824,8.36777],[-11.77861,8.36832],[-11.77883,8.36859],[-11.77897,8.36876],[-11.77905,8.36884],[-11.77917,8.36893],[-11.77935,8.36906],[-11.77946,8.36915],[-11.77961,8.36927],[-11.77973,8.36938],[-11.78001,8.36958],[-11.78028,8.36976],[-11.78092,8.37011],[-11.78109,8.37018],[-11.78122,8.37022],[-11.78138,8.37028],[-11.78149,8.37033],[-11.78161,8.37044],[-11.7817,8.37054],[-11.78176,8.37065],[-11.78182,8.37077],[-11.78188,8.37088],[-11.78192,8.371],[-11.78197,8.37112],[-11.78201,8.37122],[-11.78207,8.3714],[-11.78211,8.37152],[-11.78217,8.37166],[-11.78247,8.37229],[-11.78256,8.37242],[-11.78264,8.37252],[-11.78293,8.37281],[-11.78347,8.3733],[-11.7836,8.37345],[-11.78373,8.37364],[-11.7838,8.37377],[-11.78387,8.37391],[-11.78392,8.37405],[-11.78399,8.37426],[-11.7843,8.37517],[-11.78449,8.37572],[-11.78474,8.37659],[-11.78495,8.37727],[-11.78515,8.37781],[-11.78534,8.37834],[-11.78549,8.37866],[-11.78625,8.38042],[-11.78636,8.38073],[-11.78647,8.38099],[-11.78656,8.38115],[-11.78668,8.38131],[-11.78698,8.38173],[-11.78727,8.38214],[-11.78738,8.38229],[-11.78745,8.38243],[-11.7875,8.38258],[-11.78753,8.38269],[-11.78759,8.38292],[-11.78763,8.38318],[-11.7877,8.38363],[-11.78778,8.38415],[-11.78783,8.38443],[-11.78785,8.38475],[-11.78783,8.38527],[-11.78777,8.38571],[-11.78767,8.38616],[-11.78761,8.38637],[-11.78747,8.38666],[-11.7873,8.38694],[-11.78715,8.38715],[-11.78704,8.3873],[-11.78647,8.3881],[-11.78608,8.38865],[-11.78584,8.38904],[-11.7858,8.38913],[-11.78576,8.38922]]},"properties":{"id":676244851,"cls":"primary","hw":"primary","tg":"na","name":"Mahei Boima Road","ref":"","surface":"unpaved","sc":"unpaved","speed":null,"lit":"unk","km":6.237}},
{"type":"Feature","geometry":{"type":"LineString","coordinates":[[-11.7994,8.41144],[-11.79986,8.41175]]},"properties":{"id":676278337,"cls":"primary","hw":"primary","tg":"na","name":"Mahei Boima Road","ref":"","surface":"","sc":"unknown","speed":null,"lit":"unk","km":0.061}},
{"type":"Feature","geometry":{"type":"LineString","coordinates":[[-11.78567,8.38946],[-11.78565,8.38954],[-11.78563,8.38966],[-11.78563,8.38982],[-11.78565,8.38991],[-11.7857,8.39],[-11.78575,8.39007],[-11.78623,8.39062],[-11.78641,8.39086],[-11.78691,8.39144],[-11.78727,8.39183],[-11.78755,8.39214],[-11.78782,8.39246],[-11.78804,8.39278],[-11.78819,8.39304],[-11.78881,8.39421],[-11.78897,8.39456],[-11.7893,8.3953],[-11.78959,8.39597],[-11.79009,8.39721],[-11.79062,8.39842],[-11.79114,8.39943],[-11.79119,8.39952],[-11.79174,8.40061],[-11.79198,8.40112],[-11.79237,8.40191],[-11.79271,8.40258],[-11.79314,8.40333],[-11.79343,8.40387],[-11.79355,8.40405],[-11.79376,8.40436],[-11.79419,8.40497],[-11.79459,8.4055],[-11.79499,8.40594],[-11.79546,8.40653],[-11.7958,8.40701],[-11.79668,8.4082],[-11.79715,8.40872],[-11.79736,8.40898],[-11.79753,8.40923],[-11.79792,8.40973],[-11.79817,8.41002],[-11.79839,8.4103],[-11.79854,8.4105],[-11.79861,8.41059],[-11.79877,8.41081],[-11.79889,8.41097],[-11.79903,8.41114],[-11.79917,8.41127],[-11.79928,8.41136],[-11.7994,8.41144]]},"properties":{"id":676278338,"cls":"primary","hw":"primary","tg":"na","name":"Mahei Boima Road","ref":"","surface":"unpaved","sc":"unpaved","speed":null,"lit":"unk","km":2.904}},
{"type":"Feature","geometry":{"type":"LineString","coordinates":[[-11.78576,8.38922],[-11.78567,8.38946]]},"properties":{"id":676278339,"cls":"primary","hw":"primary","tg":"na","name":"Mahei Boima Road","ref":"","surface":"","sc":"unknown","speed":null,"lit":"unk","km":0.028}},
{"type":"Feature","geometry":{"type":"LineString","coordinates":[[-11.79986,8.41175],[-11.80005,8.41189],[-11.80078,8.41239],[-11.8028,8.41375],[-11.80385,8.41442],[-11.80472,8.41495],[-11.80632,8.41594],[-11.8068,8.41624],[-11.80798,8.41697],[-11.80815,8.41707],[-11.80828,8.41717],[-11.80839,8.41725],[-11.80846,8.41733],[-11.80858,8.41746],[-11.80871,8.41761],[-11.80883,8.41772],[-11.80893,8.4178],[-11.80907,8.41787],[-11.80922,8.41791],[-11.8094,8.41794],[-11.80958,8.41796],[-11.80996,8.41799],[-11.81031,8.41802],[-11.8106,8.41806],[-11.81075,8.41807],[-11.81101,8.41808],[-11.8117,8.41814],[-11.81193,8.41815],[-11.81249,8.41821],[-11.81266,8.41822],[-11.81278,8.41822],[-11.81293,8.4182],[-11.81316,8.41817],[-11.81338,8.41816],[-11.81386,8.41816],[-11.81464,8.41824],[-11.81579,8.41836],[-11.81609,8.41839],[-11.81627,8.41842],[-11.81651,8.41851],[-11.8168,8.41863],[-11.817,8.41871],[-11.81717,8.41877],[-11.81736,8.41881],[-11.81749,8.41883],[-11.81762,8.41884],[-11.81778,8.41885],[-11.81812,8.41882],[-11.81913,8.4187],[-11.81941,8.41868],[-11.81969,8.41864],[-11.82036,8.4186],[-11.8214,8.41852],[-11.82298,8.41839],[-11.82334,8.41836],[-11.82359,8.41835],[-11.82394,8.41836],[-11.82422,8.41835],[-11.82518,8.41836],[-11.82653,8.41836],[-11.82666,8.41835],[-11.82739,8.41835],[-11.8294,8.41829],[-11.83054,8.41822],[-11.83126,8.41818],[-11.83225,8.4181],[-11.83374,8.41802],[-11.83387,8.418],[-11.83401,8.41795],[-11.83412,8.41789],[-11.83468,8.41747],[-11.83526,8.417],[-11.83541,8.41689],[-11.83554,8.41681],[-11.83609,8.41664],[-11.83633,8.41656]]},"properties":{"id":676278340,"cls":"primary","hw":"primary","tg":"na","name":"Mahei Boima Road","ref":"","surface":"unpaved","sc":"unpaved","speed":null,"lit":"unk","km":4.286}},
{"type":"Feature","geometry":{"type":"LineString","coordinates":[[-12.80278,8.78447],[-12.803,8.7846]]},"properties":{"id":676548639,"cls":"primary","hw":"primary","tg":"na","name":"","ref":"","surface":"asphalt","sc":"paved","speed":null,"lit":"unk","km":0.028}},
{"type":"Feature","geometry":{"type":"LineString","coordinates":[[-12.79351,8.77538],[-12.79374,8.77576],[-12.7939,8.776],[-12.79404,8.77619],[-12.79409,8.77625],[-12.79428,8.77645],[-12.79448,8.77665],[-12.7948,8.77688],[-12.79518,8.77706],[-12.79568,8.77733],[-12.79605,8.77759],[-12.79615,8.77767],[-12.7963,8.77779],[-12.79642,8.77792],[-12.79659,8.77811],[-12.79678,8.77845],[-12.79696,8.77889],[-12.79711,8.77931],[-12.79718,8.77952],[-12.79727,8.77976],[-12.79742,8.78006],[-12.79756,8.78029],[-12.7977,8.78044],[-12.79785,8.78063],[-12.79836,8.78112],[-12.79888,8.78154],[-12.80038,8.78281],[-12.80109,8.78341],[-12.80136,8.78361],[-12.80161,8.78378],[-12.80185,8.78393],[-12.80278,8.78447]]},"properties":{"id":676548640,"cls":"primary","hw":"primary","tg":"na","name":"","ref":"","surface":"asphalt","sc":"paved","speed":null,"lit":"unk","km":1.47}},
{"type":"Feature","geometry":{"type":"LineString","coordinates":[[-11.75102,8.35665],[-11.75106,8.3567]]},"properties":{"id":676576943,"cls":"primary","hw":"primary","tg":"na","name":"Mahei Boima Road","ref":"","surface":"","sc":"unknown","speed":null,"lit":"unk","km":0.007}},
{"type":"Feature","geometry":{"type":"LineString","coordinates":[[-11.74953,8.35508],[-11.74992,8.35552],[-11.75044,8.35603],[-11.75075,8.35635],[-11.75102,8.35665]]},"properties":{"id":676576944,"cls":"primary","hw":"primary","tg":"na","name":"Mahei Boima Road","ref":"","surface":"unpaved","sc":"unpaved","speed":null,"lit":"unk","km":0.24}},
{"type":"Feature","geometry":{"type":"LineString","coordinates":[[-11.72936,8.30587],[-11.72938,8.30596]]},"properties":{"id":676576945,"cls":"primary","hw":"primary","tg":"na","name":"Mahei Boima Road","ref":"","surface":"","sc":"unknown","speed":null,"lit":"unk","km":0.01}},
{"type":"Feature","geometry":{"type":"LineString","coordinates":[[-11.72938,8.30596],[-11.72951,8.30634],[-11.72969,8.3068],[-11.73028,8.30787],[-11.73075,8.30873],[-11.73117,8.30945],[-11.73192,8.31049],[-11.73214,8.31076],[-11.7324,8.31102],[-11.73265,8.31125],[-11.73282,8.31139],[-11.73293,8.31153],[-11.73301,8.31171],[-11.73307,8.31187],[-11.73313,8.31211],[-11.73324,8.31242],[-11.73331,8.3127],[-11.73336,8.31311],[-11.73342,8.31363],[-11.73348,8.31383],[-11.73358,8.31404],[-11.73373,8.31433],[-11.73396,8.31477],[-11.73407,8.31491],[-11.73423,8.31509],[-11.73446,8.31532],[-11.73463,8.31551],[-11.73477,8.31573],[-11.73483,8.31589],[-11.73485,8.31606],[-11.73487,8.31625],[-11.73488,8.31639],[-11.73488,8.31651]]},"properties":{"id":676576946,"cls":"primary","hw":"primary","tg":"na","name":"Mahei Boima Road","ref":"","surface":"unpaved","sc":"unpaved","speed":null,"lit":"unk","km":1.348}},
{"type":"Feature","geometry":{"type":"LineString","coordinates":[[-11.72285,8.06093],[-11.72284,8.06103]]},"properties":{"id":676576947,"cls":"primary","hw":"primary","tg":"na","name":"Mahei Boima Road","ref":"","surface":"","sc":"unknown","speed":null,"lit":"unk","km":0.011}},
{"type":"Feature","geometry":{"type":"LineString","coordinates":[[-11.72284,8.06103],[-11.72282,8.06135],[-11.72282,8.06149],[-11.72281,8.06164],[-11.72278,8.06181],[-11.72272,8.06203],[-11.72261,8.06223],[-11.72249,8.06241],[-11.72055,8.06512],[-11.72023,8.06557],[-11.72013,8.06574],[-11.72008,8.0659],[-11.72004,8.06618],[-11.71991,8.06739],[-11.71987,8.06833],[-11.71985,8.06891],[-11.71966,8.07006],[-11.71923,8.07276],[-11.71882,8.07538],[-11.71866,8.07637],[-11.71848,8.07713],[-11.71843,8.07729],[-11.71832,8.07746],[-11.7181,8.07771],[-11.71803,8.07781],[-11.71798,8.07792],[-11.71792,8.07805],[-11.71792,8.07826],[-11.71798,8.07947],[-11.71799,8.0799],[-11.71797,8.08017],[-11.71793,8.08044],[-11.71761,8.08202],[-11.71751,8.08241],[-11.7174,8.08275],[-11.71719,8.08333],[-11.71708,8.08365],[-11.71693,8.08403],[-11.71655,8.08512],[-11.71649,8.08537],[-11.71634,8.08622],[-11.71574,8.08837],[-11.71541,8.08989],[-11.71517,8.09086],[-11.71506,8.09125],[-11.71501,8.09141],[-11.71494,8.09156],[-11.71483,8.09174],[-11.71468,8.09197],[-11.71443,8.09228],[-11.71287,8.09412],[-11.71234,8.09471],[-11.7119,8.09519],[-11.71176,8.09537],[-11.71167,8.09551],[-11.7116,8.09567],[-11.71152,8.09592],[-11.71143,8.0964],[-11.71131,8.09683],[-11.71093,8.09802],[-11.71065,8.0988],[-11.71008,8.10064],[-11.7099,8.10137],[-11.70982,8.10174],[-11.70977,8.10222],[-11.70966,8.10267],[-11.70953,8.103],[-11.70934,8.10326],[-11.70903,8.1035],[-11.70853,8.10378],[-11.70798,8.10411],[-11.70737,8.10449],[-11.70708,8.10472],[-11.70656,8.10525],[-11.70594,8.10595],[-11.70548,8.10644],[-11.70521,8.10668],[-11.70483,8.10695],[-11.70426,8.10728],[-11.70351,8.10766],[-11.70313,8.10794],[-11.70274,8.10828],[-11.70209,8.10908],[-11.70138,8.10992],[-11.70018,8.11142],[-11.69944,8.11233],[-11.69915,8.11277],[-11.69902,8.11307],[-11.69894,8.11347],[-11.69885,8.11422],[-11.69886,8.11455],[-11.69893,8.11483],[-11.69901,8.11495],[-11.69908,8.11511],[-11.69922,8.11528],[-11.69935,8.11546],[-11.6994,8.11557],[-11.69947,8.11576],[-11.69949,8.11591],[-11.69949,8.11607],[-11.69949,8.11635],[-11.69947,8.11676],[-11.69946,8.11722],[-11.69946,8.11767]]},"properties":{"id":676576948,"cls":"primary","hw":"primary","tg":"na","name":"Mahei Boima Road","ref":"","surface":"unpaved","sc":"unpaved","speed":null,"lit":"unk","km":7.164}},
{"type":"Feature","geometry":{"type":"LineString","coordinates":[[-11.84079,8.41761],[-11.8408,8.41772],[-11.84081,8.4178]]},"properties":{"id":676595114,"cls":"primary","hw":"primary","tg":"na","name":"","ref":"","surface":"unpaved","sc":"unpaved","speed":null,"lit":"unk","km":0.021}},
{"type":"Feature","geometry":{"type":"LineString","coordinates":[[-11.84081,8.4178],[-11.84084,8.41775],[-11.84086,8.41772],[-11.84088,8.41767],[-11.84089,8.41761]]},"properties":{"id":676595115,"cls":"primary","hw":"primary","tg":"na","name":"","ref":"","surface":"unpaved","sc":"unpaved","speed":null,"lit":"unk","km":0.023}},
{"type":"Feature","geometry":{"type":"LineString","coordinates":[[-11.84068,8.41741],[-11.84078,8.41759]]},"properties":{"id":676595118,"cls":"primary","hw":"primary","tg":"na","name":"Mahei Boima Road","ref":"","surface":"unpaved","sc":"unpaved","speed":null,"lit":"unk","km":0.023}},
{"type":"Feature","geometry":{"type":"LineString","coordinates":[[-11.84085,8.41749],[-11.84068,8.41741]]},"properties":{"id":676595119,"cls":"primary","hw":"primary","tg":"na","name":"Mahei Boima Road","ref":"","surface":"unpaved","sc":"unpaved","speed":null,"lit":"unk","km":0.021}},
{"type":"Feature","geometry":{"type":"LineString","coordinates":[[-11.93408,9.31383],[-11.93383,9.31393]]},"properties":{"id":676850100,"cls":"primary","hw":"primary","tg":"na","name":"Mabarta Road","ref":"","surface":"paved","sc":"paved","speed":null,"lit":"unk","km":0.03}},
{"type":"Feature","geometry":{"type":"LineString","coordinates":[[-11.93383,9.31393],[-11.93353,9.31405],[-11.93307,9.31421],[-11.93204,9.31459],[-11.9307,9.31507],[-11.93022,9.31522],[-11.9297,9.31538],[-11.92919,9.31547],[-11.92887,9.31551],[-11.92842,9.31555],[-11.92797,9.31557],[-11.92741,9.31558],[-11.92719,9.31558],[-11.92539,9.31558],[-11.92472,9.31558],[-11.92287,9.3156],[-11.92271,9.3156],[-11.92241,9.31562],[-11.922,9.31568],[-11.9215,9.31578],[-11.91842,9.31643],[-11.91687,9.31673],[-11.91493,9.31713],[-11.91342,9.31743],[-11.91282,9.31755],[-11.91241,9.31762],[-11.91109,9.3178],[-11.90984,9.31797],[-11.90893,9.31808],[-11.90864,9.31812],[-11.90671,9.31833],[-11.90591,9.31843],[-11.90502,9.31857],[-11.90435,9.31862],[-11.90367,9.31862],[-11.90316,9.31858],[-11.90271,9.31851],[-11.90205,9.31839],[-11.89993,9.31803],[-11.8987,9.31776],[-11.89726,9.31735]]},"properties":{"id":676850101,"cls":"primary","hw":"primary","tg":"na","name":"Mabarta Road","ref":"","surface":"paved","sc":"paved","speed":null,"lit":"unk","km":4.087}},
{"type":"Feature","geometry":{"type":"LineString","coordinates":[[-11.96604,9.05059],[-11.96584,9.05112]]},"properties":{"id":676862425,"cls":"primary","hw":"primary","tg":"na","name":"Mabarta Road","ref":"","surface":"paved","sc":"paved","speed":null,"lit":"unk","km":0.063}},
{"type":"Feature","geometry":{"type":"LineString","coordinates":[[-11.96815,9.04057],[-11.96783,9.04099],[-11.96747,9.0415],[-11.96727,9.04189],[-11.96707,9.0424],[-11.96699,9.04274],[-11.96691,9.0432],[-11.96681,9.04417],[-11.96677,9.04539],[-11.96669,9.04709],[-11.96659,9.04868],[-11.96652,9.04918],[-11.96642,9.04966],[-11.96625,9.0501],[-11.96604,9.05059]]},"properties":{"id":676862426,"cls":"primary","hw":"primary","tg":"na","name":"Mabarta Road","ref":"","surface":"paved","sc":"paved","speed":null,"lit":"unk","km":1.16}},
{"type":"Feature","geometry":{"type":"LineString","coordinates":[[-11.95944,9.17527],[-11.95948,9.17575]]},"properties":{"id":676862428,"cls":"primary","hw":"primary","tg":"na","name":"Mabarta Road","ref":"","surface":"paved","sc":"paved","speed":null,"lit":"unk","km":0.054}},
{"type":"Feature","geometry":{"type":"LineString","coordinates":[[-11.95948,9.17575],[-11.95958,9.17699],[-11.95985,9.17973],[-11.95996,9.18034],[-11.96009,9.18096],[-11.96025,9.18153],[-11.96083,9.1836],[-11.962,9.18771],[-11.96215,9.18828],[-11.96231,9.18881],[-11.96261,9.18965],[-11.96283,9.19019],[-11.96306,9.19066],[-11.9633,9.19106],[-11.96363,9.19146],[-11.96422,9.1921],[-11.96469,9.19255],[-11.96585,9.19361],[-11.96636,9.19407],[-11.9668,9.19463],[-11.96717,9.19509],[-11.96744,9.19555],[-11.9677,9.19607],[-11.96786,9.19646],[-11.96801,9.19706],[-11.96812,9.19767],[-11.9683,9.19869],[-11.96848,9.19978],[-11.96854,9.20011],[-11.96859,9.20051],[-11.9686,9.20101],[-11.96859,9.20133],[-11.96855,9.20168],[-11.96847,9.20204],[-11.96832,9.20251],[-11.96813,9.20296],[-11.96788,9.20349],[-11.9676,9.20402],[-11.96722,9.20475],[-11.96645,9.20625],[-11.96633,9.20649],[-11.96542,9.20825],[-11.96517,9.20884],[-11.96504,9.20926],[-11.96497,9.20968],[-11.9649,9.21027],[-11.9649,9.21077],[-11.96493,9.21118],[-11.96499,9.21182],[-11.96509,9.21248],[-11.96525,9.21395],[-11.96549,9.21611],[-11.96553,9.21704],[-11.96552,9.21768],[-11.96547,9.21818],[-11.96532,9.21887],[-11.96521,9.21937],[-11.96467,9.22109],[-11.96452,9.22168],[-11.96446,9.22214],[-11.96445,9.2227],[-11.96447,9.22319],[-11.96453,9.22361],[-11.9646,9.22402],[-11.96481,9.22488],[-11.96486,9.2252],[-11.96491,9.22628],[-11.9648,9.22751],[-11.96447,9.23064],[-11.96423,9.23297],[-11.96406,9.23452],[-11.964,9.23498],[-11.96388,9.23546]]},"properties":{"id":676862429,"cls":"primary","hw":"primary","tg":"na","name":"Mabarta Road","ref":"","surface":"paved","sc":"paved","speed":null,"lit":"unk","km":7.014}},
{"type":"Feature","geometry":{"type":"LineString","coordinates":[[-11.44285,8.63109],[-11.44276,8.63095]]},"properties":{"id":677091713,"cls":"primary","hw":"primary","tg":"na","name":"","ref":"","surface":"unpaved","sc":"unpaved","speed":80,"lit":"unk","km":0.018}},
{"type":"Feature","geometry":{"type":"LineString","coordinates":[[-11.44276,8.63095],[-11.44099,8.62818],[-11.44081,8.62788],[-11.44067,8.6277],[-11.44043,8.62741],[-11.44016,8.62713],[-11.43992,8.62693],[-11.43967,8.62673],[-11.43937,8.62654],[-11.43904,8.62635],[-11.43868,8.62616],[-11.43834,8.62604],[-11.43803,8.62594],[-11.43648,8.62551],[-11.43618,8.62542],[-11.43586,8.62529],[-11.43546,8.62507],[-11.43513,8.62482],[-11.43496,8.62467],[-11.43318,8.62286],[-11.43294,8.62264],[-11.43274,8.62249],[-11.43249,8.62235],[-11.4322,8.62221],[-11.43197,8.62211],[-11.43173,8.62204],[-11.43147,8.62198],[-11.4312,8.62194],[-11.43075,8.62192],[-11.43044,8.62195],[-11.43012,8.622],[-11.42989,8.62206],[-11.42973,8.6221],[-11.42956,8.62217],[-11.42932,8.62227],[-11.42906,8.62241],[-11.4288,8.62256],[-11.42852,8.62275],[-11.42507,8.62505],[-11.42476,8.62523],[-11.42453,8.62534],[-11.42438,8.62542],[-11.42421,8.62549],[-11.42403,8.62556],[-11.42383,8.62563],[-11.42359,8.62569],[-11.42338,8.62574],[-11.42312,8.62577],[-11.42292,8.62579],[-11.42271,8.6258],[-11.42238,8.62579],[-11.42205,8.62575],[-11.42181,8.6257],[-11.42144,8.6256],[-11.42108,8.62546],[-11.42079,8.62532],[-11.42054,8.62517],[-11.4203,8.62501],[-11.42016,8.6249],[-11.42006,8.62481],[-11.41997,8.62473],[-11.41986,8.62461],[-11.41976,8.6245],[-11.41965,8.62437],[-11.41907,8.62375],[-11.41889,8.62357],[-11.41869,8.6234],[-11.41858,8.62332],[-11.41834,8.62318],[-11.41802,8.62303],[-11.41771,8.62289],[-11.4155,8.62216],[-11.41463,8.62188],[-11.41439,8.6218],[-11.41415,8.62172],[-11.41391,8.62162],[-11.41369,8.62152],[-11.41342,8.62139],[-11.41317,8.62123],[-11.41304,8.62112],[-11.41288,8.621],[-11.4127,8.62082],[-11.41209,8.62013],[-11.41171,8.61968],[-11.41158,8.61954],[-11.41151,8.61943],[-11.41138,8.61924],[-11.41129,8.6191],[-11.41119,8.61892],[-11.41106,8.61864],[-11.41097,8.61845],[-11.41089,8.61826],[-11.41084,8.61814],[-11.41079,8.61801],[-11.41075,8.61787],[-11.41071,8.61771],[-11.41068,8.61762],[-11.4106,8.61723]]},"properties":{"id":677091714,"cls":"primary","hw":"primary","tg":"na","name":"","ref":"","surface":"unpaved","sc":"unpaved","speed":80,"lit":"unk","km":4.46}},
{"type":"Feature","geometry":{"type":"LineString","coordinates":[[-11.65879,8.628],[-11.65859,8.62789]]},"properties":{"id":677098507,"cls":"primary","hw":"primary","tg":"na","name":"","ref":"","surface":"asphalt","sc":"paved","speed":80,"lit":"unk","km":0.025}},
{"type":"Feature","geometry":{"type":"LineString","coordinates":[[-11.65859,8.62789],[-11.6577,8.62738],[-11.65746,8.62724],[-11.6572,8.62709],[-11.65692,8.62689],[-11.65649,8.62654],[-11.65626,8.6264],[-11.65567,8.62586],[-11.65539,8.62562],[-11.65427,8.62472],[-11.65408,8.62458],[-11.65384,8.62443],[-11.65356,8.6243],[-11.65328,8.62422],[-11.65297,8.62415],[-11.65274,8.62412],[-11.65256,8.62411],[-11.65062,8.62406],[-11.65049,8.62407],[-11.65025,8.62405],[-11.65003,8.62401],[-11.64973,8.62393],[-11.64944,8.62381],[-11.64899,8.62362],[-11.64789,8.623],[-11.64626,8.62211],[-11.64523,8.62151],[-11.64483,8.62128],[-11.6445,8.62111],[-11.64431,8.62099],[-11.64422,8.6209],[-11.64413,8.62084],[-11.64398,8.62073],[-11.64355,8.62037],[-11.6433,8.62016],[-11.6431,8.62002],[-11.64294,8.61992],[-11.64281,8.61985],[-11.6426,8.61976],[-11.64244,8.6197],[-11.64227,8.61965],[-11.64203,8.61961],[-11.64178,8.61959],[-11.64149,8.61958],[-11.63953,8.6195],[-11.63892,8.61949],[-11.63832,8.61951],[-11.63795,8.61957],[-11.63792,8.61957],[-11.6375,8.61965],[-11.63702,8.61976],[-11.63659,8.61989],[-11.63623,8.62002],[-11.63594,8.62013],[-11.63567,8.62025],[-11.63537,8.62041],[-11.63505,8.6206],[-11.63482,8.62073],[-11.63444,8.62098],[-11.63305,8.62193],[-11.63155,8.62296],[-11.63133,8.62308],[-11.63112,8.6232],[-11.63091,8.62329],[-11.6307,8.62337],[-11.63044,8.62344],[-11.63012,8.62349],[-11.62986,8.62349],[-11.62957,8.62347],[-11.62918,8.62339],[-11.62883,8.62325],[-11.62855,8.6231],[-11.62824,8.62289],[-11.62805,8.62272],[-11.62777,8.62246],[-11.62755,8.62224],[-11.6262,8.62086],[-11.626,8.62066],[-11.62582,8.62049],[-11.62563,8.62033],[-11.62538,8.62015],[-11.62508,8.61997],[-11.62475,8.6198],[-11.62337,8.6191],[-11.62063,8.61772],[-11.62032,8.61758],[-11.61992,8.61744],[-11.61965,8.61737],[-11.61933,8.61729],[-11.61899,8.61724],[-11.61873,8.61721],[-11.61846,8.61721],[-11.61817,8.61721],[-11.61788,8.61724],[-11.61591,8.61746],[-11.61575,8.61747],[-11.61561,8.61748],[-11.61542,8.61748],[-11.61529,8.61748],[-11.61517,8.61748],[-11.61503,8.61747],[-11.61486,8.61745],[-11.61468,8.61743],[-11.61453,8.61741],[-11.61441,8.61739],[-11.61424,8.61736],[-11.61373,8.61727],[-11.61287,8.61711],[-11.61263,8.61708],[-11.61245,8.61706],[-11.61219,8.61708],[-11.61186,8.61713],[-11.61163,8.61719],[-11.6114,8.61726],[-11.6108,8.61754],[-11.60979,8.61799],[-11.60864,8.61852],[-11.60551,8.61993],[-11.60523,8.62005],[-11.60495,8.6202],[-11.60468,8.62035],[-11.60413,8.62068],[-11.60212,8.62189],[-11.59906,8.62375],[-11.59753,8.62463],[-11.59718,8.62486],[-11.59688,8.62508],[-11.59655,8.62539],[-11.59627,8.62567],[-11.59603,8.62595],[-11.59505,8.62712],[-11.59425,8.62807],[-11.59319,8.6293],[-11.59234,8.63031],[-11.59207,8.63059],[-11.59177,8.63089],[-11.59144,8.63117],[-11.59111,8.63145],[-11.5908,8.63167],[-11.59051,8.63186],[-11.59009,8.63209],[-11.58969,8.63228],[-11.58933,8.63242],[-11.58907,8.63252],[-11.58868,8.63266],[-11.58844,8.63272],[-11.58809,8.6328],[-11.58774,8.63288],[-11.58689,8.63305],[-11.58615,8.6332],[-11.58389,8.63361],[-11.58228,8.63391],[-11.58187,8.63401],[-11.58147,8.63414],[-11.58099,8.63434],[-11.5805,8.63458],[-11.57978,8.635],[-11.57795,8.63607],[-11.57711,8.63652],[-11.57692,8.63663],[-11.57674,8.63671],[-11.57657,8.63678],[-11.5764,8.63684],[-11.57623,8.63687]]},"properties":{"id":677098510,"cls":"primary","hw":"primary","tg":"na","name":"","ref":"","surface":"asphalt","sc":"paved","speed":80,"lit":"unk","km":10.332}},
{"type":"Feature","geometry":{"type":"LineString","coordinates":[[-11.73814,8.64345],[-11.73763,8.64365]]},"properties":{"id":677106178,"cls":"primary","hw":"primary","tg":"na","name":"","ref":"","surface":"asphalt","sc":"paved","speed":80,"lit":"unk","km":0.06}},
{"type":"Feature","geometry":{"type":"LineString","coordinates":[[-11.82614,8.65731],[-11.82467,8.65746],[-11.82299,8.65765],[-11.82151,8.65782],[-11.82126,8.65784],[-11.821,8.65786],[-11.82077,8.65788],[-11.82054,8.65789],[-11.8203,8.65789],[-11.81686,8.65799],[-11.80888,8.65818],[-11.80743,8.65822],[-11.80702,8.65824],[-11.80663,8.65829],[-11.80619,8.65837],[-11.80579,8.6585],[-11.8055,8.65859],[-11.80518,8.65871],[-11.80483,8.65888],[-11.80447,8.65909],[-11.80421,8.65927],[-11.80299,8.66015],[-11.8018,8.66098],[-11.80135,8.66128],[-11.80098,8.6615],[-11.80062,8.66167],[-11.80011,8.66188],[-11.79971,8.66199],[-11.79929,8.66209],[-11.79879,8.66214],[-11.79829,8.66218],[-11.79792,8.66219],[-11.795,8.66218],[-11.79427,8.66217],[-11.7937,8.66213],[-11.79287,8.66206],[-11.79182,8.66194],[-11.79123,8.66185],[-11.79081,8.66175],[-11.7898,8.66148],[-11.78659,8.66063],[-11.78517,8.66026],[-11.7847,8.66012],[-11.78436,8.65998],[-11.78406,8.65984],[-11.78378,8.65966],[-11.78347,8.65945],[-11.78318,8.65922],[-11.78291,8.65897],[-11.78268,8.65872],[-11.78174,8.65757],[-11.78077,8.65639],[-11.78007,8.65555],[-11.77991,8.65535],[-11.77974,8.65512],[-11.77955,8.65484],[-11.77938,8.65456],[-11.77851,8.65293],[-11.77827,8.65252],[-11.77801,8.6522],[-11.77774,8.65193],[-11.77742,8.6517],[-11.77709,8.65151],[-11.77672,8.65135],[-11.77634,8.65126],[-11.77595,8.65122],[-11.77484,8.65115],[-11.77449,8.65111],[-11.7742,8.65107],[-11.77396,8.65104],[-11.7737,8.65099],[-11.77347,8.65094],[-11.77307,8.65084],[-11.77213,8.65061],[-11.77149,8.65045],[-11.76951,8.64991],[-11.768,8.64952],[-11.76394,8.64845],[-11.76346,8.6483],[-11.7631,8.64816],[-11.76253,8.64791],[-11.76215,8.64771],[-11.76179,8.64749],[-11.7615,8.64729],[-11.76104,8.64695],[-11.76,8.64617],[-11.75965,8.64592],[-11.75948,8.64579],[-11.75931,8.64571],[-11.75916,8.64564],[-11.75895,8.64557],[-11.75874,8.64551],[-11.75853,8.64547],[-11.7583,8.64545],[-11.75737,8.64537],[-11.75637,8.64528],[-11.75565,8.64524],[-11.7551,8.64521],[-11.75456,8.64523],[-11.75422,8.64523],[-11.75379,8.64527],[-11.75336,8.64534],[-11.75265,8.6455],[-11.75039,8.64612],[-11.75013,8.64619],[-11.74987,8.64623],[-11.74962,8.64625],[-11.74938,8.64625],[-11.74914,8.64622],[-11.74888,8.64617],[-11.74864,8.64609],[-11.7484,8.646],[-11.74559,8.64485],[-11.74495,8.6446],[-11.74415,8.64428],[-11.74144,8.64324],[-11.74124,8.64317],[-11.7411,8.64313],[-11.74074,8.64305],[-11.74039,8.643],[-11.74004,8.64298],[-11.73966,8.643],[-11.7393,8.64305],[-11.73895,8.64313],[-11.73863,8.64325],[-11.73814,8.64345]]},"properties":{"id":677106179,"cls":"primary","hw":"primary","tg":"na","name":"","ref":"","surface":"asphalt","sc":"paved","speed":80,"lit":"unk","km":10.503}},
{"type":"Feature","geometry":{"type":"LineString","coordinates":[[-11.95707,9.11069],[-11.95725,9.11084]]},"properties":{"id":677704990,"cls":"primary","hw":"primary","tg":"na","name":"Mabarta Road","ref":"","surface":"paved","sc":"paved","speed":null,"lit":"unk","km":0.026}},
{"type":"Feature","geometry":{"type":"LineString","coordinates":[[-11.96584,9.05112],[-11.96547,9.05208],[-11.96514,9.05276],[-11.96471,9.05357],[-11.96411,9.05446],[-11.96374,9.05491],[-11.96337,9.05537],[-11.96295,9.05583],[-11.96242,9.05633],[-11.96168,9.057],[-11.96044,9.05806],[-11.95914,9.0591],[-11.95792,9.06018],[-11.95722,9.06094],[-11.95661,9.06171],[-11.95604,9.06257],[-11.95565,9.06331],[-11.95525,9.06411],[-11.95503,9.06471],[-11.9549,9.06504],[-11.9548,9.06538],[-11.95433,9.06665],[-11.95402,9.06756],[-11.95376,9.06834],[-11.95347,9.06896],[-11.95301,9.06977],[-11.952,9.07139],[-11.95177,9.07179],[-11.95144,9.0722],[-11.95085,9.07284],[-11.94971,9.07399],[-11.94937,9.07437],[-11.94911,9.07475],[-11.94887,9.0752],[-11.94864,9.07573],[-11.94831,9.07655],[-11.94808,9.07709],[-11.94777,9.07793],[-11.94752,9.07859],[-11.94742,9.07894],[-11.94738,9.07925],[-11.94735,9.0798],[-11.94737,9.08037],[-11.94743,9.08135],[-11.94755,9.08329],[-11.94757,9.08433],[-11.94757,9.08463],[-11.94749,9.08512],[-11.94717,9.08723],[-11.94647,9.09155],[-11.94649,9.09215],[-11.94655,9.0926],[-11.94666,9.09306],[-11.94687,9.09358],[-11.94735,9.09449],[-11.94846,9.09664],[-11.94901,9.09788],[-11.94946,9.09897],[-11.95008,9.10049],[-11.95014,9.10074],[-11.95047,9.10142],[-11.95085,9.10223],[-11.95123,9.10292],[-11.95189,9.10388],[-11.95285,9.10522],[-11.95344,9.10603],[-11.95411,9.10696],[-11.95515,9.10841],[-11.95594,9.1095],[-11.95619,9.1098],[-11.95636,9.11],[-11.95707,9.11069]]},"properties":{"id":677704994,"cls":"primary","hw":"primary","tg":"na","name":"Mabarta Road","ref":"","surface":"paved","sc":"paved","speed":null,"lit":"unk","km":7.631}},
{"type":"Feature","geometry":{"type":"LineString","coordinates":[[-11.75974,9.39079],[-11.75932,9.39075]]},"properties":{"id":677853145,"cls":"primary","hw":"primary","tg":"na","name":"Mabarta Road","ref":"","surface":"","sc":"unknown","speed":null,"lit":"unk","km":0.046}},
{"type":"Feature","geometry":{"type":"LineString","coordinates":[[-11.75932,9.39075],[-11.75751,9.39058],[-11.75692,9.39052],[-11.75635,9.39046],[-11.75561,9.39041],[-11.75474,9.39046],[-11.75277,9.39065],[-11.7508,9.39086],[-11.74884,9.39102],[-11.74733,9.39117],[-11.74682,9.39118],[-11.74617,9.39135],[-11.74425,9.39185],[-11.74322,9.39213],[-11.74253,9.39229],[-11.74204,9.39233],[-11.73901,9.3925],[-11.7382,9.39254],[-11.73707,9.39262],[-11.73646,9.39273],[-11.7359,9.39287],[-11.73497,9.39323],[-11.73442,9.39352],[-11.734,9.39375],[-11.7336,9.39401],[-11.73309,9.39452],[-11.73242,9.39536],[-11.73187,9.39627],[-11.73139,9.39706],[-11.73106,9.39792],[-11.73094,9.39843],[-11.73086,9.39893],[-11.73077,9.39999],[-11.73065,9.4009],[-11.7305,9.40146],[-11.73033,9.40193],[-11.72993,9.40267],[-11.72868,9.40486],[-11.72783,9.4061],[-11.7269,9.40746],[-11.72644,9.40817],[-11.72618,9.40865],[-11.72596,9.40919],[-11.72493,9.41194],[-11.72477,9.41244],[-11.72462,9.413],[-11.72419,9.41539],[-11.72397,9.41651],[-11.72381,9.41754],[-11.72361,9.41866]]},"properties":{"id":677853147,"cls":"primary","hw":"primary","tg":"na","name":"Mabarta Road","ref":"","surface":"","sc":"unknown","speed":null,"lit":"unk","km":5.883}},
{"type":"Feature","geometry":{"type":"LineString","coordinates":[[-10.8748,9.35462],[-10.87469,9.35472]]},"properties":{"id":678158513,"cls":"primary","hw":"primary","tg":"na","name":"","ref":"","surface":"","sc":"unknown","speed":null,"lit":"unk","km":0.016}},
{"type":"Feature","geometry":{"type":"LineString","coordinates":[[-10.89837,9.32413],[-10.89816,9.32413],[-10.898,9.32414],[-10.89785,9.32419],[-10.89766,9.32427],[-10.8974,9.32437],[-10.89721,9.32444],[-10.89711,9.3245],[-10.89691,9.32473],[-10.89672,9.32489],[-10.89656,9.32499],[-10.89612,9.32517],[-10.89574,9.3253],[-10.89548,9.3254],[-10.89524,9.3255],[-10.89504,9.3256],[-10.89481,9.32572],[-10.89464,9.32582],[-10.89436,9.32604],[-10.89409,9.32619],[-10.89377,9.32634],[-10.8935,9.32646],[-10.89327,9.32653],[-10.893,9.32654],[-10.89257,9.32653],[-10.89215,9.32651],[-10.89178,9.32647],[-10.89152,9.32646],[-10.8913,9.3265],[-10.89108,9.32656],[-10.89083,9.32664],[-10.8905,9.32673],[-10.89022,9.32682],[-10.89007,9.32687],[-10.88987,9.32697],[-10.88954,9.32719],[-10.88928,9.32737],[-10.88909,9.3275],[-10.88887,9.32762],[-10.88862,9.32777],[-10.88839,9.32795],[-10.88819,9.3281],[-10.88807,9.32822],[-10.88789,9.32845],[-10.88777,9.32866],[-10.88771,9.32879],[-10.88768,9.3289],[-10.88765,9.32938],[-10.88763,9.32954],[-10.88757,9.32972],[-10.88736,9.33011],[-10.88729,9.33024],[-10.88718,9.33039],[-10.88689,9.33074],[-10.88672,9.331],[-10.88654,9.33134],[-10.88637,9.33176],[-10.88634,9.33188],[-10.88632,9.33206],[-10.88628,9.33223],[-10.88617,9.33259],[-10.88608,9.33278],[-10.88602,9.3329],[-10.88597,9.33301],[-10.88594,9.33313],[-10.88591,9.33322],[-10.88584,9.33338],[-10.88573,9.33367],[-10.88567,9.33385],[-10.88563,9.33408],[-10.88555,9.33437],[-10.88533,9.33506],[-10.88521,9.33539],[-10.88518,9.33551],[-10.88516,9.33567],[-10.88516,9.33616],[-10.88518,9.33653],[-10.88527,9.33701],[-10.88538,9.33755],[-10.88553,9.33842],[-10.88559,9.33875],[-10.88567,9.3391],[-10.88576,9.33941],[-10.88584,9.33971],[-10.88589,9.33993],[-10.88593,9.34015],[-10.88595,9.34035],[-10.88593,9.34054],[-10.88588,9.34071],[-10.88581,9.34087],[-10.8856,9.3411],[-10.88539,9.34125],[-10.88515,9.34142],[-10.88494,9.34157],[-10.88469,9.3417],[-10.88443,9.3418],[-10.88403,9.34196],[-10.88385,9.34204],[-10.88364,9.34217],[-10.88332,9.3424],[-10.8826,9.343],[-10.88221,9.34329],[-10.88194,9.34346],[-10.88173,9.34355],[-10.88151,9.34359],[-10.88133,9.34361],[-10.88108,9.34361],[-10.88076,9.34364],[-10.88052,9.34365],[-10.88022,9.34368],[-10.87998,9.34374],[-10.87971,9.34383],[-10.87953,9.34397],[-10.87936,9.34416],[-10.87923,9.34428],[-10.87911,9.34437],[-10.87893,9.34441],[-10.87867,9.34438],[-10.87852,9.34438],[-10.87834,9.3444],[-10.87818,9.34444],[-10.87796,9.3445],[-10.87776,9.34459],[-10.87738,9.34477],[-10.87709,9.34493],[-10.87677,9.34516],[-10.87652,9.34537],[-10.87632,9.34558],[-10.87603,9.34595],[-10.87588,9.34613],[-10.87573,9.34628],[-10.87559,9.34645],[-10.87552,9.34655],[-10.87546,9.34668],[-10.87538,9.34679],[-10.87517,9.34697],[-10.87492,9.34722],[-10.87477,9.34736],[-10.87458,9.34758],[-10.8745,9.34774],[-10.87469,9.34825],[-10.87501,9.34906],[-10.87547,9.35021],[-10.87566,9.35083],[-10.87588,9.35192],[-10.87591,9.35219],[-10.87593,9.35243],[-10.87592,9.35261],[-10.87587,9.35285],[-10.87569,9.35335],[-10.87558,9.35364],[-10.87545,9.35387],[-10.8753,9.3541],[-10.8751,9.35436],[-10.87488,9.35456],[-10.8748,9.35462]]},"properties":{"id":678158515,"cls":"primary","hw":"primary","tg":"na","name":"","ref":"","surface":"","sc":"unknown","speed":null,"lit":"unk","km":5.09}},
{"type":"Feature","geometry":{"type":"LineString","coordinates":[[-10.91422,9.44135],[-10.9143,9.44144]]},"properties":{"id":678162461,"cls":"primary","hw":"primary","tg":"na","name":"","ref":"","surface":"","sc":"unknown","speed":null,"lit":"unk","km":0.013}},
{"type":"Feature","geometry":{"type":"LineString","coordinates":[[-10.9143,9.44144],[-10.91465,9.44191],[-10.91517,9.44258],[-10.91533,9.44278],[-10.91555,9.44314],[-10.91571,9.4436],[-10.916,9.44447],[-10.91622,9.44513],[-10.9165,9.44591],[-10.91675,9.44659],[-10.91707,9.44752],[-10.91723,9.44793],[-10.91765,9.44915],[-10.91785,9.44972],[-10.91808,9.45028],[-10.91838,9.45092],[-10.91866,9.45153],[-10.9189,9.45212],[-10.91916,9.45275],[-10.9194,9.45343],[-10.91993,9.45545],[-10.92002,9.45579],[-10.9201,9.45605],[-10.92051,9.45716],[-10.92075,9.45801],[-10.92084,9.45836],[-10.92095,9.45853],[-10.92111,9.45877],[-10.9218,9.45972],[-10.92282,9.46104],[-10.92304,9.46137],[-10.92312,9.46151],[-10.92315,9.46163],[-10.92317,9.462],[-10.92313,9.46213]]},"properties":{"id":678162462,"cls":"primary","hw":"primary","tg":"na","name":"","ref":"","surface":"","sc":"unknown","speed":null,"lit":"unk","km":2.526}},
{"type":"Feature","geometry":{"type":"LineString","coordinates":[[-10.86616,8.64002],[-10.86628,8.6401]]},"properties":{"id":678183386,"cls":"primary","hw":"primary","tg":"na","name":"","ref":"","surface":"paved","sc":"paved","speed":null,"lit":"unk","km":0.016}},
{"type":"Feature","geometry":{"type":"LineString","coordinates":[[-10.81325,8.63],[-10.81351,8.62956],[-10.81401,8.62879],[-10.81439,8.62826],[-10.81461,8.62805],[-10.81485,8.62789],[-10.81508,8.62778],[-10.81537,8.62764],[-10.81572,8.62746],[-10.81615,8.62728],[-10.81637,8.62718],[-10.81639,8.62717],[-10.81641,8.62716],[-10.81658,8.62708],[-10.81673,8.62699],[-10.817,8.62683],[-10.81731,8.62662],[-10.81768,8.6264],[-10.818,8.62624],[-10.81834,8.6261],[-10.81889,8.62585],[-10.81918,8.62573],[-10.81933,8.62567],[-10.8194,8.62565],[-10.8195,8.62564],[-10.81971,8.62565],[-10.81995,8.62569],[-10.82033,8.62576],[-10.8205,8.62578],[-10.82065,8.62581],[-10.8208,8.62586],[-10.82094,8.62594],[-10.82106,8.62601],[-10.82124,8.62613],[-10.82148,8.62628],[-10.82163,8.62637],[-10.82175,8.62642],[-10.82189,8.62646],[-10.82202,8.62647],[-10.82219,8.62645],[-10.82234,8.62641],[-10.82248,8.62637],[-10.82274,8.62631],[-10.82308,8.62626],[-10.82333,8.62623],[-10.82354,8.62622],[-10.8238,8.62625],[-10.824,8.62627],[-10.82421,8.62627],[-10.82441,8.62633],[-10.82457,8.6264],[-10.82472,8.62648],[-10.82489,8.62656],[-10.82503,8.62664],[-10.82522,8.62675],[-10.82533,8.62684],[-10.82551,8.62701],[-10.82565,8.62716],[-10.82611,8.6276],[-10.8264,8.62786],[-10.82665,8.62806],[-10.82692,8.6282],[-10.82729,8.62839],[-10.8277,8.62858],[-10.8281,8.62879],[-10.82857,8.62898],[-10.82882,8.62907],[-10.82902,8.62913],[-10.8292,8.62916],[-10.82945,8.62918],[-10.82983,8.62916],[-10.83005,8.62914],[-10.83022,8.62909],[-10.83095,8.62881],[-10.83108,8.62877],[-10.83123,8.62874],[-10.83139,8.62873],[-10.83166,8.62871],[-10.83179,8.6287],[-10.83194,8.62868],[-10.83221,8.62864],[-10.8325,8.62863],[-10.83309,8.62864],[-10.83332,8.62865],[-10.83342,8.62866],[-10.83349,8.62868],[-10.83357,8.6287],[-10.83367,8.62874],[-10.83377,8.62875],[-10.83403,8.62876],[-10.83441,8.62879],[-10.83526,8.62886],[-10.8355,8.62888],[-10.83571,8.62893],[-10.83585,8.62899],[-10.83601,8.62908],[-10.83648,8.62949],[-10.83669,8.62965],[-10.83692,8.62977],[-10.83723,8.62985],[-10.83778,8.62992],[-10.83819,8.62993],[-10.83867,8.62999],[-10.83928,8.63013],[-10.83978,8.63026],[-10.84036,8.63043],[-10.84081,8.63059],[-10.84107,8.63072],[-10.84127,8.63083],[-10.84143,8.63095],[-10.8419,8.63128],[-10.84244,8.63171],[-10.84277,8.63201],[-10.84311,8.63232],[-10.84343,8.63256],[-10.84369,8.63274],[-10.84421,8.63303],[-10.84467,8.63331],[-10.84499,8.63351],[-10.84533,8.63379],[-10.84557,8.63401],[-10.84579,8.6342],[-10.84597,8.63434],[-10.84615,8.63449],[-10.84632,8.63459],[-10.84656,8.63472],[-10.84667,8.63481],[-10.84679,8.63492],[-10.84695,8.63504],[-10.84712,8.63516],[-10.84726,8.63524],[-10.84744,8.63535],[-10.84759,8.63543],[-10.84786,8.63559],[-10.84848,8.63596],[-10.84895,8.63621],[-10.84954,8.63652],[-10.85,8.63676],[-10.8503,8.6369],[-10.85064,8.63702],[-10.85096,8.63711],[-10.8512,8.63717],[-10.85146,8.63721],[-10.85172,8.63727],[-10.85205,8.63741],[-10.85245,8.63761],[-10.85265,8.6377],[-10.85284,8.63773],[-10.85325,8.63772],[-10.85367,8.63772],[-10.85413,8.63774],[-10.85448,8.63778],[-10.85483,8.63784],[-10.85543,8.63793],[-10.85605,8.63807],[-10.85632,8.63813],[-10.85658,8.63822],[-10.85685,8.63832],[-10.85718,8.6384],[-10.85755,8.63845],[-10.85818,8.63851],[-10.85878,8.63859],[-10.85918,8.63864],[-10.85948,8.63868],[-10.85988,8.63871],[-10.8603,8.63878],[-10.86071,8.63886],[-10.86108,8.63892],[-10.86177,8.63896],[-10.86216,8.63901],[-10.86242,8.63905],[-10.86274,8.63908],[-10.86293,8.63913],[-10.86333,8.63925],[-10.86397,8.6394],[-10.86489,8.63966],[-10.86616,8.64002]]},"properties":{"id":678183387,"cls":"primary","hw":"primary","tg":"na","name":"","ref":"","surface":"paved","sc":"paved","speed":null,"lit":"unk","km":6.435}},
{"type":"Feature","geometry":{"type":"LineString","coordinates":[[-10.77949,8.63564],[-10.77959,8.63567]]},"properties":{"id":678191800,"cls":"primary","hw":"primary","tg":"na","name":"","ref":"","surface":"","sc":"unknown","speed":null,"lit":"unk","km":0.011}},
{"type":"Feature","geometry":{"type":"LineString","coordinates":[[-10.77959,8.63567],[-10.77974,8.63571],[-10.77991,8.63572],[-10.78013,8.63572],[-10.78035,8.63567],[-10.78063,8.63556],[-10.7809,8.63545],[-10.78107,8.63541],[-10.7813,8.63538],[-10.78209,8.63539],[-10.78233,8.63539],[-10.78254,8.63539],[-10.78285,8.63539],[-10.7837,8.63542],[-10.7844,8.63543],[-10.78477,8.63545],[-10.78518,8.63547],[-10.78572,8.63547]]},"properties":{"id":678191801,"cls":"primary","hw":"primary","tg":"na","name":"","ref":"","surface":"","sc":"unknown","speed":null,"lit":"unk","km":0.681}},
{"type":"Feature","geometry":{"type":"LineString","coordinates":[[-10.78572,8.63547],[-10.78581,8.63547]]},"properties":{"id":678191802,"cls":"primary","hw":"primary","tg":"na","name":"","ref":"","surface":"","sc":"unknown","speed":null,"lit":"unk","km":0.01}},
{"type":"Feature","geometry":{"type":"LineString","coordinates":[[-10.78581,8.63547],[-10.78602,8.63545],[-10.78625,8.63542],[-10.78643,8.63538],[-10.78659,8.63529],[-10.78685,8.63512],[-10.78727,8.63491],[-10.78751,8.63484],[-10.78767,8.63482],[-10.78782,8.63483],[-10.78804,8.63488],[-10.78816,8.63491],[-10.78853,8.63501],[-10.78917,8.63519],[-10.78946,8.63529],[-10.78975,8.63542],[-10.79006,8.63563],[-10.79046,8.63593],[-10.79099,8.63634],[-10.79147,8.63667],[-10.79164,8.63678],[-10.79185,8.63686],[-10.79223,8.63695],[-10.79274,8.63706],[-10.79291,8.63709],[-10.793,8.63709],[-10.79309,8.63707],[-10.79324,8.637],[-10.79383,8.63664],[-10.79419,8.63645],[-10.79458,8.63632],[-10.79482,8.63624],[-10.7951,8.63619],[-10.79561,8.63615],[-10.79616,8.63611],[-10.79661,8.63608],[-10.79683,8.63606],[-10.79702,8.63603],[-10.79729,8.6359],[-10.7977,8.63567],[-10.79818,8.63534],[-10.79861,8.63507],[-10.79898,8.63481],[-10.79927,8.63464],[-10.79992,8.63438],[-10.8003,8.63423],[-10.80052,8.63415],[-10.80077,8.63403],[-10.80116,8.63388],[-10.80169,8.6337],[-10.80244,8.63349],[-10.80295,8.63335],[-10.80363,8.63315],[-10.8039,8.63307],[-10.80453,8.63289],[-10.80515,8.63269],[-10.80578,8.63246],[-10.80644,8.63229],[-10.80668,8.63225],[-10.80696,8.63221],[-10.80751,8.63219],[-10.80824,8.63214],[-10.80855,8.63214],[-10.80883,8.6321],[-10.80918,8.63202],[-10.81027,8.63167],[-10.81099,8.63141],[-10.81145,8.63126],[-10.812,8.63104],[-10.81234,8.63089],[-10.81256,8.63078],[-10.81273,8.63067],[-10.81286,8.63055],[-10.813,8.63039],[-10.81325,8.63]]},"properties":{"id":678191803,"cls":"primary","hw":"primary","tg":"na","name":"","ref":"","surface":"","sc":"unknown","speed":null,"lit":"unk","km":3.277}},
{"type":"Feature","geometry":{"type":"LineString","coordinates":[[-10.56124,8.6187],[-10.56109,8.61869]]},"properties":{"id":678370596,"cls":"primary","hw":"primary","tg":"na","name":"","ref":"","surface":"unpaved","sc":"unpaved","speed":null,"lit":"unk","km":0.017}},
{"type":"Feature","geometry":{"type":"LineString","coordinates":[[-10.56109,8.61869],[-10.56076,8.61868],[-10.56058,8.61866],[-10.56038,8.61861],[-10.55968,8.61834],[-10.55918,8.61811],[-10.55897,8.61803],[-10.55887,8.61802],[-10.55877,8.61803],[-10.55859,8.61811],[-10.55837,8.6183],[-10.55819,8.61849],[-10.55808,8.61868],[-10.558,8.61889],[-10.55778,8.61947],[-10.55758,8.62009],[-10.55752,8.62022],[-10.55742,8.62034],[-10.55721,8.62057],[-10.55705,8.6207],[-10.55682,8.62086],[-10.55641,8.62109],[-10.55625,8.62125],[-10.55607,8.62147],[-10.5558,8.62197],[-10.55557,8.62243],[-10.55542,8.62269],[-10.5553,8.62284],[-10.55515,8.62301],[-10.55491,8.62326],[-10.55427,8.62383],[-10.55347,8.62449],[-10.55283,8.62497],[-10.55245,8.62524],[-10.55213,8.62545],[-10.55176,8.62565],[-10.55098,8.62602],[-10.55018,8.62638],[-10.54978,8.62661],[-10.54928,8.62693],[-10.5484,8.6275],[-10.54782,8.62787],[-10.54717,8.62825],[-10.54665,8.62852],[-10.54626,8.62875],[-10.54602,8.62892],[-10.54575,8.62914],[-10.54556,8.62935],[-10.54483,8.63014],[-10.54454,8.63044],[-10.54445,8.63049],[-10.54434,8.63053],[-10.54415,8.63057],[-10.54396,8.63062],[-10.54358,8.63069],[-10.5432,8.63078],[-10.54301,8.6308],[-10.54282,8.6308],[-10.54225,8.63079],[-10.54203,8.63081],[-10.54185,8.63083],[-10.54146,8.6309],[-10.54101,8.63101],[-10.5408,8.6311],[-10.54065,8.63117],[-10.54058,8.63123],[-10.54051,8.63132],[-10.54046,8.63148],[-10.54041,8.63168],[-10.54039,8.63191],[-10.54038,8.63217],[-10.54044,8.63262],[-10.54051,8.63329],[-10.54058,8.63436],[-10.54061,8.63485],[-10.54063,8.63528],[-10.54062,8.63548],[-10.5406,8.63564],[-10.54054,8.6358],[-10.54045,8.63596],[-10.54001,8.63664],[-10.53991,8.63678],[-10.5398,8.63692],[-10.53963,8.63712],[-10.53938,8.6374],[-10.53921,8.63757],[-10.53882,8.63788],[-10.53857,8.63806],[-10.53835,8.63819],[-10.53811,8.63834],[-10.53768,8.63865],[-10.53736,8.63887],[-10.53718,8.63903],[-10.53694,8.63929],[-10.53645,8.63986],[-10.53619,8.64018],[-10.53609,8.64033],[-10.53601,8.64052],[-10.53593,8.64072],[-10.53587,8.64088],[-10.53586,8.64095],[-10.53581,8.64111],[-10.53572,8.64149],[-10.53567,8.64176],[-10.53565,8.64201],[-10.53566,8.64214],[-10.5357,8.64231],[-10.5358,8.64265],[-10.53587,8.64301],[-10.53595,8.64334],[-10.53602,8.64355],[-10.53605,8.64368],[-10.53607,8.64382],[-10.53605,8.644],[-10.53602,8.64426],[-10.53604,8.64437],[-10.53607,8.64447],[-10.5362,8.64469],[-10.53642,8.6451],[-10.53657,8.64549],[-10.53665,8.64574],[-10.53671,8.64596],[-10.53678,8.64612],[-10.53686,8.64638],[-10.53691,8.6466],[-10.53695,8.64678],[-10.53697,8.64694],[-10.53707,8.64734],[-10.53709,8.64751],[-10.53709,8.6476],[-10.53707,8.64772],[-10.53704,8.64785],[-10.53696,8.64809],[-10.53688,8.64834],[-10.53668,8.64877],[-10.53656,8.64902],[-10.53642,8.64922],[-10.53623,8.64943],[-10.53576,8.6499],[-10.53527,8.65034],[-10.53508,8.65053],[-10.53498,8.65068],[-10.53486,8.65091],[-10.53453,8.65162],[-10.53444,8.65179],[-10.53435,8.65193],[-10.53422,8.65208],[-10.53323,8.65309],[-10.53305,8.6533],[-10.53291,8.6535],[-10.5328,8.65372],[-10.53255,8.6543],[-10.53237,8.65474],[-10.53226,8.65498],[-10.53215,8.65511],[-10.53203,8.65524],[-10.53181,8.65548],[-10.53169,8.65562],[-10.53161,8.65572],[-10.53153,8.65578],[-10.53141,8.65583],[-10.53048,8.65607],[-10.52996,8.65623],[-10.52928,8.65645],[-10.52806,8.6568],[-10.52748,8.65698],[-10.52715,8.65711],[-10.52701,8.65718],[-10.52685,8.65731],[-10.5265,8.65768],[-10.52584,8.65838],[-10.52546,8.65882],[-10.52538,8.6589],[-10.52524,8.65909],[-10.525,8.65956],[-10.52485,8.65986],[-10.52472,8.66016],[-10.52465,8.66037],[-10.52463,8.66051],[-10.52464,8.66065],[-10.5247,8.66102],[-10.52469,8.66135],[-10.52467,8.6615],[-10.52461,8.66163],[-10.52451,8.66176],[-10.5243,8.66196],[-10.52405,8.6622],[-10.52384,8.66239],[-10.52362,8.66266],[-10.52353,8.66282],[-10.52349,8.66298],[-10.52344,8.66334],[-10.52337,8.66439],[-10.52333,8.66461],[-10.52327,8.66478],[-10.52296,8.66581],[-10.52292,8.66598],[-10.52289,8.66648],[-10.52289,8.66696],[-10.5229,8.66756],[-10.52291,8.66808],[-10.52289,8.66829],[-10.5228,8.66848],[-10.5225,8.66895],[-10.52215,8.66942],[-10.52156,8.67008],[-10.52127,8.67036],[-10.52112,8.67049],[-10.52099,8.67066],[-10.52087,8.67087],[-10.52081,8.67104],[-10.52078,8.67123],[-10.52076,8.67148],[-10.52074,8.6719],[-10.52071,8.672],[-10.52065,8.67209],[-10.52046,8.6723],[-10.52032,8.67251],[-10.52011,8.67282],[-10.51984,8.67319],[-10.51953,8.67371],[-10.51931,8.67407],[-10.5192,8.67422],[-10.51908,8.67436],[-10.51894,8.6745],[-10.51863,8.67473],[-10.51845,8.67489],[-10.51831,8.67502],[-10.51823,8.6751],[-10.51811,8.67518],[-10.51796,8.67526],[-10.5177,8.67537],[-10.51752,8.67546],[-10.51729,8.67559],[-10.51694,8.67588],[-10.51671,8.67606],[-10.51654,8.67622],[-10.51637,8.67645],[-10.51612,8.67684],[-10.516,8.67697],[-10.51585,8.67707],[-10.51549,8.67722],[-10.51502,8.6774],[-10.51493,8.67745],[-10.51482,8.67755],[-10.51473,8.67763],[-10.51461,8.67769],[-10.51439,8.67786],[-10.51426,8.67801],[-10.51424,8.67813],[-10.51427,8.67824],[-10.51434,8.67837],[-10.5146,8.67878],[-10.5148,8.67907],[-10.51488,8.67913],[-10.51497,8.67917],[-10.51508,8.6792],[-10.51516,8.67925],[-10.51533,8.67946],[-10.51546,8.67968],[-10.51549,8.67976],[-10.51549,8.67986],[-10.51543,8.6805],[-10.51539,8.68071],[-10.51527,8.68135],[-10.5153,8.68168],[-10.51534,8.68196],[-10.51544,8.68226],[-10.51545,8.6824],[-10.51541,8.68254],[-10.51533,8.68273],[-10.51524,8.68289],[-10.51514,8.68299],[-10.51504,8.68305],[-10.51492,8.68313],[-10.51477,8.6832],[-10.5147,8.68324],[-10.51464,8.68332],[-10.51418,8.68424],[-10.51397,8.68464],[-10.51373,8.68501],[-10.51355,8.68525],[-10.51332,8.6855],[-10.51311,8.68579],[-10.51302,8.68597],[-10.51297,8.68623],[-10.51289,8.68666],[-10.51283,8.687],[-10.51283,8.68719],[-10.5129,8.68745],[-10.51298,8.68774],[-10.513,8.68787],[-10.51299,8.68801],[-10.51292,8.68814],[-10.51282,8.68822],[-10.51267,8.68826],[-10.51221,8.6883],[-10.51196,8.68833],[-10.51167,8.68841],[-10.51142,8.68848],[-10.51115,8.68851],[-10.51078,8.68858],[-10.51052,8.68865],[-10.51034,8.68866],[-10.5101,8.68869],[-10.50993,8.68873],[-10.50975,8.68872],[-10.50959,8.68867],[-10.50923,8.68849],[-10.50901,8.68841],[-10.50876,8.68834],[-10.50853,8.68831],[-10.50829,8.68831],[-10.50812,8.68829],[-10.50792,8.68824],[-10.50769,8.68815],[-10.50746,8.68799],[-10.5072,8.68774],[-10.50694,8.68754],[-10.50655,8.68729],[-10.50617,8.6871],[-10.50587,8.68697],[-10.50553,8.68688],[-10.50531,8.6868],[-10.50502,8.68663],[-10.50458,8.68642],[-10.50405,8.68621],[-10.5036,8.68605],[-10.50325,8.68598]]},"properties":{"id":678370597,"cls":"primary","hw":"primary","tg":"na","name":"","ref":"","surface":"unpaved","sc":"unpaved","speed":null,"lit":"unk","km":11.866}},
{"type":"Feature","geometry":{"type":"LineString","coordinates":[[-11.29139,7.85603],[-11.29155,7.8562]]},"properties":{"id":678395328,"cls":"trunk","hw":"trunk","tg":"na","name":"Bo-Kenema Highway","ref":"TAH 7","surface":"asphalt","sc":"paved","speed":null,"lit":"unk","km":0.026}},
{"type":"Feature","geometry":{"type":"LineString","coordinates":[[-11.29155,7.8562],[-11.292,7.85665],[-11.29246,7.8571],[-11.29287,7.85749],[-11.29302,7.85762],[-11.29541,7.85995],[-11.29572,7.86021],[-11.29611,7.86047],[-11.2965,7.86068],[-11.29685,7.86083],[-11.29713,7.86092],[-11.29737,7.86099],[-11.29776,7.86106],[-11.29819,7.86112],[-11.29916,7.86122],[-11.29961,7.86131],[-11.30002,7.86142],[-11.30044,7.86159],[-11.30081,7.86178],[-11.30119,7.86205],[-11.30154,7.86236],[-11.30187,7.86273],[-11.30212,7.86307],[-11.30225,7.86328],[-11.30236,7.86349],[-11.30251,7.86382],[-11.30257,7.86395],[-11.3027,7.8643],[-11.30276,7.86446],[-11.30282,7.86461],[-11.30321,7.86564],[-11.30376,7.86712],[-11.30399,7.86764],[-11.30428,7.86816],[-11.30461,7.86862],[-11.30477,7.86883],[-11.30505,7.86916],[-11.30524,7.86937],[-11.30545,7.86957],[-11.30574,7.86982],[-11.30615,7.87015],[-11.30661,7.87046],[-11.30706,7.87072],[-11.30758,7.87094],[-11.3081,7.87112],[-11.30858,7.87125],[-11.30954,7.87149],[-11.31101,7.87185],[-11.31153,7.87198],[-11.31186,7.87207],[-11.31233,7.87223],[-11.31279,7.87242],[-11.31332,7.87265],[-11.31668,7.87426],[-11.317,7.87441],[-11.31723,7.87452],[-11.31774,7.8747],[-11.31821,7.87485],[-11.32131,7.87567],[-11.32161,7.87575],[-11.32173,7.87578],[-11.32184,7.8758],[-11.32225,7.87587],[-11.32268,7.87591],[-11.32313,7.87593],[-11.32354,7.87593],[-11.32425,7.87587],[-11.32493,7.8758],[-11.32627,7.87568],[-11.32669,7.87564],[-11.32696,7.87562],[-11.3273,7.87558],[-11.32834,7.87548],[-11.32953,7.87537],[-11.33003,7.87532],[-11.33049,7.87528],[-11.33094,7.87526],[-11.33143,7.87528],[-11.33189,7.87534],[-11.33227,7.87543],[-11.33259,7.87552],[-11.333,7.87567],[-11.33329,7.87579],[-11.33355,7.87592],[-11.33383,7.87608],[-11.33466,7.87662],[-11.3353,7.87704],[-11.33551,7.87719],[-11.33573,7.87736],[-11.3365,7.87788],[-11.33667,7.878],[-11.33697,7.87823],[-11.33754,7.87861],[-11.33806,7.87894],[-11.33833,7.87913],[-11.33857,7.87929],[-11.33872,7.87938],[-11.33886,7.87949],[-11.33906,7.87963],[-11.33953,7.87996],[-11.34055,7.88063],[-11.34101,7.88092],[-11.34116,7.88102],[-11.34145,7.88118],[-11.34183,7.88135],[-11.34247,7.88162],[-11.34283,7.88177],[-11.34299,7.88182],[-11.34337,7.88197],[-11.34428,7.88236]]},"properties":{"id":678395329,"cls":"trunk","hw":"trunk","tg":"na","name":"Bo-Kenema Highway","ref":"TAH 7","surface":"asphalt","sc":"paved","speed":null,"lit":"unk","km":6.901}},
{"type":"Feature","geometry":{"type":"LineString","coordinates":[[-11.42898,9.86389],[-11.42897,9.86387],[-11.42895,9.86386],[-11.42892,9.86386],[-11.4289,9.86386],[-11.42888,9.86388],[-11.42887,9.8639]]},"properties":{"id":679474960,"cls":"primary","hw":"primary","tg":"na","name":"","ref":"","surface":"","sc":"unknown","speed":null,"lit":"unk","km":0.016}},
{"type":"Feature","geometry":{"type":"LineString","coordinates":[[-11.42887,9.8639],[-11.42887,9.86392],[-11.42887,9.86394],[-11.42889,9.86396],[-11.42891,9.86397],[-11.42893,9.86398],[-11.42895,9.86397],[-11.42897,9.86396],[-11.42898,9.86393],[-11.42899,9.86391],[-11.42898,9.86389]]},"properties":{"id":679474961,"cls":"primary","hw":"primary","tg":"na","name":"","ref":"","surface":"","sc":"unknown","speed":null,"lit":"unk","km":0.026}},
{"type":"Feature","geometry":{"type":"LineString","coordinates":[[-11.38917,9.867],[-11.38929,9.86704]]},"properties":{"id":679475623,"cls":"primary","hw":"primary","tg":"na","name":"","ref":"","surface":"unpaved","sc":"unpaved","speed":null,"lit":"unk","km":0.014}},
{"type":"Feature","geometry":{"type":"LineString","coordinates":[[-11.38929,9.86704],[-11.39051,9.86754],[-11.39111,9.8677],[-11.39173,9.86786],[-11.39207,9.86796],[-11.39256,9.86816],[-11.39355,9.86857],[-11.39451,9.86892],[-11.39534,9.86926],[-11.39577,9.86947],[-11.39632,9.86972],[-11.39686,9.8699],[-11.39739,9.87003],[-11.39825,9.87019],[-11.39896,9.87034],[-11.39954,9.87043],[-11.40001,9.87043],[-11.40028,9.87035],[-11.40056,9.87021],[-11.40137,9.86968],[-11.4025,9.86894],[-11.40314,9.86849],[-11.40398,9.86786],[-11.40441,9.86756],[-11.40488,9.86733],[-11.40511,9.86724],[-11.40539,9.86716],[-11.40653,9.86689],[-11.40735,9.86666],[-11.40912,9.86614],[-11.40993,9.86591],[-11.41034,9.86575],[-11.41068,9.86555],[-11.41135,9.86515],[-11.41164,9.86503],[-11.41195,9.86496],[-11.41252,9.8649],[-11.41288,9.86493],[-11.41316,9.86502],[-11.4137,9.86528],[-11.41406,9.86542],[-11.41471,9.86556],[-11.41546,9.86558],[-11.4163,9.86554],[-11.41672,9.86547],[-11.41709,9.86534],[-11.41746,9.8651],[-11.41771,9.86486],[-11.41793,9.86459],[-11.41817,9.86419],[-11.41834,9.86383],[-11.41846,9.8636],[-11.41854,9.8635],[-11.41879,9.8633],[-11.41911,9.863],[-11.41931,9.8627],[-11.41952,9.86233],[-11.41982,9.86195],[-11.42022,9.86163],[-11.42055,9.86151],[-11.42082,9.86146],[-11.42115,9.86146],[-11.4218,9.86148],[-11.42269,9.86156],[-11.42416,9.86152],[-11.42543,9.86147],[-11.42578,9.86149],[-11.42624,9.86157],[-11.42655,9.86166],[-11.42683,9.86178],[-11.42696,9.86189],[-11.42719,9.86208],[-11.4276,9.86249],[-11.42816,9.86306],[-11.42888,9.86388]]},"properties":{"id":679475624,"cls":"primary","hw":"primary","tg":"na","name":"","ref":"","surface":"unpaved","sc":"unpaved","speed":null,"lit":"unk","km":4.882}},
{"type":"Feature","geometry":{"type":"LineString","coordinates":[[-10.38607,8.34307],[-10.3861,8.34314]]},"properties":{"id":679706274,"cls":"primary","hw":"primary","tg":"na","name":"","ref":"","surface":"unpaved","sc":"unpaved","speed":null,"lit":"unk","km":0.008}},
{"type":"Feature","geometry":{"type":"LineString","coordinates":[[-10.37032,8.29234],[-10.37038,8.29242],[-10.37053,8.29264],[-10.37074,8.29299],[-10.37093,8.29334],[-10.37099,8.29349],[-10.37103,8.29363],[-10.37108,8.29387],[-10.37111,8.29413],[-10.37112,8.29466],[-10.37121,8.29579],[-10.37123,8.29685],[-10.37119,8.29733],[-10.37112,8.29779],[-10.37109,8.29796],[-10.37104,8.29813],[-10.37094,8.29846],[-10.37076,8.29889],[-10.37045,8.29962],[-10.37038,8.29984],[-10.37034,8.30004],[-10.37031,8.30034],[-10.37033,8.30064],[-10.3704,8.30096],[-10.37051,8.30124],[-10.37062,8.30147],[-10.37079,8.30184],[-10.37101,8.30214],[-10.37133,8.30269],[-10.3714,8.30303],[-10.37156,8.30337],[-10.37202,8.30497],[-10.37229,8.30565],[-10.37241,8.30586],[-10.37254,8.30607],[-10.37278,8.30638],[-10.37308,8.30676],[-10.37402,8.30815],[-10.37422,8.3085],[-10.37438,8.30886],[-10.37473,8.30988],[-10.375,8.31051],[-10.37515,8.31076],[-10.37592,8.31185],[-10.37608,8.3121],[-10.37632,8.31253],[-10.37801,8.31605],[-10.37809,8.31621],[-10.37834,8.31676],[-10.37856,8.31713],[-10.37976,8.31897],[-10.38046,8.32005],[-10.38086,8.32062],[-10.381,8.32088],[-10.38114,8.32126],[-10.38124,8.32159],[-10.38133,8.32198],[-10.38136,8.32215],[-10.38136,8.32235],[-10.38122,8.32408],[-10.38119,8.32441],[-10.38119,8.32471],[-10.38122,8.32508],[-10.38122,8.32553],[-10.38115,8.32617],[-10.38102,8.32745],[-10.38083,8.32908],[-10.38079,8.32955],[-10.38069,8.3299],[-10.38024,8.33133],[-10.3801,8.33162],[-10.37952,8.33254],[-10.37933,8.33303],[-10.37923,8.33335],[-10.37919,8.33371],[-10.3792,8.33382],[-10.37922,8.33398],[-10.3793,8.33437],[-10.37938,8.33469],[-10.37947,8.33495],[-10.37983,8.33565],[-10.38008,8.33631],[-10.38021,8.33671],[-10.38048,8.33804],[-10.38059,8.33855],[-10.38063,8.33868],[-10.38069,8.3388],[-10.38079,8.33893],[-10.38083,8.33897],[-10.38112,8.33912],[-10.3814,8.33927],[-10.38204,8.33966],[-10.3832,8.34035],[-10.38335,8.34043],[-10.3839,8.34077],[-10.38457,8.34118],[-10.38498,8.34145],[-10.3852,8.34163],[-10.38539,8.34181],[-10.38563,8.34213],[-10.38583,8.34258],[-10.38607,8.34307]]},"properties":{"id":679706275,"cls":"primary","hw":"primary","tg":"na","name":"","ref":"","surface":"unpaved","sc":"unpaved","speed":null,"lit":"unk","km":6.359}},
{"type":"Feature","geometry":{"type":"LineString","coordinates":[[-10.39606,8.38877],[-10.39607,8.38884]]},"properties":{"id":679706276,"cls":"primary","hw":"primary","tg":"na","name":"","ref":"","surface":"unpaved","sc":"unpaved","speed":null,"lit":"unk","km":0.008}},
{"type":"Feature","geometry":{"type":"LineString","coordinates":[[-10.39607,8.38884],[-10.39607,8.38894],[-10.39605,8.38926],[-10.396,8.38956],[-10.39593,8.39003],[-10.39588,8.39049],[-10.39585,8.39082],[-10.39587,8.39107],[-10.3959,8.39126]]},"properties":{"id":679706277,"cls":"primary","hw":"primary","tg":"na","name":"","ref":"","surface":"unpaved","sc":"unpaved","speed":null,"lit":"unk","km":0.271}},
{"type":"Feature","geometry":{"type":"LineString","coordinates":[[-10.42356,8.2664],[-10.42354,8.26633]]},"properties":{"id":679721360,"cls":"primary","hw":"primary","tg":"na","name":"","ref":"","surface":"sand","sc":"unpaved","speed":null,"lit":"unk","km":0.008}},
{"type":"Feature","geometry":{"type":"LineString","coordinates":[[-10.42354,8.26633],[-10.42344,8.26609],[-10.42142,8.26284],[-10.42026,8.2609],[-10.42009,8.26065],[-10.41994,8.26048],[-10.4197,8.26034],[-10.41921,8.26011],[-10.41881,8.25997],[-10.41857,8.25993],[-10.41837,8.25994],[-10.41802,8.26001],[-10.41729,8.26017],[-10.41652,8.26039],[-10.41623,8.26049],[-10.41597,8.26065],[-10.41582,8.26081],[-10.41548,8.26131],[-10.41512,8.26186],[-10.41478,8.26227],[-10.41442,8.26266],[-10.41427,8.26289],[-10.41407,8.26328],[-10.41401,8.26356],[-10.41399,8.26398],[-10.41395,8.26476],[-10.41388,8.26531],[-10.41376,8.26587],[-10.41354,8.26643],[-10.41314,8.26733],[-10.4127,8.26812],[-10.41214,8.26915],[-10.41188,8.26957],[-10.41151,8.27006],[-10.4112,8.27031],[-10.41029,8.27086],[-10.40785,8.27231],[-10.40749,8.27245],[-10.40717,8.27253],[-10.40644,8.27261],[-10.4057,8.27282],[-10.40515,8.27306],[-10.40469,8.27338],[-10.40376,8.27415],[-10.40351,8.27438],[-10.40324,8.27468],[-10.4024,8.27569],[-10.40215,8.27589],[-10.40199,8.27597],[-10.40179,8.27602],[-10.40151,8.27601],[-10.40089,8.27588],[-10.40002,8.27562],[-10.39956,8.27552],[-10.3993,8.27552],[-10.39906,8.27555],[-10.39845,8.27568],[-10.3978,8.27587],[-10.39756,8.27601],[-10.39743,8.27611],[-10.39719,8.27632],[-10.39668,8.27675],[-10.39626,8.27709],[-10.3958,8.27736],[-10.39546,8.27751],[-10.39523,8.27757],[-10.39506,8.27755],[-10.39479,8.27746],[-10.39438,8.27725]]},"properties":{"id":679721362,"cls":"primary","hw":"primary","tg":"na","name":"","ref":"","surface":"sand","sc":"unpaved","speed":null,"lit":"unk","km":4.588}},
{"type":"Feature","geometry":{"type":"LineString","coordinates":[[-10.39438,8.27725],[-10.39423,8.27716]]},"properties":{"id":679721365,"cls":"primary","hw":"primary","tg":"na","name":"","ref":"","surface":"sand","sc":"unpaved","speed":null,"lit":"unk","km":0.019}},
{"type":"Feature","geometry":{"type":"LineString","coordinates":[[-10.39423,8.27716],[-10.39397,8.27707],[-10.39378,8.27704],[-10.39135,8.27719],[-10.38905,8.27739],[-10.38861,8.27751],[-10.38818,8.27771],[-10.38678,8.27855],[-10.3863,8.27877],[-10.38578,8.27891],[-10.38485,8.27909],[-10.38434,8.27915],[-10.38381,8.27923],[-10.38304,8.27937],[-10.38261,8.27942],[-10.38239,8.2794],[-10.38189,8.27926],[-10.38091,8.27883],[-10.37921,8.27807],[-10.37861,8.2778],[-10.37828,8.27772],[-10.37795,8.27768],[-10.37671,8.27763],[-10.37521,8.27753],[-10.37471,8.27756],[-10.37435,8.27769],[-10.37373,8.27806],[-10.37331,8.27833],[-10.37325,8.27837],[-10.37301,8.27853],[-10.37288,8.27862],[-10.37235,8.27896],[-10.37152,8.27944]]},"properties":{"id":679721367,"cls":"primary","hw":"primary","tg":"na","name":"","ref":"","surface":"sand","sc":"unpaved","speed":null,"lit":"unk","km":2.645}},
{"type":"Feature","geometry":{"type":"LineString","coordinates":[[-10.37028,8.29226],[-10.37032,8.29234]]},"properties":{"id":679721370,"cls":"primary","hw":"primary","tg":"na","name":"","ref":"","surface":"unpaved","sc":"unpaved","speed":null,"lit":"unk","km":0.01}},
{"type":"Feature","geometry":{"type":"LineString","coordinates":[[-10.37118,8.28605],[-10.37093,8.28685],[-10.37018,8.28928],[-10.37008,8.28967],[-10.37004,8.28992],[-10.37002,8.29013],[-10.37001,8.2905],[-10.37001,8.29087],[-10.37005,8.29138],[-10.37013,8.29187],[-10.37019,8.29206],[-10.37028,8.29226]]},"properties":{"id":679721374,"cls":"primary","hw":"primary","tg":"na","name":"","ref":"","surface":"unpaved","sc":"unpaved","speed":null,"lit":"unk","km":0.713}},
{"type":"Feature","geometry":{"type":"LineString","coordinates":[[-10.57174,8.27773],[-10.57183,8.27768]]},"properties":{"id":679724137,"cls":"primary","hw":"primary","tg":"na","name":"","ref":"","surface":"dirt","sc":"unpaved","speed":null,"lit":"unk","km":0.011}},
{"type":"Feature","geometry":{"type":"LineString","coordinates":[[-10.57183,8.27768],[-10.57203,8.27755],[-10.57242,8.2774],[-10.57294,8.27728],[-10.57311,8.27723],[-10.57326,8.27719]]},"properties":{"id":679724138,"cls":"primary","hw":"primary","tg":"na","name":"","ref":"","surface":"dirt","sc":"unpaved","speed":null,"lit":"unk","km":0.168}},
{"type":"Feature","geometry":{"type":"LineString","coordinates":[[-10.57176,8.27992],[-10.57165,8.28002]]},"properties":{"id":679765182,"cls":"trunk","hw":"trunk","tg":"na","name":"","ref":"","surface":"","sc":"unknown","speed":null,"lit":"unk","km":0.016}},
{"type":"Feature","geometry":{"type":"LineString","coordinates":[[-10.57395,8.27722],[-10.57394,8.27739],[-10.57389,8.27794],[-10.57383,8.27825],[-10.57382,8.27843],[-10.57373,8.27848],[-10.5736,8.27857],[-10.5735,8.27868],[-10.57335,8.27895],[-10.57329,8.27906],[-10.57312,8.2792],[-10.57284,8.27933],[-10.5725,8.2794],[-10.57225,8.27955],[-10.57187,8.27983],[-10.57176,8.27992]]},"properties":{"id":679765183,"cls":"primary","hw":"primary","tg":"na","name":"","ref":"","surface":"","sc":"unknown","speed":null,"lit":"unk","km":0.425}},
{"type":"Feature","geometry":{"type":"LineString","coordinates":[[-10.65365,8.18896],[-10.65361,8.18909]]},"properties":{"id":679772859,"cls":"trunk","hw":"trunk","tg":"na","name":"","ref":"","surface":"","sc":"unknown","speed":null,"lit":"unk","km":0.015}},
{"type":"Feature","geometry":{"type":"LineString","coordinates":[[-10.65361,8.18909],[-10.65358,8.18919],[-10.65351,8.18928],[-10.65319,8.18951],[-10.65236,8.19007],[-10.652,8.19033],[-10.65136,8.19098],[-10.6513,8.19104],[-10.65067,8.19171],[-10.64973,8.19272],[-10.64932,8.19313],[-10.64894,8.19365],[-10.64871,8.19413],[-10.64834,8.19488],[-10.64809,8.19541],[-10.64803,8.1956],[-10.64795,8.19585],[-10.64783,8.19646],[-10.64777,8.19712],[-10.64773,8.19747],[-10.64768,8.19798],[-10.64766,8.19817],[-10.64762,8.1984],[-10.64754,8.19868],[-10.64745,8.199],[-10.64742,8.19911],[-10.64739,8.19926],[-10.64737,8.19969],[-10.6473,8.20034],[-10.64724,8.20079],[-10.64716,8.20107],[-10.64709,8.20128],[-10.64694,8.20164],[-10.64678,8.20201],[-10.64664,8.20239],[-10.64657,8.20275],[-10.64656,8.20289],[-10.64655,8.20318],[-10.64655,8.20357],[-10.64655,8.20373],[-10.64652,8.20398],[-10.64645,8.20422],[-10.64633,8.20454],[-10.64625,8.2047],[-10.64612,8.20492]]},"properties":{"id":679772860,"cls":"trunk","hw":"trunk","tg":"na","name":"","ref":"","surface":"ground","sc":"unpaved","speed":null,"lit":"unk","km":2.034}},
{"type":"Feature","geometry":{"type":"LineString","coordinates":[[-10.64612,8.20492],[-10.64609,8.20497]]},"properties":{"id":679772863,"cls":"trunk","hw":"trunk","tg":"na","name":"","ref":"","surface":"","sc":"unknown","speed":null,"lit":"unk","km":0.006}},
{"type":"Feature","geometry":{"type":"LineString","coordinates":[[-10.64609,8.20497],[-10.64605,8.20506],[-10.64602,8.20516],[-10.64601,8.20536],[-10.64601,8.20551],[-10.64605,8.20594],[-10.64605,8.20659],[-10.646,8.20707],[-10.64594,8.20759],[-10.6459,8.20793],[-10.64584,8.20826],[-10.64576,8.20854],[-10.64565,8.20879],[-10.64555,8.209],[-10.64554,8.20902],[-10.64519,8.20971],[-10.64504,8.21023],[-10.6449,8.21093],[-10.64481,8.21179],[-10.64465,8.21292],[-10.64454,8.21374],[-10.64438,8.21523],[-10.64436,8.21546],[-10.6443,8.21574],[-10.64422,8.21593],[-10.64408,8.2161],[-10.64301,8.21712],[-10.64275,8.21734],[-10.64251,8.21747],[-10.6422,8.21756],[-10.641,8.21774],[-10.63932,8.21794],[-10.6385,8.21804],[-10.63699,8.21825],[-10.63584,8.21844],[-10.63562,8.21848],[-10.63541,8.21857],[-10.63524,8.21865],[-10.63494,8.21882],[-10.63456,8.21906],[-10.63403,8.21944],[-10.63366,8.2197],[-10.63319,8.21998],[-10.63251,8.22031],[-10.6314,8.22082],[-10.6304,8.22124],[-10.62976,8.22154],[-10.62925,8.22181],[-10.62893,8.22201],[-10.62853,8.22231],[-10.62798,8.22278],[-10.62743,8.22325],[-10.62725,8.22347],[-10.62715,8.22369],[-10.62707,8.22417],[-10.62686,8.22519],[-10.62673,8.22598],[-10.62661,8.22631],[-10.62652,8.22646],[-10.62628,8.22666],[-10.62518,8.22733],[-10.62437,8.22778],[-10.62361,8.22811],[-10.62281,8.22837],[-10.62256,8.22848],[-10.62241,8.22859],[-10.62196,8.22898],[-10.62168,8.22919],[-10.62131,8.2294],[-10.62102,8.22951],[-10.62065,8.22962],[-10.61996,8.22976],[-10.61957,8.22986],[-10.61927,8.22998],[-10.61885,8.23014],[-10.61831,8.23035],[-10.61792,8.23056],[-10.61775,8.23071],[-10.61759,8.23094],[-10.61731,8.23141],[-10.61708,8.23184],[-10.61667,8.23266],[-10.61634,8.2332],[-10.61538,8.23505],[-10.61492,8.23592],[-10.61472,8.23636],[-10.61446,8.23687],[-10.6143,8.23716],[-10.61398,8.23756],[-10.6133,8.23828],[-10.61294,8.23889],[-10.61257,8.23976],[-10.6122,8.24059],[-10.61165,8.24188],[-10.61135,8.24261],[-10.61112,8.24338],[-10.6109,8.24426],[-10.61079,8.24453],[-10.61065,8.24483],[-10.61049,8.24507],[-10.61018,8.24539],[-10.60979,8.24581],[-10.60913,8.2466],[-10.60835,8.24768],[-10.60815,8.24792],[-10.60788,8.24815],[-10.60766,8.2483],[-10.60755,8.24835]]},"properties":{"id":679772864,"cls":"trunk","hw":"trunk","tg":"na","name":"","ref":"","surface":"ground","sc":"unpaved","speed":null,"lit":"unk","km":7.072}},
{"type":"Feature","geometry":{"type":"LineString","coordinates":[[-11.55354,9.58449],[-11.55352,9.58456],[-11.55352,9.58463],[-11.55353,9.5847]]},"properties":{"id":680030880,"cls":"primary","hw":"primary","tg":"na","name":"Mabarta Road","ref":"","surface":"asphalt","sc":"paved","speed":null,"lit":"unk","km":0.024}},
{"type":"Feature","geometry":{"type":"LineString","coordinates":[[-11.55359,9.58467],[-11.55359,9.58463],[-11.55357,9.58456],[-11.55354,9.58449]]},"properties":{"id":680030881,"cls":"primary","hw":"primary","tg":"na","name":"Mabarta Road","ref":"","surface":"asphalt","sc":"paved","speed":null,"lit":"unk","km":0.021}},
{"type":"Feature","geometry":{"type":"LineString","coordinates":[[-11.55352,9.58476],[-11.55347,9.58481],[-11.55344,9.58485],[-11.55342,9.58489]]},"properties":{"id":680030886,"cls":"primary","hw":"primary","tg":"na","name":"","ref":"","surface":"asphalt","sc":"paved","speed":null,"lit":"unk","km":0.018}},
{"type":"Feature","geometry":{"type":"LineString","coordinates":[[-11.55342,9.58489],[-11.55347,9.58488],[-11.55351,9.58485],[-11.55356,9.5848]]},"properties":{"id":680030887,"cls":"primary","hw":"primary","tg":"na","name":"","ref":"","surface":"asphalt","sc":"paved","speed":null,"lit":"unk","km":0.019}},
{"type":"Feature","geometry":{"type":"LineString","coordinates":[[-11.55365,9.5847],[-11.55363,9.58469],[-11.55361,9.58467],[-11.55359,9.58467],[-11.55356,9.58467],[-11.55353,9.5847],[-11.55352,9.58472],[-11.55351,9.58474],[-11.55352,9.58476],[-11.55353,9.58479],[-11.55356,9.5848],[-11.55358,9.58481],[-11.55361,9.5848],[-11.55364,9.58479],[-11.55365,9.58477],[-11.55366,9.58474],[-11.55366,9.58473],[-11.55365,9.5847]]},"properties":{"id":680030888,"cls":"primary","hw":"primary","tg":"na","name":"","ref":"","surface":"asphalt","sc":"paved","speed":null,"lit":"unk","km":0.05}},
{"type":"Feature","geometry":{"type":"LineString","coordinates":[[-10.6904,8.05875],[-10.69026,8.05894]]},"properties":{"id":680031335,"cls":"trunk","hw":"trunk","tg":"na","name":"","ref":"","surface":"asphalt","sc":"paved","speed":null,"lit":"unk","km":0.026}},
{"type":"Feature","geometry":{"type":"LineString","coordinates":[[-10.69026,8.05894],[-10.68952,8.05998],[-10.68917,8.06051],[-10.68891,8.06114],[-10.68884,8.06138],[-10.68879,8.06154],[-10.68874,8.06211],[-10.68873,8.06235],[-10.68875,8.06268],[-10.68886,8.06323],[-10.689,8.0636],[-10.68911,8.06386],[-10.68917,8.06396],[-10.6893,8.0642],[-10.68945,8.06438],[-10.68959,8.06456],[-10.69005,8.06503],[-10.69095,8.06589]]},"properties":{"id":680031336,"cls":"trunk","hw":"trunk","tg":"na","name":"","ref":"","surface":"asphalt","sc":"paved","speed":null,"lit":"unk","km":0.904}},
{"type":"Feature","geometry":{"type":"LineString","coordinates":[[-10.96109,8.04827],[-10.96077,8.04805]]},"properties":{"id":680045559,"cls":"trunk","hw":"trunk","tg":"na","name":"","ref":"","surface":"paved","sc":"paved","speed":null,"lit":"unk","km":0.043}},
{"type":"Feature","geometry":{"type":"LineString","coordinates":[[-10.96069,8.0482],[-10.96109,8.04827]]},"properties":{"id":680045560,"cls":"trunk","hw":"trunk","tg":"na","name":"","ref":"","surface":"paved","sc":"paved","speed":null,"lit":"unk","km":0.045}},
{"type":"Feature","geometry":{"type":"LineString","coordinates":[[-10.96066,8.04758],[-10.96055,8.04794]]},"properties":{"id":680045561,"cls":"trunk","hw":"trunk","tg":"na","name":"","ref":"","surface":"paved","sc":"paved","speed":null,"lit":"unk","km":0.042}},
{"type":"Feature","geometry":{"type":"LineString","coordinates":[[-10.96072,8.04796],[-10.96066,8.04758]]},"properties":{"id":680045562,"cls":"trunk","hw":"trunk","tg":"na","name":"","ref":"","surface":"paved","sc":"paved","speed":null,"lit":"unk","km":0.043}},
{"type":"Feature","geometry":{"type":"LineString","coordinates":[[-10.96047,8.04805],[-10.96047,8.04809],[-10.96048,8.04812],[-10.9605,8.04815],[-10.96052,8.04818],[-10.96055,8.0482],[-10.96059,8.04821],[-10.96062,8.04821],[-10.96066,8.04821],[-10.96069,8.0482],[-10.96072,8.04818],[-10.96074,8.04815],[-10.96076,8.04812],[-10.96077,8.04809],[-10.96077,8.04805],[-10.96076,8.04802],[-10.96074,8.04799],[-10.96072,8.04796],[-10.96069,8.04794],[-10.96066,8.04793],[-10.96062,8.04792],[-10.96059,8.04793],[-10.96055,8.04794],[-10.96052,8.04796],[-10.9605,8.04798],[-10.96048,8.04802],[-10.96047,8.04805]]},"properties":{"id":680045565,"cls":"trunk","hw":"trunk","tg":"na","name":"","ref":"","surface":"","sc":"unknown","speed":null,"lit":"unk","km":0.103}},
{"type":"Feature","geometry":{"type":"LineString","coordinates":[[-10.96421,8.0494],[-10.96366,8.0492],[-10.96249,8.04888],[-10.96193,8.04863],[-10.96153,8.04846],[-10.96109,8.04827]]},"properties":{"id":680045566,"cls":"trunk","hw":"trunk","tg":"na","name":"","ref":"","surface":"asphalt","sc":"paved","speed":null,"lit":"unk","km":0.367}},
{"type":"Feature","geometry":{"type":"LineString","coordinates":[[-10.98145,9.11371],[-10.9814,9.11384]]},"properties":{"id":681142303,"cls":"primary","hw":"primary","tg":"na","name":"","ref":"","surface":"","sc":"unknown","speed":null,"lit":"unk","km":0.015}},
{"type":"Feature","geometry":{"type":"LineString","coordinates":[[-11.02,9.08831],[-11.01938,9.08898],[-11.01919,9.08912],[-11.01791,9.0897],[-11.01754,9.08988],[-11.01744,9.08995],[-11.01716,9.09023],[-11.01681,9.09064],[-11.01564,9.09195],[-11.01539,9.09215],[-11.01515,9.09229],[-11.01461,9.09254],[-11.01449,9.09258],[-11.01436,9.09261],[-11.01356,9.09269],[-11.01296,9.09274],[-11.01243,9.09271],[-11.01158,9.09261],[-11.01114,9.09255],[-11.01075,9.09245],[-11.0104,9.09231],[-11.00994,9.09207],[-11.00946,9.09178],[-11.0091,9.09158],[-11.00868,9.09129],[-11.00854,9.09122],[-11.00839,9.09116],[-11.00795,9.09106],[-11.00776,9.09104],[-11.00749,9.09105],[-11.00674,9.09113],[-11.00573,9.09117],[-11.00515,9.09124],[-11.00474,9.09127],[-11.00433,9.09131],[-11.00404,9.09134],[-11.00372,9.09142],[-11.00307,9.09169],[-11.00289,9.09174],[-11.00209,9.09195],[-11.00185,9.09197],[-11.00174,9.092],[-11.0016,9.09209],[-11.00125,9.09248],[-11.00114,9.09255],[-11.00087,9.09268],[-10.99997,9.09301],[-10.9993,9.09316],[-10.99871,9.09328],[-10.99855,9.09333],[-10.99772,9.09367],[-10.99689,9.09406],[-10.99645,9.09428],[-10.99607,9.09451],[-10.99526,9.09505],[-10.99447,9.09563],[-10.99402,9.09597],[-10.99361,9.09634],[-10.99324,9.09672],[-10.99313,9.09685],[-10.99288,9.09718],[-10.99285,9.09725],[-10.99283,9.09735],[-10.99282,9.0975],[-10.99278,9.09762],[-10.99249,9.09814],[-10.99216,9.09869],[-10.99211,9.0988],[-10.99209,9.09894],[-10.99206,9.09963],[-10.99181,9.10068],[-10.99167,9.10131],[-10.9915,9.10214],[-10.99132,9.10346],[-10.99114,9.10476],[-10.99108,9.10491],[-10.99097,9.10509],[-10.99057,9.10545],[-10.99046,9.10557],[-10.98988,9.10654],[-10.98935,9.10746],[-10.98928,9.1076],[-10.9892,9.10784],[-10.98917,9.10801],[-10.98907,9.10877],[-10.98907,9.1088],[-10.98901,9.10903],[-10.98891,9.10924],[-10.98869,9.10955],[-10.9884,9.10988],[-10.98823,9.11001],[-10.98641,9.11122],[-10.98564,9.11172],[-10.98459,9.11226],[-10.98407,9.11248],[-10.98314,9.11288],[-10.98246,9.11311],[-10.98167,9.11343],[-10.98156,9.11352],[-10.9815,9.11361],[-10.98145,9.11371]]},"properties":{"id":681142304,"cls":"primary","hw":"primary","tg":"na","name":"","ref":"","surface":"","sc":"unknown","speed":null,"lit":"unk","km":5.806}},
{"type":"Feature","geometry":{"type":"LineString","coordinates":[[-10.57393,8.27692],[-10.57367,8.27689]]},"properties":{"id":681156366,"cls":"primary","hw":"primary","tg":"na","name":"","ref":"","surface":"paved","sc":"paved","speed":null,"lit":"unk","km":0.029}},
{"type":"Feature","geometry":{"type":"LineString","coordinates":[[-10.57367,8.27705],[-10.57391,8.27706]]},"properties":{"id":681156367,"cls":"primary","hw":"primary","tg":"na","name":"","ref":"","surface":"paved","sc":"paved","speed":null,"lit":"unk","km":0.026}},
{"type":"Feature","geometry":{"type":"LineString","coordinates":[[-10.5735,8.277],[-10.57326,8.27719]]},"properties":{"id":681156372,"cls":"primary","hw":"primary","tg":"na","name":"","ref":"","surface":"dirt","sc":"unpaved","speed":null,"lit":"unk","km":0.034}},
{"type":"Feature","geometry":{"type":"LineString","coordinates":[[-10.57326,8.27719],[-10.57358,8.27708]]},"properties":{"id":681156373,"cls":"primary","hw":"primary","tg":"na","name":"","ref":"","surface":"dirt","sc":"unpaved","speed":null,"lit":"unk","km":0.037}},
{"type":"Feature","geometry":{"type":"LineString","coordinates":[[-10.5737,8.27694],[-10.57369,8.27691],[-10.57367,8.27689],[-10.57364,8.27687],[-10.57361,8.27686],[-10.57358,8.27686],[-10.57355,8.27687],[-10.57353,8.27689],[-10.57351,8.27689],[-10.57351,8.27692],[-10.5735,8.27694],[-10.57349,8.27697],[-10.5735,8.277],[-10.57351,8.27703],[-10.57353,8.27705],[-10.57356,8.27707],[-10.57358,8.27708],[-10.57362,8.27707],[-10.57365,8.27706],[-10.57367,8.27705],[-10.57369,8.27702],[-10.5737,8.277],[-10.57371,8.27697],[-10.5737,8.27694]]},"properties":{"id":681156374,"cls":"primary","hw":"primary","tg":"na","name":"","ref":"","surface":"paved","sc":"paved","speed":null,"lit":"unk","km":0.076}},
{"type":"Feature","geometry":{"type":"LineString","coordinates":[[-11.09571,9.69054],[-11.09561,9.69071]]},"properties":{"id":681167031,"cls":"primary","hw":"primary","tg":"na","name":"","ref":"","surface":"","sc":"unknown","speed":null,"lit":"unk","km":0.022}},
{"type":"Feature","geometry":{"type":"LineString","coordinates":[[-10.96097,9.53797],[-10.96108,9.53814],[-10.96162,9.53901],[-10.96189,9.53956],[-10.9622,9.54028],[-10.9623,9.5405],[-10.9625,9.54081],[-10.9629,9.54133],[-10.96328,9.54177],[-10.96387,9.54236],[-10.9642,9.54269],[-10.96437,9.54287],[-10.96526,9.5435],[-10.96553,9.5438],[-10.96582,9.54414],[-10.96618,9.54442],[-10.96672,9.54472],[-10.96703,9.54494],[-10.96731,9.54528],[-10.96744,9.54548],[-10.96751,9.54568],[-10.96772,9.54639],[-10.9679,9.54703],[-10.96802,9.54775],[-10.96806,9.54828],[-10.96812,9.54918],[-10.96823,9.5496],[-10.96835,9.54982],[-10.96861,9.55009],[-10.96903,9.55055],[-10.96918,9.55075],[-10.96927,9.55098],[-10.96935,9.55129],[-10.96947,9.55185],[-10.9696,9.55228],[-10.96977,9.55267],[-10.96993,9.55283],[-10.97016,9.55305],[-10.97036,9.5532],[-10.97091,9.55362],[-10.97118,9.55382],[-10.97145,9.55403],[-10.97169,9.55422],[-10.97197,9.55451],[-10.97228,9.55483],[-10.97266,9.55516],[-10.9731,9.55549],[-10.97334,9.55577],[-10.97352,9.55599],[-10.97375,9.55627],[-10.97391,9.5564],[-10.97406,9.55646],[-10.97448,9.55654],[-10.97498,9.55655],[-10.97563,9.55648],[-10.97599,9.55646],[-10.97626,9.55651],[-10.97654,9.55665],[-10.97708,9.557],[-10.97744,9.55732],[-10.97794,9.55787],[-10.97843,9.55851],[-10.97864,9.55888],[-10.97879,9.55922],[-10.97894,9.55939],[-10.97902,9.5595],[-10.97912,9.55967],[-10.97915,9.55983],[-10.97918,9.56029],[-10.97928,9.56065],[-10.97943,9.56103],[-10.97966,9.56165],[-10.97973,9.5619],[-10.97974,9.56216],[-10.97972,9.56245],[-10.97971,9.56281],[-10.97974,9.56304],[-10.97982,9.56324],[-10.97996,9.56354],[-10.98019,9.56395],[-10.98029,9.56413],[-10.98034,9.56437],[-10.98046,9.56475],[-10.98056,9.56496],[-10.98072,9.56516],[-10.98089,9.56527],[-10.98117,9.56544],[-10.98132,9.56561],[-10.98145,9.56571],[-10.98155,9.56578],[-10.98167,9.56587],[-10.98226,9.56641],[-10.98259,9.5667],[-10.98284,9.56695],[-10.98311,9.56728],[-10.98352,9.56778],[-10.98372,9.56794],[-10.98394,9.56807],[-10.98418,9.56817],[-10.98507,9.56842],[-10.98551,9.56864],[-10.9856,9.5687],[-10.98574,9.56883],[-10.98597,9.56911],[-10.98608,9.5693],[-10.98624,9.56956],[-10.98652,9.56998],[-10.98661,9.57021],[-10.98668,9.57056],[-10.98674,9.57095],[-10.98682,9.57119],[-10.98706,9.57175],[-10.98731,9.5722],[-10.98758,9.57301],[-10.98771,9.57366],[-10.98774,9.57418],[-10.98776,9.57481],[-10.9878,9.57591],[-10.98775,9.5762],[-10.98771,9.57654],[-10.98766,9.57669],[-10.98754,9.57696],[-10.98731,9.57748],[-10.98726,9.57771],[-10.98728,9.57793],[-10.98732,9.57817],[-10.9873,9.5785],[-10.98726,9.57869],[-10.98717,9.57888],[-10.98705,9.57907],[-10.98637,9.57968],[-10.9862,9.57988],[-10.98607,9.58016],[-10.98598,9.58064],[-10.98587,9.58103],[-10.98571,9.5815],[-10.9857,9.58172],[-10.98575,9.58186],[-10.98593,9.58204],[-10.98615,9.58223],[-10.98636,9.58251],[-10.98653,9.58282],[-10.9866,9.583],[-10.98663,9.58348],[-10.98662,9.58379],[-10.98657,9.58413],[-10.98645,9.58462],[-10.98632,9.58505],[-10.98602,9.58592],[-10.98595,9.58619],[-10.98593,9.58649],[-10.98596,9.58674],[-10.98605,9.58699],[-10.98618,9.58722],[-10.98635,9.58741],[-10.98655,9.58762],[-10.98678,9.58796],[-10.98703,9.58836],[-10.98714,9.58862],[-10.98724,9.58895],[-10.98735,9.58916],[-10.98747,9.58931],[-10.98764,9.5894],[-10.98778,9.58945],[-10.98798,9.5895],[-10.98816,9.58952],[-10.98827,9.58952],[-10.98843,9.58952],[-10.98856,9.58958],[-10.98867,9.58964],[-10.98877,9.58969],[-10.9889,9.58978],[-10.98904,9.5899],[-10.9894,9.59028],[-10.98966,9.59064],[-10.98979,9.59087],[-10.99015,9.59184],[-10.99018,9.59194],[-10.99044,9.59283],[-10.99052,9.59311],[-10.99056,9.59331],[-10.99066,9.59375],[-10.99081,9.59415],[-10.99113,9.59501],[-10.99121,9.59532],[-10.99133,9.59588],[-10.99143,9.59629],[-10.99159,9.59667],[-10.99186,9.59731],[-10.99202,9.59772],[-10.9921,9.59797],[-10.99212,9.59834],[-10.99216,9.59882],[-10.99226,9.59914],[-10.9923,9.59927],[-10.99243,9.59954],[-10.9928,9.60015],[-10.99326,9.60087],[-10.99343,9.60107],[-10.99356,9.60121],[-10.99407,9.60165],[-10.99428,9.60187],[-10.99441,9.60213],[-10.99451,9.60236],[-10.99464,9.60277],[-10.99495,9.60355],[-10.99542,9.60463],[-10.99578,9.6055],[-10.99579,9.60566],[-10.99575,9.60584],[-10.99553,9.60632],[-10.99552,9.60641],[-10.99554,9.60648],[-10.9956,9.60657],[-10.99569,9.60664],[-10.99583,9.60676],[-10.99632,9.60722],[-10.9964,9.60734],[-10.99653,9.60765],[-10.99674,9.60819],[-10.99696,9.60861],[-10.99746,9.60936],[-10.99757,9.60956],[-10.99771,9.60995],[-10.99799,9.6107],[-10.99853,9.61215],[-10.99871,9.61272],[-10.99873,9.61286],[-10.99871,9.61307],[-10.99866,9.61338],[-10.99837,9.61409],[-10.99809,9.61464],[-10.99779,9.6152],[-10.99746,9.61593],[-10.9974,9.61616],[-10.99738,9.61653],[-10.99739,9.61681],[-10.99752,9.61789],[-10.99779,9.62011],[-10.99785,9.62174],[-10.99783,9.62205],[-10.9978,9.62219],[-10.99767,9.62239],[-10.99704,9.62319],[-10.99641,9.62395],[-10.99612,9.6243],[-10.99604,9.62445],[-10.996,9.62458],[-10.99605,9.62506],[-10.99611,9.62584],[-10.99627,9.62677],[-10.99634,9.62723],[-10.99649,9.6277],[-10.99686,9.62897],[-10.99705,9.62978],[-10.99717,9.63059],[-10.99722,9.63115],[-10.99722,9.63163],[-10.99728,9.63186],[-10.99736,9.63212],[-10.99748,9.63238],[-10.99766,9.6326],[-10.99802,9.6329],[-10.99839,9.63321],[-10.99878,9.6336],[-10.99888,9.63379],[-10.99889,9.63399],[-10.99884,9.63425],[-10.99858,9.63533],[-10.99856,9.63544],[-10.99857,9.63557],[-10.99861,9.6357],[-10.99872,9.63585],[-10.99899,9.63601],[-10.99947,9.63626],[-11.00008,9.6366],[-11.00029,9.63673],[-11.00047,9.63693],[-11.00069,9.63724],[-11.00106,9.63782],[-11.0013,9.63828],[-11.00142,9.6386],[-11.00158,9.63922],[-11.00172,9.63985],[-11.00182,9.64011],[-11.00194,9.64035],[-11.00211,9.64062],[-11.00233,9.64082],[-11.0028,9.64127],[-11.00338,9.6418],[-11.00385,9.64219],[-11.00479,9.64293],[-11.00625,9.64405],[-11.00702,9.64467],[-11.00782,9.64532],[-11.00889,9.64618],[-11.00947,9.64678],[-11.01009,9.64757],[-11.01046,9.648],[-11.01079,9.64827],[-11.01269,9.64974],[-11.01397,9.65064],[-11.01617,9.65217],[-11.01679,9.65259],[-11.01715,9.65291],[-11.01743,9.65321],[-11.01814,9.65411],[-11.01857,9.65459],[-11.01883,9.6548],[-11.01918,9.65498],[-11.02011,9.65541],[-11.02057,9.65569],[-11.02107,9.65604],[-11.0212,9.65616],[-11.02132,9.65635],[-11.02145,9.65653],[-11.02155,9.65672],[-11.02173,9.65699],[-11.02185,9.65708],[-11.02203,9.65714],[-11.02246,9.65716],[-11.0234,9.65717],[-11.02416,9.65723],[-11.02441,9.6573],[-11.02464,9.65739],[-11.02657,9.65835],[-11.02704,9.65858],[-11.02717,9.65865],[-11.02743,9.65881],[-11.02858,9.65953],[-11.02891,9.65972],[-11.02934,9.65992],[-11.03036,9.6603],[-11.03105,9.6606],[-11.03236,9.66117],[-11.03367,9.66163],[-11.03433,9.66185],[-11.03463,9.66194],[-11.03502,9.66208],[-11.0354,9.66217],[-11.0358,9.66218],[-11.03662,9.66221],[-11.0374,9.66221],[-11.03808,9.66209],[-11.03838,9.66202],[-11.0388,9.66195],[-11.03928,9.66192],[-11.03958,9.66194],[-11.03982,9.66197],[-11.04028,9.66209],[-11.04047,9.66215],[-11.04063,9.66224],[-11.04083,9.6624],[-11.04132,9.66283],[-11.04149,9.66296],[-11.04173,9.66312],[-11.04214,9.66339],[-11.04304,9.66392],[-11.04335,9.66408],[-11.04371,9.66422],[-11.04422,9.6644],[-11.04439,9.6645],[-11.0446,9.66468],[-11.0447,9.66484],[-11.04496,9.66518],[-11.04532,9.66565],[-11.04568,9.66628],[-11.04587,9.66648],[-11.04608,9.66659],[-11.04629,9.66665],[-11.0465,9.66667],[-11.04691,9.66664],[-11.04734,9.6667],[-11.04816,9.66694],[-11.04884,9.66711],[-11.04911,9.66723],[-11.04934,9.66745],[-11.0496,9.66775],[-11.05001,9.66831],[-11.0504,9.6687],[-11.05081,9.66905],[-11.05122,9.66933],[-11.05156,9.66954],[-11.05183,9.66966],[-11.0524,9.66982],[-11.05399,9.67052],[-11.0546,9.6708],[-11.05526,9.6711],[-11.0557,9.67129],[-11.05636,9.67156],[-11.05678,9.67171],[-11.05708,9.67182],[-11.05737,9.67191],[-11.05755,9.67193],[-11.05808,9.67194],[-11.05828,9.67196],[-11.05848,9.672],[-11.05883,9.6721],[-11.05974,9.6723],[-11.06023,9.67243],[-11.06091,9.67261],[-11.06131,9.67272],[-11.0618,9.67289],[-11.06217,9.67303],[-11.06262,9.67327],[-11.06338,9.67372],[-11.06355,9.67384],[-11.06371,9.67393],[-11.06385,9.67399],[-11.06427,9.67416],[-11.06489,9.6744],[-11.06531,9.67457],[-11.06571,9.67469],[-11.06611,9.67485],[-11.06643,9.67501],[-11.06665,9.67511],[-11.06689,9.67519],[-11.06715,9.67522],[-11.06776,9.67524],[-11.0687,9.67529],[-11.06986,9.67542],[-11.07059,9.67551],[-11.07129,9.67559],[-11.07161,9.67566],[-11.07181,9.67569],[-11.07273,9.67572],[-11.07327,9.67577],[-11.07339,9.67581],[-11.07352,9.67586],[-11.07376,9.676],[-11.07449,9.67639],[-11.07488,9.67657],[-11.07508,9.67667],[-11.07522,9.67668],[-11.07545,9.67667],[-11.07563,9.67668],[-11.07578,9.67675],[-11.07594,9.67685],[-11.07621,9.67709],[-11.07686,9.67763],[-11.07731,9.67814],[-11.07757,9.6784],[-11.07811,9.67877],[-11.07857,9.67911],[-11.07879,9.67921],[-11.07907,9.67932],[-11.07922,9.67936],[-11.07934,9.67941],[-11.07946,9.67948],[-11.07967,9.67965],[-11.07982,9.67979],[-11.08,9.67989],[-11.08023,9.67997],[-11.0805,9.68004],[-11.08084,9.68008],[-11.08133,9.68006],[-11.08189,9.67998],[-11.08243,9.6798],[-11.08269,9.67964],[-11.08315,9.6792],[-11.08345,9.67899],[-11.0838,9.67883],[-11.08419,9.67875],[-11.08451,9.67876],[-11.0848,9.67882],[-11.08504,9.67894],[-11.08524,9.67919],[-11.08534,9.67942],[-11.08539,9.67982],[-11.08545,9.68001],[-11.08574,9.68039],[-11.08621,9.6809],[-11.08648,9.68112],[-11.08682,9.68119],[-11.08718,9.68122],[-11.08744,9.68123],[-11.08772,9.68117],[-11.08843,9.68099],[-11.08906,9.68077],[-11.08929,9.68071],[-11.0903,9.68054],[-11.09079,9.68051],[-11.09105,9.68053],[-11.09158,9.68072],[-11.09207,9.68091],[-11.09249,9.68112],[-11.09299,9.68145],[-11.09342,9.68178],[-11.09357,9.68198],[-11.09377,9.68237],[-11.09414,9.68339],[-11.09432,9.68374],[-11.0945,9.68407],[-11.09484,9.68462],[-11.09549,9.6856],[-11.09586,9.68624],[-11.09638,9.68727],[-11.09647,9.68754],[-11.09655,9.68789],[-11.09658,9.68854],[-11.09651,9.68888],[-11.09636,9.68933],[-11.09602,9.69],[-11.09571,9.69054]]},"properties":{"id":681167032,"cls":"primary","hw":"primary","tg":"na","name":"","ref":"","surface":"unpaved","sc":"unpaved","speed":null,"lit":"unk","km":26.35}},
{"type":"Feature","geometry":{"type":"LineString","coordinates":[[-11.9606,9.16498],[-11.96058,9.16512]]},"properties":{"id":684558163,"cls":"primary","hw":"primary","tg":"na","name":"Mabarta Road","ref":"","surface":"paved","sc":"paved","speed":null,"lit":"unk","km":0.016}},
{"type":"Feature","geometry":{"type":"LineString","coordinates":[[-11.96058,9.16512],[-11.96051,9.16548],[-11.96009,9.16826],[-11.95968,9.17096],[-11.95944,9.17237],[-11.95937,9.17299],[-11.95934,9.17344],[-11.95934,9.17348],[-11.95933,9.17421],[-11.95944,9.17527]]},"properties":{"id":684558164,"cls":"primary","hw":"primary","tg":"na","name":"Mabarta Road","ref":"","surface":"paved","sc":"paved","speed":null,"lit":"unk","km":1.139}},
{"type":"Feature","geometry":{"type":"LineString","coordinates":[[-11.16969,7.90498],[-11.16971,7.90483],[-11.16973,7.90477],[-11.16977,7.90461],[-11.16982,7.90444],[-11.16991,7.90423],[-11.16995,7.90415],[-11.17002,7.90402],[-11.17023,7.90369],[-11.17076,7.90296],[-11.17152,7.90192],[-11.17242,7.90062],[-11.17261,7.90039],[-11.17276,7.90021],[-11.17316,7.89979],[-11.17361,7.89941],[-11.17389,7.89922],[-11.17413,7.89905],[-11.17442,7.89885],[-11.17452,7.89879],[-11.17507,7.89842],[-11.17571,7.89797],[-11.17601,7.89773],[-11.17633,7.89745],[-11.17659,7.8972],[-11.17693,7.89685],[-11.17702,7.89676]]},"properties":{"id":685291746,"cls":"trunk","hw":"trunk","tg":"na","name":"Hangha Road","ref":"","surface":"paved","sc":"paved","speed":null,"lit":"unk","km":1.242}},
{"type":"Feature","geometry":{"type":"LineString","coordinates":[[-11.16966,7.90521],[-11.16969,7.90498]]},"properties":{"id":685291750,"cls":"trunk","hw":"trunk","tg":"na","name":"Hangha Road","ref":"","surface":"paved","sc":"paved","speed":null,"lit":"unk","km":0.026}},
{"type":"Feature","geometry":{"type":"LineString","coordinates":[[-11.16845,7.91009],[-11.16854,7.90993],[-11.1686,7.90982],[-11.16866,7.90969],[-11.16877,7.90945],[-11.16891,7.90912],[-11.16895,7.90903],[-11.16909,7.90872],[-11.1693,7.90825],[-11.16939,7.90804],[-11.16946,7.90789],[-11.1695,7.90777],[-11.16956,7.90761],[-11.16962,7.90743],[-11.16967,7.9072],[-11.16969,7.90707],[-11.1697,7.90691],[-11.16971,7.90673],[-11.16971,7.90653],[-11.16969,7.90613],[-11.16965,7.90578],[-11.16964,7.90573],[-11.16964,7.9055],[-11.16964,7.90541],[-11.16966,7.90521]]},"properties":{"id":685291751,"cls":"trunk","hw":"trunk","tg":"na","name":"Hangha Road","ref":"","surface":"paved","sc":"paved","speed":null,"lit":"unk","km":0.571}},
{"type":"Feature","geometry":{"type":"LineString","coordinates":[[-11.13771,7.95613],[-11.13777,7.9559]]},"properties":{"id":685291752,"cls":"trunk","hw":"trunk","tg":"na","name":"","ref":"","surface":"unpaved","sc":"unpaved","speed":null,"lit":"unk","km":0.026}},
{"type":"Feature","geometry":{"type":"LineString","coordinates":[[-11.13777,7.9559],[-11.13811,7.95455],[-11.13825,7.95416],[-11.13835,7.95354],[-11.13843,7.95275],[-11.13843,7.95171],[-11.13837,7.9506],[-11.13826,7.94942],[-11.13808,7.94776],[-11.13804,7.94699],[-11.13805,7.94668],[-11.13811,7.94621],[-11.13824,7.94559],[-11.13845,7.94488],[-11.13859,7.94443],[-11.13876,7.94391],[-11.13892,7.9434],[-11.1391,7.94281],[-11.13927,7.94223],[-11.13943,7.94183],[-11.13962,7.94138],[-11.1398,7.94104],[-11.14012,7.94062],[-11.14017,7.94059],[-11.14058,7.94018],[-11.1409,7.93985],[-11.14146,7.9393],[-11.14172,7.93907],[-11.14179,7.939],[-11.14186,7.93892],[-11.14256,7.93821],[-11.14261,7.93816],[-11.14276,7.938],[-11.14314,7.93764],[-11.14334,7.9375],[-11.14351,7.9374],[-11.14372,7.9373],[-11.1439,7.93723],[-11.14415,7.93715],[-11.14444,7.93708],[-11.14515,7.93697],[-11.1454,7.93689]]},"properties":{"id":685291753,"cls":"trunk","hw":"trunk","tg":"na","name":"","ref":"","surface":"unpaved","sc":"unpaved","speed":null,"lit":"unk","km":2.488}},
{"type":"Feature","geometry":{"type":"LineString","coordinates":[[-11.05283,8.27317],[-11.05283,8.27304]]},"properties":{"id":685291754,"cls":"primary","hw":"primary","tg":"na","name":"","ref":"","surface":"unpaved","sc":"unpaved","speed":null,"lit":"unk","km":0.014}},
{"type":"Feature","geometry":{"type":"LineString","coordinates":[[-11.05708,8.31216],[-11.05685,8.31202],[-11.05663,8.31188],[-11.05647,8.31175],[-11.05631,8.31158],[-11.05595,8.31126],[-11.05578,8.31107],[-11.05565,8.31089],[-11.05561,8.3108],[-11.05555,8.31062],[-11.05536,8.31005],[-11.05499,8.30887],[-11.05482,8.30828],[-11.05469,8.30788],[-11.05451,8.3072],[-11.05445,8.30681],[-11.05436,8.30624],[-11.05426,8.30573],[-11.05415,8.30529],[-11.05392,8.30473],[-11.05362,8.30415],[-11.05336,8.30356],[-11.05326,8.30327],[-11.05323,8.30297],[-11.05326,8.30266],[-11.05329,8.3023],[-11.05332,8.30197],[-11.05334,8.30126],[-11.05334,8.30092],[-11.05335,8.30057],[-11.05334,8.3004],[-11.0533,8.30015],[-11.05324,8.29981],[-11.05319,8.29962],[-11.05295,8.29899],[-11.05281,8.29857],[-11.05262,8.29793],[-11.05242,8.29714],[-11.05233,8.29667],[-11.05232,8.29628],[-11.05232,8.29584],[-11.05237,8.29549],[-11.05253,8.29505],[-11.05279,8.29432],[-11.05304,8.2936],[-11.05334,8.29251],[-11.05341,8.29209],[-11.0534,8.29173],[-11.05328,8.29132],[-11.05307,8.29065],[-11.0529,8.28992],[-11.0528,8.28938],[-11.05273,8.28879],[-11.05276,8.28783],[-11.05287,8.28696],[-11.05294,8.28641],[-11.053,8.28601],[-11.05309,8.28565],[-11.05318,8.28535],[-11.05334,8.28498],[-11.05346,8.28469],[-11.05355,8.2842],[-11.05358,8.28367],[-11.05355,8.28322],[-11.05353,8.28289],[-11.05352,8.2827],[-11.05347,8.28247],[-11.05335,8.28187],[-11.05332,8.28148],[-11.05327,8.28084],[-11.05323,8.28031],[-11.05323,8.2799],[-11.05321,8.2792],[-11.05321,8.27882],[-11.05316,8.27852],[-11.05312,8.27841],[-11.05308,8.2782],[-11.05303,8.2778],[-11.05301,8.27733],[-11.05309,8.27684],[-11.05313,8.27644],[-11.05313,8.27608],[-11.05307,8.27569],[-11.05292,8.27508],[-11.05285,8.27488],[-11.05273,8.27465],[-11.05267,8.27448],[-11.05261,8.27419],[-11.05264,8.27393],[-11.05274,8.27346],[-11.05279,8.27333],[-11.05283,8.27317]]},"properties":{"id":685291755,"cls":"primary","hw":"primary","tg":"na","name":"","ref":"","surface":"unpaved","sc":"unpaved","speed":null,"lit":"unk","km":4.523}},
{"type":"Feature","geometry":{"type":"LineString","coordinates":[[-10.99384,8.04952],[-10.99391,8.04943],[-10.99395,8.04938],[-10.99399,8.04934]]},"properties":{"id":685388245,"cls":"trunk","hw":"trunk_link","tg":"na","name":"","ref":"","surface":"","sc":"unknown","speed":null,"lit":"unk","km":0.026}},
{"type":"Feature","geometry":{"type":"LineString","coordinates":[[-10.99372,8.04936],[-10.99377,8.04941],[-10.9938,8.04944],[-10.99385,8.04949]]},"properties":{"id":685388246,"cls":"trunk","hw":"trunk_link","tg":"na","name":"","ref":"","surface":"","sc":"unknown","speed":null,"lit":"unk","km":0.02}},
{"type":"Feature","geometry":{"type":"LineString","coordinates":[[-10.99385,8.04935],[-10.99399,8.04934],[-10.99431,8.04929],[-10.99463,8.04921],[-10.99473,8.04916],[-10.99482,8.04911]]},"properties":{"id":685388247,"cls":"trunk","hw":"trunk","tg":"na","name":"","ref":"","surface":"paved","sc":"paved","speed":null,"lit":"unk","km":0.111}},
{"type":"Feature","geometry":{"type":"LineString","coordinates":[[-10.99325,8.0493],[-10.99334,8.04933],[-10.99343,8.04935],[-10.99357,8.04937],[-10.99372,8.04936],[-10.99385,8.04935]]},"properties":{"id":685388248,"cls":"trunk","hw":"trunk","tg":"na","name":"","ref":"","surface":"","sc":"unknown","speed":null,"lit":"unk","km":0.067}},
{"type":"Feature","geometry":{"type":"LineString","coordinates":[[-10.99482,8.04911],[-10.99471,8.04913],[-10.99459,8.04917],[-10.99427,8.04924],[-10.99385,8.0493]]},"properties":{"id":685388249,"cls":"trunk","hw":"trunk","tg":"na","name":"","ref":"","surface":"paved","sc":"paved","speed":null,"lit":"unk","km":0.109}},
{"type":"Feature","geometry":{"type":"LineString","coordinates":[[-10.99385,8.0493],[-10.9936,8.04931],[-10.99343,8.04931],[-10.99325,8.0493]]},"properties":{"id":685388250,"cls":"trunk","hw":"trunk","tg":"na","name":"","ref":"","surface":"","sc":"unknown","speed":null,"lit":"unk","km":0.066}},
{"type":"Feature","geometry":{"type":"LineString","coordinates":[[-11.2689,8.56411],[-11.26879,8.56399]]},"properties":{"id":685412842,"cls":"primary","hw":"primary","tg":"na","name":"","ref":"","surface":"unpaved","sc":"unpaved","speed":80,"lit":"unk","km":0.018}},
{"type":"Feature","geometry":{"type":"LineString","coordinates":[[-11.27316,8.56718],[-11.27197,8.56657],[-11.27097,8.56606],[-11.27076,8.56593],[-11.2706,8.56584],[-11.27046,8.56575],[-11.27034,8.56566],[-11.27025,8.56558],[-11.27017,8.56549],[-11.27007,8.56539],[-11.26996,8.56527],[-11.2689,8.56411]]},"properties":{"id":685412843,"cls":"primary","hw":"primary","tg":"na","name":"","ref":"","surface":"unpaved","sc":"unpaved","speed":80,"lit":"unk","km":0.588}},
{"type":"Feature","geometry":{"type":"LineString","coordinates":[[-10.98131,8.63946],[-10.98113,8.63953]]},"properties":{"id":685449671,"cls":"primary","hw":"primary","tg":"na","name":"","ref":"","surface":"","sc":"unknown","speed":80,"lit":"unk","km":0.021}},
{"type":"Feature","geometry":{"type":"LineString","coordinates":[[-10.98113,8.63953],[-10.98099,8.63959],[-10.98093,8.63961],[-10.98084,8.63963],[-10.98073,8.63965],[-10.98003,8.63975],[-10.97912,8.63988],[-10.97898,8.6399]]},"properties":{"id":685449672,"cls":"primary","hw":"primary","tg":"na","name":"Mashingbi Road","ref":"","surface":"asphalt","sc":"paved","speed":80,"lit":"unk","km":0.241}},
{"type":"Feature","geometry":{"type":"LineString","coordinates":[[-12.21295,8.35107],[-12.21297,8.35123]]},"properties":{"id":685460895,"cls":"trunk","hw":"trunk","tg":"na","name":"Yonibana-Bo","ref":"TAH 7","surface":"","sc":"unknown","speed":null,"lit":"unk","km":0.018}},
{"type":"Feature","geometry":{"type":"LineString","coordinates":[[-12.21366,8.32841],[-12.21224,8.33048],[-12.21096,8.33231],[-12.21084,8.33248],[-12.21051,8.33299],[-12.2102,8.33352],[-12.2101,8.33376],[-12.21001,8.33408],[-12.20999,8.33437],[-12.21,8.33463],[-12.21005,8.33498],[-12.21025,8.33636],[-12.21045,8.33791],[-12.21063,8.33907],[-12.21082,8.34027],[-12.211,8.34147]]},"properties":{"id":685460896,"cls":"trunk","hw":"trunk","tg":"na","name":"Yonibana-Bo","ref":"TAH 7","surface":"","sc":"unknown","speed":null,"lit":"unk","km":1.58}},
{"type":"Feature","geometry":{"type":"LineString","coordinates":[[-11.31478,8.57407],[-11.31459,8.57406]]},"properties":{"id":685689140,"cls":"primary","hw":"primary","tg":"na","name":"","ref":"","surface":"unpaved","sc":"unpaved","speed":80,"lit":"unk","km":0.021}},
{"type":"Feature","geometry":{"type":"LineString","coordinates":[[-11.30709,8.57267],[-11.30679,8.57263],[-11.30635,8.57257],[-11.30572,8.57249],[-11.30355,8.57214],[-11.3024,8.57192],[-11.30101,8.57168],[-11.30019,8.57153],[-11.29976,8.57145],[-11.29936,8.57135],[-11.29894,8.57122],[-11.2972,8.57066],[-11.29567,8.57015],[-11.29523,8.57001],[-11.29483,8.5699],[-11.29447,8.56982],[-11.29403,8.56977],[-11.29358,8.56976],[-11.29297,8.56978],[-11.29033,8.56998],[-11.28888,8.5701],[-11.28837,8.57011],[-11.28799,8.57006],[-11.28763,8.56994],[-11.28732,8.56983],[-11.28479,8.5689],[-11.28457,8.56881],[-11.28437,8.56871],[-11.28418,8.56861],[-11.28395,8.56845],[-11.28372,8.56827],[-11.28353,8.5681],[-11.28334,8.56791],[-11.28322,8.56778],[-11.28275,8.56729],[-11.28258,8.56713],[-11.28239,8.56698],[-11.28213,8.56681],[-11.2818,8.56666],[-11.28148,8.56655],[-11.28118,8.56649],[-11.28086,8.56647],[-11.28051,8.56651],[-11.28011,8.56659],[-11.27977,8.5667],[-11.27775,8.56752],[-11.2776,8.56759],[-11.27739,8.56765],[-11.2772,8.56771],[-11.27702,8.56777],[-11.27684,8.5678],[-11.27666,8.56784],[-11.27654,8.56786],[-11.27638,8.56787],[-11.2761,8.56788],[-11.2759,8.56789],[-11.27548,8.56788],[-11.27517,8.56786],[-11.27496,8.56782],[-11.27468,8.56776],[-11.27447,8.56772],[-11.27424,8.56765],[-11.27406,8.56758],[-11.27391,8.56753],[-11.27372,8.56745],[-11.27347,8.56734],[-11.27316,8.56718]]},"properties":{"id":685689141,"cls":"primary","hw":"primary","tg":"na","name":"","ref":"","surface":"unpaved","sc":"unpaved","speed":80,"lit":"unk","km":3.927}},
{"type":"Feature","geometry":{"type":"LineString","coordinates":[[-11.85061,8.65732],[-11.85047,8.65726]]},"properties":{"id":685692019,"cls":"primary","hw":"primary","tg":"na","name":"","ref":"","surface":"asphalt","sc":"paved","speed":80,"lit":"unk","km":0.017}},
{"type":"Feature","geometry":{"type":"LineString","coordinates":[[-11.85047,8.65726],[-11.84953,8.65689],[-11.84932,8.65682],[-11.84901,8.65672],[-11.84868,8.65665],[-11.84833,8.65659],[-11.84797,8.65656],[-11.84752,8.65656],[-11.84704,8.6566],[-11.84303,8.65725],[-11.84278,8.65728],[-11.84256,8.6573],[-11.8423,8.65732],[-11.84212,8.65733],[-11.84173,8.65733],[-11.84133,8.65731],[-11.84106,8.65728],[-11.84073,8.65723],[-11.84023,8.65715],[-11.83629,8.65657],[-11.83578,8.6565],[-11.83545,8.65648],[-11.83507,8.65646],[-11.83475,8.65646],[-11.83433,8.65649],[-11.83388,8.65653],[-11.83315,8.6566],[-11.8319,8.65671],[-11.82988,8.6569],[-11.82807,8.6571],[-11.82644,8.65727],[-11.82614,8.65731]]},"properties":{"id":685692020,"cls":"primary","hw":"primary","tg":"na","name":"","ref":"","surface":"asphalt","sc":"paved","speed":80,"lit":"unk","km":2.705}},
{"type":"Feature","geometry":{"type":"LineString","coordinates":[[-11.57623,8.63687],[-11.57608,8.63689]]},"properties":{"id":685692410,"cls":"primary","hw":"primary","tg":"na","name":"","ref":"","surface":"asphalt","sc":"paved","speed":80,"lit":"unk","km":0.017}},
{"type":"Feature","geometry":{"type":"LineString","coordinates":[[-11.57608,8.63689],[-11.57584,8.63691],[-11.57561,8.63691],[-11.57545,8.6369],[-11.57527,8.63689],[-11.57465,8.63676],[-11.57356,8.63651],[-11.57325,8.63637],[-11.57301,8.63629],[-11.57274,8.63618],[-11.57249,8.63605],[-11.57232,8.63594],[-11.57211,8.63578],[-11.57179,8.63554],[-11.5707,8.63469],[-11.5686,8.63307],[-11.56661,8.63152],[-11.566,8.63108],[-11.56556,8.63078],[-11.56519,8.63055],[-11.56465,8.63021],[-11.56416,8.62997],[-11.56365,8.6297],[-11.5633,8.62954]]},"properties":{"id":685692411,"cls":"primary","hw":"primary","tg":"na","name":"","ref":"","surface":"asphalt","sc":"paved","speed":80,"lit":"unk","km":1.656}},
{"type":"Feature","geometry":{"type":"LineString","coordinates":[[-11.4106,8.61723],[-11.41057,8.61697]]},"properties":{"id":685693131,"cls":"primary","hw":"primary","tg":"na","name":"","ref":"","surface":"unpaved","sc":"unpaved","speed":80,"lit":"unk","km":0.029}},
{"type":"Feature","geometry":{"type":"LineString","coordinates":[[-11.39999,8.60728],[-11.39967,8.60708],[-11.3993,8.60687],[-11.39896,8.6067],[-11.39869,8.6066],[-11.39841,8.60653],[-11.39802,8.60646],[-11.3968,8.60632],[-11.3964,8.60626],[-11.39605,8.60617],[-11.39582,8.60609],[-11.39559,8.60597],[-11.39531,8.6058],[-11.39504,8.60559],[-11.39479,8.60536],[-11.39465,8.60519],[-11.39453,8.60504],[-11.39444,8.60491],[-11.39431,8.60468],[-11.39419,8.60437],[-11.39389,8.60367],[-11.39377,8.60344],[-11.39363,8.60322],[-11.3935,8.60303],[-11.39336,8.60288],[-11.39317,8.60269],[-11.39295,8.60254],[-11.39277,8.60243],[-11.39259,8.60234],[-11.39241,8.60225],[-11.39053,8.60152],[-11.38873,8.60082],[-11.38848,8.6007],[-11.38824,8.60058],[-11.38795,8.60042],[-11.38773,8.60027],[-11.38747,8.60008],[-11.38725,8.59988],[-11.38706,8.59971],[-11.38685,8.5995],[-11.38667,8.59928],[-11.38649,8.59903],[-11.38636,8.59884],[-11.38603,8.59832],[-11.38502,8.59674]]},"properties":{"id":685693132,"cls":"primary","hw":"primary","tg":"na","name":"","ref":"","surface":"unpaved","sc":"unpaved","speed":80,"lit":"unk","km":2.127}},
{"type":"Feature","geometry":{"type":"LineString","coordinates":[[-11.40014,8.60738],[-11.39999,8.60728]]},"properties":{"id":685693246,"cls":"primary","hw":"primary","tg":"na","name":"","ref":"","surface":"unpaved","sc":"unpaved","speed":80,"lit":"unk","km":0.02}},
{"type":"Feature","geometry":{"type":"LineString","coordinates":[[-11.41057,8.61697],[-11.41052,8.6167],[-11.41044,8.61635],[-11.41035,8.61614],[-11.41015,8.61578],[-11.40991,8.61545],[-11.40975,8.61528],[-11.4096,8.61514],[-11.40929,8.61492],[-11.40851,8.6144],[-11.40819,8.61419],[-11.40797,8.61401],[-11.40769,8.61379],[-11.40733,8.61345],[-11.40694,8.61306],[-11.40659,8.61266],[-11.40628,8.61224],[-11.40609,8.61197],[-11.40593,8.61174],[-11.40559,8.61118],[-11.40504,8.61027],[-11.40487,8.61002],[-11.40465,8.60976],[-11.40441,8.60953],[-11.40421,8.60936],[-11.40404,8.60924],[-11.40384,8.60912],[-11.40363,8.60901],[-11.40344,8.60894],[-11.40327,8.60887],[-11.40308,8.6088],[-11.40279,8.60872],[-11.40219,8.60855],[-11.40188,8.60845],[-11.4015,8.60829],[-11.40126,8.60817],[-11.40099,8.608],[-11.40014,8.60738]]},"properties":{"id":685693247,"cls":"primary","hw":"primary","tg":"na","name":"","ref":"","surface":"unpaved","sc":"unpaved","speed":80,"lit":"unk","km":1.624}},
{"type":"Feature","geometry":{"type":"LineString","coordinates":[[-11.84827,8.64622],[-11.84835,8.64629]]},"properties":{"id":685693964,"cls":"primary","hw":"primary","tg":"na","name":"Old Railway Line","ref":"","surface":"","sc":"unknown","speed":null,"lit":"unk","km":0.012}},
{"type":"Feature","geometry":{"type":"LineString","coordinates":[[-11.84835,8.64629],[-11.8486,8.64651],[-11.84901,8.64689],[-11.84972,8.64752],[-11.85013,8.64786],[-11.85075,8.64842],[-11.85171,8.64925],[-11.85234,8.64978],[-11.85271,8.65011],[-11.85345,8.65074],[-11.85379,8.65103],[-11.85426,8.65145],[-11.85461,8.65173],[-11.85513,8.65218],[-11.85557,8.65254],[-11.85574,8.65271]]},"properties":{"id":685693965,"cls":"primary","hw":"primary","tg":"na","name":"Old Railway Line","ref":"","surface":"unpaved","sc":"unpaved","speed":null,"lit":"unk","km":1.082}},
{"type":"Feature","geometry":{"type":"LineString","coordinates":[[-11.75359,7.9541],[-11.75367,7.95412],[-11.7537,7.95413],[-11.75375,7.95413]]},"properties":{"id":685708578,"cls":"trunk","hw":"trunk_link","tg":"na","name":"","ref":"","surface":"asphalt","sc":"paved","speed":null,"lit":"unk","km":0.018}},
{"type":"Feature","geometry":{"type":"LineString","coordinates":[[-11.75356,7.95386],[-11.75355,7.95394],[-11.75355,7.95399],[-11.75354,7.95406]]},"properties":{"id":685708579,"cls":"trunk","hw":"trunk_link","tg":"na","name":"","ref":"","surface":"asphalt","sc":"paved","speed":null,"lit":"unk","km":0.022}},
{"type":"Feature","geometry":{"type":"LineString","coordinates":[[-11.83633,8.41656],[-11.83641,8.41654]]},"properties":{"id":685823575,"cls":"primary","hw":"primary","tg":"na","name":"Mahei Boima Road","ref":"","surface":"","sc":"unknown","speed":null,"lit":"unk","km":0.009}},
{"type":"Feature","geometry":{"type":"LineString","coordinates":[[-11.83641,8.41654],[-11.83667,8.41646],[-11.83718,8.41629],[-11.83771,8.41614],[-11.83795,8.41611],[-11.8381,8.41611],[-11.83825,8.41613],[-11.8384,8.41618],[-11.83855,8.41623],[-11.83876,8.41631],[-11.83904,8.41641],[-11.83952,8.41656],[-11.83982,8.41666],[-11.83992,8.41671],[-11.84004,8.4168],[-11.84013,8.41687],[-11.84024,8.41698],[-11.84039,8.41713],[-11.84053,8.41728],[-11.84061,8.41735],[-11.84068,8.41741]]},"properties":{"id":685823576,"cls":"primary","hw":"primary","tg":"na","name":"Mahei Boima Road","ref":"","surface":"unpaved","sc":"unpaved","speed":null,"lit":"unk","km":0.519}},
{"type":"Feature","geometry":{"type":"LineString","coordinates":[[-11.54671,8.62713],[-11.54649,8.62722]]},"properties":{"id":685826114,"cls":"primary","hw":"primary","tg":"na","name":"","ref":"","surface":"unpaved","sc":"unpaved","speed":80,"lit":"unk","km":0.026}},
{"type":"Feature","geometry":{"type":"LineString","coordinates":[[-11.5633,8.62954],[-11.56293,8.62938],[-11.56247,8.62918],[-11.56174,8.62891],[-11.55959,8.62807],[-11.55601,8.62663],[-11.55579,8.62655],[-11.55555,8.62647],[-11.55532,8.62641],[-11.5551,8.62635],[-11.55485,8.62631],[-11.55458,8.62626],[-11.55426,8.62622],[-11.55399,8.62621],[-11.55363,8.6262],[-11.55329,8.62619],[-11.55299,8.6262],[-11.55268,8.62622],[-11.55165,8.62632],[-11.55033,8.62639],[-11.5492,8.62649],[-11.54895,8.62651],[-11.54873,8.62653],[-11.54855,8.62656],[-11.54837,8.62659],[-11.5481,8.62666],[-11.54783,8.62673],[-11.54764,8.62679],[-11.54671,8.62713]]},"properties":{"id":685826115,"cls":"primary","hw":"primary","tg":"na","name":"","ref":"","surface":"unpaved","sc":"unpaved","speed":80,"lit":"unk","km":1.905}},
{"type":"Feature","geometry":{"type":"LineString","coordinates":[[-11.23038,8.58339],[-11.23036,8.58357]]},"properties":{"id":685845419,"cls":"primary","hw":"primary","tg":"na","name":"","ref":"","surface":"unpaved","sc":"unpaved","speed":80,"lit":"unk","km":0.02}},
{"type":"Feature","geometry":{"type":"LineString","coordinates":[[-11.23036,8.58357],[-11.23029,8.58428],[-11.2302,8.5848],[-11.23009,8.58531],[-11.22991,8.58588],[-11.22967,8.58649],[-11.22941,8.58702],[-11.22913,8.58754],[-11.22887,8.58804],[-11.22863,8.58856],[-11.22846,8.589],[-11.22831,8.58947],[-11.22822,8.58985],[-11.2281,8.59055],[-11.22794,8.59135],[-11.22787,8.59182],[-11.22779,8.59224],[-11.22772,8.59268]]},"properties":{"id":685845420,"cls":"primary","hw":"primary","tg":"na","name":"","ref":"","surface":"unpaved","sc":"unpaved","speed":80,"lit":"unk","km":1.062}},
{"type":"Feature","geometry":{"type":"LineString","coordinates":[[-11.30725,8.57269],[-11.30709,8.57267]]},"properties":{"id":685846157,"cls":"primary","hw":"primary","tg":"na","name":"","ref":"","surface":"unpaved","sc":"unpaved","speed":80,"lit":"unk","km":0.018}},
{"type":"Feature","geometry":{"type":"LineString","coordinates":[[-11.31459,8.57406],[-11.31431,8.57403],[-11.31404,8.57398],[-11.31377,8.57393],[-11.31353,8.57388],[-11.31269,8.57369],[-11.31147,8.57339],[-11.31052,8.57318],[-11.31017,8.57309],[-11.30981,8.57301],[-11.30941,8.57296],[-11.30903,8.57291],[-11.30856,8.57285],[-11.30827,8.57281],[-11.30794,8.57277],[-11.30771,8.57274],[-11.30725,8.57269]]},"properties":{"id":685846160,"cls":"primary","hw":"primary","tg":"na","name":"","ref":"","surface":"unpaved","sc":"unpaved","speed":80,"lit":"unk","km":0.822}},
{"type":"Feature","geometry":{"type":"LineString","coordinates":[[-11.2311,8.57701],[-11.23108,8.5772]]},"properties":{"id":685846532,"cls":"primary","hw":"primary","tg":"na","name":"","ref":"","surface":"unpaved","sc":"unpaved","speed":80,"lit":"unk","km":0.021}},
{"type":"Feature","geometry":{"type":"LineString","coordinates":[[-11.23108,8.5772],[-11.23087,8.579],[-11.23085,8.57921],[-11.23081,8.57957],[-11.2307,8.58049],[-11.23068,8.58065],[-11.23066,8.58079],[-11.23054,8.58169],[-11.23038,8.58339]]},"properties":{"id":685846533,"cls":"primary","hw":"primary","tg":"na","name":"","ref":"","surface":"unpaved","sc":"unpaved","speed":80,"lit":"unk","km":0.693}},
{"type":"Feature","geometry":{"type":"LineString","coordinates":[[-11.14159,8.64074],[-11.14137,8.64074]]},"properties":{"id":685846797,"cls":"primary","hw":"primary","tg":"na","name":"","ref":"","surface":"paved","sc":"paved","speed":80,"lit":"unk","km":0.024}},
{"type":"Feature","geometry":{"type":"LineString","coordinates":[[-11.14578,8.64018],[-11.14569,8.64021],[-11.14512,8.64038],[-11.14491,8.64044],[-11.14469,8.64049],[-11.14459,8.64052],[-11.14439,8.64056],[-11.1441,8.6406],[-11.14357,8.64067],[-11.1434,8.64068],[-11.14318,8.64069],[-11.14159,8.64074]]},"properties":{"id":685846798,"cls":"primary","hw":"primary","tg":"na","name":"","ref":"","surface":"paved","sc":"paved","speed":80,"lit":"unk","km":0.467}},
{"type":"Feature","geometry":{"type":"LineString","coordinates":[[-11.06684,8.61012],[-11.06661,8.61007]]},"properties":{"id":685846819,"cls":"primary","hw":"primary","tg":"na","name":"","ref":"","surface":"","sc":"unknown","speed":80,"lit":"unk","km":0.026}},
{"type":"Feature","geometry":{"type":"LineString","coordinates":[[-11.08336,8.61032],[-11.08313,8.61028],[-11.083,8.61026],[-11.08282,8.61023],[-11.08253,8.6102],[-11.08223,8.61018],[-11.08198,8.61018],[-11.08171,8.61018],[-11.08123,8.61018],[-11.08075,8.61022],[-11.08025,8.61024],[-11.08,8.61026],[-11.07804,8.61036],[-11.07641,8.61043],[-11.07577,8.61044],[-11.07507,8.61046],[-11.07429,8.61048],[-11.07281,8.61055],[-11.0721,8.61063],[-11.07168,8.61067],[-11.07141,8.61068],[-11.0709,8.61067],[-11.07059,8.61066],[-11.07024,8.61065],[-11.0697,8.6106],[-11.06921,8.61052],[-11.06808,8.61031],[-11.06762,8.61024],[-11.06684,8.61012]]},"properties":{"id":685846820,"cls":"primary","hw":"primary","tg":"na","name":"","ref":"","surface":"","sc":"unknown","speed":80,"lit":"unk","km":1.824}},
{"type":"Feature","geometry":{"type":"LineString","coordinates":[[-10.60635,8.59248],[-10.60624,8.59247]]},"properties":{"id":685847308,"cls":"primary","hw":"primary","tg":"na","name":"","ref":"","surface":"unpaved","sc":"unpaved","speed":null,"lit":"unk","km":0.012}},
{"type":"Feature","geometry":{"type":"LineString","coordinates":[[-10.60624,8.59247],[-10.60606,8.59246],[-10.60563,8.5924],[-10.60524,8.59234],[-10.60458,8.59219],[-10.60391,8.59206],[-10.60331,8.59197],[-10.60269,8.59193],[-10.60235,8.59192],[-10.60201,8.59196],[-10.60152,8.59215],[-10.59995,8.59289],[-10.59962,8.593],[-10.5993,8.59305],[-10.5989,8.59309],[-10.59861,8.5931],[-10.59831,8.59306],[-10.59789,8.59303],[-10.59754,8.59298],[-10.59743,8.59298],[-10.59733,8.593],[-10.5969,8.59318],[-10.59611,8.59364],[-10.59583,8.59377],[-10.59552,8.59389],[-10.59531,8.59396],[-10.5951,8.59401],[-10.59481,8.59409],[-10.59384,8.59445],[-10.59306,8.5948],[-10.59243,8.59514],[-10.59195,8.59543],[-10.5917,8.59561],[-10.59137,8.59578],[-10.59098,8.59594],[-10.59046,8.59611],[-10.58973,8.59631],[-10.58942,8.59638],[-10.58912,8.59649],[-10.58868,8.59669],[-10.58763,8.59717],[-10.58694,8.59745],[-10.58641,8.59773],[-10.58599,8.598],[-10.58552,8.59831],[-10.58492,8.59877],[-10.58478,8.5989],[-10.58455,8.59914],[-10.58422,8.59959],[-10.58401,8.59997],[-10.58381,8.60037],[-10.58366,8.60077],[-10.58352,8.60128],[-10.58324,8.60212],[-10.5831,8.60274],[-10.58294,8.60346],[-10.58281,8.60428],[-10.58278,8.6046],[-10.58277,8.60471],[-10.58276,8.60514],[-10.58278,8.60592],[-10.5828,8.6063],[-10.58285,8.60719],[-10.5829,8.60764],[-10.58296,8.60824],[-10.58303,8.60867],[-10.58312,8.60926],[-10.58319,8.60988],[-10.5832,8.61005],[-10.58317,8.61022],[-10.58313,8.61034],[-10.58306,8.61049],[-10.58299,8.61068],[-10.58295,8.61099],[-10.58286,8.6114],[-10.58278,8.61181],[-10.58276,8.61211],[-10.58278,8.6127],[-10.58275,8.61312],[-10.58272,8.61354],[-10.58273,8.61377],[-10.58271,8.61402],[-10.5827,8.61429],[-10.58268,8.61462],[-10.58264,8.61511],[-10.58261,8.61527],[-10.58257,8.61541],[-10.58248,8.61564],[-10.58237,8.61584],[-10.58227,8.61599],[-10.58213,8.61618],[-10.58206,8.61626],[-10.58188,8.61646],[-10.58163,8.6167],[-10.58143,8.61686],[-10.58128,8.61696],[-10.58111,8.61707],[-10.58088,8.61717],[-10.58062,8.61725],[-10.58047,8.61728],[-10.58027,8.6173],[-10.57972,8.61736],[-10.57912,8.61739],[-10.5785,8.61739],[-10.5776,8.61737],[-10.57601,8.61732],[-10.57515,8.61735],[-10.5747,8.61734],[-10.5744,8.61733],[-10.57419,8.61729],[-10.57381,8.61719],[-10.57348,8.61707],[-10.57256,8.61665],[-10.5715,8.6162],[-10.57056,8.61577],[-10.56993,8.61551],[-10.56979,8.61548],[-10.56964,8.61548],[-10.56947,8.61549],[-10.56927,8.61555],[-10.56786,8.61623],[-10.56672,8.61677],[-10.56601,8.61713],[-10.5655,8.6174],[-10.5649,8.61766],[-10.56441,8.61785],[-10.56347,8.61821],[-10.56264,8.61853],[-10.56246,8.61861],[-10.56228,8.61866],[-10.56207,8.61869],[-10.56182,8.61871],[-10.56124,8.6187]]},"properties":{"id":685847309,"cls":"primary","hw":"primary","tg":"na","name":"","ref":"","surface":"unpaved","sc":"unpaved","speed":null,"lit":"unk","km":7.0}},
{"type":"Feature","geometry":{"type":"LineString","coordinates":[[-10.97694,8.64259],[-10.97695,8.64233]]},"properties":{"id":685848809,"cls":"primary","hw":"primary","tg":"na","name":"New Sembehun Road","ref":"","surface":"asphalt","sc":"paved","speed":null,"lit":"unk","km":0.029}},
{"type":"Feature","geometry":{"type":"LineString","coordinates":[[-10.97695,8.64233],[-10.97686,8.64256]]},"properties":{"id":685848810,"cls":"primary","hw":"primary","tg":"na","name":"New Sembehun Road","ref":"","surface":"asphalt","sc":"paved","speed":null,"lit":"unk","km":0.027}},
{"type":"Feature","geometry":{"type":"LineString","coordinates":[[-11.63776,7.93851],[-11.63795,7.93872]]},"properties":{"id":685858201,"cls":"trunk","hw":"trunk","tg":"na","name":"Bo-Kenema Highway","ref":"TAH 7","surface":"asphalt","sc":"paved","speed":null,"lit":"unk","km":0.031}},
{"type":"Feature","geometry":{"type":"LineString","coordinates":[[-11.5962,7.92679],[-11.59842,7.92794],[-11.5998,7.92869],[-11.60151,7.92958],[-11.6022,7.92995],[-11.60278,7.93026],[-11.60331,7.93053],[-11.60379,7.93081],[-11.60396,7.93091],[-11.6045,7.93129],[-11.60502,7.9317],[-11.60615,7.93252],[-11.60684,7.93304],[-11.60742,7.93346],[-11.60829,7.93414],[-11.60899,7.93465],[-11.60926,7.93485],[-11.60969,7.93512],[-11.61014,7.93536],[-11.61056,7.93554],[-11.61106,7.93573],[-11.61143,7.93585],[-11.61183,7.93596],[-11.61241,7.93608],[-11.61468,7.93636],[-11.61564,7.93647],[-11.61618,7.93654],[-11.61813,7.93677],[-11.61969,7.93697],[-11.62016,7.93702],[-11.62069,7.93706],[-11.62118,7.93705],[-11.62157,7.93703],[-11.62192,7.937],[-11.62224,7.93695],[-11.62264,7.93688],[-11.62758,7.9358],[-11.62916,7.93545],[-11.63077,7.9351],[-11.63128,7.935],[-11.63176,7.93497],[-11.63214,7.93497],[-11.6327,7.935],[-11.63332,7.93511],[-11.63374,7.93522],[-11.63416,7.93537],[-11.63483,7.9357],[-11.63517,7.93591],[-11.63555,7.93617],[-11.63591,7.93647],[-11.63618,7.93673],[-11.63711,7.93775],[-11.63776,7.93851]]},"properties":{"id":685858202,"cls":"trunk","hw":"trunk","tg":"na","name":"Bo-Kenema Highway","ref":"TAH 7","surface":"asphalt","sc":"paved","speed":null,"lit":"unk","km":5.041}},
{"type":"Feature","geometry":{"type":"LineString","coordinates":[[-11.05521,8.22342],[-11.05518,8.22359],[-11.05514,8.22369],[-11.055,8.22388]]},"properties":{"id":688457587,"cls":"primary","hw":"primary","tg":"na","name":"","ref":"","surface":"unpaved","sc":"unpaved","speed":null,"lit":"unk","km":0.057}},
{"type":"Feature","geometry":{"type":"LineString","coordinates":[[-11.055,8.22388],[-11.05517,8.22382],[-11.05525,8.22375],[-11.05529,8.22366],[-11.05528,8.22357],[-11.05521,8.22342]]},"properties":{"id":688457588,"cls":"primary","hw":"primary","tg":"na","name":"","ref":"","surface":"unpaved","sc":"unpaved","speed":null,"lit":"unk","km":0.071}},
{"type":"Feature","geometry":{"type":"LineString","coordinates":[[-11.05191,8.22595],[-11.05215,8.2257],[-11.05234,8.22556],[-11.05273,8.22538],[-11.05294,8.22528],[-11.05315,8.22515],[-11.0533,8.22503],[-11.05364,8.22479],[-11.05376,8.22469],[-11.05392,8.22459],[-11.05445,8.22428],[-11.05478,8.22409],[-11.05484,8.22404],[-11.055,8.22388]]},"properties":{"id":688457589,"cls":"primary","hw":"primary","tg":"na","name":"","ref":"","surface":"unpaved","sc":"unpaved","speed":null,"lit":"unk","km":0.413}},
{"type":"Feature","geometry":{"type":"LineString","coordinates":[[-10.99643,8.04677],[-10.9965,8.04667],[-10.99656,8.04658],[-10.99677,8.04625],[-10.99697,8.04598],[-10.9973,8.04561]]},"properties":{"id":688457591,"cls":"trunk","hw":"trunk","tg":"na","name":"","ref":"","surface":"paved","sc":"paved","speed":null,"lit":"unk","km":0.161}},
{"type":"Feature","geometry":{"type":"LineString","coordinates":[[-10.9973,8.04561],[-10.99715,8.04572],[-10.99692,8.04593],[-10.99671,8.04623],[-10.99657,8.04646],[-10.9965,8.0466],[-10.99647,8.04667],[-10.99643,8.04677]]},"properties":{"id":688457592,"cls":"trunk","hw":"trunk","tg":"na","name":"","ref":"","surface":"paved","sc":"paved","speed":null,"lit":"unk","km":0.163}},
{"type":"Feature","geometry":{"type":"LineString","coordinates":[[-10.99643,8.04677],[-10.99632,8.04707],[-10.99614,8.04761],[-10.99592,8.0481],[-10.99563,8.0485],[-10.99534,8.04878],[-10.9951,8.04896],[-10.99482,8.04911]]},"properties":{"id":688457593,"cls":"trunk","hw":"trunk","tg":"na","name":"","ref":"","surface":"paved","sc":"paved","speed":null,"lit":"unk","km":0.326}},
{"type":"Feature","geometry":{"type":"LineString","coordinates":[[-11.18083,7.54164],[-11.18082,7.54153]]},"properties":{"id":688457598,"cls":"trunk","hw":"trunk","tg":"na","name":"Joru-Zimmi Highway","ref":"TAH 7","surface":"unpaved","sc":"unpaved","speed":null,"lit":"unk","km":0.012}},
{"type":"Feature","geometry":{"type":"LineString","coordinates":[[-11.15738,7.57422],[-11.15753,7.5741],[-11.15765,7.57402],[-11.15781,7.57394],[-11.15801,7.57384],[-11.15824,7.57375],[-11.15847,7.57369],[-11.15875,7.57365],[-11.15912,7.57365],[-11.15966,7.57369],[-11.16007,7.57379],[-11.16048,7.57384],[-11.161,7.57384],[-11.16124,7.57381],[-11.16152,7.57375],[-11.16175,7.57365],[-11.16196,7.57353],[-11.16216,7.5734],[-11.16234,7.57328],[-11.16245,7.57318],[-11.16256,7.57307],[-11.16278,7.57284],[-11.16316,7.57244],[-11.16379,7.57176],[-11.16431,7.57121],[-11.16484,7.57063],[-11.16582,7.5696],[-11.16613,7.5693],[-11.16632,7.56911],[-11.16645,7.56893],[-11.16658,7.56874],[-11.16673,7.56853],[-11.16683,7.56836],[-11.16695,7.56808],[-11.1683,7.56386],[-11.16839,7.56354],[-11.16844,7.56332],[-11.16847,7.56304],[-11.16848,7.56284],[-11.16848,7.56261],[-11.16846,7.56219],[-11.16844,7.56179],[-11.16843,7.56137],[-11.1684,7.56047],[-11.16837,7.55993],[-11.1682,7.55604],[-11.1682,7.55559],[-11.16822,7.55539],[-11.16824,7.55521],[-11.16832,7.55485],[-11.16841,7.5546],[-11.16851,7.55439],[-11.16863,7.55417],[-11.16886,7.55381],[-11.16924,7.55319],[-11.16989,7.55225],[-11.17094,7.5507],[-11.17137,7.55003],[-11.17159,7.54974],[-11.17175,7.54957],[-11.17196,7.54936],[-11.17219,7.54919],[-11.17239,7.54906],[-11.17265,7.54893],[-11.17285,7.54886],[-11.17305,7.5488],[-11.17329,7.54874],[-11.1737,7.54864],[-11.17426,7.5485],[-11.17458,7.54841],[-11.17483,7.54831],[-11.17517,7.54815],[-11.17545,7.54799],[-11.1759,7.54772],[-11.17605,7.5476],[-11.17617,7.54749],[-11.17629,7.5474],[-11.17646,7.54725],[-11.17687,7.54693],[-11.1776,7.54638],[-11.17829,7.54584],[-11.17961,7.54482],[-11.17993,7.54457],[-11.18017,7.54432],[-11.1804,7.54406],[-11.18061,7.54375],[-11.18076,7.54338],[-11.18082,7.5432],[-11.18084,7.54298],[-11.18087,7.54257],[-11.18088,7.54224],[-11.18083,7.54164]]},"properties":{"id":688457599,"cls":"trunk","hw":"trunk","tg":"na","name":"Joru-Zimmi Highway","ref":"TAH 7","surface":"unpaved","sc":"unpaved","speed":null,"lit":"unk","km":4.982}},
{"type":"Feature","geometry":{"type":"LineString","coordinates":[[-11.45545,9.83775],[-11.45545,9.83767]]},"properties":{"id":689104216,"cls":"primary","hw":"primary","tg":"na","name":"","ref":"","surface":"","sc":"unknown","speed":null,"lit":"unk","km":0.009}},
{"type":"Feature","geometry":{"type":"LineString","coordinates":[[-11.42898,9.86389],[-11.42928,9.8634],[-11.42933,9.86331],[-11.42988,9.86229],[-11.43057,9.86104],[-11.43065,9.86097],[-11.43076,9.86094],[-11.43101,9.86089],[-11.43133,9.86083],[-11.43219,9.8606],[-11.43317,9.8603],[-11.43455,9.85992],[-11.43606,9.8595],[-11.4385,9.85883],[-11.43969,9.85852],[-11.44166,9.85803],[-11.44207,9.85787],[-11.44253,9.85759],[-11.44335,9.85698],[-11.44388,9.8565],[-11.44422,9.85612],[-11.44447,9.85588],[-11.44563,9.85491],[-11.44619,9.85456],[-11.44675,9.85434],[-11.44811,9.85391],[-11.44918,9.85361],[-11.44996,9.85328],[-11.45043,9.85301],[-11.45086,9.85263],[-11.45157,9.85181],[-11.45181,9.85144],[-11.45247,9.84975],[-11.45261,9.84933],[-11.45267,9.84907],[-11.45269,9.84871],[-11.45281,9.84718],[-11.45285,9.84698],[-11.45291,9.84679],[-11.45348,9.84575],[-11.45389,9.84502],[-11.45443,9.84374],[-11.45495,9.84265],[-11.45533,9.84196],[-11.4555,9.84158],[-11.45555,9.8413],[-11.45558,9.84084],[-11.45554,9.84003],[-11.45548,9.8392],[-11.45542,9.83877],[-11.45541,9.83849],[-11.45544,9.83816],[-11.45545,9.83775]]},"properties":{"id":689104219,"cls":"primary","hw":"primary","tg":"na","name":"","ref":"","surface":"unpaved","sc":"unpaved","speed":null,"lit":"unk","km":4.594}},
{"type":"Feature","geometry":{"type":"LineString","coordinates":[[-11.48721,9.76028],[-11.48722,9.76004]]},"properties":{"id":689104222,"cls":"primary","hw":"primary","tg":"na","name":"","ref":"","surface":"","sc":"unknown","speed":null,"lit":"unk","km":0.027}},
{"type":"Feature","geometry":{"type":"LineString","coordinates":[[-11.48722,9.76004],[-11.48724,9.7595],[-11.48727,9.75926],[-11.48732,9.75904],[-11.48739,9.75886],[-11.4876,9.75849],[-11.48775,9.75833],[-11.48792,9.75799],[-11.48809,9.75752],[-11.48823,9.75698],[-11.48827,9.75679],[-11.48828,9.75627],[-11.4883,9.75547],[-11.48834,9.75534],[-11.48841,9.75523],[-11.48854,9.75512],[-11.48896,9.75496],[-11.48958,9.75477],[-11.49071,9.75444],[-11.49094,9.75442],[-11.4918,9.75436],[-11.49282,9.75432],[-11.49291,9.75433],[-11.493,9.75438],[-11.49307,9.75444],[-11.49335,9.75466],[-11.4936,9.75477],[-11.49373,9.75479]]},"properties":{"id":689104224,"cls":"primary","hw":"primary","tg":"na","name":"","ref":"","surface":"","sc":"unknown","speed":null,"lit":"unk","km":1.178}},
{"type":"Feature","geometry":{"type":"LineString","coordinates":[[-11.54688,9.7126],[-11.54701,9.71248]]},"properties":{"id":689104227,"cls":"primary","hw":"primary","tg":"na","name":"","ref":"","surface":"","sc":"unknown","speed":null,"lit":"unk","km":0.02}},
{"type":"Feature","geometry":{"type":"LineString","coordinates":[[-11.54701,9.71248],[-11.5478,9.71172],[-11.54798,9.71151],[-11.5481,9.71135],[-11.54815,9.71119],[-11.54819,9.71079],[-11.54825,9.71055],[-11.54838,9.71026],[-11.54846,9.7101],[-11.54851,9.70992],[-11.5487,9.70903],[-11.54876,9.70878],[-11.54883,9.70862],[-11.54903,9.70833],[-11.54922,9.70803],[-11.54944,9.70767],[-11.5496,9.70689]]},"properties":{"id":689104230,"cls":"primary","hw":"primary","tg":"na","name":"","ref":"","surface":"unpaved","sc":"unpaved","speed":null,"lit":"unk","km":0.703}},
{"type":"Feature","geometry":{"type":"LineString","coordinates":[[-13.14409,8.39341],[-13.14416,8.39392],[-13.14443,8.39593],[-13.14451,8.39668],[-13.14447,8.39738],[-13.14435,8.39802],[-13.14417,8.39861]]},"properties":{"id":705662837,"cls":"trunk","hw":"trunk","tg":"na","name":"Bai Bureh Road","ref":"","surface":"asphalt","sc":"paved","speed":null,"lit":"unk","km":0.585}},
{"type":"Feature","geometry":{"type":"LineString","coordinates":[[-13.14403,8.39975],[-13.14426,8.39863]]},"properties":{"id":705662838,"cls":"trunk","hw":"trunk","tg":"na","name":"Bai Bureh Road","ref":"","surface":"paved","sc":"paved","speed":null,"lit":"unk","km":0.127}},
{"type":"Feature","geometry":{"type":"LineString","coordinates":[[-13.14417,8.39861],[-13.14394,8.39972]]},"properties":{"id":705662839,"cls":"trunk","hw":"trunk","tg":"na","name":"Bai Bureh Road","ref":"","surface":"paved","sc":"paved","speed":null,"lit":"unk","km":0.126}},
{"type":"Feature","geometry":{"type":"LineString","coordinates":[[-13.13265,8.38712],[-13.13318,8.38695],[-13.13416,8.38672],[-13.13523,8.38649],[-13.13548,8.38645],[-13.13621,8.3864],[-13.13689,8.38643],[-13.13726,8.38647],[-13.13765,8.38654],[-13.13844,8.38675],[-13.13881,8.38685],[-13.13909,8.38696],[-13.13988,8.3873],[-13.14048,8.38766],[-13.14127,8.38824],[-13.14157,8.38851],[-13.1419,8.3888],[-13.14228,8.3892],[-13.14256,8.38955],[-13.14288,8.39005],[-13.14302,8.39027],[-13.1431,8.39041],[-13.14328,8.39073],[-13.14332,8.3908],[-13.14346,8.39106],[-13.14375,8.39177],[-13.14391,8.39238],[-13.14407,8.39321],[-13.14408,8.39332],[-13.14409,8.39341]]},"properties":{"id":705664569,"cls":"trunk","hw":"trunk","tg":"na","name":"New Main Motor Road","ref":"","surface":"asphalt","sc":"paved","speed":null,"lit":"unk","km":1.676}},
{"type":"Feature","geometry":{"type":"LineString","coordinates":[[-13.14419,8.3934],[-13.14416,8.39331],[-13.14415,8.39321],[-13.14414,8.39316],[-13.14408,8.39275],[-13.14399,8.39235],[-13.1438,8.39175],[-13.14351,8.39104],[-13.14342,8.39082],[-13.14339,8.39076],[-13.1431,8.39024],[-13.14295,8.38998],[-13.14261,8.38952],[-13.14232,8.38916],[-13.14194,8.38874],[-13.14163,8.38844],[-13.14131,8.38817],[-13.14052,8.38759],[-13.14031,8.38746],[-13.13993,8.38722],[-13.13911,8.38686],[-13.13847,8.38666],[-13.13768,8.38646],[-13.13731,8.38639],[-13.13689,8.38635],[-13.13621,8.38632],[-13.13549,8.38637],[-13.13526,8.38642],[-13.13415,8.38664],[-13.13317,8.38689],[-13.13262,8.38696]]},"properties":{"id":705664570,"cls":"trunk","hw":"trunk","tg":"na","name":"New Main Motor Road","ref":"","surface":"asphalt","sc":"paved","speed":null,"lit":"unk","km":1.691}},
{"type":"Feature","geometry":{"type":"LineString","coordinates":[[-13.03897,8.33497],[-13.03956,8.33485],[-13.04062,8.33463],[-13.04132,8.33444],[-13.04247,8.33408],[-13.04281,8.33396],[-13.04362,8.33367],[-13.04428,8.3334],[-13.0447,8.33321],[-13.04617,8.33253],[-13.04714,8.3321],[-13.04793,8.33173],[-13.04862,8.33141],[-13.04893,8.33127],[-13.04942,8.33105],[-13.05021,8.33067],[-13.05046,8.33055],[-13.05172,8.32998],[-13.05274,8.32955],[-13.05341,8.32925],[-13.05404,8.32898],[-13.055,8.32864],[-13.05566,8.32844],[-13.056,8.32834],[-13.0563,8.32825],[-13.05771,8.32788],[-13.05799,8.3278],[-13.05867,8.32761],[-13.05964,8.32737],[-13.06005,8.32727],[-13.06103,8.32699],[-13.06175,8.32681],[-13.06244,8.32662],[-13.06275,8.32654],[-13.06331,8.3264],[-13.06384,8.32629],[-13.06441,8.32623],[-13.06482,8.32627],[-13.0649,8.32628],[-13.06538,8.32636],[-13.0658,8.32647],[-13.06583,8.32648],[-13.06617,8.32658],[-13.06627,8.32661],[-13.06716,8.3269],[-13.06757,8.32708],[-13.06798,8.32731],[-13.06837,8.3276],[-13.06864,8.3279],[-13.06871,8.32797],[-13.06901,8.3284],[-13.06922,8.32885],[-13.06943,8.3294],[-13.06973,8.33024],[-13.06996,8.33073],[-13.07003,8.33086],[-13.07021,8.33115],[-13.07046,8.33145],[-13.07135,8.33222],[-13.07196,8.33279],[-13.07222,8.33309],[-13.07254,8.3336],[-13.07269,8.33396],[-13.07283,8.33446],[-13.07295,8.33501],[-13.07301,8.33541],[-13.07307,8.33573],[-13.07327,8.33691],[-13.07344,8.33779],[-13.07349,8.33811],[-13.07354,8.3384],[-13.07367,8.33884],[-13.07391,8.33948],[-13.07415,8.33998],[-13.07465,8.34095],[-13.07488,8.34157],[-13.07498,8.34208],[-13.07501,8.34256],[-13.07491,8.34327],[-13.07467,8.34462],[-13.07465,8.34532],[-13.07469,8.34574],[-13.07478,8.34608],[-13.07494,8.3465],[-13.07512,8.34684],[-13.07533,8.34722],[-13.07549,8.34749],[-13.07584,8.34815],[-13.07616,8.3489],[-13.0765,8.34983],[-13.07677,8.3504],[-13.07706,8.35086],[-13.07746,8.35143],[-13.07796,8.35215],[-13.0782,8.35251],[-13.07839,8.3528],[-13.0786,8.35309],[-13.07915,8.35387],[-13.07931,8.35412],[-13.07995,8.35499],[-13.0804,8.35555],[-13.08106,8.35636],[-13.08132,8.35667],[-13.08146,8.35686],[-13.08222,8.35778],[-13.08238,8.35799],[-13.08265,8.35845],[-13.08285,8.35888],[-13.08299,8.35931],[-13.08313,8.36014],[-13.08315,8.36034],[-13.08322,8.36109],[-13.08331,8.36174],[-13.08346,8.36231],[-13.08365,8.36272],[-13.08402,8.36328],[-13.08432,8.36361],[-13.08459,8.36384],[-13.08504,8.36412],[-13.08549,8.36435],[-13.08669,8.3649],[-13.08704,8.36508],[-13.08754,8.36537],[-13.08816,8.36584],[-13.08855,8.36615],[-13.08903,8.36651],[-13.08932,8.36673],[-13.08955,8.3669],[-13.08987,8.36715],[-13.09102,8.36807],[-13.09207,8.36899],[-13.09224,8.36919],[-13.09281,8.36981],[-13.09327,8.37032],[-13.09342,8.37049],[-13.09381,8.37095],[-13.09492,8.37222],[-13.09577,8.37317],[-13.09596,8.37338],[-13.09642,8.37392],[-13.0966,8.37413],[-13.09776,8.37538],[-13.09859,8.37607],[-13.09958,8.37682],[-13.10072,8.37754],[-13.10121,8.37783],[-13.1013,8.37789],[-13.10143,8.37796],[-13.10159,8.37804],[-13.10336,8.37892],[-13.10496,8.3797],[-13.10504,8.37974],[-13.1059,8.38015],[-13.10676,8.38067],[-13.10703,8.38091],[-13.10734,8.38124],[-13.1075,8.38152],[-13.10788,8.38222],[-13.10841,8.38324],[-13.10849,8.38337],[-13.10905,8.38397],[-13.10949,8.38427],[-13.11013,8.3845],[-13.11061,8.38455],[-13.1115,8.38448],[-13.1121,8.38437],[-13.11268,8.38426],[-13.11369,8.38412],[-13.11438,8.38413],[-13.11507,8.38422],[-13.11606,8.38452],[-13.11657,8.38478],[-13.11836,8.38586],[-13.11913,8.38634],[-13.11943,8.38652],[-13.11951,8.38658],[-13.12231,8.38829],[-13.12243,8.38836],[-13.12267,8.38849],[-13.12315,8.38864],[-13.12381,8.3888],[-13.12453,8.38885],[-13.12531,8.38886],[-13.12633,8.38865],[-13.12658,8.38858],[-13.12718,8.38842],[-13.12814,8.38821],[-13.12893,8.388],[-13.12995,8.38774],[-13.13097,8.38748],[-13.13143,8.38741]]},"properties":{"id":705671153,"cls":"trunk","hw":"trunk","tg":"na","name":"New Main Motor Road","ref":"","surface":"asphalt","sc":"paved","speed":null,"lit":"unk","km":14.186}},
{"type":"Feature","geometry":{"type":"LineString","coordinates":[[-13.13139,8.38727],[-13.13095,8.38741],[-13.12898,8.38792],[-13.12892,8.38793],[-13.12813,8.38811],[-13.12712,8.38836],[-13.12622,8.38856],[-13.12532,8.38873],[-13.12453,8.38878],[-13.12382,8.38872],[-13.12317,8.38857],[-13.1227,8.38841],[-13.12235,8.38822],[-13.12029,8.38695],[-13.11979,8.38664],[-13.1196,8.38652],[-13.11948,8.38645],[-13.11661,8.38471],[-13.11609,8.38444],[-13.11509,8.38413],[-13.11439,8.38404],[-13.11369,8.38403],[-13.11267,8.38417],[-13.11222,8.38425],[-13.11148,8.38439],[-13.11061,8.38446],[-13.11015,8.38441],[-13.10954,8.38418],[-13.10905,8.38381],[-13.10856,8.38332],[-13.10846,8.38313],[-13.10808,8.38245],[-13.10756,8.38149],[-13.10739,8.3812],[-13.1071,8.38084],[-13.10681,8.3806],[-13.10593,8.38008],[-13.1051,8.37966],[-13.10485,8.37955],[-13.10341,8.37885],[-13.10146,8.37788],[-13.10076,8.37748],[-13.09962,8.37675],[-13.09878,8.37612],[-13.09763,8.37511],[-13.09663,8.37407],[-13.09646,8.37388],[-13.09509,8.37233],[-13.0933,8.37028],[-13.09282,8.36973],[-13.09211,8.36895],[-13.09118,8.36811],[-13.08958,8.36686],[-13.08906,8.36646],[-13.0886,8.3661],[-13.08819,8.36579],[-13.08757,8.36533],[-13.08707,8.36502],[-13.08672,8.36485],[-13.08617,8.3646],[-13.08551,8.36431],[-13.08507,8.36408],[-13.08462,8.36379],[-13.08436,8.36356],[-13.08406,8.36323],[-13.08369,8.36268],[-13.08352,8.36228],[-13.08337,8.36171],[-13.08327,8.36109],[-13.0832,8.36033],[-13.08318,8.36015],[-13.08304,8.3593],[-13.0829,8.35887],[-13.08271,8.35843],[-13.08241,8.35795],[-13.08218,8.35764],[-13.0815,8.35682],[-13.08135,8.35663],[-13.0811,8.35632],[-13.08044,8.3555],[-13.08001,8.35494],[-13.07993,8.35484],[-13.07936,8.35408],[-13.07921,8.35383],[-13.07845,8.35275],[-13.07797,8.35207],[-13.07763,8.35157],[-13.07722,8.35099],[-13.0771,8.35083],[-13.07682,8.35037],[-13.07655,8.34981],[-13.07621,8.34888],[-13.0759,8.34812],[-13.07554,8.34746],[-13.0754,8.34719],[-13.07518,8.34681],[-13.07501,8.34647],[-13.07485,8.34605],[-13.07476,8.34573],[-13.07471,8.34532],[-13.07473,8.34463],[-13.07498,8.34329],[-13.07509,8.34256],[-13.07506,8.34206],[-13.07496,8.34156],[-13.07472,8.34092],[-13.07422,8.33995],[-13.07398,8.33945],[-13.07374,8.33883],[-13.07362,8.33842],[-13.07334,8.33689],[-13.07313,8.33572],[-13.07309,8.33549],[-13.073,8.33499],[-13.0729,8.33445],[-13.07277,8.33396],[-13.07261,8.33357],[-13.07227,8.33302],[-13.07202,8.33274],[-13.07138,8.33217],[-13.07049,8.33141],[-13.07025,8.33112],[-13.07,8.3307],[-13.06978,8.33022],[-13.06948,8.32939],[-13.06927,8.32883],[-13.06905,8.32837],[-13.06875,8.32793],[-13.0684,8.32757],[-13.068,8.32727],[-13.0676,8.32703],[-13.06718,8.32685],[-13.06629,8.32656],[-13.06585,8.32643],[-13.0654,8.32631],[-13.06527,8.32628],[-13.06491,8.32622],[-13.06442,8.32617],[-13.06383,8.32624],[-13.0633,8.32635],[-13.06273,8.32648],[-13.06172,8.32675],[-13.06162,8.32677],[-13.06103,8.32691],[-13.06,8.32718],[-13.05962,8.32728],[-13.05866,8.32753],[-13.05796,8.32772],[-13.05767,8.3278],[-13.05638,8.32814],[-13.05598,8.32825],[-13.05539,8.32842],[-13.05503,8.32853],[-13.05496,8.32855],[-13.05422,8.32883],[-13.05369,8.32903],[-13.05342,8.32914],[-13.05272,8.32944],[-13.0517,8.32993],[-13.05044,8.33051],[-13.05004,8.3307],[-13.0494,8.331],[-13.0489,8.33123],[-13.04859,8.33136],[-13.0479,8.33168],[-13.04712,8.33204],[-13.04633,8.33239],[-13.04468,8.33316],[-13.04436,8.3333],[-13.04366,8.3336],[-13.04353,8.33365],[-13.0428,8.33392],[-13.04246,8.33402],[-13.04131,8.33439],[-13.04062,8.33458],[-13.03981,8.33475],[-13.0396,8.33479],[-13.03896,8.33491]]},"properties":{"id":705671154,"cls":"trunk","hw":"trunk","tg":"na","name":"New Main Motor Road","ref":"","surface":"asphalt","sc":"paved","speed":null,"lit":"unk","km":14.18}},
{"type":"Feature","geometry":{"type":"LineString","coordinates":[[-13.13262,8.38696],[-13.13201,8.38711],[-13.13139,8.38727]]},"properties":{"id":705671155,"cls":"trunk","hw":"trunk","tg":"na","name":"New Main Motor Road","ref":"","surface":"paved","sc":"paved","speed":null,"lit":"unk","km":0.14}},
{"type":"Feature","geometry":{"type":"LineString","coordinates":[[-13.13143,8.38741],[-13.13205,8.38726],[-13.13265,8.38712]]},"properties":{"id":705671156,"cls":"trunk","hw":"trunk","tg":"na","name":"New Main Motor Road","ref":"","surface":"paved","sc":"paved","speed":null,"lit":"unk","km":0.138}},
{"type":"Feature","geometry":{"type":"LineString","coordinates":[[-13.03896,8.33491],[-13.0374,8.33516],[-13.03638,8.33531],[-13.03519,8.33544],[-13.03451,8.33549],[-13.03354,8.33552],[-13.03237,8.33548],[-13.02965,8.33534],[-13.02842,8.33529],[-13.02709,8.33524],[-13.02671,8.33523],[-13.02642,8.33521],[-13.02566,8.33519],[-13.02478,8.33517],[-13.02374,8.33516],[-13.0231,8.33514],[-13.0228,8.33513],[-13.01979,8.33502],[-13.01777,8.33495],[-13.01422,8.33483],[-13.01255,8.33482],[-13.0107,8.33493],[-13.00764,8.33518],[-13.0047,8.3354],[-13.00267,8.33557],[-13.00121,8.3357],[-13.00002,8.33593],[-12.99864,8.33638],[-12.99751,8.3369],[-12.99575,8.33788],[-12.99324,8.33929],[-12.99216,8.33988],[-12.99067,8.34071],[-12.98894,8.34172],[-12.98822,8.34226],[-12.98704,8.34331],[-12.98609,8.34449],[-12.98567,8.3451],[-12.98506,8.34622],[-12.98426,8.34776],[-12.9838,8.34865],[-12.98352,8.34921],[-12.98278,8.3506],[-12.98196,8.35185],[-12.98144,8.35251],[-12.98102,8.35296],[-12.98028,8.35368],[-12.9792,8.35448],[-12.97832,8.35501],[-12.97717,8.35566],[-12.97601,8.35629],[-12.97406,8.35736],[-12.97149,8.35879],[-12.96891,8.36025],[-12.96717,8.36122],[-12.96675,8.36145],[-12.96574,8.36203],[-12.96461,8.3628],[-12.96383,8.36347],[-12.96309,8.36419],[-12.96238,8.36494],[-12.96135,8.36625],[-12.96072,8.36729],[-12.96024,8.36826],[-12.95984,8.36924],[-12.95942,8.3705],[-12.95926,8.37122],[-12.9591,8.37213],[-12.95893,8.37352],[-12.95876,8.37501],[-12.95849,8.37727],[-12.95827,8.3784],[-12.95801,8.37933],[-12.95777,8.37996],[-12.95756,8.38046],[-12.95717,8.38121],[-12.95675,8.38191],[-12.9562,8.38266],[-12.95562,8.38333],[-12.95424,8.3846],[-12.95393,8.38481],[-12.95344,8.38513]]},"properties":{"id":706070316,"cls":"trunk","hw":"trunk","tg":"na","name":"Prince Alfred Road","ref":"","surface":"asphalt","sc":"paved","speed":null,"lit":"unk","km":12.21}},
{"type":"Feature","geometry":{"type":"LineString","coordinates":[[-12.95354,8.38525],[-12.95402,8.38492],[-12.9543,8.3847],[-12.95572,8.38341],[-12.95628,8.38276],[-12.95684,8.38201],[-12.95728,8.38127],[-12.95768,8.3805],[-12.9579,8.38001],[-12.95813,8.37938],[-12.95841,8.37844],[-12.95865,8.37727],[-12.9589,8.37503],[-12.95906,8.37353],[-12.95923,8.37214],[-12.95941,8.37126],[-12.95959,8.37051],[-12.95996,8.3693],[-12.96035,8.36838],[-12.96084,8.3674],[-12.96151,8.36635],[-12.9625,8.36502],[-12.96318,8.36431],[-12.96357,8.36392],[-12.96414,8.36342],[-12.96472,8.36292],[-12.96487,8.36281],[-12.96579,8.36215],[-12.96628,8.36185],[-12.96681,8.36156],[-12.96722,8.36134],[-12.96854,8.36062],[-12.96892,8.36041],[-12.97063,8.35946],[-12.97179,8.35883],[-12.97411,8.35753],[-12.97608,8.35642],[-12.97724,8.35578],[-12.97811,8.35532],[-12.97927,8.35461],[-12.98037,8.35377],[-12.98115,8.35307],[-12.98155,8.35264],[-12.98227,8.3517],[-12.98281,8.35086],[-12.98367,8.34926],[-12.98395,8.34872],[-12.98441,8.34783],[-12.98525,8.34621],[-12.98581,8.34519],[-12.98624,8.3446],[-12.98716,8.34346],[-12.9883,8.3424],[-12.989,8.34184],[-12.99073,8.3408],[-12.99236,8.33992],[-12.99339,8.33934],[-12.9958,8.338],[-12.99757,8.33703],[-12.99868,8.33651],[-12.99997,8.33609],[-13.00005,8.33608],[-13.00043,8.33602],[-13.00123,8.33587],[-13.00194,8.33577],[-13.00276,8.3357],[-13.00471,8.33552],[-13.00553,8.33545],[-13.00714,8.33532],[-13.00763,8.33528],[-13.01069,8.33503],[-13.01255,8.33493],[-13.01443,8.33496],[-13.01553,8.33498],[-13.01776,8.33506],[-13.0183,8.33508],[-13.01897,8.33512],[-13.0195,8.33514],[-13.02,8.33515],[-13.02037,8.33516],[-13.02122,8.33521],[-13.02169,8.33522],[-13.02198,8.33523],[-13.02483,8.33532],[-13.02594,8.33535],[-13.02615,8.33536],[-13.02768,8.33542],[-13.02965,8.33548],[-13.03235,8.33557],[-13.03292,8.33558],[-13.03353,8.33558],[-13.03452,8.33554],[-13.0352,8.33549],[-13.03638,8.33536],[-13.03741,8.33521],[-13.03897,8.33497]]},"properties":{"id":706070317,"cls":"trunk","hw":"trunk","tg":"na","name":"Prince Alfred Road","ref":"","surface":"asphalt","sc":"paved","speed":null,"lit":"unk","km":12.197}},
{"type":"Feature","geometry":{"type":"LineString","coordinates":[[-12.82165,8.47588],[-12.82205,8.47532],[-12.82239,8.47484],[-12.8228,8.47421],[-12.82343,8.47333],[-12.82375,8.47285],[-12.82436,8.47199],[-12.82483,8.47135],[-12.8253,8.47069],[-12.82547,8.47046],[-12.82562,8.47027],[-12.8258,8.47007],[-12.82601,8.46985],[-12.82627,8.4696],[-12.82649,8.46942],[-12.82673,8.46925],[-12.82696,8.46911],[-12.82718,8.46899],[-12.82746,8.46885],[-12.82773,8.46873],[-12.82801,8.46863],[-12.82836,8.46852],[-12.82862,8.46845],[-12.8289,8.46839],[-12.82914,8.46834],[-12.82936,8.46831],[-12.82954,8.4683],[-12.82978,8.46829],[-12.83055,8.4683],[-12.83085,8.46831],[-12.83109,8.4683],[-12.83136,8.46826],[-12.83161,8.46821],[-12.83185,8.46814],[-12.83203,8.46808],[-12.83225,8.46799],[-12.83247,8.46787]]},"properties":{"id":706106076,"cls":"trunk","hw":"trunk","tg":"na","name":"Prince Alfred Road","ref":"","surface":"asphalt","sc":"paved","speed":null,"lit":"unk","km":1.589}},
{"type":"Feature","geometry":{"type":"LineString","coordinates":[[-11.65437,7.57022],[-11.65512,7.56984],[-11.65553,7.56955],[-11.65586,7.56919],[-11.65613,7.56881],[-11.65634,7.56836],[-11.65642,7.56807],[-11.6565,7.56737],[-11.65641,7.56677],[-11.65617,7.56619],[-11.65582,7.56551],[-11.65535,7.56461],[-11.65473,7.56335],[-11.65413,7.56232],[-11.65347,7.56154],[-11.65291,7.56095],[-11.6526,7.56068],[-11.65154,7.55994],[-11.64939,7.55883],[-11.64852,7.55837],[-11.64737,7.55762],[-11.64544,7.55651],[-11.64461,7.55602],[-11.64427,7.55572],[-11.64403,7.55546],[-11.64374,7.55513],[-11.64246,7.55383],[-11.64183,7.55324],[-11.64091,7.55238],[-11.64062,7.55211],[-11.64037,7.55192],[-11.63949,7.55135],[-11.639,7.55103],[-11.63829,7.55059],[-11.63764,7.55018],[-11.63731,7.54995],[-11.63706,7.54981],[-11.63606,7.54932],[-11.63493,7.54879],[-11.63315,7.54784],[-11.63234,7.54738],[-11.63158,7.54699],[-11.63122,7.54682],[-11.63089,7.54667],[-11.63049,7.5465],[-11.63007,7.54636],[-11.62959,7.5462],[-11.62895,7.54607],[-11.62821,7.54599],[-11.62733,7.54598],[-11.62615,7.54614],[-11.62517,7.54643],[-11.62474,7.54663],[-11.62451,7.54674],[-11.62403,7.54695],[-11.62173,7.54802],[-11.62035,7.54866],[-11.61995,7.54884],[-11.61948,7.54903],[-11.61911,7.54918],[-11.61886,7.54926],[-11.61825,7.54938],[-11.61565,7.55005],[-11.61342,7.55046],[-11.61145,7.55072],[-11.60991,7.55083],[-11.60879,7.55084],[-11.60627,7.55082],[-11.60527,7.5508],[-11.60368,7.55076],[-11.60298,7.55081],[-11.60127,7.55137],[-11.60046,7.55161],[-11.59992,7.55186],[-11.59907,7.55242],[-11.59802,7.55319],[-11.59763,7.55346],[-11.59718,7.55376],[-11.59668,7.55399],[-11.59605,7.55423],[-11.59497,7.55453],[-11.5946,7.55457],[-11.5942,7.55457]]},"properties":{"id":729771681,"cls":"trunk","hw":"trunk","tg":"na","name":"","ref":"","surface":"asphalt","sc":"paved","speed":null,"lit":"unk","km":8.417}},
{"type":"Feature","geometry":{"type":"LineString","coordinates":[[-10.57436,8.27604],[-10.57422,8.27633],[-10.57413,8.27653],[-10.57403,8.2768]]},"properties":{"id":743719415,"cls":"primary","hw":"primary","tg":"na","name":"","ref":"","surface":"paved","sc":"paved","speed":null,"lit":"unk","km":0.092}},
{"type":"Feature","geometry":{"type":"LineString","coordinates":[[-11.54908,9.64142],[-11.54933,9.64096],[-11.54946,9.64045],[-11.54952,9.64006],[-11.54951,9.63987],[-11.54943,9.63968],[-11.54915,9.63921],[-11.54909,9.63898],[-11.54903,9.63869],[-11.54893,9.63842],[-11.54874,9.63803],[-11.5485,9.63775],[-11.54822,9.63758],[-11.54802,9.63739],[-11.54793,9.63716],[-11.54791,9.63691],[-11.54806,9.63664],[-11.54849,9.63602],[-11.54866,9.63561],[-11.54874,9.63525],[-11.54888,9.63463],[-11.54892,9.63418],[-11.54893,9.63382],[-11.54904,9.63324],[-11.54909,9.63281],[-11.54913,9.63202],[-11.54911,9.63154],[-11.54911,9.63114],[-11.54924,9.63043],[-11.54929,9.62988],[-11.54939,9.62944],[-11.54954,9.62895],[-11.54972,9.62862],[-11.5499,9.62827],[-11.55002,9.6279],[-11.55003,9.62762],[-11.55003,9.627],[-11.55008,9.62662],[-11.55012,9.6265],[-11.55018,9.62635],[-11.55028,9.6261],[-11.55038,9.62588],[-11.55075,9.62525],[-11.55094,9.62492],[-11.55114,9.62445],[-11.55123,9.62406],[-11.5512,9.62367],[-11.55116,9.62337],[-11.55104,9.62268],[-11.55087,9.62241],[-11.55074,9.62163],[-11.55051,9.62017],[-11.55043,9.6198],[-11.55028,9.61934],[-11.55019,9.61902],[-11.55018,9.61874],[-11.55025,9.61842],[-11.55027,9.61824],[-11.55026,9.61788],[-11.55022,9.61683],[-11.5502,9.61577],[-11.55024,9.61544],[-11.55036,9.61515],[-11.55061,9.61468],[-11.55084,9.61427],[-11.55108,9.61389],[-11.55148,9.61331],[-11.55189,9.61267],[-11.55202,9.61245],[-11.55207,9.61228],[-11.55208,9.61211],[-11.55209,9.61181],[-11.55203,9.61133],[-11.55192,9.61102],[-11.55167,9.6105],[-11.55157,9.61031],[-11.55134,9.6099],[-11.5511,9.60939],[-11.55091,9.60891],[-11.55085,9.60871],[-11.55078,9.60843],[-11.55068,9.60793],[-11.55052,9.60683],[-11.55045,9.60642],[-11.55037,9.60616],[-11.55029,9.60589],[-11.55011,9.60543],[-11.54997,9.60517],[-11.54978,9.60488],[-11.5494,9.60441],[-11.54898,9.60379],[-11.54818,9.60249],[-11.54811,9.60234],[-11.54806,9.60222],[-11.54798,9.60199],[-11.54794,9.60171],[-11.54793,9.60129],[-11.54796,9.60061],[-11.54798,9.60023],[-11.54802,9.60003],[-11.54809,9.5998],[-11.54823,9.59949],[-11.54851,9.5989],[-11.54863,9.59868],[-11.54898,9.59822],[-11.54995,9.597],[-11.55006,9.59687],[-11.55009,9.59681],[-11.55017,9.59666],[-11.5502,9.59658],[-11.55026,9.59644],[-11.55038,9.5961],[-11.55067,9.5954],[-11.55076,9.59525],[-11.55081,9.59512],[-11.55093,9.59436],[-11.55099,9.5942],[-11.55119,9.59389],[-11.55145,9.59349],[-11.5516,9.59325],[-11.55185,9.59291],[-11.55223,9.5924],[-11.55238,9.5922],[-11.55254,9.59196],[-11.55276,9.59163],[-11.55322,9.59099],[-11.55343,9.59071],[-11.55365,9.59042],[-11.55397,9.58998],[-11.5545,9.58919]]},"properties":{"id":743739859,"cls":"primary","hw":"primary","tg":"na","name":"","ref":"","surface":"asphalt","sc":"paved","speed":null,"lit":"unk","km":6.331}},
{"type":"Feature","geometry":{"type":"LineString","coordinates":[[-10.56693,8.28512],[-10.56638,8.2852],[-10.56615,8.28521],[-10.56584,8.28522],[-10.56557,8.28523],[-10.56522,8.28525]]},"properties":{"id":988346449,"cls":"primary","hw":"primary","tg":"na","name":"","ref":"","surface":"","sc":"unknown","speed":null,"lit":"unk","km":0.189}},
{"type":"Feature","geometry":{"type":"LineString","coordinates":[[-10.56382,8.28562],[-10.56331,8.28583]]},"properties":{"id":988357164,"cls":"primary","hw":"primary","tg":"na","name":"","ref":"","surface":"","sc":"unknown","speed":null,"lit":"unk","km":0.061}},
{"type":"Feature","geometry":{"type":"LineString","coordinates":[[-10.56388,8.2856],[-10.56382,8.28562]]},"properties":{"id":988357165,"cls":"trunk","hw":"trunk","tg":"na","name":"","ref":"","surface":"","sc":"unknown","speed":null,"lit":"unk","km":0.007}},
{"type":"Feature","geometry":{"type":"LineString","coordinates":[[-10.56401,8.28555],[-10.56388,8.2856]]},"properties":{"id":988357166,"cls":"trunk","hw":"trunk","tg":"na","name":"","ref":"","surface":"","sc":"unknown","speed":null,"lit":"unk","km":0.015}},
{"type":"Feature","geometry":{"type":"LineString","coordinates":[[-10.56522,8.28525],[-10.56494,8.28527],[-10.56458,8.28536],[-10.56401,8.28555]]},"properties":{"id":988357167,"cls":"primary","hw":"primary","tg":"na","name":"","ref":"","surface":"","sc":"unknown","speed":null,"lit":"unk","km":0.138}},
{"type":"Feature","geometry":{"type":"LineString","coordinates":[[-11.93445,9.31369],[-11.93444,9.3137],[-11.93408,9.31383]]},"properties":{"id":997137896,"cls":"primary","hw":"primary","tg":"na","name":"Mabarta Road","ref":"","surface":"paved","sc":"paved","speed":null,"lit":"unk","km":0.044}},
{"type":"Feature","geometry":{"type":"LineString","coordinates":[[-11.9345,9.31367],[-11.93445,9.31369]]},"properties":{"id":997137897,"cls":"primary","hw":"primary","tg":"na","name":"Mabarta Road","ref":"","surface":"paved","sc":"paved","speed":null,"lit":"unk","km":0.006}},
{"type":"Feature","geometry":{"type":"LineString","coordinates":[[-11.94702,9.30334],[-11.94604,9.30469],[-11.94575,9.30512],[-11.94557,9.30535],[-11.94531,9.3056],[-11.94505,9.30584],[-11.9447,9.30608],[-11.94405,9.30638],[-11.94341,9.30672],[-11.9431,9.30686],[-11.94254,9.30716],[-11.94201,9.30751],[-11.94154,9.30784],[-11.941,9.30827],[-11.93993,9.30925],[-11.93909,9.31004],[-11.9384,9.31061],[-11.93797,9.31099],[-11.93741,9.31153],[-11.93645,9.31237],[-11.93603,9.31274],[-11.93578,9.31295],[-11.93538,9.31323],[-11.93492,9.31348],[-11.9345,9.31367]]},"properties":{"id":997137898,"cls":"primary","hw":"primary","tg":"na","name":"Mabarta Road","ref":"","surface":"paved","sc":"paved","speed":null,"lit":"unk","km":1.812}},
{"type":"Feature","geometry":{"type":"LineString","coordinates":[[-11.94707,9.30326],[-11.94702,9.30334]]},"properties":{"id":997137899,"cls":"primary","hw":"primary","tg":"na","name":"Mabarta Road","ref":"","surface":"paved","sc":"paved","speed":null,"lit":"unk","km":0.01}},
{"type":"Feature","geometry":{"type":"LineString","coordinates":[[-11.94709,9.30323],[-11.94707,9.30326]]},"properties":{"id":997137900,"cls":"primary","hw":"primary","tg":"na","name":"Mabarta Road","ref":"","surface":"paved","sc":"paved","speed":null,"lit":"unk","km":0.004}},
{"type":"Feature","geometry":{"type":"LineString","coordinates":[[-13.22741,8.44525],[-13.22732,8.44519],[-13.22727,8.44514],[-13.22704,8.44482],[-13.22691,8.44462],[-13.22682,8.44448],[-13.22678,8.44441],[-13.22675,8.44436],[-13.22672,8.44428],[-13.22666,8.44412],[-13.2266,8.44395],[-13.22648,8.44364],[-13.22638,8.44341],[-13.22633,8.44327],[-13.22623,8.44298],[-13.2262,8.44287],[-13.22618,8.44278],[-13.22615,8.44263],[-13.22613,8.44246],[-13.22611,8.44216],[-13.22611,8.44209],[-13.22606,8.44169],[-13.22605,8.44148],[-13.22602,8.44129],[-13.22601,8.44113],[-13.22597,8.44098],[-13.22586,8.44058],[-13.22581,8.44048],[-13.22575,8.44037],[-13.22563,8.44017],[-13.22555,8.44006],[-13.22546,8.43996],[-13.22512,8.43964],[-13.22495,8.43951],[-13.22475,8.43937],[-13.22456,8.43919],[-13.22449,8.43909],[-13.22445,8.43901],[-13.22441,8.43889],[-13.22437,8.43861],[-13.22435,8.43814],[-13.22438,8.43787],[-13.22441,8.4377],[-13.22447,8.43741],[-13.22453,8.43711],[-13.22456,8.43697],[-13.22457,8.43691],[-13.22457,8.43679],[-13.22457,8.43671],[-13.22456,8.4366],[-13.22454,8.43648],[-13.22448,8.43633],[-13.22442,8.43618],[-13.2243,8.43596],[-13.22416,8.4358],[-13.224,8.43567],[-13.22382,8.43558],[-13.22369,8.43554],[-13.22326,8.43548]]},"properties":{"id":1027245437,"cls":"primary","hw":"primary","tg":"na","name":"Regent Road","ref":"","surface":"","sc":"unknown","speed":null,"lit":"unk","km":1.275}},
{"type":"Feature","geometry":{"type":"LineString","coordinates":[[-13.23833,8.45076],[-13.23827,8.45073],[-13.23813,8.45067],[-13.23801,8.45062],[-13.23786,8.45054],[-13.23775,8.45048],[-13.23761,8.4504],[-13.23756,8.45036],[-13.23749,8.45031],[-13.23726,8.45015],[-13.23712,8.45005],[-13.23695,8.44994],[-13.23674,8.4498],[-13.23646,8.4496],[-13.2362,8.44942],[-13.23588,8.44917],[-13.23571,8.44903],[-13.2354,8.44882],[-13.23535,8.44877],[-13.23514,8.44864],[-13.235,8.44856],[-13.23489,8.4485],[-13.23422,8.44818],[-13.23413,8.44814],[-13.23399,8.44807],[-13.23386,8.44801],[-13.23376,8.44794],[-13.23367,8.44788],[-13.23353,8.44776],[-13.23342,8.44768],[-13.23332,8.44759],[-13.23313,8.44743],[-13.23297,8.44728],[-13.23285,8.44718],[-13.23271,8.44709],[-13.23257,8.447],[-13.23232,8.44687],[-13.23202,8.44674],[-13.23196,8.44671],[-13.23167,8.44658],[-13.2315,8.4465],[-13.2314,8.44645],[-13.23127,8.44641],[-13.23109,8.44636],[-13.23108,8.44636],[-13.231,8.44634],[-13.23098,8.44634],[-13.23079,8.4463],[-13.23056,8.44628],[-13.23045,8.44627],[-13.23033,8.44625],[-13.23026,8.44624],[-13.23021,8.44624],[-13.23009,8.44621],[-13.22979,8.44608],[-13.22964,8.44601],[-13.22955,8.44597],[-13.22944,8.4459],[-13.2289,8.44567],[-13.2287,8.44561],[-13.2286,8.44557],[-13.22854,8.44555],[-13.22837,8.4455],[-13.2282,8.44545],[-13.22805,8.44541],[-13.22772,8.44536],[-13.22761,8.44533],[-13.22754,8.44532],[-13.22749,8.44529],[-13.22741,8.44525]]},"properties":{"id":1027250797,"cls":"primary","hw":"primary","tg":"na","name":"Regent Road","ref":"","surface":"paved","sc":"paved","speed":null,"lit":"unk","km":1.368}},
{"type":"Feature","geometry":{"type":"LineString","coordinates":[[-13.22633,8.44327],[-13.22628,8.44329]]},"properties":{"id":1027254103,"cls":"primary","hw":"primary_link","tg":"na","name":"","ref":"","surface":"","sc":"unknown","speed":null,"lit":"unk","km":0.006}},
{"type":"Feature","geometry":{"type":"LineString","coordinates":[[-13.2354,8.44882],[-13.23537,8.44887]]},"properties":{"id":1027254104,"cls":"primary","hw":"primary_link","tg":"na","name":"","ref":"","surface":"","sc":"unknown","speed":null,"lit":"unk","km":0.006}},
{"type":"Feature","geometry":{"type":"LineString","coordinates":[[-13.2386,8.45091],[-13.23856,8.45097]]},"properties":{"id":1027256031,"cls":"primary","hw":"primary_link","tg":"na","name":"","ref":"","surface":"","sc":"unknown","speed":null,"lit":"unk","km":0.008}},
{"type":"Feature","geometry":{"type":"LineString","coordinates":[[-13.14442,8.39324],[-13.14428,8.39324],[-13.14422,8.39323],[-13.14415,8.39321]]},"properties":{"id":1036669314,"cls":"trunk","hw":"trunk_link","tg":"na","name":"","ref":"","surface":"asphalt","sc":"paved","speed":null,"lit":"unk","km":0.03}},
{"type":"Feature","geometry":{"type":"LineString","coordinates":[[-13.14459,8.39313],[-13.14442,8.39324],[-13.14435,8.39328],[-13.14428,8.3933],[-13.14416,8.39331],[-13.14408,8.39332]]},"properties":{"id":1036669315,"cls":"primary","hw":"primary","tg":"na","name":"Jui Road","ref":"","surface":"asphalt","sc":"paved","speed":null,"lit":"unk","km":0.061}},
{"type":"Feature","geometry":{"type":"LineString","coordinates":[[-11.31643,7.31127],[-11.31609,7.31202],[-11.31559,7.31315],[-11.31533,7.3139],[-11.31503,7.3148],[-11.31472,7.3158],[-11.31443,7.31671]]},"properties":{"id":1037329056,"cls":"trunk","hw":"trunk","tg":"na","name":"","ref":"","surface":"asphalt","sc":"paved","speed":null,"lit":"unk","km":0.645}},
{"type":"Feature","geometry":{"type":"LineString","coordinates":[[-11.31631,7.31115],[-11.31616,7.3112],[-11.31551,7.31136],[-11.31453,7.31158],[-11.31412,7.31169],[-11.31348,7.31185],[-11.31323,7.31192],[-11.31296,7.312],[-11.31188,7.31229],[-11.31085,7.31254],[-11.31083,7.31255],[-11.31079,7.31256],[-11.31072,7.31258],[-11.31047,7.31264],[-11.31006,7.31273],[-11.30972,7.31282]]},"properties":{"id":1051107985,"cls":"trunk","hw":"trunk","tg":"na","name":"Zimmi-Bo Highway","ref":"TAH 7","surface":"unpaved","sc":"unpaved","speed":null,"lit":"unk","km":0.75}},
{"type":"Feature","geometry":{"type":"LineString","coordinates":[[-11.31438,7.31693],[-11.31434,7.31692],[-11.31429,7.31692],[-11.31426,7.31693],[-11.31422,7.31695],[-11.31418,7.31698],[-11.31416,7.31701],[-11.31414,7.31705],[-11.31413,7.31709],[-11.31412,7.31714],[-11.31413,7.31718],[-11.31415,7.31722],[-11.31417,7.31726],[-11.3142,7.31729],[-11.31424,7.31731],[-11.31428,7.31733],[-11.31432,7.31733],[-11.31436,7.31733],[-11.3144,7.31732],[-11.31444,7.3173],[-11.31448,7.31727],[-11.3145,7.31724],[-11.31452,7.3172],[-11.31454,7.31716],[-11.31454,7.31712],[-11.31453,7.31707],[-11.31452,7.31703],[-11.31449,7.317],[-11.31446,7.31697],[-11.31442,7.31694],[-11.31438,7.31693]]},"properties":{"id":1051107987,"cls":"trunk","hw":"trunk","tg":"na","name":"","ref":"","surface":"paved","sc":"paved","speed":null,"lit":"unk","km":0.144}},
{"type":"Feature","geometry":{"type":"LineString","coordinates":[[-11.31658,7.31089],[-11.31654,7.31088],[-11.3165,7.31088],[-11.31646,7.31088],[-11.31642,7.3109],[-11.31638,7.31092],[-11.31635,7.31095],[-11.31632,7.31099],[-11.31631,7.31103],[-11.3163,7.31107],[-11.3163,7.31111],[-11.31631,7.31115],[-11.31633,7.31119],[-11.31636,7.31122],[-11.31639,7.31125],[-11.31643,7.31127],[-11.31647,7.31128],[-11.31651,7.31129],[-11.31655,7.31128],[-11.3166,7.31127],[-11.31663,7.31124],[-11.31666,7.31122],[-11.31669,7.31118],[-11.3167,7.31114],[-11.31671,7.3111],[-11.31671,7.31106],[-11.3167,7.31101],[-11.31668,7.31098],[-11.31666,7.31094],[-11.31662,7.31091],[-11.31658,7.31089]]},"properties":{"id":1051107988,"cls":"trunk","hw":"trunk","tg":"na","name":"","ref":"","surface":"paved","sc":"paved","speed":null,"lit":"unk","km":0.143}},
{"type":"Feature","geometry":{"type":"LineString","coordinates":[[-11.51619,7.52391],[-11.51423,7.52311],[-11.51358,7.5228],[-11.51312,7.52254],[-11.5125,7.52208],[-11.51044,7.52041],[-11.50929,7.51975],[-11.50775,7.51924],[-11.50703,7.51912],[-11.50607,7.51914],[-11.50457,7.51934],[-11.50384,7.51922],[-11.50326,7.51899],[-11.50252,7.51861],[-11.50063,7.51758],[-11.49571,7.51475],[-11.49401,7.51379],[-11.49115,7.51219],[-11.48789,7.51029],[-11.48667,7.50958],[-11.48486,7.50856],[-11.48435,7.50822],[-11.48385,7.50778],[-11.48355,7.50738],[-11.48333,7.50699],[-11.48303,7.50644]]},"properties":{"id":1052226330,"cls":"trunk","hw":"trunk","tg":"na","name":"","ref":"","surface":"asphalt","sc":"paved","speed":null,"lit":"unk","km":4.232}},
{"type":"Feature","geometry":{"type":"LineString","coordinates":[[-11.5165,7.52404],[-11.51619,7.52391]]},"properties":{"id":1052226331,"cls":"trunk","hw":"trunk","tg":"na","name":"","ref":"","surface":"asphalt","sc":"paved","speed":null,"lit":"unk","km":0.037}},
{"type":"Feature","geometry":{"type":"LineString","coordinates":[[-11.41825,7.36076],[-11.41671,7.36049]]},"properties":{"id":1052226332,"cls":"trunk","hw":"trunk","tg":"na","name":"","ref":"","surface":"asphalt","sc":"paved","speed":null,"lit":"unk","km":0.172}},
{"type":"Feature","geometry":{"type":"LineString","coordinates":[[-11.44139,7.39084],[-11.43639,7.386],[-11.43589,7.38544],[-11.43554,7.38492],[-11.43534,7.38453],[-11.43392,7.38142],[-11.43375,7.38096],[-11.43362,7.38044],[-11.43357,7.38],[-11.4336,7.37959],[-11.43392,7.37685],[-11.43399,7.37578],[-11.43404,7.37528],[-11.43404,7.37474],[-11.43398,7.37425],[-11.43363,7.37273],[-11.43329,7.37177],[-11.43293,7.37108],[-11.43251,7.37064],[-11.43139,7.36971],[-11.43001,7.3686],[-11.42723,7.36636],[-11.42557,7.36504],[-11.42412,7.36389],[-11.42343,7.36335],[-11.42239,7.36249],[-11.42185,7.3621],[-11.42098,7.36159],[-11.42034,7.36128],[-11.41966,7.36105],[-11.419,7.3609],[-11.41825,7.36076]]},"properties":{"id":1052226333,"cls":"trunk","hw":"trunk","tg":"na","name":"","ref":"","surface":"asphalt","sc":"paved","speed":null,"lit":"unk","km":4.537}},
{"type":"Feature","geometry":{"type":"LineString","coordinates":[[-11.44163,7.39106],[-11.44139,7.39084]]},"properties":{"id":1052226334,"cls":"trunk","hw":"trunk","tg":"na","name":"","ref":"","surface":"asphalt","sc":"paved","speed":null,"lit":"unk","km":0.036}},
{"type":"Feature","geometry":{"type":"LineString","coordinates":[[-11.48289,7.50616],[-11.48203,7.50452],[-11.48171,7.50408],[-11.48146,7.5038],[-11.48137,7.50372],[-11.48049,7.50307],[-11.47955,7.5024],[-11.47807,7.50089],[-11.47755,7.50038],[-11.47683,7.49963],[-11.47583,7.49815],[-11.47351,7.49441],[-11.47104,7.49051],[-11.46765,7.48491],[-11.466,7.48235],[-11.46343,7.47815],[-11.46317,7.47749],[-11.4631,7.47709],[-11.46307,7.4767],[-11.46313,7.47611],[-11.4634,7.47487],[-11.46572,7.4644],[-11.46572,7.46382],[-11.4657,7.46338],[-11.46552,7.46278],[-11.46539,7.46244]]},"properties":{"id":1052226339,"cls":"trunk","hw":"trunk","tg":"na","name":"","ref":"","surface":"asphalt","sc":"paved","speed":null,"lit":"unk","km":5.598}},
{"type":"Feature","geometry":{"type":"LineString","coordinates":[[-11.48303,7.50644],[-11.48289,7.50616]]},"properties":{"id":1052226340,"cls":"trunk","hw":"trunk","tg":"na","name":"","ref":"","surface":"asphalt","sc":"paved","speed":null,"lit":"unk","km":0.035}},
{"type":"Feature","geometry":{"type":"LineString","coordinates":[[-11.46539,7.46244],[-11.4653,7.46224]]},"properties":{"id":1052226341,"cls":"trunk","hw":"trunk","tg":"na","name":"","ref":"","surface":"asphalt","sc":"paved","speed":null,"lit":"unk","km":0.024}},
{"type":"Feature","geometry":{"type":"LineString","coordinates":[[-11.4653,7.46224],[-11.46434,7.46006],[-11.46279,7.45638],[-11.46211,7.45449],[-11.46179,7.45307],[-11.46131,7.44902],[-11.46105,7.44705],[-11.46096,7.44579],[-11.46033,7.44042],[-11.46005,7.43915],[-11.45975,7.43822],[-11.45855,7.43444],[-11.45788,7.43347],[-11.45699,7.43267],[-11.45657,7.43219],[-11.45623,7.43172],[-11.4559,7.43101],[-11.4556,7.42991],[-11.45534,7.42866],[-11.45448,7.42533],[-11.45368,7.42217],[-11.45244,7.41746],[-11.44974,7.40619],[-11.44955,7.40582],[-11.44901,7.40516],[-11.44826,7.40434],[-11.44699,7.40278],[-11.44647,7.40194],[-11.44588,7.40081],[-11.44541,7.39945],[-11.44463,7.39682],[-11.44402,7.3949],[-11.4439,7.39449],[-11.44359,7.39349],[-11.44328,7.3929],[-11.443,7.39249],[-11.44269,7.39212],[-11.44212,7.39151],[-11.44163,7.39106]]},"properties":{"id":1052226342,"cls":"trunk","hw":"trunk","tg":"na","name":"","ref":"","surface":"asphalt","sc":"paved","speed":null,"lit":"unk","km":8.469}},
{"type":"Feature","geometry":{"type":"LineString","coordinates":[[-11.35013,7.25733],[-11.34988,7.2578],[-11.34974,7.25806],[-11.34851,7.26069],[-11.34779,7.26224],[-11.34749,7.26348],[-11.34745,7.26463],[-11.34744,7.26494],[-11.34737,7.2655],[-11.34721,7.26606],[-11.34717,7.26622],[-11.34636,7.26822],[-11.34604,7.26901],[-11.34572,7.2698],[-11.3455,7.27037],[-11.34463,7.27258],[-11.34431,7.2734],[-11.34382,7.27463],[-11.34323,7.27617],[-11.34292,7.27695],[-11.34286,7.2771],[-11.34273,7.27731],[-11.34186,7.27879],[-11.34157,7.27912],[-11.34098,7.27981],[-11.34025,7.28036],[-11.33914,7.28103],[-11.33863,7.28131],[-11.33839,7.28144],[-11.33767,7.28188],[-11.33749,7.28203],[-11.33733,7.28221],[-11.33716,7.28242],[-11.33691,7.28281],[-11.33659,7.28337],[-11.33652,7.28348],[-11.33642,7.28366],[-11.33629,7.28399],[-11.33621,7.28435],[-11.33606,7.28554],[-11.33598,7.28618],[-11.33584,7.28717],[-11.33574,7.28792],[-11.33571,7.2881],[-11.33559,7.28911],[-11.33538,7.29078],[-11.33514,7.29253],[-11.33506,7.29318],[-11.33498,7.29383],[-11.33459,7.29683],[-11.33444,7.29814],[-11.3341,7.30033],[-11.33393,7.30154],[-11.33378,7.30222],[-11.3335,7.30274],[-11.33307,7.30329],[-11.33282,7.30353],[-11.33254,7.30372],[-11.33202,7.30398],[-11.33004,7.3049],[-11.32784,7.30588],[-11.32642,7.30656],[-11.32439,7.30752],[-11.32064,7.30925],[-11.31886,7.31008],[-11.31702,7.31092],[-11.3167,7.31101]]},"properties":{"id":1052226348,"cls":"trunk","hw":"trunk","tg":"na","name":"Zimmi-Bo Highway","ref":"TAH 7","surface":"asphalt","sc":"paved","speed":null,"lit":"unk","km":7.627}},
{"type":"Feature","geometry":{"type":"LineString","coordinates":[[-11.393,7.02378],[-11.39345,7.02368],[-11.39397,7.02358],[-11.3945,7.0235],[-11.39481,7.02345],[-11.39575,7.02345],[-11.39628,7.02347],[-11.39674,7.02354],[-11.39793,7.02382],[-11.39889,7.02402],[-11.4002,7.0243],[-11.40187,7.02467],[-11.40349,7.02504],[-11.40425,7.0252],[-11.40499,7.02533],[-11.40558,7.02547],[-11.40649,7.02581],[-11.40682,7.02598],[-11.40728,7.02627],[-11.40773,7.02668],[-11.40813,7.0271],[-11.40851,7.02757],[-11.40876,7.02798],[-11.40892,7.0283],[-11.40936,7.02938],[-11.40973,7.03032],[-11.41028,7.03164],[-11.41067,7.03272],[-11.41083,7.03327],[-11.4109,7.03379],[-11.41103,7.03569],[-11.41109,7.0364],[-11.41132,7.04033],[-11.41154,7.04343],[-11.4118,7.04647],[-11.41187,7.0472],[-11.41193,7.04775],[-11.41218,7.0486],[-11.41236,7.04909],[-11.41275,7.04996],[-11.41314,7.05082],[-11.41376,7.052],[-11.41392,7.05246],[-11.41404,7.05289],[-11.41414,7.05343],[-11.41418,7.05389],[-11.4142,7.05439],[-11.41416,7.05482],[-11.41408,7.05517],[-11.41398,7.05554],[-11.41386,7.05589],[-11.41372,7.05625],[-11.41356,7.0566],[-11.41339,7.05689],[-11.41322,7.05711],[-11.41242,7.05804],[-11.41164,7.05893],[-11.40992,7.06117],[-11.40903,7.06209],[-11.40847,7.06288],[-11.40825,7.06331],[-11.40796,7.0641],[-11.40785,7.06457],[-11.40775,7.0653],[-11.40772,7.06635],[-11.40771,7.06746],[-11.40758,7.07034],[-11.40759,7.07071],[-11.4076,7.07113],[-11.4076,7.07156],[-11.40768,7.07199],[-11.40794,7.07264],[-11.40813,7.07299],[-11.40838,7.07338],[-11.4086,7.07367],[-11.40916,7.07431],[-11.40955,7.075],[-11.40968,7.07528],[-11.40983,7.07572],[-11.4099,7.07606],[-11.40994,7.07675],[-11.40993,7.0772],[-11.40981,7.07793],[-11.40953,7.07873],[-11.40856,7.08103]]},"properties":{"id":1052226351,"cls":"trunk","hw":"trunk","tg":"na","name":"Zimmi-Bo Highway","ref":"TAH 7","surface":"asphalt","sc":"paved","speed":null,"lit":"unk","km":8.193}},
{"type":"Feature","geometry":{"type":"LineString","coordinates":[[-11.31448,7.31727],[-11.31475,7.31725]]},"properties":{"id":1058431207,"cls":"trunk","hw":"trunk","tg":"na","name":"","ref":"","surface":"asphalt","sc":"paved","speed":null,"lit":"unk","km":0.03}},
{"type":"Feature","geometry":{"type":"LineString","coordinates":[[-11.31475,7.31725],[-11.31453,7.31707]]},"properties":{"id":1058431208,"cls":"trunk","hw":"trunk","tg":"na","name":"","ref":"","surface":"asphalt","sc":"paved","speed":null,"lit":"unk","km":0.031}},
{"type":"Feature","geometry":{"type":"LineString","coordinates":[[-11.31443,7.31671],[-11.31429,7.31692]]},"properties":{"id":1058431209,"cls":"trunk","hw":"trunk","tg":"na","name":"","ref":"","surface":"asphalt","sc":"paved","speed":null,"lit":"unk","km":0.028}},
{"type":"Feature","geometry":{"type":"LineString","coordinates":[[-11.31446,7.31697],[-11.31443,7.31671]]},"properties":{"id":1058431210,"cls":"trunk","hw":"trunk","tg":"na","name":"","ref":"","surface":"asphalt","sc":"paved","speed":null,"lit":"unk","km":0.029}},
{"type":"Feature","geometry":{"type":"LineString","coordinates":[[-11.72824,7.9443],[-11.72834,7.94453]]},"properties":{"id":1058432909,"cls":"trunk","hw":"trunk","tg":"na","name":"","ref":"","surface":"asphalt","sc":"paved","speed":null,"lit":"unk","km":0.028}},
{"type":"Feature","geometry":{"type":"LineString","coordinates":[[-11.72841,7.94448],[-11.72824,7.9443]]},"properties":{"id":1058432910,"cls":"trunk","hw":"trunk","tg":"na","name":"","ref":"","surface":"asphalt","sc":"paved","speed":null,"lit":"unk","km":0.027}},
{"type":"Feature","geometry":{"type":"LineString","coordinates":[[-12.19466,8.44787],[-12.19463,8.44844],[-12.19466,8.449],[-12.19474,8.44978],[-12.19483,8.45036],[-12.19489,8.45076],[-12.19501,8.45113],[-12.19516,8.45157],[-12.19535,8.45202],[-12.19554,8.45242],[-12.19587,8.453],[-12.19625,8.45356],[-12.1965,8.45385],[-12.1966,8.45397],[-12.197,8.45437],[-12.1975,8.45483],[-12.19785,8.4551],[-12.19792,8.45515],[-12.19836,8.45544],[-12.19865,8.45561],[-12.19884,8.45571],[-12.19932,8.45595],[-12.19992,8.45619],[-12.20054,8.45638],[-12.20099,8.45647],[-12.20168,8.45661],[-12.20249,8.45679],[-12.20282,8.45687],[-12.20285,8.45687],[-12.20325,8.45703],[-12.20356,8.45716],[-12.20366,8.45721],[-12.20399,8.45739],[-12.2042,8.45753],[-12.20442,8.45769],[-12.20498,8.4582],[-12.20515,8.45835],[-12.20562,8.45877],[-12.20596,8.45907],[-12.20629,8.45936],[-12.20664,8.45967],[-12.20739,8.46035],[-12.20818,8.46105],[-12.20918,8.46194],[-12.20954,8.46226],[-12.20987,8.4626],[-12.20998,8.46273],[-12.21058,8.46321],[-12.21124,8.4638],[-12.21135,8.46389],[-12.21178,8.46429],[-12.21221,8.46467],[-12.21262,8.46504],[-12.21278,8.46518],[-12.21328,8.46563]]},"properties":{"id":1094486891,"cls":"trunk","hw":"trunk","tg":"na","name":"Yonibana-Bo","ref":"TAH 7","surface":"asphalt","sc":"paved","speed":null,"lit":"unk","km":3.018}},
{"type":"Feature","geometry":{"type":"LineString","coordinates":[[-12.21235,8.34793],[-12.2126,8.34894],[-12.21271,8.34949],[-12.21278,8.34988],[-12.21282,8.35023],[-12.21287,8.35055],[-12.21295,8.35107]]},"properties":{"id":1094486892,"cls":"trunk","hw":"trunk","tg":"na","name":"Yonibana-Bo","ref":"TAH 7","surface":"","sc":"unknown","speed":null,"lit":"unk","km":0.356}},
{"type":"Feature","geometry":{"type":"LineString","coordinates":[[-12.21237,8.36029],[-12.21235,8.36065],[-12.21222,8.36161],[-12.21206,8.36234],[-12.21194,8.36276],[-12.21177,8.36317],[-12.21154,8.36359],[-12.21049,8.36553],[-12.21005,8.36633],[-12.20968,8.36708],[-12.20945,8.36765],[-12.20922,8.36842],[-12.20885,8.36975],[-12.20867,8.37023],[-12.20848,8.37059],[-12.20814,8.37109],[-12.20567,8.37465],[-12.20514,8.37545],[-12.20464,8.37632],[-12.20408,8.3773],[-12.20357,8.37823],[-12.20325,8.37877],[-12.20297,8.3791],[-12.20264,8.37937],[-12.20234,8.37955],[-12.20177,8.37983],[-12.20098,8.38022],[-12.20002,8.38068],[-12.19957,8.38097],[-12.19915,8.38132],[-12.19872,8.38171],[-12.19837,8.38199],[-12.19803,8.38218],[-12.19768,8.38231],[-12.19582,8.38298],[-12.19537,8.38311],[-12.19496,8.38328],[-12.19474,8.38342],[-12.19437,8.38377],[-12.19402,8.38419],[-12.19339,8.38495],[-12.19323,8.38519],[-12.19306,8.38547],[-12.19279,8.38602],[-12.1926,8.38636],[-12.19238,8.38661],[-12.19211,8.3869],[-12.19191,8.38713],[-12.19178,8.38737],[-12.1916,8.38777],[-12.19127,8.38871],[-12.19119,8.38896],[-12.19113,8.38929],[-12.1911,8.38958],[-12.1911,8.38988],[-12.19114,8.39015],[-12.19122,8.39045],[-12.19132,8.3907],[-12.19146,8.39096],[-12.19162,8.39118],[-12.19179,8.39138],[-12.19243,8.392],[-12.19263,8.39219],[-12.19281,8.39238],[-12.19294,8.39256],[-12.19304,8.39273],[-12.19314,8.39292],[-12.19322,8.39314],[-12.1933,8.39347],[-12.19349,8.39425],[-12.19389,8.39569],[-12.19413,8.39657]]},"properties":{"id":1094486893,"cls":"trunk","hw":"trunk","tg":"na","name":"Yonibana-Bo","ref":"TAH 7","surface":"asphalt","sc":"paved","speed":null,"lit":"unk","km":5.07}},
{"type":"Feature","geometry":{"type":"LineString","coordinates":[[-12.211,8.34147],[-12.21119,8.34274],[-12.21133,8.34372],[-12.21134,8.3438],[-12.21144,8.34429],[-12.21148,8.34453]]},"properties":{"id":1094492431,"cls":"trunk","hw":"trunk","tg":"na","name":"Yonibana-Bo","ref":"TAH 7","surface":"","sc":"unknown","speed":null,"lit":"unk","km":0.344}},
{"type":"Feature","geometry":{"type":"LineString","coordinates":[[-12.21148,8.34453],[-12.21185,8.34599],[-12.21211,8.347],[-12.21235,8.34793]]},"properties":{"id":1094492432,"cls":"trunk","hw":"trunk","tg":"na","name":"Yonibana-Bo","ref":"TAH 7","surface":"","sc":"unknown","speed":null,"lit":"unk","km":0.39}},
{"type":"Feature","geometry":{"type":"LineString","coordinates":[[-12.19336,8.40687],[-12.1934,8.40714],[-12.19348,8.40755],[-12.19369,8.40875],[-12.1939,8.40999],[-12.19396,8.41027]]},"properties":{"id":1094512219,"cls":"trunk","hw":"trunk","tg":"na","name":"Yonibana-Bo","ref":"TAH 7","surface":"asphalt","sc":"paved","speed":null,"lit":"unk","km":0.384}},
{"type":"Feature","geometry":{"type":"LineString","coordinates":[[-12.19457,8.40428],[-12.19434,8.40451],[-12.19384,8.40503],[-12.19364,8.40529],[-12.19353,8.4055],[-12.19343,8.40575],[-12.19335,8.40604],[-12.19334,8.4062],[-12.19332,8.40639],[-12.19333,8.40659],[-12.19336,8.40687]]},"properties":{"id":1094512220,"cls":"trunk","hw":"trunk","tg":"na","name":"Yonibana-Bo","ref":"TAH 7","surface":"asphalt","sc":"paved","speed":null,"lit":"unk","km":0.334}},
{"type":"Feature","geometry":{"type":"LineString","coordinates":[[-12.19413,8.39657],[-12.19441,8.39749],[-12.19523,8.39993],[-12.19541,8.40052],[-12.19548,8.40082],[-12.19553,8.40115],[-12.19555,8.40148],[-12.19554,8.40189],[-12.19549,8.40224],[-12.1954,8.40264],[-12.19532,8.40301],[-12.19524,8.40328],[-12.19513,8.40355],[-12.19498,8.4038],[-12.19481,8.40402],[-12.19457,8.40428]]},"properties":{"id":1094512221,"cls":"trunk","hw":"trunk","tg":"na","name":"Yonibana-Bo","ref":"TAH 7","surface":"asphalt","sc":"paved","speed":null,"lit":"unk","km":0.908}},
{"type":"Feature","geometry":{"type":"LineString","coordinates":[[-12.21249,8.35827],[-12.21245,8.35892],[-12.21237,8.36029]]},"properties":{"id":1094512222,"cls":"trunk","hw":"trunk","tg":"na","name":"Yonibana-Bo","ref":"TAH 7","surface":"asphalt","sc":"paved","speed":null,"lit":"unk","km":0.225}},
{"type":"Feature","geometry":{"type":"LineString","coordinates":[[-12.21297,8.35123],[-12.21303,8.35172],[-12.21309,8.35281],[-12.21312,8.35321],[-12.21311,8.35346],[-12.21308,8.35378],[-12.21305,8.35408],[-12.21303,8.35417],[-12.21257,8.35746],[-12.21249,8.35827]]},"properties":{"id":1094512223,"cls":"trunk","hw":"trunk","tg":"na","name":"Yonibana-Bo","ref":"TAH 7","surface":"asphalt","sc":"paved","speed":null,"lit":"unk","km":0.788}},
{"type":"Feature","geometry":{"type":"LineString","coordinates":[[-11.73897,7.97743],[-11.73892,7.97772],[-11.73884,7.97811],[-11.73873,7.97881],[-11.73851,7.97998],[-11.73839,7.98054],[-11.73834,7.98076],[-11.73832,7.9809],[-11.73823,7.98135],[-11.73822,7.9814],[-11.73804,7.98219],[-11.73794,7.98274]]},"properties":{"id":1094766775,"cls":"primary","hw":"primary","tg":"na","name":"Mahei Boima Road","ref":"","surface":"unpaved","sc":"unpaved","speed":null,"lit":"unk","km":0.601}},
{"type":"Feature","geometry":{"type":"LineString","coordinates":[[-11.73653,7.96584],[-11.73663,7.96607],[-11.73674,7.96632],[-11.73686,7.96666],[-11.73695,7.96691],[-11.73706,7.96726],[-11.73718,7.96773],[-11.73739,7.96852],[-11.7374,7.96858],[-11.73749,7.96908],[-11.7376,7.97022],[-11.7376,7.9704],[-11.73757,7.97065],[-11.73751,7.97105],[-11.73744,7.97174],[-11.73742,7.97187],[-11.73743,7.97201],[-11.73744,7.97216],[-11.73747,7.9723],[-11.73754,7.97249],[-11.73764,7.97269],[-11.73777,7.97288],[-11.73783,7.97298],[-11.73803,7.97326],[-11.7381,7.97336],[-11.73869,7.97415],[-11.73874,7.97422],[-11.73878,7.97433],[-11.73883,7.97445],[-11.73905,7.97521],[-11.73915,7.97556],[-11.73919,7.97571],[-11.73922,7.97591],[-11.73923,7.97613],[-11.73923,7.97625],[-11.73922,7.97627],[-11.7392,7.97638],[-11.73916,7.97656],[-11.73911,7.97679],[-11.73897,7.97743]]},"properties":{"id":1094766776,"cls":"primary","hw":"primary","tg":"na","name":"Mahei Boima Road","ref":"","surface":"asphalt","sc":"paved","speed":null,"lit":"unk","km":1.361}},
{"type":"Feature","geometry":{"type":"LineString","coordinates":[[-11.42719,7.92509],[-11.42723,7.92538],[-11.42733,7.92594],[-11.42745,7.92638],[-11.42758,7.92672]]},"properties":{"id":1095089323,"cls":"trunk","hw":"trunk","tg":"na","name":"Bo-Kenema Highway","ref":"TAH 7","surface":"asphalt","sc":"paved","speed":null,"lit":"unk","km":0.187}},
{"type":"Feature","geometry":{"type":"LineString","coordinates":[[-11.42758,7.92672],[-11.42776,7.92712],[-11.42794,7.92748],[-11.42824,7.92786],[-11.4285,7.92815],[-11.42881,7.92843],[-11.4293,7.92879],[-11.4297,7.92907],[-11.43101,7.92995],[-11.43126,7.9301],[-11.43275,7.93106],[-11.43291,7.93116],[-11.43341,7.9315],[-11.43373,7.93166],[-11.43405,7.93183],[-11.4345,7.93198],[-11.43489,7.93208],[-11.43547,7.93221],[-11.43574,7.93224],[-11.43625,7.93224],[-11.4365,7.93225],[-11.43686,7.93223],[-11.43733,7.93215],[-11.43848,7.93185],[-11.43928,7.93166],[-11.43973,7.93155],[-11.4401,7.93146],[-11.44027,7.93142],[-11.44048,7.93137],[-11.44194,7.93101],[-11.44263,7.93084],[-11.44315,7.93072],[-11.4438,7.93056],[-11.44441,7.93044],[-11.44479,7.93038],[-11.44514,7.93036],[-11.44548,7.93036],[-11.44598,7.93038],[-11.44664,7.9304],[-11.44915,7.93059],[-11.45066,7.93072],[-11.45225,7.93083],[-11.4528,7.93087],[-11.45337,7.93092],[-11.45517,7.93106],[-11.45579,7.93111]]},"properties":{"id":1095089324,"cls":"trunk","hw":"trunk","tg":"na","name":"Bo-Kenema Highway","ref":"TAH 7","surface":"asphalt","sc":"paved","speed":null,"lit":"unk","km":3.355}},
{"type":"Feature","geometry":{"type":"LineString","coordinates":[[-13.08238,8.27556],[-13.08255,8.27548],[-13.08273,8.27541],[-13.08293,8.27534],[-13.08311,8.27529],[-13.08334,8.27523],[-13.08359,8.27516],[-13.08375,8.27512],[-13.08392,8.27507],[-13.08407,8.27503],[-13.08429,8.27495],[-13.08474,8.27484],[-13.08542,8.27467],[-13.08586,8.27456],[-13.08647,8.27434],[-13.08673,8.27418],[-13.08692,8.27404],[-13.0871,8.27389],[-13.08724,8.27374],[-13.08741,8.27356],[-13.08751,8.27339],[-13.0876,8.27324],[-13.0877,8.27305],[-13.08781,8.2728],[-13.08787,8.27261],[-13.08791,8.27242],[-13.08795,8.27215],[-13.08798,8.27186],[-13.08801,8.27135],[-13.08809,8.27016],[-13.08811,8.26989],[-13.08816,8.26916],[-13.08823,8.26803],[-13.0883,8.26694],[-13.0884,8.26536]]},"properties":{"id":1095834484,"cls":"primary","hw":"primary","tg":"na","name":"Peninsular Road","ref":"","surface":"asphalt","sc":"paved","speed":null,"lit":"unk","km":1.533}},
{"type":"Feature","geometry":{"type":"LineString","coordinates":[[-13.0798,8.27799],[-13.08018,8.27756],[-13.08031,8.27741],[-13.08048,8.27721],[-13.08068,8.27697],[-13.08087,8.27675],[-13.08108,8.27651],[-13.08129,8.27629],[-13.0815,8.2761],[-13.08181,8.27588],[-13.08208,8.27571],[-13.08228,8.2756],[-13.08238,8.27556]]},"properties":{"id":1095834485,"cls":"primary","hw":"primary","tg":"na","name":"Peninsular Road","ref":"","surface":"asphalt","sc":"paved","speed":null,"lit":"unk","km":0.396}},
{"type":"Feature","geometry":{"type":"LineString","coordinates":[[-13.0884,8.26536],[-13.08849,8.26423],[-13.08849,8.26387],[-13.08849,8.26382],[-13.08849,8.26369],[-13.08848,8.26355],[-13.08848,8.26346],[-13.08846,8.26331],[-13.0884,8.263],[-13.0883,8.26262],[-13.088,8.26183],[-13.0877,8.26097]]},"properties":{"id":1095834819,"cls":"primary","hw":"primary","tg":"na","name":"Peninsular Road","ref":"","surface":"asphalt","sc":"paved","speed":null,"lit":"unk","km":0.502}},
{"type":"Feature","geometry":{"type":"LineString","coordinates":[[-11.17702,7.89676],[-11.17769,7.89611],[-11.17773,7.89607],[-11.17788,7.89592],[-11.17817,7.89565],[-11.17827,7.89553],[-11.17851,7.89531],[-11.17968,7.8942],[-11.17974,7.89415],[-11.18035,7.89363],[-11.18138,7.89274],[-11.18183,7.89233]]},"properties":{"id":1096289927,"cls":"trunk","hw":"trunk","tg":"na","name":"Hangha Road","ref":"","surface":"paved","sc":"paved","speed":null,"lit":"unk","km":0.724}},
{"type":"Feature","geometry":{"type":"LineString","coordinates":[[-11.16633,7.9124],[-11.16658,7.91215],[-11.16683,7.91191],[-11.16689,7.91184],[-11.16701,7.91172],[-11.16723,7.91151]]},"properties":{"id":1096301128,"cls":"trunk","hw":"trunk","tg":"na","name":"Hangha Road","ref":"","surface":"paved","sc":"paved","speed":null,"lit":"unk","km":0.14}},
{"type":"Feature","geometry":{"type":"LineString","coordinates":[[-11.1454,7.93689],[-11.14563,7.93679],[-11.14595,7.93662],[-11.14623,7.9364],[-11.14656,7.93605],[-11.14673,7.93576],[-11.14689,7.93541],[-11.14698,7.93496],[-11.14715,7.93381],[-11.14724,7.93334],[-11.14735,7.93272],[-11.14748,7.93215],[-11.14779,7.93125],[-11.14805,7.93057],[-11.14812,7.93038],[-11.14832,7.92992],[-11.14886,7.92881],[-11.14899,7.92854],[-11.14987,7.9269],[-11.15023,7.9262],[-11.15037,7.92592],[-11.15045,7.92577],[-11.15049,7.92569],[-11.15081,7.92509],[-11.15115,7.92461],[-11.15146,7.92422],[-11.15181,7.92388],[-11.152,7.9237],[-11.15239,7.9234],[-11.15301,7.92304],[-11.15473,7.9223],[-11.15495,7.9222],[-11.15545,7.92198]]},"properties":{"id":1096305254,"cls":"trunk","hw":"trunk","tg":"na","name":"","ref":"","surface":"unpaved","sc":"unpaved","speed":null,"lit":"unk","km":2.107}},
{"type":"Feature","geometry":{"type":"LineString","coordinates":[[-13.07941,8.30459],[-13.07949,8.30423],[-13.07956,8.30384],[-13.07959,8.30357],[-13.07962,8.3033],[-13.07963,8.303],[-13.07962,8.30265],[-13.0796,8.30237],[-13.07956,8.30205],[-13.07953,8.30187],[-13.0793,8.30005],[-13.0791,8.29853],[-13.07907,8.29808],[-13.07907,8.29785],[-13.07916,8.29734],[-13.07919,8.29717],[-13.07949,8.29578],[-13.07988,8.29411],[-13.07994,8.29385]]},"properties":{"id":1096472140,"cls":"primary","hw":"primary","tg":"na","name":"Peninsular Road","ref":"","surface":"asphalt","sc":"paved","speed":null,"lit":"unk","km":1.21}},
{"type":"Feature","geometry":{"type":"LineString","coordinates":[[-13.07994,8.29385],[-13.08009,8.29318],[-13.08011,8.29284],[-13.08008,8.29248],[-13.0797,8.28966],[-13.07967,8.28914],[-13.07967,8.28815],[-13.07966,8.28756],[-13.07963,8.28617],[-13.07962,8.28557],[-13.07962,8.28539],[-13.07962,8.28481],[-13.07947,8.28435],[-13.07897,8.28278],[-13.0786,8.28164],[-13.07859,8.2816],[-13.07849,8.28127],[-13.07844,8.28104],[-13.0784,8.28086],[-13.07839,8.2806],[-13.0784,8.28033],[-13.07844,8.27997],[-13.07852,8.27961],[-13.07869,8.27927],[-13.07891,8.27899],[-13.07933,8.27853],[-13.07946,8.27838]]},"properties":{"id":1096472141,"cls":"primary","hw":"primary","tg":"na","name":"Peninsular Road","ref":"","surface":"asphalt","sc":"paved","speed":null,"lit":"unk","km":1.782}},
{"type":"Feature","geometry":{"type":"LineString","coordinates":[[-13.0877,8.26097],[-13.08766,8.26086],[-13.08727,8.2598],[-13.08703,8.25915],[-13.08692,8.25884],[-13.08675,8.2585],[-13.08655,8.25815],[-13.08549,8.25688],[-13.08519,8.25648],[-13.08481,8.25574],[-13.084,8.25422],[-13.08391,8.25406],[-13.08351,8.25335],[-13.08307,8.25231],[-13.08293,8.2516],[-13.08309,8.25068],[-13.08364,8.24863],[-13.08403,8.24722],[-13.08436,8.24604],[-13.08492,8.24384],[-13.08518,8.24259],[-13.08522,8.24184],[-13.08527,8.24106],[-13.08541,8.23992],[-13.08558,8.23901],[-13.08602,8.23783],[-13.08734,8.23434],[-13.08802,8.23255],[-13.08862,8.23094],[-13.08906,8.22969],[-13.08934,8.22912],[-13.08952,8.22884],[-13.08965,8.22863],[-13.09133,8.22681],[-13.09188,8.22622]]},"properties":{"id":1096473687,"cls":"primary","hw":"primary","tg":"na","name":"Peninsular Road","ref":"","surface":"asphalt","sc":"paved","speed":null,"lit":"unk","km":4.214}},
{"type":"Feature","geometry":{"type":"LineString","coordinates":[[-13.10703,8.20763],[-13.10779,8.2071],[-13.10816,8.20683],[-13.10856,8.20652],[-13.10902,8.20611],[-13.10923,8.20592],[-13.10931,8.20586],[-13.10935,8.20582],[-13.10984,8.20541],[-13.11005,8.20523],[-13.11064,8.2047],[-13.11074,8.2046],[-13.11125,8.20414],[-13.11155,8.20392],[-13.1116,8.20389],[-13.11178,8.20378],[-13.11226,8.20354],[-13.1136,8.20326],[-13.11415,8.20317],[-13.11451,8.2031],[-13.11494,8.20299]]},"properties":{"id":1096478062,"cls":"primary","hw":"primary","tg":"na","name":"Peninsular Road","ref":"","surface":"asphalt","sc":"paved","speed":null,"lit":"unk","km":1.037}},
{"type":"Feature","geometry":{"type":"LineString","coordinates":[[-13.09469,8.22282],[-13.09538,8.22193],[-13.09549,8.22178],[-13.0961,8.22092],[-13.09676,8.21965],[-13.09712,8.21889],[-13.09722,8.21866],[-13.09734,8.21845],[-13.09763,8.21792],[-13.09793,8.2174],[-13.09818,8.21692],[-13.0982,8.21688],[-13.09838,8.21661],[-13.09858,8.21633],[-13.09882,8.21607],[-13.09992,8.21491],[-13.10043,8.21446],[-13.10066,8.21419],[-13.10105,8.21365],[-13.10148,8.21272],[-13.10171,8.21221],[-13.10201,8.21155],[-13.10225,8.2112],[-13.10251,8.21093],[-13.10322,8.21031],[-13.10451,8.20936],[-13.10469,8.20923],[-13.10475,8.20918],[-13.10623,8.20818],[-13.10659,8.20795],[-13.10703,8.20763]]},"properties":{"id":1096478063,"cls":"primary","hw":"primary","tg":"na","name":"Peninsular Road","ref":"","surface":"asphalt","sc":"paved","speed":null,"lit":"unk","km":2.21}},
{"type":"Feature","geometry":{"type":"LineString","coordinates":[[-13.11494,8.20299],[-13.11628,8.20268],[-13.11661,8.20262],[-13.11709,8.20254],[-13.11752,8.20243],[-13.11886,8.20219],[-13.1191,8.20216],[-13.11941,8.20213],[-13.11968,8.20211],[-13.12068,8.20203],[-13.12137,8.20197],[-13.12153,8.20195],[-13.12216,8.20189],[-13.12281,8.20186],[-13.12289,8.20185],[-13.12304,8.20186],[-13.1249,8.20197],[-13.12577,8.2021],[-13.12621,8.20218],[-13.12644,8.20225]]},"properties":{"id":1096480506,"cls":"primary","hw":"primary","tg":"na","name":"Peninsular Road","ref":"","surface":"asphalt","sc":"paved","speed":null,"lit":"unk","km":1.28}},
{"type":"Feature","geometry":{"type":"LineString","coordinates":[[-13.15838,8.27235],[-13.1583,8.27267],[-13.15795,8.27341],[-13.15743,8.27402],[-13.15706,8.27451],[-13.15688,8.275],[-13.15678,8.27557],[-13.15684,8.27613],[-13.15746,8.27748],[-13.1579,8.27846],[-13.1581,8.27891],[-13.15836,8.27983],[-13.15837,8.28011],[-13.1584,8.28071],[-13.15831,8.28156],[-13.15797,8.28254],[-13.15653,8.28469],[-13.1561,8.28533],[-13.1559,8.28578],[-13.15588,8.28603],[-13.15587,8.28618],[-13.15597,8.28653],[-13.15602,8.28666],[-13.15639,8.28715]]},"properties":{"id":1096487916,"cls":"primary","hw":"primary","tg":"na","name":"Peninsular Road","ref":"","surface":"asphalt","sc":"paved","speed":null,"lit":"unk","km":1.818}},
{"type":"Feature","geometry":{"type":"LineString","coordinates":[[-13.15666,8.2875],[-13.15694,8.28793],[-13.1572,8.28821],[-13.15795,8.28872],[-13.15841,8.28903],[-13.1603,8.29032],[-13.16122,8.29081],[-13.16189,8.29084],[-13.16256,8.29077],[-13.1636,8.2902],[-13.16409,8.28992],[-13.16456,8.28971],[-13.16765,8.28964],[-13.16826,8.28958],[-13.16887,8.28938],[-13.17393,8.28699],[-13.17475,8.28659],[-13.17598,8.28598],[-13.17632,8.28585],[-13.17666,8.28584],[-13.1771,8.28596],[-13.17781,8.28642]]},"properties":{"id":1096489071,"cls":"primary","hw":"primary","tg":"na","name":"Peninsular Road","ref":"","surface":"asphalt","sc":"paved","speed":null,"lit":"unk","km":2.594}},
{"type":"Feature","geometry":{"type":"LineString","coordinates":[[-10.96829,8.64543],[-10.96909,8.64523],[-10.96945,8.64514],[-10.96991,8.64502],[-10.97082,8.64478],[-10.97092,8.64475]]},"properties":{"id":1096669624,"cls":"primary","hw":"primary","tg":"na","name":"","ref":"","surface":"paved","sc":"paved","speed":30,"lit":"unk","km":0.299}},
{"type":"Feature","geometry":{"type":"LineString","coordinates":[[-12.15016,8.27755],[-12.15081,8.27782],[-12.15302,8.27874],[-12.15513,8.27962],[-12.15602,8.27999],[-12.15664,8.28023],[-12.15694,8.28037]]},"properties":{"id":1096947175,"cls":"trunk","hw":"trunk","tg":"na","name":"Yonibana-Bo","ref":"TAH 7","surface":"asphalt","sc":"paved","speed":null,"lit":"unk","km":0.809}},
{"type":"Feature","geometry":{"type":"LineString","coordinates":[[-12.15694,8.28037],[-12.16193,8.28247],[-12.16335,8.28307],[-12.16366,8.28316],[-12.16406,8.28323],[-12.16443,8.28324],[-12.16835,8.28306],[-12.17207,8.2829],[-12.17316,8.28284],[-12.17354,8.28278],[-12.17391,8.28269],[-12.17433,8.28253],[-12.18059,8.2798],[-12.18281,8.27884],[-12.18456,8.27809],[-12.18505,8.27797],[-12.18539,8.27795],[-12.18578,8.27798],[-12.18609,8.27806],[-12.18636,8.27819],[-12.18666,8.27837],[-12.18687,8.27855],[-12.1871,8.27878],[-12.18748,8.27922],[-12.18897,8.28097],[-12.18986,8.28201],[-12.1925,8.28522],[-12.19372,8.28661],[-12.1968,8.29025],[-12.19853,8.29231],[-12.1987,8.29253],[-12.19884,8.29275],[-12.19902,8.29312],[-12.19916,8.29349],[-12.19925,8.29389],[-12.19929,8.2943],[-12.19981,8.30104],[-12.19985,8.30175],[-12.1999,8.30212],[-12.2,8.30253],[-12.20017,8.30289],[-12.20038,8.30318],[-12.20068,8.30348],[-12.20103,8.30372],[-12.20144,8.3039],[-12.20184,8.30401],[-12.20248,8.30414],[-12.20332,8.30435],[-12.20391,8.30455],[-12.20427,8.30474],[-12.20458,8.30497],[-12.20482,8.30519],[-12.20504,8.30544],[-12.20517,8.30563],[-12.20529,8.30582],[-12.20567,8.30646],[-12.20584,8.30667],[-12.20609,8.30693],[-12.20647,8.30718],[-12.20666,8.30729],[-12.20687,8.30738],[-12.21004,8.30856],[-12.21232,8.30941],[-12.21345,8.30984],[-12.21453,8.31021],[-12.21493,8.3104],[-12.21507,8.31049],[-12.21529,8.31063],[-12.21551,8.31081],[-12.21575,8.31106],[-12.21598,8.31143],[-12.21672,8.31251],[-12.21739,8.31357],[-12.21759,8.314],[-12.21767,8.31434],[-12.21772,8.3147],[-12.21772,8.31506],[-12.21767,8.31548],[-12.2176,8.31577],[-12.21748,8.31608],[-12.21635,8.31963],[-12.21623,8.32005],[-12.21613,8.32047],[-12.21608,8.32087],[-12.21607,8.321],[-12.21602,8.32187],[-12.216,8.32224],[-12.21598,8.32253]]},"properties":{"id":1096947176,"cls":"trunk","hw":"trunk","tg":"na","name":"Yonibana-Bo","ref":"TAH 7","surface":"asphalt","sc":"paved","speed":null,"lit":"unk","km":10.041}},
{"type":"Feature","geometry":{"type":"LineString","coordinates":[[-12.12765,8.27416],[-12.12894,8.27419],[-12.13155,8.27424],[-12.13461,8.27433],[-12.13645,8.27438],[-12.14126,8.27444],[-12.14174,8.27445],[-12.14252,8.27448],[-12.14278,8.27452],[-12.14303,8.27457],[-12.14361,8.27477],[-12.14481,8.27526],[-12.14742,8.2764],[-12.15016,8.27755]]},"properties":{"id":1096949915,"cls":"trunk","hw":"trunk","tg":"na","name":"Yonibana-Bo","ref":"TAH 7","surface":"asphalt","sc":"paved","speed":null,"lit":"unk","km":2.546}},
{"type":"Feature","geometry":{"type":"LineString","coordinates":[[-12.08828,8.25376],[-12.08827,8.25402],[-12.08819,8.25586],[-12.08817,8.25668],[-12.08826,8.25722],[-12.08839,8.25763],[-12.08847,8.25783],[-12.08854,8.258],[-12.08883,8.25846],[-12.08907,8.25875],[-12.0895,8.25927],[-12.09063,8.26063],[-12.09201,8.26229],[-12.09352,8.26413],[-12.0943,8.26505],[-12.0946,8.26537],[-12.09475,8.26551],[-12.0949,8.26563],[-12.09502,8.2657],[-12.09516,8.26578],[-12.09538,8.26588],[-12.09565,8.26599],[-12.09666,8.26634],[-12.09762,8.26671],[-12.10031,8.26767],[-12.10462,8.2692],[-12.10933,8.27094],[-12.11142,8.27167],[-12.11474,8.27289],[-12.11683,8.27366],[-12.11737,8.27384],[-12.11763,8.27391],[-12.11808,8.27397],[-12.11848,8.27399],[-12.11952,8.274],[-12.12287,8.27407],[-12.12765,8.27416]]},"properties":{"id":1096950823,"cls":"trunk","hw":"trunk","tg":"na","name":"Yonibana-Bo","ref":"TAH 7","surface":"asphalt","sc":"paved","speed":null,"lit":"unk","km":5.348}},
{"type":"Feature","geometry":{"type":"LineString","coordinates":[[-12.06678,8.20487],[-12.06675,8.20532],[-12.06673,8.20558],[-12.0667,8.2061],[-12.06675,8.20647],[-12.06687,8.20695],[-12.06703,8.20737],[-12.06723,8.20777],[-12.06739,8.20802],[-12.06761,8.20833],[-12.06909,8.20978],[-12.07127,8.21191],[-12.07274,8.21334],[-12.073,8.21359],[-12.07326,8.21389],[-12.07333,8.21401],[-12.0735,8.21431],[-12.07364,8.2146],[-12.07373,8.21484],[-12.07409,8.21572],[-12.0744,8.21649],[-12.07514,8.2183],[-12.07528,8.21892],[-12.07532,8.21928],[-12.07533,8.21953],[-12.07534,8.22024],[-12.07534,8.22111]]},"properties":{"id":1096959034,"cls":"trunk","hw":"trunk","tg":"na","name":"Yonibana-Bo","ref":"TAH 7","surface":"asphalt","sc":"paved","speed":null,"lit":"unk","km":2.132}},
{"type":"Feature","geometry":{"type":"LineString","coordinates":[[-11.97651,8.17874],[-11.97743,8.17891],[-11.97784,8.17903],[-11.97824,8.17915]]},"properties":{"id":1096965537,"cls":"trunk","hw":"trunk","tg":"na","name":"Yonibana-Bo","ref":"TAH 7","surface":"asphalt","sc":"paved","speed":null,"lit":"unk","km":0.196}},
{"type":"Feature","geometry":{"type":"LineString","coordinates":[[-11.94528,8.16844],[-11.94594,8.16868],[-11.94651,8.1689],[-11.9479,8.16947],[-11.94919,8.16997],[-11.94987,8.17017],[-11.95033,8.17027],[-11.95059,8.17031],[-11.95101,8.17036],[-11.95137,8.17039],[-11.95172,8.1704],[-11.95227,8.17039],[-11.95289,8.17037],[-11.9539,8.17037],[-11.95436,8.1704],[-11.95479,8.17046],[-11.95503,8.1705],[-11.95845,8.17138],[-11.96052,8.17189],[-11.96242,8.17235],[-11.963,8.1725],[-11.96352,8.17267],[-11.96416,8.17297],[-11.96453,8.17317],[-11.966,8.1741],[-11.96661,8.17447],[-11.96712,8.17473],[-11.96776,8.17499],[-11.96824,8.17514],[-11.96896,8.17531],[-11.96952,8.17538],[-11.97053,8.17562],[-11.97097,8.17575],[-11.9714,8.17592],[-11.97185,8.17615],[-11.97225,8.17641],[-11.97272,8.17678],[-11.97331,8.17729],[-11.97391,8.17777],[-11.97435,8.17803],[-11.97481,8.17826],[-11.97522,8.17843],[-11.9757,8.17858],[-11.97651,8.17874]]},"properties":{"id":1096965538,"cls":"trunk","hw":"trunk","tg":"na","name":"Yonibana-Bo","ref":"TAH 7","surface":"asphalt","sc":"paved","speed":null,"lit":"unk","km":3.68}},
{"type":"Feature","geometry":{"type":"LineString","coordinates":[[-11.88857,8.13616],[-11.89109,8.13605],[-11.89184,8.13606],[-11.89243,8.13612],[-11.89305,8.13622],[-11.89358,8.13636],[-11.89408,8.13655],[-11.89459,8.13675],[-11.89534,8.13714],[-11.89564,8.13732],[-11.896,8.13757],[-11.89668,8.13809],[-11.8969,8.1383],[-11.89716,8.13858],[-11.89887,8.14057],[-11.89966,8.14147],[-11.90066,8.14261],[-11.90319,8.14557],[-11.90366,8.14611],[-11.90403,8.1465],[-11.9044,8.14686],[-11.90475,8.14719],[-11.90513,8.14753],[-11.90572,8.148],[-11.90628,8.1484],[-11.90704,8.14886],[-11.9081,8.14947],[-11.91078,8.15103],[-11.91246,8.15201],[-11.91439,8.1531],[-11.91505,8.15352],[-11.91545,8.15384],[-11.91587,8.15419],[-11.9162,8.15454],[-11.91771,8.15625],[-11.91894,8.15765],[-11.92081,8.15978],[-11.92146,8.16055],[-11.92193,8.16107],[-11.92231,8.16141],[-11.92268,8.16168],[-11.92405,8.16257],[-11.92576,8.16372],[-11.92765,8.16496],[-11.92839,8.16547],[-11.92924,8.16602],[-11.92996,8.16644],[-11.93066,8.16678],[-11.93121,8.16702],[-11.93206,8.16732],[-11.93274,8.1675],[-11.93331,8.16762],[-11.93398,8.16771],[-11.9347,8.16776],[-11.9354,8.16776],[-11.9374,8.16769],[-11.93907,8.16765],[-11.9423,8.16758],[-11.94266,8.16761],[-11.94321,8.1677],[-11.94389,8.16789],[-11.9444,8.16808],[-11.94468,8.1682],[-11.94492,8.1683]]},"properties":{"id":1097238241,"cls":"trunk","hw":"trunk","tg":"na","name":"Yonibana-Bo","ref":"TAH 7","surface":"asphalt","sc":"paved","speed":null,"lit":"unk","km":7.517}},
{"type":"Feature","geometry":{"type":"LineString","coordinates":[[-11.84816,8.09972],[-11.84835,8.09997],[-11.84859,8.10038],[-11.84889,8.10094],[-11.84905,8.10131],[-11.84916,8.10173],[-11.84923,8.10216],[-11.84928,8.1025],[-11.84933,8.10287],[-11.84938,8.10324],[-11.84947,8.10389],[-11.84958,8.10459],[-11.84963,8.10505]]},"properties":{"id":1097238242,"cls":"trunk","hw":"trunk","tg":"na","name":"Bo-Tiama Highway","ref":"TAH 7","surface":"asphalt","sc":"paved","speed":null,"lit":"unk","km":0.624}},
{"type":"Feature","geometry":{"type":"LineString","coordinates":[[-11.88355,8.13638],[-11.88745,8.13621],[-11.88857,8.13616]]},"properties":{"id":1097249115,"cls":"trunk","hw":"trunk","tg":"na","name":"Yonibana-Bo","ref":"TAH 7","surface":"asphalt","sc":"paved","speed":null,"lit":"unk","km":0.553}},
{"type":"Feature","geometry":{"type":"LineString","coordinates":[[-11.72928,7.94427],[-11.72935,7.94425],[-11.72975,7.94415],[-11.72989,7.94412],[-11.73001,7.9441],[-11.7302,7.94408],[-11.73057,7.94403],[-11.73071,7.94402],[-11.73092,7.94401],[-11.73129,7.94401]]},"properties":{"id":1097303588,"cls":"trunk","hw":"trunk","tg":"na","name":"Bo-Tiama Highway","ref":"TAH 7","surface":"asphalt","sc":"paved","speed":null,"lit":"unk","km":0.224}},
{"type":"Feature","geometry":{"type":"LineString","coordinates":[[-11.74691,7.95015],[-11.74778,7.95051],[-11.74846,7.95081],[-11.74865,7.95089],[-11.74962,7.95131],[-11.75027,7.95159],[-11.7506,7.95174],[-11.75142,7.9521]]},"properties":{"id":1097304310,"cls":"trunk","hw":"trunk","tg":"na","name":"Bo-Tiama Highway","ref":"TAH 7","surface":"asphalt","sc":"paved","speed":null,"lit":"unk","km":0.542}},
{"type":"Feature","geometry":{"type":"LineString","coordinates":[[-11.73129,7.94401],[-11.73146,7.94401],[-11.73174,7.94403],[-11.73177,7.94404],[-11.73206,7.94406],[-11.73259,7.94413],[-11.73299,7.94422],[-11.73308,7.94425],[-11.73342,7.94435],[-11.7335,7.94438],[-11.73393,7.94454],[-11.73448,7.94478],[-11.73491,7.94494],[-11.7362,7.94551],[-11.73808,7.94633],[-11.73873,7.94662],[-11.73935,7.94689],[-11.73962,7.947],[-11.74017,7.94723],[-11.74057,7.94741],[-11.74135,7.94776],[-11.74183,7.94795],[-11.74187,7.94797],[-11.74274,7.94833],[-11.74328,7.94855],[-11.7438,7.94879],[-11.74392,7.94884],[-11.74427,7.949],[-11.74482,7.94923],[-11.74501,7.94931],[-11.74508,7.94935],[-11.74605,7.94979],[-11.74691,7.95015]]},"properties":{"id":1097304311,"cls":"trunk","hw":"trunk","tg":"na","name":"Bo-Tiama Highway","ref":"TAH 7","surface":"asphalt","sc":"paved","speed":null,"lit":"unk","km":1.859}},
{"type":"Feature","geometry":{"type":"LineString","coordinates":[[-11.4173,7.91231],[-11.41817,7.91311],[-11.4185,7.91343],[-11.4187,7.91361],[-11.41927,7.91413],[-11.41948,7.91432],[-11.41965,7.91447],[-11.41997,7.91475],[-11.42027,7.91498],[-11.4209,7.91543],[-11.4215,7.91587],[-11.42276,7.9168],[-11.42337,7.91726],[-11.42342,7.9173],[-11.42358,7.91742],[-11.42391,7.91766],[-11.4249,7.9184],[-11.4253,7.91869],[-11.42546,7.91884],[-11.4256,7.91897],[-11.42576,7.91914],[-11.42587,7.91926],[-11.42608,7.91953],[-11.42625,7.91981],[-11.42647,7.92024],[-11.4266,7.92051],[-11.42667,7.92072],[-11.42674,7.92095],[-11.42681,7.92121],[-11.42687,7.92159],[-11.42692,7.92205],[-11.42697,7.92248],[-11.42699,7.92265],[-11.42703,7.92315],[-11.42706,7.92358]]},"properties":{"id":1097311309,"cls":"trunk","hw":"trunk","tg":"na","name":"Bo-Kenema Highway","ref":"TAH 7","surface":"asphalt","sc":"paved","speed":null,"lit":"unk","km":1.729}},
{"type":"Feature","geometry":{"type":"LineString","coordinates":[[-11.34453,7.88246],[-11.34484,7.88258],[-11.3451,7.88268],[-11.34595,7.88302],[-11.34676,7.88335],[-11.34832,7.88398],[-11.34906,7.88427],[-11.35085,7.88497],[-11.35185,7.88535],[-11.35299,7.8858],[-11.35374,7.88609],[-11.3544,7.88635],[-11.35493,7.88658],[-11.35547,7.88678],[-11.35617,7.88698],[-11.35736,7.88729],[-11.35827,7.88751],[-11.35982,7.8879],[-11.36088,7.88821],[-11.36143,7.88835],[-11.36246,7.88861],[-11.36443,7.88911],[-11.36473,7.88918],[-11.36674,7.88973],[-11.36754,7.88993],[-11.36872,7.89022],[-11.36922,7.89033],[-11.36984,7.89037],[-11.37031,7.89037],[-11.37086,7.89034],[-11.37124,7.89028],[-11.37157,7.89022],[-11.37195,7.8901],[-11.37235,7.88994],[-11.37293,7.88967],[-11.3738,7.88926],[-11.37502,7.88866],[-11.37727,7.88753],[-11.37781,7.88728],[-11.37826,7.88712],[-11.3788,7.88696],[-11.37928,7.88685],[-11.37984,7.88678],[-11.38034,7.88676],[-11.38068,7.88676],[-11.38096,7.88678],[-11.38132,7.88682],[-11.38174,7.88688],[-11.38216,7.88696],[-11.38252,7.88705],[-11.38291,7.88719],[-11.38345,7.88742],[-11.38393,7.88766],[-11.3841,7.88775],[-11.38437,7.88791],[-11.38465,7.8881],[-11.38495,7.88832],[-11.38534,7.88864],[-11.38589,7.88909],[-11.38724,7.89016],[-11.38809,7.89088],[-11.38896,7.89157],[-11.38976,7.8922],[-11.39007,7.89246],[-11.39039,7.89267],[-11.39083,7.89291],[-11.39126,7.89311],[-11.39155,7.89323],[-11.39178,7.8933],[-11.392,7.89335],[-11.39231,7.89343]]},"properties":{"id":1097311310,"cls":"trunk","hw":"trunk","tg":"na","name":"Bo-Kenema Highway","ref":"TAH 7","surface":"asphalt","sc":"paved","speed":null,"lit":"unk","km":5.717}},
{"type":"Feature","geometry":{"type":"LineString","coordinates":[[-10.94621,8.64662],[-10.94702,8.64674],[-10.94772,8.64684],[-10.94786,8.64686],[-10.94809,8.64691],[-10.94837,8.64695],[-10.94932,8.64707],[-10.94978,8.64714],[-10.95012,8.64718],[-10.95081,8.64729],[-10.95129,8.64736],[-10.95138,8.64737],[-10.95215,8.6475],[-10.95241,8.64752],[-10.9527,8.64754],[-10.953,8.64754],[-10.95317,8.64753],[-10.95334,8.64752],[-10.95351,8.64748],[-10.95368,8.64744],[-10.95385,8.64737],[-10.95402,8.6473],[-10.95419,8.64722],[-10.95451,8.64703],[-10.95482,8.64685],[-10.95501,8.64673],[-10.95518,8.64663],[-10.95524,8.64659]]},"properties":{"id":1098242760,"cls":"primary","hw":"primary","tg":"na","name":"","ref":"","surface":"paved","sc":"paved","speed":null,"lit":"unk","km":1.026}},
{"type":"Feature","geometry":{"type":"LineString","coordinates":[[-10.95532,8.64652],[-10.95548,8.64644],[-10.95556,8.6464],[-10.95567,8.64636],[-10.95578,8.64633],[-10.95596,8.6463],[-10.95609,8.64628]]},"properties":{"id":1098243857,"cls":"primary","hw":"primary","tg":"na","name":"","ref":"","surface":"paved","sc":"paved","speed":null,"lit":"unk","km":0.09}},
{"type":"Feature","geometry":{"type":"LineString","coordinates":[[-10.96642,8.64588],[-10.96684,8.64578],[-10.96737,8.64565],[-10.96773,8.64557],[-10.96829,8.64543]]},"properties":{"id":1098243858,"cls":"primary","hw":"primary","tg":"na","name":"Main Kainkordu Road","ref":"","surface":"asphalt","sc":"paved","speed":null,"lit":"unk","km":0.212}},
{"type":"Feature","geometry":{"type":"LineString","coordinates":[[-10.60755,8.24835],[-10.60694,8.24861],[-10.60679,8.24867],[-10.60528,8.24933]]},"properties":{"id":1098437309,"cls":"trunk","hw":"trunk","tg":"na","name":"","ref":"","surface":"ground","sc":"unpaved","speed":null,"lit":"unk","km":0.273}},
{"type":"Feature","geometry":{"type":"LineString","coordinates":[[-10.60528,8.24933],[-10.60521,8.24936],[-10.60474,8.24958],[-10.60422,8.24983],[-10.60358,8.25009],[-10.60301,8.25036],[-10.60231,8.25066],[-10.60203,8.25076],[-10.60181,8.2508],[-10.60149,8.25085],[-10.60111,8.25091],[-10.60079,8.25093],[-10.59909,8.25114],[-10.59855,8.25118],[-10.59801,8.25122],[-10.59779,8.25124],[-10.59753,8.25122],[-10.59685,8.25108],[-10.5957,8.25086],[-10.59487,8.25067],[-10.59447,8.25059],[-10.59426,8.25057],[-10.59399,8.25056],[-10.59376,8.2506],[-10.59351,8.25066],[-10.59315,8.25073],[-10.59258,8.25085],[-10.59207,8.25093],[-10.59156,8.25102],[-10.59089,8.25116],[-10.58994,8.25136],[-10.58933,8.25149],[-10.58882,8.25165],[-10.5886,8.2518],[-10.58842,8.25206],[-10.58795,8.2529],[-10.58766,8.25342],[-10.5874,8.25393],[-10.58679,8.25502],[-10.58658,8.25546],[-10.58632,8.25596],[-10.58609,8.25653],[-10.58585,8.25701],[-10.58565,8.25735],[-10.58528,8.25821],[-10.58503,8.25878],[-10.58494,8.259],[-10.58491,8.25909],[-10.58451,8.25983],[-10.58431,8.26024],[-10.58427,8.26034],[-10.58424,8.26043],[-10.58419,8.26073],[-10.58409,8.26158],[-10.58406,8.26175],[-10.58395,8.2621],[-10.58392,8.26221],[-10.5839,8.26231],[-10.58385,8.26243],[-10.58375,8.26266],[-10.58359,8.26301],[-10.58344,8.26338],[-10.58326,8.26381],[-10.58301,8.26433],[-10.58294,8.26452],[-10.58282,8.26478],[-10.58271,8.26496],[-10.58243,8.26532],[-10.5821,8.2657],[-10.58181,8.26601],[-10.5818,8.26602],[-10.5814,8.26646],[-10.5813,8.26657],[-10.58115,8.26673],[-10.5809,8.26702],[-10.58056,8.26742],[-10.57981,8.26823],[-10.57951,8.26856],[-10.57931,8.26881],[-10.57871,8.26943],[-10.57836,8.2697],[-10.57783,8.27006],[-10.57712,8.27054],[-10.57679,8.27078],[-10.57653,8.27113],[-10.57642,8.27124],[-10.57631,8.27138],[-10.57623,8.27151],[-10.57613,8.27171],[-10.57595,8.27214],[-10.57581,8.27255],[-10.57564,8.27306],[-10.57553,8.27349],[-10.57545,8.27369],[-10.57537,8.27389],[-10.57523,8.2742],[-10.57486,8.27497],[-10.5747,8.27534],[-10.57452,8.27571],[-10.57436,8.27604]]},"properties":{"id":1098437310,"cls":"primary","hw":"primary","tg":"na","name":"","ref":"","surface":"ground","sc":"unpaved","speed":null,"lit":"unk","km":5.08}},
{"type":"Feature","geometry":{"type":"LineString","coordinates":[[-12.97385,8.70339],[-12.9739,8.70334],[-12.97428,8.70293],[-12.97493,8.70214],[-12.97621,8.70058],[-12.97747,8.69902],[-12.97809,8.69829],[-12.9788,8.69744],[-12.97996,8.69603],[-12.98108,8.69466],[-12.98149,8.69424],[-12.9819,8.69385],[-12.98221,8.69358],[-12.98261,8.69327],[-12.98324,8.69283],[-12.98381,8.69249],[-12.98409,8.69234],[-12.98443,8.69217],[-12.98514,8.69186],[-12.98572,8.69165],[-12.98656,8.69139],[-12.9874,8.69117]]},"properties":{"id":1098469283,"cls":"primary","hw":"primary","tg":"na","name":"","ref":"","surface":"asphalt","sc":"paved","speed":null,"lit":"unk","km":2.064}},
{"type":"Feature","geometry":{"type":"LineString","coordinates":[[-12.90934,8.76161],[-12.9095,8.76128],[-12.90967,8.76094],[-12.91017,8.75986],[-12.91029,8.75959],[-12.91044,8.75931],[-12.91075,8.75879],[-12.91094,8.75848],[-12.91117,8.75818],[-12.91139,8.75791],[-12.91163,8.75765],[-12.91199,8.75728],[-12.91228,8.75701],[-12.91255,8.75677],[-12.91277,8.75661],[-12.9132,8.75631],[-12.91346,8.75616],[-12.91381,8.75599],[-12.91498,8.75541],[-12.91547,8.75517],[-12.91579,8.755],[-12.91607,8.75484],[-12.91633,8.75467],[-12.91654,8.75449],[-12.91676,8.75428],[-12.91696,8.75405],[-12.91713,8.75382],[-12.91737,8.75344],[-12.91752,8.75311],[-12.9177,8.75259],[-12.91824,8.75101],[-12.91839,8.75062],[-12.91855,8.75025],[-12.91868,8.75001],[-12.91891,8.74957],[-12.91918,8.74914],[-12.91936,8.74891],[-12.91954,8.74867],[-12.91991,8.74824],[-12.92022,8.74794],[-12.92053,8.74766],[-12.92086,8.74738],[-12.9212,8.74714],[-12.92146,8.74697],[-12.92198,8.74666],[-12.92227,8.7465],[-12.92259,8.74635],[-12.92293,8.7462],[-12.92324,8.74609],[-12.92367,8.74595],[-12.92424,8.74581],[-12.9249,8.74566],[-12.92565,8.7455],[-12.92621,8.74537],[-12.92673,8.74525],[-12.92808,8.74495],[-12.92949,8.74462],[-12.9302,8.74447],[-12.93092,8.74431],[-12.9312,8.74425],[-12.93183,8.7441],[-12.93311,8.7438],[-12.93338,8.74373],[-12.93472,8.74344],[-12.93553,8.74326],[-12.93623,8.74306],[-12.93658,8.74295],[-12.93707,8.74277],[-12.93783,8.74247],[-12.93805,8.74237],[-12.9383,8.74226],[-12.93867,8.74207],[-12.93914,8.74181],[-12.93957,8.74156],[-12.94002,8.74128],[-12.94042,8.74102],[-12.94093,8.74066],[-12.94265,8.73946],[-12.94441,8.73822],[-12.94524,8.73763],[-12.94591,8.73716],[-12.94662,8.73668],[-12.94701,8.73641],[-12.94727,8.73623],[-12.94741,8.73612],[-12.94783,8.73576],[-12.94799,8.7356],[-12.94812,8.73546],[-12.94832,8.73522],[-12.94855,8.73492],[-12.94867,8.73474],[-12.94879,8.73454],[-12.94889,8.73437],[-12.94898,8.73416],[-12.94917,8.73367],[-12.94937,8.73314],[-12.9498,8.73189],[-12.95,8.73131],[-12.95017,8.73082],[-12.95024,8.73063],[-12.95035,8.7303],[-12.9505,8.72989],[-12.95059,8.7297],[-12.95069,8.72951],[-12.95093,8.72907],[-12.95111,8.72876],[-12.95131,8.72846],[-12.95151,8.72816],[-12.95175,8.72787],[-12.95199,8.7276],[-12.95215,8.72743],[-12.95233,8.72725],[-12.95274,8.72686],[-12.95304,8.72656],[-12.95334,8.72627],[-12.95384,8.7258],[-12.95439,8.72526],[-12.95476,8.7249],[-12.95509,8.72459],[-12.95547,8.72422],[-12.95614,8.72355],[-12.95895,8.72083],[-12.96001,8.71981],[-12.96039,8.7194],[-12.96062,8.7191],[-12.96084,8.7188]]},"properties":{"id":1098469284,"cls":"primary","hw":"primary","tg":"na","name":"","ref":"","surface":"asphalt","sc":"paved","speed":null,"lit":"unk","km":7.79}},
{"type":"Feature","geometry":{"type":"LineString","coordinates":[[-11.9159,8.68931],[-11.91516,8.68843],[-11.9138,8.68668],[-11.91338,8.68617],[-11.91295,8.68571],[-11.91257,8.68536],[-11.91211,8.68499],[-11.91168,8.68468],[-11.91126,8.68444],[-11.91074,8.68419],[-11.9096,8.6837],[-11.90908,8.68347],[-11.90464,8.6816],[-11.90247,8.68067],[-11.90082,8.67997],[-11.89984,8.67956],[-11.89865,8.67906],[-11.89818,8.67885],[-11.89773,8.67862],[-11.89712,8.67828],[-11.89633,8.6778],[-11.89595,8.67754],[-11.89563,8.6773],[-11.89538,8.67713],[-11.89414,8.67614],[-11.89321,8.67539],[-11.89225,8.67463],[-11.89127,8.67379],[-11.89047,8.67316],[-11.88985,8.6727],[-11.88928,8.67232],[-11.88857,8.67193],[-11.888,8.67162],[-11.88753,8.67134],[-11.88698,8.67102],[-11.88665,8.67084],[-11.88565,8.67031]]},"properties":{"id":1108924761,"cls":"primary","hw":"primary","tg":"na","name":"Makeni-Kono Highway","ref":"","surface":"asphalt","sc":"paved","speed":80,"lit":"unk","km":3.994}},
{"type":"Feature","geometry":{"type":"LineString","coordinates":[[-13.11948,8.38645],[-13.11943,8.38652]]},"properties":{"id":1120022564,"cls":"trunk","hw":"trunk_link","tg":"na","name":"","ref":"","surface":"","sc":"unknown","speed":null,"lit":"unk","km":0.01}},
{"type":"Feature","geometry":{"type":"LineString","coordinates":[[-12.91851,8.40874],[-12.91909,8.40838],[-12.91969,8.40801],[-12.92022,8.40764],[-12.92076,8.40724],[-12.92136,8.40675],[-12.92181,8.40639],[-12.92241,8.40588],[-12.92325,8.40513],[-12.92411,8.40438],[-12.9262,8.40252],[-12.92839,8.40058],[-12.92921,8.39986],[-12.9298,8.39933],[-12.93049,8.39876],[-12.93115,8.39825],[-12.93151,8.39797],[-12.93188,8.3977],[-12.93224,8.39745]]},"properties":{"id":1136296783,"cls":"trunk","hw":"trunk","tg":"na","name":"Prince Alfred Road","ref":"","surface":"asphalt","sc":"paved","speed":null,"lit":"unk","km":1.967}},
{"type":"Feature","geometry":{"type":"LineString","coordinates":[[-12.95214,8.3861],[-12.95261,8.38578]]},"properties":{"id":1136296784,"cls":"trunk","hw":"trunk","tg":"na","name":"Prince Alfred Road","ref":"","surface":"concrete","sc":"paved","speed":null,"lit":"unk","km":0.063}},
{"type":"Feature","geometry":{"type":"LineString","coordinates":[[-12.94817,8.38891],[-12.94828,8.3888],[-12.94835,8.38874],[-12.94844,8.38868],[-12.94977,8.3878],[-12.95058,8.38725]]},"properties":{"id":1136296785,"cls":"trunk","hw":"trunk","tg":"na","name":"Prince Alfred Road","ref":"","surface":"asphalt","sc":"paved","speed":null,"lit":"unk","km":0.323}},
{"type":"Feature","geometry":{"type":"LineString","coordinates":[[-12.89902,8.4193],[-12.90002,8.4187],[-12.90141,8.41784],[-12.90272,8.41704],[-12.90336,8.41665],[-12.90442,8.41599],[-12.90557,8.41531],[-12.90622,8.41494],[-12.90666,8.41468],[-12.90704,8.41448],[-12.9095,8.41326],[-12.91119,8.41243],[-12.91296,8.41155],[-12.91405,8.41101],[-12.91507,8.4105],[-12.91641,8.40983],[-12.9176,8.40923],[-12.91809,8.40898],[-12.91851,8.40874]]},"properties":{"id":1136296786,"cls":"trunk","hw":"trunk","tg":"na","name":"Prince Alfred Road","ref":"","surface":"asphalt","sc":"paved","speed":null,"lit":"unk","km":2.446}},
{"type":"Feature","geometry":{"type":"LineString","coordinates":[[-12.95198,8.38621],[-12.95205,8.38616],[-12.95214,8.3861]]},"properties":{"id":1136296788,"cls":"trunk","hw":"trunk","tg":"na","name":"Prince Alfred Road","ref":"","surface":"concrete","sc":"paved","speed":null,"lit":"unk","km":0.021}},
{"type":"Feature","geometry":{"type":"LineString","coordinates":[[-12.94784,8.38888],[-12.9478,8.38891],[-12.94774,8.38896],[-12.94766,8.38902],[-12.94753,8.38911],[-12.94631,8.38994],[-12.94501,8.39077],[-12.94464,8.39098],[-12.94396,8.39135],[-12.94344,8.39162],[-12.9428,8.39192],[-12.94231,8.39215],[-12.94148,8.39253],[-12.94025,8.39311],[-12.93947,8.39348],[-12.93807,8.39414],[-12.93747,8.39442],[-12.93662,8.39481],[-12.93598,8.39511],[-12.93541,8.3954],[-12.93483,8.39571],[-12.93414,8.39609],[-12.93357,8.39642],[-12.93306,8.39673],[-12.9326,8.39703],[-12.93215,8.39733]]},"properties":{"id":1136296789,"cls":"trunk","hw":"trunk","tg":"na","name":"Prince Alfred Road","ref":"","surface":"asphalt","sc":"paved","speed":null,"lit":"unk","km":1.969}},
{"type":"Feature","geometry":{"type":"LineString","coordinates":[[-12.94817,8.38888],[-12.94816,8.38882],[-12.94813,8.38879],[-12.94811,8.38876],[-12.94806,8.38874],[-12.94801,8.38873],[-12.94797,8.38873],[-12.94793,8.38875],[-12.94789,8.38877],[-12.94786,8.38881],[-12.94785,8.38885],[-12.94784,8.38888],[-12.94784,8.38891],[-12.94785,8.38894],[-12.94787,8.38897],[-12.9479,8.38901],[-12.94794,8.38904],[-12.94798,8.38905],[-12.94804,8.38905],[-12.94808,8.38903],[-12.94812,8.38901],[-12.94814,8.38898],[-12.94816,8.38894],[-12.94817,8.38891],[-12.94817,8.38888]]},"properties":{"id":1136296791,"cls":"trunk","hw":"trunk","tg":"na","name":"","ref":"","surface":"asphalt","sc":"paved","speed":null,"lit":"unk","km":0.114}},
{"type":"Feature","geometry":{"type":"LineString","coordinates":[[-12.91842,8.40861],[-12.91789,8.40891],[-12.91721,8.40926],[-12.91642,8.40965],[-12.91561,8.41006],[-12.9147,8.41052],[-12.91379,8.41096],[-12.91282,8.41145],[-12.91125,8.41223],[-12.91017,8.41277],[-12.90812,8.41377],[-12.90697,8.41435],[-12.90646,8.41463],[-12.90551,8.41516],[-12.90457,8.41571],[-12.90308,8.41666],[-12.90211,8.41725],[-12.90055,8.41821],[-12.89893,8.41917]]},"properties":{"id":1136296794,"cls":"trunk","hw":"trunk","tg":"na","name":"Prince Alfred Road","ref":"","surface":"asphalt","sc":"paved","speed":null,"lit":"unk","km":2.446}},
{"type":"Feature","geometry":{"type":"LineString","coordinates":[[-12.95049,8.38713],[-12.94966,8.38769],[-12.94867,8.38836],[-12.94829,8.3886],[-12.94821,8.38865],[-12.94812,8.38869],[-12.94801,8.38873]]},"properties":{"id":1136296795,"cls":"trunk","hw":"trunk","tg":"na","name":"Prince Alfred Road","ref":"","surface":"asphalt","sc":"paved","speed":null,"lit":"unk","km":0.326}},
{"type":"Feature","geometry":{"type":"LineString","coordinates":[[-12.89893,8.41917],[-12.89805,8.41972],[-12.89714,8.42029],[-12.89638,8.42074],[-12.89547,8.42131],[-12.89465,8.4218],[-12.89325,8.42267],[-12.89201,8.42342],[-12.89002,8.42464],[-12.88884,8.42535],[-12.88763,8.4261],[-12.88667,8.42669],[-12.88536,8.42748],[-12.88476,8.42785],[-12.88433,8.42812],[-12.88386,8.42845],[-12.88343,8.42877],[-12.88304,8.42908],[-12.88267,8.42941],[-12.88228,8.42977],[-12.88186,8.43022],[-12.8815,8.43065],[-12.88116,8.4311],[-12.88088,8.43151],[-12.88065,8.43188],[-12.8805,8.43215],[-12.88036,8.43241],[-12.88018,8.43275],[-12.87965,8.43374],[-12.87827,8.43635]]},"properties":{"id":1136296796,"cls":"trunk","hw":"trunk","tg":"na","name":"Prince Alfred Road","ref":"","surface":"asphalt","sc":"paved","speed":null,"lit":"unk","km":3.038}},
{"type":"Feature","geometry":{"type":"LineString","coordinates":[[-12.95058,8.38725],[-12.95084,8.38698]]},"properties":{"id":1136296798,"cls":"trunk","hw":"trunk","tg":"na","name":"Prince Alfred Road","ref":"","surface":"asphalt","sc":"paved","speed":null,"lit":"unk","km":0.041}},
{"type":"Feature","geometry":{"type":"LineString","coordinates":[[-12.85822,8.45062],[-12.8586,8.45041],[-12.85899,8.45022],[-12.85951,8.44999],[-12.85997,8.4498],[-12.86031,8.44969],[-12.86077,8.44955],[-12.86129,8.44942],[-12.86173,8.44932],[-12.86212,8.44925],[-12.8625,8.4492],[-12.86286,8.44916],[-12.86326,8.44913],[-12.86397,8.44909],[-12.865,8.44905],[-12.8655,8.44903],[-12.86595,8.449],[-12.86638,8.44896],[-12.86675,8.4489],[-12.86721,8.44882],[-12.86762,8.44872],[-12.8681,8.44859],[-12.86849,8.44846],[-12.86881,8.44835],[-12.86915,8.44822],[-12.86971,8.44796],[-12.87013,8.44775],[-12.87056,8.44751],[-12.87104,8.44722],[-12.87147,8.44692],[-12.87195,8.44655],[-12.8724,8.44618],[-12.87278,8.44583],[-12.87316,8.44545],[-12.87346,8.44511],[-12.87377,8.44474],[-12.87395,8.4445]]},"properties":{"id":1136300940,"cls":"trunk","hw":"trunk","tg":"na","name":"Prince Alfred Road","ref":"","surface":"asphalt","sc":"paved","speed":null,"lit":"unk","km":1.923}},
{"type":"Feature","geometry":{"type":"LineString","coordinates":[[-12.85813,8.45048],[-12.85776,8.45071],[-12.85736,8.45097],[-12.85688,8.45132],[-12.85578,8.45216],[-12.85466,8.45303],[-12.85402,8.45352],[-12.85347,8.45394],[-12.85293,8.45435],[-12.85266,8.45454],[-12.85235,8.45474],[-12.85197,8.45497],[-12.85153,8.45519],[-12.85105,8.45541],[-12.85051,8.45561],[-12.85003,8.45576],[-12.84952,8.45589],[-12.84848,8.45611],[-12.84778,8.45624],[-12.84705,8.45638],[-12.84665,8.45648],[-12.84629,8.45658],[-12.84588,8.45672],[-12.84553,8.45688],[-12.84516,8.45708],[-12.84483,8.45729],[-12.84443,8.45759],[-12.84422,8.45778],[-12.84394,8.45805],[-12.84372,8.45829],[-12.84349,8.45857],[-12.84331,8.45884],[-12.84312,8.45913],[-12.8429,8.45952],[-12.84258,8.4601],[-12.84245,8.46031],[-12.84231,8.4605],[-12.84216,8.46068],[-12.84194,8.46088],[-12.84174,8.46103],[-12.84153,8.46116],[-12.84127,8.4613],[-12.84098,8.46142],[-12.84074,8.46149],[-12.8405,8.46154],[-12.84028,8.46155],[-12.84009,8.46155],[-12.83983,8.46151],[-12.83937,8.46143],[-12.83893,8.46134],[-12.83857,8.46125],[-12.83805,8.46111],[-12.83774,8.46105]]},"properties":{"id":1136300942,"cls":"trunk","hw":"trunk","tg":"na","name":"Prince Alfred Road","ref":"","surface":"asphalt","sc":"paved","speed":null,"lit":"unk","km":2.676}},
{"type":"Feature","geometry":{"type":"LineString","coordinates":[[-12.87395,8.4445],[-12.87422,8.44412],[-12.87448,8.44372],[-12.87472,8.44333],[-12.87493,8.44293],[-12.87555,8.44177],[-12.8763,8.44036],[-12.87811,8.43697],[-12.8784,8.43642]]},"properties":{"id":1136300945,"cls":"trunk","hw":"trunk","tg":"na","name":"Prince Alfred Road","ref":"","surface":"asphalt","sc":"paved","speed":null,"lit":"unk","km":1.024}},
{"type":"Feature","geometry":{"type":"LineString","coordinates":[[-12.87383,8.4444],[-12.87355,8.44477],[-12.87314,8.44524],[-12.87284,8.44556],[-12.87254,8.44584],[-12.87231,8.44605],[-12.87202,8.44629],[-12.87165,8.4466],[-12.87119,8.44694],[-12.87077,8.44722],[-12.87026,8.44751],[-12.86976,8.44776],[-12.8692,8.44802],[-12.86868,8.44823],[-12.86817,8.4484],[-12.86746,8.44861],[-12.86698,8.44872],[-12.8665,8.44879],[-12.86589,8.44886],[-12.86543,8.44889],[-12.86496,8.4489],[-12.8643,8.44893],[-12.86362,8.44896],[-12.8629,8.44901],[-12.86259,8.44904],[-12.86228,8.44908],[-12.86184,8.44915],[-12.86145,8.44923],[-12.86089,8.44936],[-12.8605,8.44947],[-12.86007,8.44961],[-12.8597,8.44975],[-12.85922,8.44995],[-12.85878,8.45015],[-12.85844,8.45031],[-12.85813,8.45048]]},"properties":{"id":1136300947,"cls":"trunk","hw":"trunk","tg":"na","name":"Prince Alfred Road","ref":"","surface":"asphalt","sc":"paved","speed":null,"lit":"unk","km":1.917}},
{"type":"Feature","geometry":{"type":"LineString","coordinates":[[-12.95148,8.38655],[-12.95198,8.38621]]},"properties":{"id":1136303210,"cls":"trunk","hw":"trunk","tg":"na","name":"Prince Alfred Road","ref":"","surface":"concrete","sc":"paved","speed":null,"lit":"unk","km":0.067}},
{"type":"Feature","geometry":{"type":"LineString","coordinates":[[-12.95084,8.38698],[-12.95049,8.38713]]},"properties":{"id":1136303211,"cls":"trunk","hw":"trunk","tg":"na","name":"Prince Alfred Road","ref":"","surface":"asphalt","sc":"paved","speed":null,"lit":"unk","km":0.042}},
{"type":"Feature","geometry":{"type":"LineString","coordinates":[[-12.95084,8.38698],[-12.95109,8.38681],[-12.95132,8.38666]]},"properties":{"id":1136303212,"cls":"trunk","hw":"trunk","tg":"na","name":"Prince Alfred Road","ref":"","surface":"asphalt","sc":"paved","speed":null,"lit":"unk","km":0.064}},
{"type":"Feature","geometry":{"type":"LineString","coordinates":[[-12.95261,8.38578],[-12.95307,8.38547]]},"properties":{"id":1136303213,"cls":"trunk","hw":"trunk","tg":"na","name":"Prince Alfred Road","ref":"","surface":"asphalt","sc":"paved","speed":null,"lit":"unk","km":0.061}},
{"type":"Feature","geometry":{"type":"LineString","coordinates":[[-12.95132,8.38666],[-12.95148,8.38655]]},"properties":{"id":1136303214,"cls":"trunk","hw":"trunk","tg":"na","name":"Prince Alfred Road","ref":"","surface":"asphalt","sc":"paved","speed":null,"lit":"unk","km":0.021}},
{"type":"Feature","geometry":{"type":"LineString","coordinates":[[-12.95307,8.38547],[-12.95354,8.38525]]},"properties":{"id":1136303215,"cls":"trunk","hw":"trunk","tg":"na","name":"Prince Alfred Road","ref":"","surface":"asphalt","sc":"paved","speed":null,"lit":"unk","km":0.057}},
{"type":"Feature","geometry":{"type":"LineString","coordinates":[[-12.95344,8.38513],[-12.95332,8.38525],[-12.95307,8.38547]]},"properties":{"id":1136303216,"cls":"trunk","hw":"trunk","tg":"na","name":"Prince Alfred Road","ref":"","surface":"asphalt","sc":"paved","speed":null,"lit":"unk","km":0.056}},
{"type":"Feature","geometry":{"type":"LineString","coordinates":[[-12.78448,8.48768],[-12.78383,8.4879],[-12.78303,8.48817],[-12.78287,8.48822]]},"properties":{"id":1136311733,"cls":"trunk","hw":"trunk","tg":"na","name":"Prince Alfred Road","ref":"","surface":"concrete","sc":"paved","speed":null,"lit":"unk","km":0.187}},
{"type":"Feature","geometry":{"type":"LineString","coordinates":[[-12.80042,8.49039],[-12.80053,8.49048],[-12.8009,8.49071],[-12.80122,8.4909],[-12.80151,8.49105],[-12.802,8.49128],[-12.80237,8.49142],[-12.8027,8.49154],[-12.80307,8.49165],[-12.80347,8.49176],[-12.80382,8.49184],[-12.80427,8.49191],[-12.80468,8.49196],[-12.80507,8.49199],[-12.80558,8.49201],[-12.80604,8.492],[-12.80636,8.49198],[-12.80675,8.49193],[-12.80717,8.49187],[-12.80751,8.49181],[-12.80794,8.49171],[-12.80832,8.49159],[-12.80865,8.49149],[-12.80898,8.49136],[-12.80937,8.49121],[-12.80973,8.49104],[-12.81,8.49089],[-12.81028,8.49073],[-12.81042,8.49063],[-12.81071,8.49044],[-12.81103,8.49021],[-12.81145,8.48989],[-12.81174,8.48962],[-12.81201,8.48938],[-12.81229,8.48909],[-12.81255,8.48878],[-12.81282,8.48844],[-12.81311,8.48804],[-12.81376,8.4871]]},"properties":{"id":1136311734,"cls":"trunk","hw":"trunk","tg":"na","name":"Prince Alfred Road","ref":"","surface":"asphalt","sc":"paved","speed":null,"lit":"unk","km":1.709}},
{"type":"Feature","geometry":{"type":"LineString","coordinates":[[-12.8784,8.43642],[-12.87867,8.43591],[-12.87896,8.43534],[-12.87994,8.4335],[-12.88049,8.43248],[-12.88071,8.43208],[-12.88098,8.43163],[-12.88125,8.43123],[-12.88149,8.4309],[-12.88183,8.43049],[-12.8822,8.43006],[-12.88254,8.42973],[-12.88287,8.42942],[-12.88317,8.42916],[-12.88348,8.42892],[-12.88381,8.42866],[-12.88427,8.42834],[-12.88474,8.42803],[-12.88554,8.42754],[-12.88675,8.42681],[-12.8877,8.42623],[-12.8901,8.42476],[-12.89211,8.42353],[-12.89335,8.42279],[-12.89473,8.42193],[-12.89557,8.42142],[-12.89646,8.42087],[-12.89724,8.4204],[-12.89814,8.41983],[-12.89902,8.4193]]},"properties":{"id":1136311735,"cls":"trunk","hw":"trunk","tg":"na","name":"Prince Alfred Road","ref":"","surface":"asphalt","sc":"paved","speed":null,"lit":"unk","km":3.031}},
{"type":"Feature","geometry":{"type":"LineString","coordinates":[[-12.93215,8.39733],[-12.93169,8.39766],[-12.93121,8.39802],[-12.93066,8.39844],[-12.93001,8.39897],[-12.92945,8.39944],[-12.92893,8.39991],[-12.92707,8.40155],[-12.92609,8.40242],[-12.92315,8.40502],[-12.92311,8.40505],[-12.92231,8.40576],[-12.92144,8.4065],[-12.92073,8.40707],[-12.92013,8.40752],[-12.91961,8.40789],[-12.91897,8.40828],[-12.91842,8.40861]]},"properties":{"id":1136311737,"cls":"trunk","hw":"trunk","tg":"na","name":"Prince Alfred Road","ref":"","surface":"asphalt","sc":"paved","speed":null,"lit":"unk","km":1.966}},
{"type":"Feature","geometry":{"type":"LineString","coordinates":[[-12.93224,8.39745],[-12.93286,8.39705],[-12.93349,8.39666],[-12.93427,8.3962],[-12.93485,8.39589],[-12.9355,8.39554],[-12.93616,8.39521],[-12.93681,8.3949],[-12.93758,8.39454],[-12.93938,8.39369],[-12.94022,8.3933],[-12.94086,8.39299],[-12.94124,8.39281],[-12.94181,8.39255],[-12.9427,8.39213],[-12.94367,8.39167],[-12.94445,8.39127],[-12.94507,8.3909],[-12.94633,8.39014],[-12.94687,8.38974],[-12.94752,8.3893],[-12.9477,8.38919],[-12.94781,8.38912],[-12.94791,8.38908],[-12.94798,8.38905]]},"properties":{"id":1136311738,"cls":"trunk","hw":"trunk","tg":"na","name":"Prince Alfred Road","ref":"","surface":"asphalt","sc":"paved","speed":null,"lit":"unk","km":1.971}},
{"type":"Feature","geometry":{"type":"LineString","coordinates":[[-12.7851,8.48747],[-12.78448,8.48768]]},"properties":{"id":1136311739,"cls":"trunk","hw":"trunk","tg":"na","name":"Prince Alfred Road","ref":"","surface":"asphalt","sc":"paved","speed":null,"lit":"unk","km":0.072}},
{"type":"Feature","geometry":{"type":"LineString","coordinates":[[-12.83774,8.46105],[-12.83751,8.46101],[-12.83727,8.46099],[-12.83701,8.461],[-12.83674,8.46102],[-12.83655,8.46106],[-12.83635,8.46111],[-12.83616,8.46116],[-12.83593,8.46125],[-12.83571,8.46135],[-12.83549,8.46149],[-12.83525,8.46165],[-12.83507,8.46181],[-12.83489,8.46198],[-12.83472,8.46218]]},"properties":{"id":1136311741,"cls":"trunk","hw":"trunk","tg":"na","name":"Prince Alfred Road","ref":"","surface":"asphalt","sc":"paved","speed":null,"lit":"unk","km":0.374}},
{"type":"Feature","geometry":{"type":"LineString","coordinates":[[-12.7851,8.48747],[-12.78562,8.48735]]},"properties":{"id":1136311742,"cls":"trunk","hw":"trunk","tg":"na","name":"Prince Alfred Road","ref":"","surface":"asphalt","sc":"paved","speed":null,"lit":"unk","km":0.059}},
{"type":"Feature","geometry":{"type":"LineString","coordinates":[[-12.78287,8.48822],[-12.78267,8.48827],[-12.78243,8.48832],[-12.7823,8.48834]]},"properties":{"id":1136311743,"cls":"trunk","hw":"trunk","tg":"na","name":"Prince Alfred Road","ref":"","surface":"asphalt","sc":"paved","speed":null,"lit":"unk","km":0.064}},
{"type":"Feature","geometry":{"type":"LineString","coordinates":[[-12.81376,8.4871],[-12.81424,8.48643],[-12.81474,8.48572],[-12.81531,8.4849],[-12.81587,8.48413],[-12.81644,8.48332],[-12.81714,8.48229],[-12.81772,8.48144],[-12.81807,8.48095],[-12.81854,8.48029],[-12.81914,8.47946],[-12.81959,8.47881],[-12.82025,8.47785],[-12.8206,8.47734],[-12.82107,8.47671],[-12.82165,8.47588]]},"properties":{"id":1136311744,"cls":"trunk","hw":"trunk","tg":"na","name":"Prince Alfred Road","ref":"","surface":"asphalt","sc":"paved","speed":null,"lit":"unk","km":1.52}},
{"type":"Feature","geometry":{"type":"LineString","coordinates":[[-12.7821,8.48847],[-12.7823,8.48834]]},"properties":{"id":1136311746,"cls":"trunk","hw":"trunk","tg":"na","name":"Prince Alfred Road","ref":"","surface":"asphalt","sc":"paved","speed":null,"lit":"unk","km":0.026}},
{"type":"Feature","geometry":{"type":"LineString","coordinates":[[-12.87827,8.43635],[-12.87797,8.43689],[-12.87617,8.44029],[-12.87485,8.44275],[-12.87456,8.4433],[-12.87429,8.44375],[-12.87401,8.44416],[-12.87383,8.4444]]},"properties":{"id":1136311749,"cls":"trunk","hw":"trunk","tg":"na","name":"Prince Alfred Road","ref":"","surface":"asphalt","sc":"paved","speed":null,"lit":"unk","km":1.02}},
{"type":"Feature","geometry":{"type":"LineString","coordinates":[[-12.81364,8.48701],[-12.8131,8.4878],[-12.81282,8.48819],[-12.81259,8.4885],[-12.81231,8.48884],[-12.81205,8.48912],[-12.81177,8.4894],[-12.81147,8.48967],[-12.81118,8.48992],[-12.81082,8.49018],[-12.81035,8.4905],[-12.81003,8.49071],[-12.80972,8.49088],[-12.8094,8.49103],[-12.80901,8.49119],[-12.8086,8.49135],[-12.80806,8.49152],[-12.80747,8.49166],[-12.807,8.49175],[-12.80658,8.49181],[-12.8062,8.49184],[-12.80583,8.49186],[-12.80536,8.49186],[-12.80487,8.49183],[-12.80435,8.49178],[-12.80385,8.49169],[-12.80334,8.49157],[-12.8028,8.49142],[-12.80236,8.49126],[-12.802,8.49112],[-12.80169,8.49097],[-12.80137,8.49081],[-12.80106,8.49063],[-12.80082,8.49048],[-12.80058,8.49032],[-12.8005,8.49027]]},"properties":{"id":1136311750,"cls":"trunk","hw":"trunk","tg":"na","name":"Prince Alfred Road","ref":"","surface":"asphalt","sc":"paved","speed":null,"lit":"unk","km":1.684}},
{"type":"Feature","geometry":{"type":"LineString","coordinates":[[-12.82152,8.47579],[-12.82127,8.47615],[-12.821,8.47655],[-12.82062,8.47707],[-12.82015,8.47774],[-12.81964,8.47849],[-12.81924,8.47906],[-12.81902,8.47938],[-12.81869,8.47982],[-12.81842,8.4802],[-12.81813,8.48063],[-12.8179,8.48094],[-12.81751,8.48148],[-12.81719,8.48194],[-12.81696,8.48229],[-12.8165,8.48296],[-12.81582,8.48395],[-12.81514,8.48488],[-12.81458,8.48569],[-12.81405,8.48644],[-12.81364,8.48701]]},"properties":{"id":1136311752,"cls":"trunk","hw":"trunk","tg":"na","name":"Prince Alfred Road","ref":"","surface":"asphalt","sc":"paved","speed":null,"lit":"unk","km":1.519}},
{"type":"Feature","geometry":{"type":"LineString","coordinates":[[-12.83247,8.46787],[-12.83266,8.46776],[-12.83286,8.46762],[-12.83305,8.46746],[-12.83324,8.46729],[-12.8334,8.46711],[-12.83357,8.46691],[-12.83369,8.46671],[-12.83383,8.46648],[-12.83392,8.46629],[-12.83401,8.46604],[-12.83408,8.46581],[-12.83412,8.46563],[-12.83414,8.46543],[-12.83415,8.46518],[-12.83415,8.46494],[-12.83414,8.46473],[-12.83411,8.4643],[-12.83411,8.46408],[-12.83411,8.46385],[-12.83414,8.46366],[-12.83417,8.46348],[-12.83423,8.46327],[-12.83431,8.46306],[-12.83444,8.46277],[-12.83458,8.46254],[-12.83478,8.46225],[-12.83495,8.46206]]},"properties":{"id":1136311753,"cls":"trunk","hw":"trunk","tg":"na","name":"Prince Alfred Road","ref":"","surface":"asphalt","sc":"paved","speed":null,"lit":"unk","km":0.74}},
{"type":"Feature","geometry":{"type":"LineString","coordinates":[[-12.75779,8.49027],[-12.75774,8.49021],[-12.7577,8.49015],[-12.75768,8.4901],[-12.75766,8.49004],[-12.7576,8.4897],[-12.75752,8.48932],[-12.75736,8.48852],[-12.7573,8.48823],[-12.75725,8.48797],[-12.75721,8.48772],[-12.75719,8.48751],[-12.75718,8.48732],[-12.75718,8.48713],[-12.75718,8.48694],[-12.7572,8.48676],[-12.75724,8.48655],[-12.75729,8.48638],[-12.75736,8.48618],[-12.75743,8.48598],[-12.75754,8.48577],[-12.75767,8.48554],[-12.7578,8.48534],[-12.75793,8.48517],[-12.75808,8.485],[-12.75822,8.48486],[-12.75836,8.48475],[-12.75852,8.48464],[-12.75871,8.48453],[-12.75887,8.48445],[-12.75906,8.48437],[-12.75927,8.48428],[-12.75946,8.48422],[-12.75967,8.48417],[-12.75988,8.48413],[-12.76013,8.4841],[-12.7604,8.4841],[-12.76064,8.48411],[-12.76087,8.48414],[-12.7611,8.48419],[-12.76135,8.48425],[-12.76161,8.48431],[-12.76272,8.48459],[-12.76408,8.48491],[-12.76451,8.48501],[-12.76485,8.4851],[-12.76519,8.4852],[-12.76554,8.48529],[-12.76609,8.48545],[-12.76666,8.48559],[-12.76763,8.48583],[-12.76781,8.48587],[-12.7692,8.48622],[-12.76971,8.48635],[-12.77028,8.4865],[-12.77115,8.48672],[-12.77202,8.48694],[-12.77262,8.48709],[-12.77372,8.48737],[-12.77439,8.48754],[-12.77532,8.48777],[-12.77637,8.48804],[-12.77722,8.48824],[-12.77778,8.48839],[-12.77818,8.48847],[-12.77865,8.48854],[-12.7791,8.48859],[-12.77959,8.48862],[-12.78011,8.48864],[-12.78055,8.48863],[-12.78091,8.48861],[-12.78142,8.48856],[-12.78175,8.48852],[-12.7821,8.48847]]},"properties":{"id":1136311755,"cls":"trunk","hw":"trunk","tg":"na","name":"Prince Alfred Road","ref":"","surface":"asphalt","sc":"paved","speed":null,"lit":"unk","km":3.351}},
{"type":"Feature","geometry":{"type":"LineString","coordinates":[[-12.8005,8.49027],[-12.8001,8.48998],[-12.79952,8.48952],[-12.79895,8.48907],[-12.79838,8.48861],[-12.79717,8.48766],[-12.79648,8.4871],[-12.7962,8.4869],[-12.79595,8.48671],[-12.79572,8.48655],[-12.79542,8.48637],[-12.79507,8.48619],[-12.79475,8.48605],[-12.7944,8.4859],[-12.79404,8.48577],[-12.79372,8.48567],[-12.79337,8.48559],[-12.79301,8.48552],[-12.79261,8.48546],[-12.79216,8.48542],[-12.79183,8.48541],[-12.79151,8.48541],[-12.79126,8.48542],[-12.79097,8.48545],[-12.79063,8.48551],[-12.79023,8.4856],[-12.78986,8.48569],[-12.78915,8.4859],[-12.78842,8.48616],[-12.78756,8.48646],[-12.78628,8.48694],[-12.78557,8.48721]]},"properties":{"id":1136311756,"cls":"trunk","hw":"trunk","tg":"na","name":"Prince Alfred Road","ref":"","surface":"asphalt","sc":"paved","speed":null,"lit":"unk","km":1.842}},
{"type":"Feature","geometry":{"type":"LineString","coordinates":[[-12.83472,8.46218],[-12.83458,8.46237],[-12.83446,8.46256],[-12.83436,8.46272],[-12.83427,8.46292],[-12.83418,8.46314],[-12.83412,8.46333],[-12.83407,8.46353],[-12.83403,8.46375],[-12.83401,8.46394],[-12.83401,8.46412],[-12.83402,8.46435],[-12.83405,8.46483],[-12.83406,8.46502],[-12.83406,8.46525],[-12.83404,8.46546],[-12.834,8.46572],[-12.83395,8.4659],[-12.83389,8.46611],[-12.8338,8.46632],[-12.83371,8.46651],[-12.8336,8.4667],[-12.83344,8.46693],[-12.83325,8.46715],[-12.83306,8.46733],[-12.8328,8.46754],[-12.83256,8.46772],[-12.83231,8.46786],[-12.83207,8.46797],[-12.83183,8.46806],[-12.83154,8.46813],[-12.83128,8.46819],[-12.83105,8.46821],[-12.8308,8.46822],[-12.83046,8.46821],[-12.83013,8.4682],[-12.82981,8.4682],[-12.82956,8.46821],[-12.8293,8.46823],[-12.82908,8.46826],[-12.82887,8.4683],[-12.82864,8.46835],[-12.82839,8.46841],[-12.82813,8.46849],[-12.82785,8.46858],[-12.82762,8.46868],[-12.82723,8.46886],[-12.82699,8.46899],[-12.82677,8.46912],[-12.8265,8.4693],[-12.82622,8.4695],[-12.82597,8.46972],[-12.82573,8.46996],[-12.82552,8.47018],[-12.82531,8.47043],[-12.82511,8.4707],[-12.82434,8.47177],[-12.82411,8.47209],[-12.82339,8.47311],[-12.82286,8.47386],[-12.82259,8.47425],[-12.82204,8.47506],[-12.82181,8.4754],[-12.82152,8.47579]]},"properties":{"id":1136311757,"cls":"trunk","hw":"trunk","tg":"na","name":"Prince Alfred Road","ref":"","surface":"asphalt","sc":"paved","speed":null,"lit":"unk","km":2.305}},
{"type":"Feature","geometry":{"type":"LineString","coordinates":[[-12.7823,8.48834],[-12.78206,8.48832]]},"properties":{"id":1136311759,"cls":"trunk","hw":"trunk","tg":"na","name":"Prince Alfred Road","ref":"","surface":"asphalt","sc":"paved","speed":null,"lit":"unk","km":0.026}},
{"type":"Feature","geometry":{"type":"LineString","coordinates":[[-12.78557,8.48721],[-12.7851,8.48747]]},"properties":{"id":1136311761,"cls":"trunk","hw":"trunk","tg":"na","name":"Prince Alfred Road","ref":"","surface":"asphalt","sc":"paved","speed":null,"lit":"unk","km":0.059}},
{"type":"Feature","geometry":{"type":"LineString","coordinates":[[-12.78562,8.48735],[-12.78669,8.48695],[-12.78734,8.48671],[-12.78777,8.48654],[-12.78822,8.48638],[-12.78867,8.48622],[-12.78929,8.48601],[-12.7897,8.48589],[-12.79014,8.48577],[-12.79051,8.48568],[-12.79086,8.48562],[-12.79116,8.48558],[-12.79145,8.48557],[-12.7918,8.48556],[-12.79212,8.48557],[-12.79243,8.48559],[-12.79275,8.48563],[-12.79314,8.4857],[-12.79359,8.48579],[-12.79393,8.48589],[-12.79429,8.48602],[-12.79467,8.48617],[-12.7951,8.48638],[-12.79542,8.48655],[-12.79572,8.48673],[-12.796,8.48693],[-12.79688,8.48761],[-12.79828,8.48873],[-12.79913,8.48941],[-12.79953,8.48972],[-12.79992,8.49003],[-12.80013,8.49018],[-12.80042,8.49039]]},"properties":{"id":1136311762,"cls":"trunk","hw":"trunk","tg":"na","name":"Prince Alfred Road","ref":"","surface":"asphalt","sc":"paved","speed":null,"lit":"unk","km":1.827}},
{"type":"Feature","geometry":{"type":"LineString","coordinates":[[-12.83495,8.46206],[-12.83511,8.4619],[-12.83524,8.46178],[-12.83542,8.46165],[-12.83564,8.4615],[-12.83588,8.46137],[-12.83624,8.46124],[-12.8365,8.46117],[-12.8368,8.46112],[-12.83709,8.46109],[-12.83737,8.46109],[-12.83759,8.46112],[-12.83782,8.46116],[-12.83804,8.46121],[-12.83873,8.46139],[-12.83903,8.46146],[-12.83946,8.46155],[-12.83986,8.46162],[-12.84014,8.46165],[-12.84042,8.46164],[-12.84068,8.46161],[-12.84091,8.46154],[-12.84121,8.46142],[-12.84148,8.4613],[-12.8418,8.46111],[-12.84198,8.46098],[-12.84218,8.4608],[-12.84238,8.46058],[-12.84253,8.46037],[-12.84266,8.46016],[-12.84309,8.45939],[-12.84326,8.45908],[-12.84351,8.45872],[-12.84372,8.45843],[-12.84397,8.45815],[-12.84427,8.45786],[-12.84448,8.45767],[-12.84477,8.45745],[-12.8451,8.45722],[-12.8454,8.45705],[-12.84574,8.45689],[-12.84607,8.45677],[-12.84641,8.45667],[-12.84675,8.45659],[-12.8471,8.45652],[-12.84808,8.45635],[-12.84869,8.45623],[-12.84964,8.45602],[-12.85006,8.45591],[-12.85045,8.4558],[-12.85081,8.45567],[-12.85138,8.45544],[-12.85173,8.45526],[-12.85204,8.45509],[-12.85243,8.45487],[-12.85274,8.45467],[-12.85299,8.45449],[-12.85344,8.45415],[-12.85424,8.45354],[-12.85478,8.45313],[-12.85605,8.45214],[-12.85682,8.45156],[-12.85729,8.45122],[-12.85773,8.45092],[-12.85802,8.45074],[-12.85822,8.45062]]},"properties":{"id":1136311763,"cls":"trunk","hw":"trunk","tg":"na","name":"Prince Alfred Road","ref":"","surface":"asphalt","sc":"paved","speed":null,"lit":"unk","km":3.022}},
{"type":"Feature","geometry":{"type":"LineString","coordinates":[[-12.78206,8.48832],[-12.78177,8.48837],[-12.78147,8.48841],[-12.78085,8.48846],[-12.78045,8.48849],[-12.78007,8.4885],[-12.77972,8.48849],[-12.77931,8.48846],[-12.77889,8.48842],[-12.77842,8.48835],[-12.77794,8.48827],[-12.77754,8.48818],[-12.77683,8.488],[-12.77604,8.48781],[-12.77513,8.48757],[-12.77455,8.48742],[-12.77377,8.48723],[-12.77312,8.48707],[-12.77242,8.48689],[-12.77151,8.48667],[-12.77062,8.48644],[-12.77025,8.48634],[-12.76996,8.48628],[-12.76935,8.48615],[-12.76905,8.48609],[-12.76873,8.48602],[-12.76783,8.4858],[-12.76704,8.4856],[-12.76621,8.4854],[-12.76591,8.48532],[-12.76531,8.48514],[-12.76493,8.48504],[-12.76454,8.48493],[-12.76417,8.48485],[-12.76367,8.48474],[-12.76306,8.48459],[-12.76248,8.48445],[-12.76213,8.48436]]},"properties":{"id":1136311764,"cls":"trunk","hw":"trunk","tg":"na","name":"Prince Alfred Road","ref":"","surface":"asphalt","sc":"paved","speed":null,"lit":"unk","km":2.249}},
{"type":"Feature","geometry":{"type":"LineString","coordinates":[[-12.76213,8.48436],[-12.76125,8.48413],[-12.76102,8.48409],[-12.76082,8.48405],[-12.76066,8.48403]]},"properties":{"id":1136322574,"cls":"trunk","hw":"trunk","tg":"na","name":"Prince Alfred Road","ref":"","surface":"asphalt","sc":"paved","speed":null,"lit":"unk","km":0.166}},
{"type":"Feature","geometry":{"type":"LineString","coordinates":[[-12.76066,8.48403],[-12.7604,8.48401],[-12.76019,8.48401],[-12.75998,8.48403],[-12.75968,8.48408],[-12.75942,8.48415],[-12.75907,8.48427],[-12.75902,8.48429],[-12.7589,8.48435],[-12.7586,8.48449],[-12.75835,8.48465],[-12.75815,8.48481],[-12.75794,8.48502],[-12.75777,8.48524],[-12.7576,8.48548],[-12.75746,8.48573],[-12.75734,8.486],[-12.75727,8.48617],[-12.7572,8.48639],[-12.75715,8.48661],[-12.75711,8.48684],[-12.75709,8.48704],[-12.75709,8.48727],[-12.7571,8.48749],[-12.75712,8.48768],[-12.75715,8.48787],[-12.75719,8.48811],[-12.75735,8.48887],[-12.75746,8.48943],[-12.75751,8.48971],[-12.75757,8.49005],[-12.75758,8.49012],[-12.75757,8.49019],[-12.75754,8.49029]]},"properties":{"id":1136322576,"cls":"trunk","hw":"trunk","tg":"na","name":"Prince Alfred Road","ref":"","surface":"asphalt","sc":"paved","speed":null,"lit":"unk","km":0.944}},
{"type":"Feature","geometry":{"type":"LineString","coordinates":[[-13.09194,8.22616],[-13.09237,8.22569],[-13.09344,8.2245],[-13.09369,8.22417],[-13.09373,8.22411],[-13.09442,8.22318],[-13.09469,8.22282]]},"properties":{"id":1165374708,"cls":"primary","hw":"primary","tg":"na","name":"Peninsular Road","ref":"","surface":"asphalt","sc":"paved","speed":null,"lit":"unk","km":0.48}},
{"type":"Feature","geometry":{"type":"LineString","coordinates":[[-13.09188,8.22622],[-13.09194,8.22616]]},"properties":{"id":1165374709,"cls":"primary","hw":"primary","tg":"na","name":"Peninsular Road","ref":"","surface":"asphalt","sc":"paved","speed":null,"lit":"unk","km":0.009}},
{"type":"Feature","geometry":{"type":"LineString","coordinates":[[-13.18888,8.32688],[-13.18832,8.32707],[-13.18421,8.32886],[-13.18363,8.3291],[-13.18119,8.32967],[-13.18061,8.33],[-13.18032,8.33027],[-13.18013,8.33076],[-13.1802,8.33172],[-13.18059,8.33665],[-13.18057,8.33683],[-13.18043,8.33725],[-13.17999,8.33803],[-13.17983,8.33853],[-13.17985,8.339],[-13.17999,8.33935],[-13.18054,8.34018],[-13.18128,8.34144],[-13.18134,8.34154],[-13.18171,8.34206],[-13.18192,8.34222],[-13.18231,8.34242],[-13.18324,8.34275],[-13.1846,8.34328],[-13.185,8.34347],[-13.18549,8.34382],[-13.18652,8.34448],[-13.18688,8.34465],[-13.18724,8.34473]]},"properties":{"id":1221788877,"cls":"primary","hw":"primary","tg":"na","name":"Peninsular Road","ref":"","surface":"asphalt","sc":"paved","speed":null,"lit":"unk","km":3.096}},
{"type":"Feature","geometry":{"type":"LineString","coordinates":[[-13.18724,8.34473],[-13.1875,8.34471]]},"properties":{"id":1221788878,"cls":"primary","hw":"primary","tg":"na","name":"Peninsular Road","ref":"","surface":"asphalt","sc":"paved","speed":null,"lit":"unk","km":0.029}},
{"type":"Feature","geometry":{"type":"LineString","coordinates":[[-13.18729,8.34459],[-13.18693,8.34452],[-13.18673,8.34445],[-13.18656,8.34436],[-13.18621,8.34413],[-13.18564,8.3438],[-13.18505,8.3434],[-13.18464,8.34318],[-13.18457,8.34316],[-13.1841,8.34299],[-13.18318,8.34262],[-13.18232,8.34233],[-13.1819,8.34209],[-13.18174,8.34197],[-13.18136,8.34141],[-13.18063,8.34015],[-13.18004,8.33928],[-13.17994,8.33897],[-13.17993,8.33855],[-13.1801,8.33804],[-13.18051,8.3373],[-13.18065,8.33687],[-13.18068,8.33665],[-13.18028,8.33165],[-13.18023,8.33079],[-13.18038,8.33038],[-13.18066,8.33008],[-13.18122,8.32977],[-13.18368,8.32921],[-13.18426,8.32896],[-13.18835,8.32718],[-13.18888,8.32688]]},"properties":{"id":1221788879,"cls":"primary","hw":"primary","tg":"na","name":"Peninsular Road","ref":"","surface":"paved","sc":"paved","speed":null,"lit":"unk","km":3.07}},
{"type":"Feature","geometry":{"type":"LineString","coordinates":[[-13.2752,8.45307],[-13.27535,8.45305],[-13.27564,8.45294],[-13.27584,8.45285],[-13.276,8.45276],[-13.27617,8.45267],[-13.27632,8.45259],[-13.2765,8.4525],[-13.27663,8.45243],[-13.27675,8.45236],[-13.27686,8.45228],[-13.27698,8.4522],[-13.27721,8.452],[-13.27746,8.4518],[-13.27767,8.45161],[-13.27789,8.45141],[-13.27791,8.45138],[-13.27803,8.45127],[-13.27822,8.45101],[-13.2783,8.45091],[-13.27835,8.45082],[-13.27848,8.45063],[-13.27862,8.45038]]},"properties":{"id":1316733373,"cls":"primary","hw":"primary","tg":"na","name":"Peninsular Road","ref":"","surface":"","sc":"unknown","speed":null,"lit":"unk","km":0.494}},
{"type":"Feature","geometry":{"type":"LineString","coordinates":[[-13.27417,8.45247],[-13.27448,8.45273],[-13.27475,8.45295],[-13.2749,8.45302],[-13.27498,8.45304],[-13.27507,8.45307],[-13.2752,8.45307]]},"properties":{"id":1316733374,"cls":"primary","hw":"primary","tg":"na","name":"Peninsular Road","ref":"","surface":"","sc":"unknown","speed":null,"lit":"unk","km":0.135}},
{"type":"Feature","geometry":{"type":"LineString","coordinates":[[-13.27308,8.45227],[-13.27323,8.45222],[-13.27337,8.4522],[-13.27351,8.4522],[-13.27366,8.45222],[-13.27379,8.45226],[-13.27385,8.45228],[-13.27389,8.4523],[-13.27417,8.45247]]},"properties":{"id":1316733375,"cls":"primary","hw":"primary","tg":"na","name":"Peninsular Road","ref":"","surface":"","sc":"unknown","speed":null,"lit":"unk","km":0.128}},
{"type":"Feature","geometry":{"type":"LineString","coordinates":[[-13.27267,8.45273],[-13.27275,8.45259],[-13.27284,8.45248],[-13.27294,8.45238],[-13.27308,8.45227]]},"properties":{"id":1316733376,"cls":"primary","hw":"primary","tg":"na","name":"Wallace Johnson Bridge","ref":"","surface":"","sc":"unknown","speed":null,"lit":"unk","km":0.069}},
{"type":"Feature","geometry":{"type":"LineString","coordinates":[[-13.27253,8.4537],[-13.27255,8.45358],[-13.27257,8.45337],[-13.27259,8.45321],[-13.2726,8.45308],[-13.27261,8.45297],[-13.27267,8.45273]]},"properties":{"id":1316733377,"cls":"primary","hw":"primary","tg":"na","name":"Goderich Road","ref":"","surface":"","sc":"unknown","speed":null,"lit":"unk","km":0.109}},
{"type":"Feature","geometry":{"type":"LineString","coordinates":[[-13.14645,8.41322],[-13.14592,8.41315],[-13.14566,8.41309],[-13.14543,8.41301],[-13.14513,8.41288],[-13.14481,8.4127],[-13.14438,8.41235],[-13.14419,8.41214],[-13.14403,8.41194],[-13.14395,8.41182],[-13.14372,8.41151],[-13.14345,8.41111],[-13.14304,8.41044],[-13.14273,8.40999],[-13.14252,8.40958],[-13.14233,8.40903],[-13.14223,8.40854],[-13.14221,8.40799],[-13.14222,8.40781],[-13.14224,8.40767],[-13.14232,8.40719],[-13.14243,8.40675],[-13.14259,8.40606],[-13.14262,8.40593],[-13.14291,8.40468],[-13.14328,8.40305],[-13.14367,8.40142],[-13.14384,8.40063],[-13.14396,8.40011],[-13.14403,8.39975]]},"properties":{"id":1356281477,"cls":"trunk","hw":"trunk","tg":"na","name":"Bai Bureh Road","ref":"","surface":"asphalt","sc":"paved","speed":null,"lit":"unk","km":1.743}},
{"type":"Feature","geometry":{"type":"LineString","coordinates":[[-13.14698,8.41328],[-13.14645,8.41322]]},"properties":{"id":1356281478,"cls":"trunk","hw":"trunk","tg":"na","name":"Bai Bureh Road","ref":"","surface":"asphalt","sc":"paved","speed":null,"lit":"unk","km":0.059}},
{"type":"Feature","geometry":{"type":"LineString","coordinates":[[-13.14394,8.39972],[-13.14382,8.40033],[-13.14367,8.40099],[-13.14317,8.40306],[-13.14283,8.4046],[-13.14252,8.40593],[-13.14244,8.40631],[-13.14238,8.40657],[-13.14224,8.40715],[-13.14213,8.40762],[-13.14211,8.40779],[-13.14211,8.40795],[-13.14212,8.40816],[-13.14214,8.40854],[-13.14223,8.40906],[-13.14243,8.40961],[-13.14266,8.41006],[-13.14297,8.41049],[-13.14337,8.41115],[-13.14382,8.41179],[-13.14396,8.412],[-13.14404,8.41209],[-13.14432,8.41244],[-13.14485,8.41282],[-13.14533,8.41306],[-13.14566,8.41318],[-13.14588,8.41323],[-13.14598,8.41325]]},"properties":{"id":1356281479,"cls":"trunk","hw":"trunk","tg":"na","name":"Bai Bureh Road","ref":"","surface":"asphalt","sc":"paved","speed":null,"lit":"unk","km":1.711}},
{"type":"Feature","geometry":{"type":"LineString","coordinates":[[-13.14598,8.41325],[-13.14608,8.41327],[-13.14643,8.41332]]},"properties":{"id":1356281480,"cls":"trunk","hw":"trunk","tg":"na","name":"Bai Bureh Road","ref":"","surface":"asphalt","sc":"paved","speed":null,"lit":"unk","km":0.05}},
{"type":"Feature","geometry":{"type":"LineString","coordinates":[[-13.18989,8.31663],[-13.19046,8.31809],[-13.19084,8.31909],[-13.19113,8.31996],[-13.19159,8.32114],[-13.19217,8.32286]]},"properties":{"id":1390760547,"cls":"primary","hw":"primary","tg":"na","name":"Peninsular Road","ref":"","surface":"unpaved","sc":"unpaved","speed":null,"lit":"unk","km":0.737}},
{"type":"Feature","geometry":{"type":"LineString","coordinates":[[-13.056,8.32834],[-13.05598,8.32825]]},"properties":{"id":1421006361,"cls":"trunk","hw":"trunk_link","tg":"na","name":"","ref":"","surface":"asphalt","sc":"paved","speed":null,"lit":"unk","km":0.01}},
{"type":"Feature","geometry":{"type":"LineString","coordinates":[[-13.27389,8.4523],[-13.27393,8.45223]]},"properties":{"id":1429138763,"cls":"primary","hw":"primary_link","tg":"na","name":"","ref":"","surface":"","sc":"unknown","speed":null,"lit":"unk","km":0.009}},
{"type":"Feature","geometry":{"type":"LineString","coordinates":[[-13.18943,8.31539],[-13.18979,8.31637],[-13.18989,8.31663]]},"properties":{"id":1463400223,"cls":"primary","hw":"primary","tg":"na","name":"Peninsular Road","ref":"","surface":"asphalt","sc":"paved","speed":null,"lit":"unk","km":0.147}},
{"type":"Feature","geometry":{"type":"LineString","coordinates":[[-13.18936,8.31502],[-13.18935,8.31501],[-13.18934,8.31499],[-13.18931,8.31497],[-13.18927,8.31496],[-13.18924,8.31497],[-13.18921,8.31498],[-13.18918,8.315],[-13.18917,8.31503],[-13.18916,8.31506],[-13.18916,8.31509],[-13.18918,8.31513],[-13.1892,8.31515],[-13.18923,8.31517],[-13.18926,8.31517],[-13.1893,8.31517],[-13.18933,8.31515],[-13.18935,8.31512],[-13.18937,8.31509],[-13.18937,8.31505],[-13.18936,8.31502]]},"properties":{"id":1463400224,"cls":"primary","hw":"primary","tg":"na","name":"","ref":"","surface":"","sc":"unknown","speed":null,"lit":"unk","km":0.074}},
{"type":"Feature","geometry":{"type":"LineString","coordinates":[[-13.18911,8.31478],[-13.18917,8.31503]]},"properties":{"id":1463400225,"cls":"primary","hw":"primary_link","tg":"na","name":"","ref":"","surface":"","sc":"unknown","speed":null,"lit":"unk","km":0.029}},
{"type":"Feature","geometry":{"type":"LineString","coordinates":[[-13.18927,8.31496],[-13.18911,8.31478]]},"properties":{"id":1463400226,"cls":"primary","hw":"primary_link","tg":"na","name":"","ref":"","surface":"","sc":"unknown","speed":null,"lit":"unk","km":0.027}},
{"type":"Feature","geometry":{"type":"LineString","coordinates":[[-13.18923,8.31517],[-13.18943,8.31539]]},"properties":{"id":1463400227,"cls":"primary","hw":"primary_link","tg":"na","name":"","ref":"","surface":"","sc":"unknown","speed":null,"lit":"unk","km":0.033}},
{"type":"Feature","geometry":{"type":"LineString","coordinates":[[-13.18943,8.31539],[-13.18937,8.31509]]},"properties":{"id":1463400228,"cls":"primary","hw":"primary_link","tg":"na","name":"","ref":"","surface":"","sc":"unknown","speed":null,"lit":"unk","km":0.034}},
{"type":"Feature","geometry":{"type":"LineString","coordinates":[[-13.24826,8.38434],[-13.24786,8.38409],[-13.24764,8.38397],[-13.2474,8.38386],[-13.24711,8.38374],[-13.24693,8.38367],[-13.24668,8.38357],[-13.24636,8.38339]]},"properties":{"id":1494607577,"cls":"primary","hw":"primary","tg":"na","name":"Peninsular Road","ref":"","surface":"asphalt","sc":"paved","speed":null,"lit":"unk","km":0.235}},
{"type":"Feature","geometry":{"type":"LineString","coordinates":[[-13.24868,8.38462],[-13.24826,8.38434]]},"properties":{"id":1494607578,"cls":"primary","hw":"primary","tg":"na","name":"Peninsular Road","ref":"","surface":"asphalt","sc":"paved","speed":null,"lit":"unk","km":0.056}}
]}