{"type":"FeatureCollection","features":[
{"type":"Feature","geometry":{"type":"LineString","coordinates":[[-13.23181,8.48723],[-13.23183,8.4872],[-13.23186,8.4872],[-13.23188,8.48719],[-13.23192,8.48717],[-13.23195,8.48717],[-13.23194,8.48722],[-13.23195,8.48725],[-13.23197,8.48727],[-13.23202,8.48727],[-13.23224,8.4877],[-13.23227,8.48779],[-13.23234,8.48785]]},"properties":{"id":5032942,"cls":"service","hw":"service","tg":"na","name":"","ref":"","surface":"","sc":"unknown","speed":null,"lit":"unk","km":0.11}},
{"type":"Feature","geometry":{"type":"LineString","coordinates":[[-13.27073,8.48129],[-13.27041,8.48106],[-13.2701,8.48078]]},"properties":{"id":28476412,"cls":"service","hw":"service","tg":"na","name":"","ref":"","surface":"concrete","sc":"paved","speed":null,"lit":"unk","km":0.09}},
{"type":"Feature","geometry":{"type":"LineString","coordinates":[[-13.24543,8.48549],[-13.24522,8.48543],[-13.24501,8.48542],[-13.24488,8.48546],[-13.24473,8.48546],[-13.24464,8.48541],[-13.24456,8.48539],[-13.24448,8.48537]]},"properties":{"id":28548164,"cls":"service","hw":"service","tg":"na","name":"Genet Lane","ref":"","surface":"unpaved","sc":"unpaved","speed":null,"lit":"unk","km":0.108}},
{"type":"Feature","geometry":{"type":"LineString","coordinates":[[-13.28776,8.49592],[-13.28718,8.49639],[-13.2871,8.49648],[-13.28705,8.49662],[-13.28702,8.49676],[-13.28704,8.49695],[-13.28708,8.4973],[-13.28718,8.49752],[-13.28733,8.49774],[-13.28756,8.49793],[-13.28775,8.49799],[-13.28792,8.498],[-13.28806,8.49799],[-13.28833,8.49779]]},"properties":{"id":32777431,"cls":"service","hw":"service","tg":"na","name":"","ref":"","surface":"paved","sc":"paved","speed":null,"lit":"unk","km":0.371}},
{"type":"Feature","geometry":{"type":"LineString","coordinates":[[-13.23908,8.47174],[-13.23897,8.47161],[-13.23896,8.47159]]},"properties":{"id":32975875,"cls":"service","hw":"service","tg":"na","name":"","ref":"","surface":"","sc":"unknown","speed":null,"lit":"unk","km":0.021}},
{"type":"Feature","geometry":{"type":"LineString","coordinates":[[-13.23965,8.47125],[-13.23967,8.47121],[-13.23968,8.47119],[-13.23968,8.47111],[-13.23967,8.47104],[-13.23966,8.47096],[-13.23966,8.47081],[-13.23965,8.47073],[-13.23961,8.47062],[-13.23958,8.47059],[-13.23952,8.47054],[-13.23937,8.47047],[-13.23922,8.47042],[-13.23907,8.47037],[-13.23896,8.47034],[-13.23888,8.47031],[-13.23882,8.47029],[-13.23878,8.47027],[-13.23871,8.47024],[-13.2383,8.47005]]},"properties":{"id":32975923,"cls":"service","hw":"service","tg":"na","name":"","ref":"","surface":"asphalt","sc":"paved","speed":null,"lit":"unk","km":0.23}},
{"type":"Feature","geometry":{"type":"LineString","coordinates":[[-13.2397,8.47154],[-13.23967,8.47143],[-13.23965,8.47125]]},"properties":{"id":32975925,"cls":"service","hw":"service","tg":"na","name":"Henneson Street","ref":"","surface":"","sc":"unknown","speed":null,"lit":"unk","km":0.033}},
{"type":"Feature","geometry":{"type":"LineString","coordinates":[[-13.29038,8.49342],[-13.29038,8.49332],[-13.2903,8.49328],[-13.29039,8.49312],[-13.29038,8.49264],[-13.29038,8.49249],[-13.29039,8.49238],[-13.29046,8.49239],[-13.2906,8.49237],[-13.29068,8.49237]]},"properties":{"id":32977231,"cls":"service","hw":"service","tg":"na","name":"","ref":"","surface":"unpaved","sc":"unpaved","speed":null,"lit":"unk","km":0.156}},
{"type":"Feature","geometry":{"type":"LineString","coordinates":[[-13.2935,8.49348],[-13.29346,8.49359],[-13.29339,8.49363],[-13.2932,8.49364],[-13.29305,8.49374]]},"properties":{"id":32983423,"cls":"service","hw":"service","tg":"na","name":"","ref":"","surface":"","sc":"unknown","speed":null,"lit":"unk","km":0.063}},
{"type":"Feature","geometry":{"type":"LineString","coordinates":[[-13.27745,8.49297],[-13.27747,8.49305],[-13.27735,8.49326],[-13.27732,8.49338]]},"properties":{"id":33196196,"cls":"service","hw":"service","tg":"na","name":"","ref":"","surface":"","sc":"unknown","speed":null,"lit":"unk","km":0.05}},
{"type":"Feature","geometry":{"type":"LineString","coordinates":[[-13.26598,8.48175],[-13.26593,8.482],[-13.26592,8.48208],[-13.26588,8.48214],[-13.26581,8.48223],[-13.26579,8.48231],[-13.26579,8.48241],[-13.26581,8.48251],[-13.26585,8.4826]]},"properties":{"id":33420719,"cls":"service","hw":"service","tg":"na","name":"","ref":"","surface":"","sc":"unknown","speed":null,"lit":"unk","km":0.1}},
{"type":"Feature","geometry":{"type":"LineString","coordinates":[[-13.23097,8.44641],[-13.23086,8.44664],[-13.23079,8.44669],[-13.23035,8.44678],[-13.23009,8.44689],[-13.22986,8.44707],[-13.22969,8.44725],[-13.22977,8.44747],[-13.23054,8.44761],[-13.23069,8.44753],[-13.23078,8.4474],[-13.23096,8.4467],[-13.23106,8.44643]]},"properties":{"id":33546496,"cls":"service","hw":"service","tg":"na","name":"","ref":"","surface":"","sc":"unknown","speed":null,"lit":"unk","km":0.439}},
{"type":"Feature","geometry":{"type":"LineString","coordinates":[[-13.23096,8.4467],[-13.23086,8.44664]]},"properties":{"id":33546497,"cls":"service","hw":"service","tg":"na","name":"","ref":"","surface":"","sc":"unknown","speed":null,"lit":"unk","km":0.013}},
{"type":"Feature","geometry":{"type":"LineString","coordinates":[[-13.22969,8.44725],[-13.22944,8.44744],[-13.22907,8.4476],[-13.22877,8.4478],[-13.22853,8.44794],[-13.22835,8.44796],[-13.22826,8.44794]]},"properties":{"id":33546498,"cls":"service","hw":"service","tg":"na","name":"","ref":"","surface":"","sc":"unknown","speed":null,"lit":"unk","km":0.18}},
{"type":"Feature","geometry":{"type":"LineString","coordinates":[[-13.22944,8.44744],[-13.22977,8.44747]]},"properties":{"id":33546499,"cls":"service","hw":"service","tg":"na","name":"","ref":"","surface":"","sc":"unknown","speed":null,"lit":"unk","km":0.036}},
{"type":"Feature","geometry":{"type":"LineString","coordinates":[[-13.20112,8.61506],[-13.20151,8.61375],[-13.2016,8.61349]]},"properties":{"id":34324242,"cls":"service","hw":"service","tg":"na","name":"","ref":"","surface":"paved","sc":"paved","speed":null,"lit":"unk","km":0.182}},
{"type":"Feature","geometry":{"type":"LineString","coordinates":[[-13.20152,8.61347],[-13.20143,8.61373],[-13.20131,8.61414],[-13.20103,8.61504]]},"properties":{"id":34324243,"cls":"service","hw":"service","tg":"na","name":"","ref":"","surface":"paved","sc":"paved","speed":null,"lit":"unk","km":0.183}},
{"type":"Feature","geometry":{"type":"LineString","coordinates":[[-13.27457,8.49302],[-13.27462,8.49304],[-13.27472,8.49306],[-13.27494,8.49311],[-13.27543,8.49317],[-13.27545,8.49316],[-13.27546,8.49314],[-13.27546,8.49313]]},"properties":{"id":34324245,"cls":"service","hw":"service","tg":"na","name":"","ref":"","surface":"unpaved","sc":"unpaved","speed":null,"lit":"unk","km":0.102}},
{"type":"Feature","geometry":{"type":"LineString","coordinates":[[-13.2335,8.49181],[-13.23331,8.492],[-13.23318,8.49219],[-13.23316,8.49221],[-13.23307,8.49221],[-13.23296,8.49219],[-13.23279,8.49218],[-13.23277,8.49218],[-13.23261,8.49216],[-13.23254,8.49216]]},"properties":{"id":34412030,"cls":"service","hw":"service","tg":"na","name":"","ref":"","surface":"","sc":"unknown","speed":null,"lit":"unk","km":0.127}},
{"type":"Feature","geometry":{"type":"LineString","coordinates":[[-13.25679,8.48079],[-13.25676,8.48106],[-13.25677,8.48122]]},"properties":{"id":36717506,"cls":"service","hw":"service","tg":"na","name":"","ref":"","surface":"","sc":"unknown","speed":null,"lit":"unk","km":0.048}},
{"type":"Feature","geometry":{"type":"LineString","coordinates":[[-13.27628,8.47205],[-13.27706,8.47246],[-13.27747,8.47267],[-13.2777,8.47295],[-13.2779,8.47301],[-13.27812,8.47303],[-13.27837,8.47297]]},"properties":{"id":36984269,"cls":"service","hw":"service","tg":"na","name":"","ref":"","surface":"","sc":"unknown","speed":null,"lit":"unk","km":0.264}},
{"type":"Feature","geometry":{"type":"LineString","coordinates":[[-13.27706,8.47246],[-13.27715,8.47275],[-13.27724,8.4732],[-13.27723,8.47346],[-13.27714,8.47363],[-13.27699,8.4737],[-13.2767,8.47375],[-13.27652,8.47381],[-13.2764,8.47395],[-13.27642,8.47408],[-13.27641,8.47436]]},"properties":{"id":36984392,"cls":"service","hw":"service","tg":"na","name":"","ref":"","surface":"","sc":"unknown","speed":null,"lit":"unk","km":0.273}},
{"type":"Feature","geometry":{"type":"LineString","coordinates":[[-13.1827,8.47133],[-13.18269,8.47141],[-13.18262,8.47166],[-13.18259,8.4718],[-13.18262,8.47207],[-13.18272,8.47255],[-13.18276,8.47279],[-13.18271,8.47334],[-13.18268,8.47384]]},"properties":{"id":37100499,"cls":"service","hw":"service","tg":"na","name":"","ref":"","surface":"","sc":"unknown","speed":null,"lit":"unk","km":0.283}},
{"type":"Feature","geometry":{"type":"LineString","coordinates":[[-13.24862,8.4814],[-13.24846,8.48376],[-13.24841,8.48414],[-13.24841,8.48422],[-13.2484,8.48423],[-13.24837,8.48424],[-13.24781,8.48422],[-13.24773,8.48423],[-13.24767,8.48428]]},"properties":{"id":37438155,"cls":"service","hw":"service","tg":"na","name":"","ref":"","surface":"unpaved","sc":"unpaved","speed":null,"lit":"unk","km":0.399}},
{"type":"Feature","geometry":{"type":"LineString","coordinates":[[-11.74011,7.96247],[-11.74055,7.96266],[-11.7406,7.96266],[-11.74068,7.96252]]},"properties":{"id":49182130,"cls":"service","hw":"service","tg":"na","name":"","ref":"","surface":"unpaved","sc":"unpaved","speed":null,"lit":"unk","km":0.076}},
{"type":"Feature","geometry":{"type":"LineString","coordinates":[[-11.74121,7.95925],[-11.74137,7.95951],[-11.74143,7.95958],[-11.74172,7.96037],[-11.74171,7.96044],[-11.74152,7.96055],[-11.74153,7.96067]]},"properties":{"id":49182140,"cls":"service","hw":"service","tg":"na","name":"Bo Shopping Plaza","ref":"","surface":"paved","sc":"paved","speed":null,"lit":"unk","km":0.183}},
{"type":"Feature","geometry":{"type":"LineString","coordinates":[[-13.28985,8.49329],[-13.28986,8.49319],[-13.28986,8.4931],[-13.28987,8.49261],[-13.28987,8.49249],[-13.28984,8.49242],[-13.28978,8.49237],[-13.28969,8.49233],[-13.28958,8.49233],[-13.2893,8.49233],[-13.28924,8.49236],[-13.28909,8.4925],[-13.28903,8.49258],[-13.289,8.49261],[-13.28895,8.4927],[-13.28894,8.49281],[-13.28893,8.49284],[-13.2889,8.4931],[-13.2889,8.49321],[-13.28895,8.49322],[-13.28895,8.49334]]},"properties":{"id":60543590,"cls":"service","hw":"service","tg":"na","name":"","ref":"","surface":"unpaved","sc":"unpaved","speed":null,"lit":"unk","km":0.293}},
{"type":"Feature","geometry":{"type":"LineString","coordinates":[[-13.28924,8.49236],[-13.28905,8.49225],[-13.289,8.49216],[-13.28899,8.49201]]},"properties":{"id":60543592,"cls":"service","hw":"service","tg":"na","name":"","ref":"","surface":"unpaved","sc":"unpaved","speed":null,"lit":"unk","km":0.052}},
{"type":"Feature","geometry":{"type":"LineString","coordinates":[[-11.18824,8.64832],[-11.18825,8.64815],[-11.18758,8.64778],[-11.18707,8.64764],[-11.18683,8.64759],[-11.18669,8.64749],[-11.18633,8.64699],[-11.18635,8.64677],[-11.18651,8.64657],[-11.18678,8.64638],[-11.18672,8.64612],[-11.18654,8.64582],[-11.18642,8.6457],[-11.18629,8.64563],[-11.18622,8.64564],[-11.18616,8.6457],[-11.18616,8.64579]]},"properties":{"id":72391733,"cls":"service","hw":"service","tg":"na","name":"","ref":"","surface":"","sc":"unknown","speed":null,"lit":"unk","km":0.496}},
{"type":"Feature","geometry":{"type":"LineString","coordinates":[[-11.18669,8.64749],[-11.18627,8.64728],[-11.18602,8.64699],[-11.18591,8.64671],[-11.18592,8.64662],[-11.18598,8.64653]]},"properties":{"id":74769903,"cls":"service","hw":"service","tg":"na","name":"","ref":"","surface":"","sc":"unknown","speed":null,"lit":"unk","km":0.15}},
{"type":"Feature","geometry":{"type":"LineString","coordinates":[[-13.29117,8.49123],[-13.29112,8.49122],[-13.28989,8.4913]]},"properties":{"id":96411665,"cls":"service","hw":"service","tg":"na","name":"","ref":"","surface":"unpaved","sc":"unpaved","speed":null,"lit":"unk","km":0.141}},
{"type":"Feature","geometry":{"type":"LineString","coordinates":[[-13.17442,8.43392],[-13.17437,8.43395],[-13.17432,8.434],[-13.17429,8.43404],[-13.17426,8.43412],[-13.17421,8.43422],[-13.17413,8.43429],[-13.1739,8.43428],[-13.17385,8.43429]]},"properties":{"id":99811282,"cls":"service","hw":"service","tg":"na","name":"","ref":"","surface":"","sc":"unknown","speed":null,"lit":"unk","km":0.084}},
{"type":"Feature","geometry":{"type":"LineString","coordinates":[[-11.74931,7.94639],[-11.74951,7.9463],[-11.74957,7.94618],[-11.74975,7.94565],[-11.74993,7.94529]]},"properties":{"id":119490881,"cls":"service","hw":"service","tg":"na","name":"","ref":"","surface":"","sc":"unknown","speed":null,"lit":"unk","km":0.146}},
{"type":"Feature","geometry":{"type":"LineString","coordinates":[[-11.73995,7.97178],[-11.74119,7.972]]},"properties":{"id":119490938,"cls":"service","hw":"service","tg":"na","name":"Class Quarter","ref":"","surface":"unpaved","sc":"unpaved","speed":null,"lit":"unk","km":0.139}},
{"type":"Feature","geometry":{"type":"LineString","coordinates":[[-11.74352,7.97327],[-11.74341,7.97307],[-11.7431,7.97277],[-11.74277,7.97252],[-11.74238,7.97231],[-11.74227,7.97224]]},"properties":{"id":119491086,"cls":"service","hw":"service","tg":"na","name":"Class Quarter","ref":"","surface":"unpaved","sc":"unpaved","speed":null,"lit":"unk","km":0.182}},
{"type":"Feature","geometry":{"type":"LineString","coordinates":[[-11.74136,7.96863],[-11.74137,7.96886],[-11.74108,7.96954],[-11.74105,7.9698],[-11.74106,7.9701],[-11.74095,7.97035],[-11.7409,7.97056]]},"properties":{"id":119491097,"cls":"service","hw":"service","tg":"na","name":"Class Quarter","ref":"","surface":"unpaved","sc":"unpaved","speed":null,"lit":"unk","km":0.224}},
{"type":"Feature","geometry":{"type":"LineString","coordinates":[[-11.74941,7.95883],[-11.74981,7.95932],[-11.74997,7.95942],[-11.75024,7.95943],[-11.75088,7.95933],[-11.75119,7.95912],[-11.75165,7.95867],[-11.75169,7.95864],[-11.75215,7.95865]]},"properties":{"id":119491110,"cls":"service","hw":"service","tg":"na","name":"Jay Quarter","ref":"","surface":"unpaved","sc":"unpaved","speed":null,"lit":"unk","km":0.361}},
{"type":"Feature","geometry":{"type":"LineString","coordinates":[[-11.74019,7.97041],[-11.7402,7.97042],[-11.7409,7.97056]]},"properties":{"id":119491308,"cls":"service","hw":"service","tg":"na","name":"Class Quarter","ref":"","surface":"unpaved","sc":"unpaved","speed":null,"lit":"unk","km":0.08}},
{"type":"Feature","geometry":{"type":"LineString","coordinates":[[-11.74149,7.97069],[-11.7409,7.97056]]},"properties":{"id":119491459,"cls":"service","hw":"service","tg":"na","name":"Class Quarter","ref":"","surface":"unpaved","sc":"unpaved","speed":null,"lit":"unk","km":0.067}},
{"type":"Feature","geometry":{"type":"LineString","coordinates":[[-11.74931,7.94639],[-11.74942,7.94645],[-11.74948,7.94647],[-11.74954,7.94649],[-11.74964,7.9465]]},"properties":{"id":119491498,"cls":"service","hw":"service","tg":"na","name":"","ref":"","surface":"","sc":"unknown","speed":null,"lit":"unk","km":0.039}},
{"type":"Feature","geometry":{"type":"LineString","coordinates":[[-11.74202,7.96219],[-11.74217,7.96218],[-11.74306,7.96212],[-11.74353,7.96204],[-11.74407,7.96159]]},"properties":{"id":119491501,"cls":"service","hw":"service","tg":"na","name":"Bo School","ref":"","surface":"asphalt","sc":"paved","speed":null,"lit":"unk","km":0.245}},
{"type":"Feature","geometry":{"type":"LineString","coordinates":[[-11.73686,7.96666],[-11.73699,7.96656],[-11.73734,7.96641],[-11.73836,7.96613],[-11.73852,7.96624],[-11.7387,7.96629],[-11.73899,7.96649],[-11.73914,7.96657],[-11.73924,7.96672],[-11.73947,7.96682],[-11.73975,7.96692]]},"properties":{"id":119491523,"cls":"service","hw":"service","tg":"na","name":"","ref":"","surface":"","sc":"unknown","speed":null,"lit":"unk","km":0.357}},
{"type":"Feature","geometry":{"type":"LineString","coordinates":[[-11.74846,7.95081],[-11.74839,7.9505],[-11.74828,7.95007],[-11.74825,7.9499],[-11.74823,7.94975],[-11.74822,7.94945],[-11.74821,7.94938],[-11.74819,7.94881],[-11.74818,7.94853],[-11.74813,7.94793],[-11.74811,7.9476],[-11.7481,7.94726],[-11.74811,7.94712],[-11.74813,7.947],[-11.7482,7.94685]]},"properties":{"id":119491546,"cls":"service","hw":"service","tg":"na","name":"","ref":"","surface":"","sc":"unknown","speed":null,"lit":"unk","km":0.446}},
{"type":"Feature","geometry":{"type":"LineString","coordinates":[[-11.74436,7.96111],[-11.74412,7.9615],[-11.74407,7.96159]]},"properties":{"id":119491583,"cls":"service","hw":"service","tg":"na","name":"Bo School","ref":"","surface":"unpaved","sc":"unpaved","speed":null,"lit":"unk","km":0.062}},
{"type":"Feature","geometry":{"type":"LineString","coordinates":[[-11.7482,7.94685],[-11.74839,7.94668],[-11.74861,7.94653],[-11.7488,7.94642],[-11.74886,7.94639],[-11.74896,7.94638],[-11.74931,7.94639]]},"properties":{"id":119491589,"cls":"service","hw":"service","tg":"na","name":"","ref":"","surface":"","sc":"unknown","speed":null,"lit":"unk","km":0.139}},
{"type":"Feature","geometry":{"type":"LineString","coordinates":[[-11.74173,7.96397],[-11.7421,7.96386],[-11.74213,7.96385],[-11.74252,7.96378],[-11.7429,7.96374],[-11.74296,7.96371],[-11.74314,7.96355],[-11.74321,7.96352],[-11.74325,7.96351],[-11.74369,7.96352],[-11.74388,7.96352],[-11.74415,7.96351]]},"properties":{"id":119491635,"cls":"service","hw":"service","tg":"na","name":"Bo Government Hospital Access Road","ref":"","surface":"asphalt","sc":"paved","speed":null,"lit":"unk","km":0.278}},
{"type":"Feature","geometry":{"type":"LineString","coordinates":[[-11.7489,7.95897],[-11.74982,7.96042],[-11.74967,7.96049],[-11.74912,7.96056],[-11.7488,7.96054]]},"properties":{"id":119491681,"cls":"service","hw":"service","tg":"na","name":"Jay Quarter","ref":"","surface":"unpaved","sc":"unpaved","speed":null,"lit":"unk","km":0.305}},
{"type":"Feature","geometry":{"type":"LineString","coordinates":[[-11.74119,7.972],[-11.74171,7.97212],[-11.74196,7.97213],[-11.74227,7.97224]]},"properties":{"id":119491703,"cls":"service","hw":"service","tg":"na","name":"Class Quarter","ref":"","surface":"unpaved","sc":"unpaved","speed":null,"lit":"unk","km":0.123}},
{"type":"Feature","geometry":{"type":"LineString","coordinates":[[-11.74147,7.96219],[-11.74202,7.96219]]},"properties":{"id":119491869,"cls":"service","hw":"service","tg":"na","name":"Bo School","ref":"","surface":"asphalt","sc":"paved","speed":null,"lit":"unk","km":0.061}},
{"type":"Feature","geometry":{"type":"LineString","coordinates":[[-13.23035,8.44678],[-13.23035,8.44715],[-13.23033,8.44727]]},"properties":{"id":138544252,"cls":"service","hw":"service","tg":"na","name":"","ref":"","surface":"","sc":"unknown","speed":null,"lit":"unk","km":0.055}},
{"type":"Feature","geometry":{"type":"LineString","coordinates":[[-13.21931,8.43438],[-13.21909,8.43423]]},"properties":{"id":138566758,"cls":"service","hw":"service","tg":"na","name":"","ref":"","surface":"","sc":"unknown","speed":null,"lit":"unk","km":0.029}},
{"type":"Feature","geometry":{"type":"LineString","coordinates":[[-12.84799,8.72263],[-12.84825,8.72295],[-12.84842,8.72335],[-12.84844,8.72352],[-12.8484,8.72371],[-12.84829,8.72388],[-12.84798,8.72423],[-12.84782,8.72434],[-12.84767,8.72435],[-12.84748,8.7242],[-12.84738,8.72405],[-12.84733,8.72384],[-12.84747,8.72347],[-12.84785,8.72294],[-12.84799,8.72263],[-12.84793,8.72231],[-12.84772,8.72172],[-12.84743,8.72114],[-12.84701,8.7206],[-12.84666,8.71959],[-12.84664,8.71952],[-12.84612,8.71798],[-12.84574,8.71723],[-12.84548,8.71682],[-12.84531,8.71665],[-12.84527,8.71661],[-12.84503,8.71646],[-12.84476,8.7164],[-12.84449,8.71638],[-12.84421,8.71644],[-12.84365,8.71658],[-12.84289,8.71685],[-12.8413,8.71741],[-12.83965,8.71787],[-12.83892,8.71804],[-12.83801,8.71821],[-12.83784,8.71822],[-12.83754,8.71821],[-12.83723,8.71813],[-12.83702,8.718],[-12.83673,8.71773],[-12.83658,8.71754],[-12.83637,8.71707],[-12.83616,8.71651],[-12.83585,8.71552],[-12.83574,8.71533],[-12.83555,8.71512],[-12.83538,8.715],[-12.8352,8.71493],[-12.83492,8.71488],[-12.8345,8.71488],[-12.83354,8.71492],[-12.83321,8.71489],[-12.83301,8.71484],[-12.83259,8.71462],[-12.8322,8.71441],[-12.83182,8.71411],[-12.8314,8.71376],[-12.83094,8.71343],[-12.83074,8.71333],[-12.83029,8.71326],[-12.82975,8.71331],[-12.82944,8.71342],[-12.8289,8.71367],[-12.82792,8.71431],[-12.82641,8.71525],[-12.82549,8.71583],[-12.82496,8.71611],[-12.82239,8.71725],[-12.81927,8.71856],[-12.8175,8.7192],[-12.81545,8.71996],[-12.81499,8.72003],[-12.81465,8.72002],[-12.81424,8.71994],[-12.8138,8.71976],[-12.81346,8.71969],[-12.813,8.71966],[-12.81247,8.7198],[-12.81203,8.71997],[-12.81179,8.72009]]},"properties":{"id":138715191,"cls":"service","hw":"service","tg":"na","name":"Hual Road","ref":"","surface":"unpaved","sc":"unpaved","speed":null,"lit":"unk","km":5.383}},
{"type":"Feature","geometry":{"type":"LineString","coordinates":[[-12.03397,8.88088],[-12.03384,8.88093],[-12.0338,8.88097],[-12.03375,8.881],[-12.03368,8.88107],[-12.03363,8.88113],[-12.03356,8.88117],[-12.03338,8.88121]]},"properties":{"id":147610642,"cls":"service","hw":"service","tg":"na","name":"","ref":"","surface":"paved","sc":"paved","speed":null,"lit":"unk","km":0.077}},
{"type":"Feature","geometry":{"type":"LineString","coordinates":[[-13.13181,8.38967],[-13.1319,8.38989],[-13.13193,8.39002],[-13.13191,8.39014],[-13.13183,8.39029],[-13.13165,8.39051],[-13.13153,8.39062],[-13.13024,8.39189],[-13.12956,8.39258]]},"properties":{"id":158058685,"cls":"service","hw":"service","tg":"na","name":"","ref":"","surface":"","sc":"unknown","speed":null,"lit":"unk","km":0.43}},
{"type":"Feature","geometry":{"type":"LineString","coordinates":[[-11.19239,7.88314],[-11.19258,7.88313],[-11.19283,7.88313],[-11.19317,7.88313],[-11.19336,7.88313],[-11.19351,7.88314],[-11.19365,7.88313],[-11.19389,7.88316],[-11.194,7.88318],[-11.19415,7.88321],[-11.19453,7.88329],[-11.19467,7.88333],[-11.19483,7.88341],[-11.19499,7.88351],[-11.19515,7.88366]]},"properties":{"id":166237310,"cls":"service","hw":"service","tg":"na","name":"","ref":"","surface":"unpaved","sc":"unpaved","speed":null,"lit":"unk","km":0.318}},
{"type":"Feature","geometry":{"type":"LineString","coordinates":[[-11.19484,7.87862],[-11.1949,7.87868],[-11.19494,7.87871],[-11.19502,7.87883],[-11.19509,7.87901],[-11.19516,7.87917],[-11.19519,7.87932],[-11.19521,7.87945],[-11.1952,7.87953],[-11.19519,7.87968],[-11.19512,7.88009],[-11.19506,7.88039],[-11.19501,7.88067]]},"properties":{"id":166237349,"cls":"service","hw":"service","tg":"na","name":"","ref":"","surface":"unpaved","sc":"unpaved","speed":null,"lit":"unk","km":0.241}},
{"type":"Feature","geometry":{"type":"LineString","coordinates":[[-11.1948,7.87774],[-11.19469,7.87783],[-11.19461,7.8779],[-11.19455,7.87796],[-11.19451,7.87799],[-11.19449,7.87802],[-11.19445,7.87805],[-11.19441,7.87811],[-11.19436,7.87815],[-11.19421,7.87833],[-11.19397,7.87856],[-11.1938,7.87874],[-11.19364,7.87891],[-11.19356,7.87898],[-11.19342,7.87912],[-11.1933,7.87922],[-11.19324,7.87928],[-11.1932,7.87929],[-11.19315,7.87929],[-11.19304,7.87923]]},"properties":{"id":166237358,"cls":"service","hw":"service","tg":"na","name":"","ref":"","surface":"unpaved","sc":"unpaved","speed":null,"lit":"unk","km":0.267}},
{"type":"Feature","geometry":{"type":"LineString","coordinates":[[-11.18514,7.87467],[-11.18503,7.8746],[-11.185,7.87459],[-11.18497,7.87459],[-11.18486,7.87465],[-11.18483,7.87466],[-11.18479,7.87466],[-11.18448,7.87452],[-11.18444,7.87449],[-11.18439,7.87445],[-11.18433,7.87434],[-11.18429,7.87431],[-11.18398,7.87415],[-11.18389,7.87415],[-11.18382,7.8742],[-11.1838,7.87428],[-11.18375,7.87453]]},"properties":{"id":166237395,"cls":"service","hw":"service","tg":"na","name":"","ref":"","surface":"unpaved","sc":"unpaved","speed":null,"lit":"unk","km":0.208}},
{"type":"Feature","geometry":{"type":"LineString","coordinates":[[-11.19293,7.88279],[-11.1932,7.88245]]},"properties":{"id":166237462,"cls":"service","hw":"service","tg":"na","name":"","ref":"","surface":"","sc":"unknown","speed":null,"lit":"unk","km":0.048}},
{"type":"Feature","geometry":{"type":"LineString","coordinates":[[-11.19631,7.88012],[-11.19599,7.88007]]},"properties":{"id":166237526,"cls":"service","hw":"service","tg":"na","name":"","ref":"","surface":"","sc":"unknown","speed":null,"lit":"unk","km":0.036}},
{"type":"Feature","geometry":{"type":"LineString","coordinates":[[-11.19396,7.87946],[-11.19372,7.87922],[-11.19364,7.8791],[-11.19356,7.87898]]},"properties":{"id":166237566,"cls":"service","hw":"service","tg":"na","name":"","ref":"","surface":"","sc":"unknown","speed":null,"lit":"unk","km":0.07}},
{"type":"Feature","geometry":{"type":"LineString","coordinates":[[-11.18513,7.87594],[-11.18523,7.87567],[-11.1853,7.8755],[-11.18547,7.87512],[-11.18572,7.87478],[-11.18592,7.87438]]},"properties":{"id":166237606,"cls":"service","hw":"service","tg":"na","name":"","ref":"","surface":"unpaved","sc":"unpaved","speed":null,"lit":"unk","km":0.195}},
{"type":"Feature","geometry":{"type":"LineString","coordinates":[[-11.19636,7.87965],[-11.19633,7.88001],[-11.19631,7.88012],[-11.19628,7.88029],[-11.19625,7.8805],[-11.1962,7.8809]]},"properties":{"id":166237639,"cls":"service","hw":"service","tg":"na","name":"","ref":"","surface":"unpaved","sc":"unpaved","speed":null,"lit":"unk","km":0.14}},
{"type":"Feature","geometry":{"type":"LineString","coordinates":[[-11.19599,7.88007],[-11.19596,7.88007],[-11.19595,7.88008],[-11.19565,7.88071],[-11.19564,7.88077],[-11.19565,7.88082]]},"properties":{"id":166237682,"cls":"service","hw":"service","tg":"na","name":"","ref":"","surface":"","sc":"unknown","speed":null,"lit":"unk","km":0.095}},
{"type":"Feature","geometry":{"type":"LineString","coordinates":[[-11.19239,7.88314],[-11.1928,7.88294],[-11.19293,7.88279],[-11.19312,7.88276],[-11.1933,7.88273],[-11.19363,7.88269]]},"properties":{"id":166237724,"cls":"service","hw":"service","tg":"na","name":"","ref":"","surface":"unpaved","sc":"unpaved","speed":null,"lit":"unk","km":0.15}},
{"type":"Feature","geometry":{"type":"LineString","coordinates":[[-11.1962,7.8809],[-11.19615,7.88122],[-11.19612,7.88149],[-11.19611,7.88156],[-11.19613,7.88187],[-11.19619,7.88208],[-11.19622,7.88214],[-11.19625,7.88217],[-11.19636,7.88223]]},"properties":{"id":166237753,"cls":"service","hw":"service","tg":"na","name":"","ref":"","surface":"unpaved","sc":"unpaved","speed":null,"lit":"unk","km":0.159}},
{"type":"Feature","geometry":{"type":"LineString","coordinates":[[-11.18868,7.87836],[-11.1889,7.8781],[-11.18901,7.87798],[-11.18936,7.87758],[-11.18954,7.87736],[-11.18971,7.87716],[-11.18989,7.87695],[-11.18999,7.87684],[-11.19007,7.87664]]},"properties":{"id":166237770,"cls":"service","hw":"service","tg":"na","name":"","ref":"","surface":"unpaved","sc":"unpaved","speed":null,"lit":"unk","km":0.246}},
{"type":"Feature","geometry":{"type":"LineString","coordinates":[[-11.19611,7.88156],[-11.19589,7.8815],[-11.1957,7.88143],[-11.19549,7.88136],[-11.19536,7.8813],[-11.19524,7.88128],[-11.19513,7.88129],[-11.19502,7.88131],[-11.19495,7.88135],[-11.19491,7.88142]]},"properties":{"id":166237788,"cls":"service","hw":"service","tg":"na","name":"","ref":"","surface":"","sc":"unknown","speed":null,"lit":"unk","km":0.143}},
{"type":"Feature","geometry":{"type":"LineString","coordinates":[[-11.19484,7.87862],[-11.19473,7.87874],[-11.1946,7.87889],[-11.19437,7.87909],[-11.19396,7.87946],[-11.19377,7.87961],[-11.19363,7.87978],[-11.19351,7.87992],[-11.19339,7.88004],[-11.1933,7.88011]]},"properties":{"id":166237818,"cls":"service","hw":"service","tg":"na","name":"","ref":"","surface":"","sc":"unknown","speed":null,"lit":"unk","km":0.238}},
{"type":"Feature","geometry":{"type":"LineString","coordinates":[[-11.18547,7.87512],[-11.18547,7.87507],[-11.18544,7.87504],[-11.18515,7.87487],[-11.18513,7.87483],[-11.18511,7.87479],[-11.18514,7.87467],[-11.18523,7.87437],[-11.1853,7.87422],[-11.18536,7.87408],[-11.18546,7.87384],[-11.18552,7.87374]]},"properties":{"id":166237855,"cls":"service","hw":"service","tg":"na","name":"","ref":"","surface":"unpaved","sc":"unpaved","speed":null,"lit":"unk","km":0.183}},
{"type":"Feature","geometry":{"type":"LineString","coordinates":[[-13.23251,8.4926],[-13.23246,8.49234],[-13.23249,8.49216],[-13.23254,8.49216]]},"properties":{"id":172422417,"cls":"service","hw":"service","tg":"na","name":"","ref":"","surface":"","sc":"unknown","speed":null,"lit":"unk","km":0.055}},
{"type":"Feature","geometry":{"type":"LineString","coordinates":[[-13.26249,8.46875],[-13.26236,8.46854],[-13.26236,8.4685],[-13.26239,8.46841],[-13.2624,8.46837],[-13.26243,8.46827]]},"properties":{"id":172613563,"cls":"service","hw":"service","tg":"na","name":"","ref":"","surface":"","sc":"unknown","speed":null,"lit":"unk","km":0.059}},
{"type":"Feature","geometry":{"type":"LineString","coordinates":[[-13.28812,8.4966],[-13.28811,8.49664],[-13.28806,8.49669],[-13.288,8.49675],[-13.28788,8.49665],[-13.28779,8.49667],[-13.28778,8.49672]]},"properties":{"id":173933921,"cls":"service","hw":"service","tg":"na","name":"","ref":"","surface":"","sc":"unknown","speed":null,"lit":"unk","km":0.055}},
{"type":"Feature","geometry":{"type":"LineString","coordinates":[[-10.96761,8.63117],[-10.96755,8.63175],[-10.96751,8.63217],[-10.96747,8.63245],[-10.9674,8.63268],[-10.96723,8.63324],[-10.96674,8.63388],[-10.9663,8.63423],[-10.96586,8.63439],[-10.96554,8.63442],[-10.96515,8.63434],[-10.96468,8.63411],[-10.96435,8.63386],[-10.96404,8.63352],[-10.96393,8.63316],[-10.96396,8.63288],[-10.96413,8.63259],[-10.96439,8.63231],[-10.96473,8.63204],[-10.96505,8.6319],[-10.96539,8.63181],[-10.96574,8.63184],[-10.96601,8.63196],[-10.96622,8.63209],[-10.96653,8.6324]]},"properties":{"id":174430614,"cls":"service","hw":"service","tg":"na","name":"","ref":"","surface":"","sc":"unknown","speed":null,"lit":"unk","km":1.096}},
{"type":"Feature","geometry":{"type":"LineString","coordinates":[[-10.96511,8.62859],[-10.9651,8.62835],[-10.96511,8.62823],[-10.96511,8.62816],[-10.96511,8.62805],[-10.96511,8.62758],[-10.96508,8.62736],[-10.96502,8.62721],[-10.9649,8.62705],[-10.9648,8.62678],[-10.96463,8.62696],[-10.96452,8.62701],[-10.96409,8.62717],[-10.96313,8.62757],[-10.96164,8.62815],[-10.96154,8.62823],[-10.96136,8.62842],[-10.96111,8.62864],[-10.96094,8.62877],[-10.96083,8.62885],[-10.96074,8.62889]]},"properties":{"id":174430624,"cls":"service","hw":"service","tg":"na","name":"","ref":"","surface":"","sc":"unknown","speed":null,"lit":"unk","km":0.72}},
{"type":"Feature","geometry":{"type":"LineString","coordinates":[[-10.57278,8.2732],[-10.57265,8.27323],[-10.57253,8.27345],[-10.57251,8.27372],[-10.57203,8.27425]]},"properties":{"id":176624486,"cls":"service","hw":"service","tg":"na","name":"","ref":"","surface":"","sc":"unknown","speed":null,"lit":"unk","km":0.152}},
{"type":"Feature","geometry":{"type":"LineString","coordinates":[[-12.54053,8.69077],[-12.54083,8.69082],[-12.54085,8.69081],[-12.54085,8.69079],[-12.54082,8.69069],[-12.54082,8.69065],[-12.54084,8.69062],[-12.54101,8.69027],[-12.54103,8.69021],[-12.54102,8.69017],[-12.54053,8.68933],[-12.54044,8.68916]]},"properties":{"id":186547003,"cls":"service","hw":"service","tg":"na","name":"","ref":"","surface":"","sc":"unknown","speed":null,"lit":"unk","km":0.242}},
{"type":"Feature","geometry":{"type":"LineString","coordinates":[[-11.72001,7.86515],[-11.71991,7.86522],[-11.71972,7.8653],[-11.71957,7.86534],[-11.71949,7.86536],[-11.71927,7.86554],[-11.71902,7.86577],[-11.71874,7.86615]]},"properties":{"id":196305809,"cls":"service","hw":"service","tg":"na","name":"","ref":"","surface":"","sc":"unknown","speed":null,"lit":"unk","km":0.184}},
{"type":"Feature","geometry":{"type":"LineString","coordinates":[[-10.9289,8.54575],[-10.92859,8.54596],[-10.92834,8.54622],[-10.92825,8.54664],[-10.92813,8.54723],[-10.92803,8.54746],[-10.92782,8.54758],[-10.9277,8.54782]]},"properties":{"id":200716092,"cls":"service","hw":"service","tg":"na","name":"","ref":"","surface":"unpaved","sc":"unpaved","speed":null,"lit":"unk","km":0.28}},
{"type":"Feature","geometry":{"type":"LineString","coordinates":[[-10.33231,8.45966],[-10.3321,8.45949],[-10.33205,8.45944],[-10.33194,8.4593],[-10.3319,8.4592],[-10.33186,8.45903],[-10.33178,8.45889],[-10.33168,8.45873],[-10.3315,8.45878],[-10.33135,8.45876],[-10.33131,8.4587],[-10.33107,8.45863]]},"properties":{"id":201754327,"cls":"service","hw":"service","tg":"na","name":"","ref":"","surface":"unpaved","sc":"unpaved","speed":null,"lit":"unk","km":0.2}},
{"type":"Feature","geometry":{"type":"LineString","coordinates":[[-13.24611,8.455],[-13.24543,8.45491]]},"properties":{"id":205834511,"cls":"service","hw":"service","tg":"na","name":"Conteh Drive","ref":"","surface":"unpaved","sc":"unpaved","speed":null,"lit":"unk","km":0.075}},
{"type":"Feature","geometry":{"type":"LineString","coordinates":[[-13.27935,8.42997],[-13.27934,8.42992],[-13.27931,8.42989],[-13.27926,8.42987],[-13.27898,8.42984],[-13.27891,8.42985],[-13.27885,8.42988],[-13.27881,8.42993],[-13.27873,8.43015]]},"properties":{"id":205834526,"cls":"service","hw":"service","tg":"na","name":"","ref":"","surface":"unpaved","sc":"unpaved","speed":null,"lit":"unk","km":0.096}},
{"type":"Feature","geometry":{"type":"LineString","coordinates":[[-13.27737,8.42455],[-13.27708,8.42401],[-13.27704,8.42394],[-13.277,8.42393],[-13.27695,8.42395],[-13.27677,8.42407],[-13.27674,8.42409]]},"properties":{"id":205834537,"cls":"service","hw":"service","tg":"na","name":"","ref":"","surface":"","sc":"unknown","speed":null,"lit":"unk","km":0.115}},
{"type":"Feature","geometry":{"type":"LineString","coordinates":[[-13.27913,8.41925],[-13.27911,8.41933],[-13.27906,8.41938],[-13.27895,8.41947],[-13.27887,8.41953],[-13.27878,8.41959],[-13.27871,8.41965],[-13.27829,8.41994],[-13.27714,8.42075],[-13.27583,8.42171],[-13.27553,8.42192],[-13.27549,8.42195],[-13.27548,8.42197],[-13.27549,8.42199],[-13.2755,8.42201]]},"properties":{"id":205834562,"cls":"service","hw":"service","tg":"na","name":"Bango Farm Drive","ref":"","surface":"","sc":"unknown","speed":null,"lit":"unk","km":0.51}},
{"type":"Feature","geometry":{"type":"LineString","coordinates":[[-13.27014,8.44791],[-13.27007,8.4479],[-13.26992,8.44785],[-13.26972,8.44777],[-13.26955,8.44765],[-13.2694,8.44751],[-13.26911,8.44724],[-13.269,8.4471],[-13.26897,8.44701],[-13.26896,8.44692],[-13.26897,8.44679],[-13.26898,8.44669]]},"properties":{"id":205847666,"cls":"service","hw":"service","tg":"na","name":"","ref":"","surface":"paved","sc":"paved","speed":null,"lit":"unk","km":0.204}},
{"type":"Feature","geometry":{"type":"LineString","coordinates":[[-13.27457,8.44688],[-13.27449,8.44689],[-13.27445,8.44688],[-13.27439,8.44687],[-13.27432,8.44683],[-13.27425,8.44683],[-13.27396,8.44691]]},"properties":{"id":205847699,"cls":"service","hw":"service","tg":"na","name":"","ref":"","surface":"","sc":"unknown","speed":null,"lit":"unk","km":0.07}},
{"type":"Feature","geometry":{"type":"LineString","coordinates":[[-13.25571,8.46099],[-13.25557,8.46104],[-13.25547,8.46105],[-13.25538,8.46103],[-13.25529,8.46096]]},"properties":{"id":205947816,"cls":"service","hw":"service","tg":"na","name":"","ref":"","surface":"","sc":"unknown","speed":null,"lit":"unk","km":0.05}},
{"type":"Feature","geometry":{"type":"LineString","coordinates":[[-13.25603,8.4614],[-13.25606,8.46153],[-13.25607,8.46158],[-13.2561,8.46168],[-13.25614,8.46179]]},"properties":{"id":205947822,"cls":"service","hw":"service","tg":"na","name":"","ref":"","surface":"","sc":"unknown","speed":null,"lit":"unk","km":0.045}},
{"type":"Feature","geometry":{"type":"LineString","coordinates":[[-13.25577,8.46102],[-13.25575,8.46101],[-13.25571,8.46099],[-13.25566,8.46096],[-13.25563,8.46089],[-13.25559,8.46086]]},"properties":{"id":205947842,"cls":"service","hw":"service","tg":"na","name":"","ref":"","surface":"","sc":"unknown","speed":null,"lit":"unk","km":0.028}},
{"type":"Feature","geometry":{"type":"LineString","coordinates":[[-13.25684,8.46139],[-13.25603,8.4614],[-13.25602,8.4613],[-13.25601,8.46119],[-13.25599,8.46114],[-13.25596,8.46109],[-13.25589,8.46106],[-13.2558,8.46103],[-13.25577,8.46102]]},"properties":{"id":205947849,"cls":"service","hw":"service","tg":"na","name":"","ref":"","surface":"","sc":"unknown","speed":null,"lit":"unk","km":0.147}},
{"type":"Feature","geometry":{"type":"LineString","coordinates":[[-13.23028,8.45189],[-13.23008,8.45206],[-13.23001,8.45208],[-13.22995,8.45206]]},"properties":{"id":205999882,"cls":"service","hw":"service","tg":"na","name":"","ref":"","surface":"","sc":"unknown","speed":null,"lit":"unk","km":0.044}},
{"type":"Feature","geometry":{"type":"LineString","coordinates":[[-13.22966,8.45139],[-13.23018,8.45169],[-13.23018,8.45169],[-13.23034,8.45178]]},"properties":{"id":205999894,"cls":"service","hw":"service","tg":"na","name":"","ref":"","surface":"","sc":"unknown","speed":null,"lit":"unk","km":0.086}},
{"type":"Feature","geometry":{"type":"LineString","coordinates":[[-13.22899,8.45149],[-13.22909,8.45154],[-13.22926,8.45169],[-13.22916,8.45185],[-13.22915,8.45194],[-13.22922,8.452],[-13.22944,8.45224],[-13.22955,8.45229],[-13.22968,8.45228],[-13.2298,8.45223],[-13.22992,8.45209],[-13.22995,8.45206],[-13.2301,8.45182],[-13.23018,8.45169],[-13.2302,8.45166]]},"properties":{"id":205999900,"cls":"service","hw":"service","tg":"na","name":"","ref":"","surface":"","sc":"unknown","speed":null,"lit":"unk","km":0.234}},
{"type":"Feature","geometry":{"type":"LineString","coordinates":[[-13.24799,8.45622],[-13.24796,8.45629],[-13.2479,8.45642],[-13.24784,8.4564],[-13.24782,8.45641],[-13.2478,8.45642],[-13.24761,8.45678],[-13.24752,8.4569],[-13.24746,8.45699],[-13.24742,8.45708],[-13.24737,8.45716],[-13.2472,8.45735]]},"properties":{"id":205999936,"cls":"service","hw":"service","tg":"na","name":"","ref":"","surface":"","sc":"unknown","speed":null,"lit":"unk","km":0.16}},
{"type":"Feature","geometry":{"type":"LineString","coordinates":[[-13.24809,8.45694],[-13.24798,8.45668],[-13.24794,8.45652],[-13.2479,8.45642]]},"properties":{"id":205999949,"cls":"service","hw":"service","tg":"na","name":"","ref":"","surface":"","sc":"unknown","speed":null,"lit":"unk","km":0.062}},
{"type":"Feature","geometry":{"type":"LineString","coordinates":[[-13.20805,8.49138],[-13.20807,8.49153],[-13.20808,8.4916],[-13.20811,8.49173],[-13.20817,8.49192],[-13.20823,8.49216]]},"properties":{"id":206445975,"cls":"service","hw":"service","tg":"na","name":"","ref":"","surface":"","sc":"unknown","speed":null,"lit":"unk","km":0.089}},
{"type":"Feature","geometry":{"type":"LineString","coordinates":[[-13.21017,8.49125],[-13.21033,8.4913],[-13.21033,8.49137],[-13.2103,8.49148],[-13.21023,8.49162],[-13.21015,8.49171]]},"properties":{"id":206445977,"cls":"service","hw":"service","tg":"na","name":"","ref":"","surface":"","sc":"unknown","speed":null,"lit":"unk","km":0.07}},
{"type":"Feature","geometry":{"type":"LineString","coordinates":[[-13.2097,8.49214],[-13.20967,8.49217],[-13.20961,8.49219],[-13.20956,8.49219],[-13.20951,8.49217],[-13.20947,8.49212],[-13.20946,8.49209],[-13.20946,8.49205],[-13.20947,8.49202],[-13.20949,8.49198],[-13.20952,8.49196],[-13.20956,8.49194],[-13.2096,8.49194],[-13.20965,8.49195],[-13.20968,8.49198],[-13.20971,8.49201],[-13.20972,8.49206],[-13.20972,8.4921],[-13.2097,8.49214]]},"properties":{"id":206445978,"cls":"service","hw":"service","tg":"na","name":"","ref":"","surface":"","sc":"unknown","speed":null,"lit":"unk","km":0.09}},
{"type":"Feature","geometry":{"type":"LineString","coordinates":[[-13.21068,8.49303],[-13.21091,8.493],[-13.21095,8.49298],[-13.21098,8.49295],[-13.21098,8.49288],[-13.21099,8.49271]]},"properties":{"id":206445981,"cls":"service","hw":"service","tg":"na","name":"","ref":"","surface":"","sc":"unknown","speed":null,"lit":"unk","km":0.062}},
{"type":"Feature","geometry":{"type":"LineString","coordinates":[[-13.21181,8.49398],[-13.21303,8.49397],[-13.21353,8.49398],[-13.21444,8.49398],[-13.21507,8.49397]]},"properties":{"id":206445983,"cls":"service","hw":"service","tg":"na","name":"","ref":"","surface":"","sc":"unknown","speed":null,"lit":"unk","km":0.359}},
{"type":"Feature","geometry":{"type":"LineString","coordinates":[[-13.21624,8.49294],[-13.21635,8.49302],[-13.21636,8.49311],[-13.21637,8.49322],[-13.2159,8.49322],[-13.21537,8.49323],[-13.21506,8.49324],[-13.21446,8.49323],[-13.21368,8.49325],[-13.21353,8.49326],[-13.21293,8.49325],[-13.21266,8.49325],[-13.21217,8.49325],[-13.21181,8.49325],[-13.21181,8.49316],[-13.21168,8.49316],[-13.21159,8.49337],[-13.21115,8.49339],[-13.21078,8.49337],[-13.21048,8.49337],[-13.21032,8.49336],[-13.21004,8.49337],[-13.2099,8.49338],[-13.20984,8.49334],[-13.20976,8.49332],[-13.20963,8.49327],[-13.20918,8.4929],[-13.20909,8.49273],[-13.20877,8.49258]]},"properties":{"id":206445985,"cls":"service","hw":"service","tg":"na","name":"","ref":"","surface":"","sc":"unknown","speed":null,"lit":"unk","km":0.932}},
{"type":"Feature","geometry":{"type":"LineString","coordinates":[[-13.20965,8.49195],[-13.20972,8.49188],[-13.2099,8.49175],[-13.20998,8.49173],[-13.21006,8.49176],[-13.21014,8.49186],[-13.21018,8.49202],[-13.21019,8.49213],[-13.21023,8.49223],[-13.21023,8.4923],[-13.21025,8.49234]]},"properties":{"id":206445986,"cls":"service","hw":"service","tg":"na","name":"","ref":"","surface":"","sc":"unknown","speed":null,"lit":"unk","km":0.123}},
{"type":"Feature","geometry":{"type":"LineString","coordinates":[[-13.21049,8.49399],[-13.21006,8.494],[-13.20992,8.49399],[-13.20981,8.49391],[-13.20975,8.49384],[-13.2089,8.49321],[-13.20808,8.49256],[-13.20784,8.49239],[-13.20733,8.49205],[-13.20721,8.49196],[-13.20716,8.4919],[-13.20714,8.49182],[-13.20717,8.49165]]},"properties":{"id":206445987,"cls":"service","hw":"service","tg":"na","name":"","ref":"","surface":"asphalt","sc":"paved","speed":null,"lit":"unk","km":0.474}},
{"type":"Feature","geometry":{"type":"LineString","coordinates":[[-13.2089,8.49321],[-13.20918,8.4929]]},"properties":{"id":206445989,"cls":"service","hw":"service","tg":"na","name":"","ref":"","surface":"","sc":"unknown","speed":null,"lit":"unk","km":0.046}},
{"type":"Feature","geometry":{"type":"LineString","coordinates":[[-13.20929,8.49197],[-13.20928,8.49196],[-13.20899,8.49173],[-13.20892,8.49171],[-13.20884,8.49173],[-13.20877,8.4918],[-13.20867,8.49196],[-13.20868,8.49202],[-13.20871,8.49207],[-13.20894,8.49226],[-13.20897,8.49229]]},"properties":{"id":206445992,"cls":"service","hw":"service","tg":"na","name":"","ref":"","surface":"","sc":"unknown","speed":null,"lit":"unk","km":0.142}},
{"type":"Feature","geometry":{"type":"LineString","coordinates":[[-13.20808,8.49256],[-13.20833,8.49222]]},"properties":{"id":206445993,"cls":"service","hw":"service","tg":"na","name":"","ref":"","surface":"","sc":"unknown","speed":null,"lit":"unk","km":0.047}},
{"type":"Feature","geometry":{"type":"LineString","coordinates":[[-13.20967,8.49217],[-13.20961,8.4924],[-13.20958,8.49268],[-13.20988,8.49296],[-13.20993,8.49298],[-13.20997,8.493]]},"properties":{"id":206445994,"cls":"service","hw":"service","tg":"na","name":"","ref":"","surface":"","sc":"unknown","speed":null,"lit":"unk","km":0.114}},
{"type":"Feature","geometry":{"type":"LineString","coordinates":[[-13.21123,8.49229],[-13.21114,8.49221],[-13.21106,8.49217],[-13.21098,8.49214],[-13.21093,8.49212],[-13.21087,8.49202],[-13.21091,8.49163],[-13.21102,8.49142],[-13.21112,8.49124],[-13.21126,8.49115],[-13.21137,8.49089]]},"properties":{"id":206445995,"cls":"service","hw":"service","tg":"na","name":"","ref":"","surface":"","sc":"unknown","speed":null,"lit":"unk","km":0.194}},
{"type":"Feature","geometry":{"type":"LineString","coordinates":[[-13.20958,8.49268],[-13.20948,8.49271],[-13.20937,8.49266],[-13.20936,8.49263],[-13.20937,8.4926],[-13.20947,8.49212]]},"properties":{"id":206445997,"cls":"service","hw":"service","tg":"na","name":"","ref":"","surface":"","sc":"unknown","speed":null,"lit":"unk","km":0.086}},
{"type":"Feature","geometry":{"type":"LineString","coordinates":[[-13.20961,8.4924],[-13.20976,8.49245],[-13.20986,8.49248],[-13.20992,8.4925]]},"properties":{"id":206445998,"cls":"service","hw":"service","tg":"na","name":"","ref":"","surface":"","sc":"unknown","speed":null,"lit":"unk","km":0.036}},
{"type":"Feature","geometry":{"type":"LineString","coordinates":[[-13.21637,8.49322],[-13.21639,8.49348],[-13.21639,8.49377],[-13.21639,8.49389],[-13.21637,8.49393],[-13.21633,8.49395],[-13.21507,8.49397]]},"properties":{"id":206446000,"cls":"service","hw":"service","tg":"na","name":"","ref":"","surface":"","sc":"unknown","speed":null,"lit":"unk","km":0.223}},
{"type":"Feature","geometry":{"type":"LineString","coordinates":[[-13.21168,8.49316],[-13.21163,8.49299],[-13.2116,8.49286],[-13.2115,8.4928],[-13.21148,8.49236],[-13.21123,8.49229]]},"properties":{"id":206446002,"cls":"service","hw":"service","tg":"na","name":"","ref":"","surface":"","sc":"unknown","speed":null,"lit":"unk","km":0.125}},
{"type":"Feature","geometry":{"type":"LineString","coordinates":[[-13.2099,8.49338],[-13.20994,8.49373],[-13.20996,8.49383],[-13.20981,8.49391]]},"properties":{"id":206446003,"cls":"service","hw":"service","tg":"na","name":"","ref":"","surface":"asphalt","sc":"paved","speed":null,"lit":"unk","km":0.069}},
{"type":"Feature","geometry":{"type":"LineString","coordinates":[[-13.20952,8.49196],[-13.20943,8.49186]]},"properties":{"id":206446004,"cls":"service","hw":"service","tg":"na","name":"","ref":"","surface":"","sc":"unknown","speed":null,"lit":"unk","km":0.015}},
{"type":"Feature","geometry":{"type":"LineString","coordinates":[[-13.20805,8.49092],[-13.20806,8.49087],[-13.20806,8.4908],[-13.20808,8.49071],[-13.20815,8.49054],[-13.20827,8.4903],[-13.20855,8.48979],[-13.20866,8.48957]]},"properties":{"id":206446008,"cls":"service","hw":"service","tg":"na","name":"Mini Road","ref":"","surface":"","sc":"unknown","speed":null,"lit":"unk","km":0.166}},
{"type":"Feature","geometry":{"type":"LineString","coordinates":[[-13.20994,8.49137],[-13.21004,8.49152],[-13.21015,8.49171],[-13.21036,8.49199],[-13.21047,8.49207],[-13.21051,8.49223],[-13.21057,8.49258],[-13.21068,8.49303],[-13.21069,8.49309],[-13.21078,8.4931],[-13.21078,8.49337]]},"properties":{"id":206446009,"cls":"service","hw":"service","tg":"na","name":"","ref":"","surface":"asphalt","sc":"paved","speed":null,"lit":"unk","km":0.254}},
{"type":"Feature","geometry":{"type":"LineString","coordinates":[[-13.20747,8.49169],[-13.20743,8.49163],[-13.2074,8.49153],[-13.20687,8.49114],[-13.20663,8.49096],[-13.20632,8.49071],[-13.20616,8.49063],[-13.20589,8.49055],[-13.2056,8.49051],[-13.2055,8.49047],[-13.2054,8.49043],[-13.20531,8.49032],[-13.20525,8.49026],[-13.20518,8.49021],[-13.20513,8.4902],[-13.2051,8.49019],[-13.20501,8.49017],[-13.20454,8.49022],[-13.20443,8.49025],[-13.2044,8.49029],[-13.20438,8.49036]]},"properties":{"id":206446010,"cls":"service","hw":"service","tg":"na","name":"","ref":"","surface":"","sc":"unknown","speed":null,"lit":"unk","km":0.408}},
{"type":"Feature","geometry":{"type":"LineString","coordinates":[[-13.20393,8.49004],[-13.20393,8.49004],[-13.2039,8.49004],[-13.20388,8.49004],[-13.2038,8.49003],[-13.20371,8.49003],[-13.20362,8.49003],[-13.20356,8.49004],[-13.20354,8.49005],[-13.20353,8.49008],[-13.20353,8.49011],[-13.20354,8.49015],[-13.20354,8.49019],[-13.20357,8.49027],[-13.20362,8.49037]]},"properties":{"id":206451044,"cls":"service","hw":"service","tg":"na","name":"","ref":"","surface":"","sc":"unknown","speed":null,"lit":"unk","km":0.081}},
{"type":"Feature","geometry":{"type":"LineString","coordinates":[[-13.20408,8.49027],[-13.20414,8.49021],[-13.20419,8.49017],[-13.20425,8.49013],[-13.20439,8.49007],[-13.20471,8.48998],[-13.20476,8.48995],[-13.20479,8.48992],[-13.20481,8.48989],[-13.20482,8.48985],[-13.20483,8.48974],[-13.20482,8.48945]]},"properties":{"id":206451046,"cls":"service","hw":"service","tg":"na","name":"Betts Street","ref":"","surface":"","sc":"unknown","speed":null,"lit":"unk","km":0.142}},
{"type":"Feature","geometry":{"type":"LineString","coordinates":[[-13.20408,8.49027],[-13.20389,8.49034],[-13.20376,8.49037],[-13.20366,8.49038],[-13.20362,8.49037],[-13.2035,8.49037],[-13.20335,8.49032],[-13.2032,8.49024],[-13.2031,8.49012],[-13.20306,8.48999],[-13.20306,8.48988],[-13.20311,8.48975]]},"properties":{"id":206451047,"cls":"service","hw":"service","tg":"na","name":"","ref":"","surface":"","sc":"unknown","speed":null,"lit":"unk","km":0.162}},
{"type":"Feature","geometry":{"type":"LineString","coordinates":[[-13.21139,8.48162],[-13.21131,8.48169],[-13.21124,8.48175],[-13.21119,8.48179],[-13.21119,8.48182],[-13.21123,8.48187],[-13.21127,8.48187],[-13.21135,8.48181],[-13.21142,8.48176],[-13.21148,8.48172]]},"properties":{"id":206488374,"cls":"service","hw":"service","tg":"na","name":"","ref":"","surface":"","sc":"unknown","speed":null,"lit":"unk","km":0.072}},
{"type":"Feature","geometry":{"type":"LineString","coordinates":[[-13.20482,8.48945],[-13.20425,8.48946]]},"properties":{"id":206488377,"cls":"service","hw":"service","tg":"na","name":"","ref":"","surface":"","sc":"unknown","speed":null,"lit":"unk","km":0.063}},
{"type":"Feature","geometry":{"type":"LineString","coordinates":[[-13.20973,8.49161],[-13.20961,8.49147],[-13.20956,8.49144],[-13.20951,8.49145],[-13.20931,8.4916]]},"properties":{"id":206488379,"cls":"service","hw":"service","tg":"na","name":"","ref":"","surface":"","sc":"unknown","speed":null,"lit":"unk","km":0.06}},
{"type":"Feature","geometry":{"type":"LineString","coordinates":[[-13.20477,8.489],[-13.20412,8.48901]]},"properties":{"id":206488381,"cls":"service","hw":"service","tg":"na","name":"","ref":"","surface":"","sc":"unknown","speed":null,"lit":"unk","km":0.071}},
{"type":"Feature","geometry":{"type":"LineString","coordinates":[[-13.20684,8.48856],[-13.20683,8.48859],[-13.20683,8.48861],[-13.20681,8.48869],[-13.20673,8.48933],[-13.20671,8.48951]]},"properties":{"id":206488382,"cls":"service","hw":"service","tg":"na","name":"Ogoo Street","ref":"","surface":"","sc":"unknown","speed":null,"lit":"unk","km":0.107}},
{"type":"Feature","geometry":{"type":"LineString","coordinates":[[-13.21035,8.48906],[-13.21006,8.48913],[-13.20991,8.48914],[-13.20968,8.48918],[-13.20953,8.48919],[-13.20942,8.48916],[-13.20937,8.48906],[-13.20935,8.48891],[-13.20933,8.48875],[-13.20931,8.48855],[-13.20931,8.48841]]},"properties":{"id":206488384,"cls":"service","hw":"service","tg":"na","name":"","ref":"","surface":"","sc":"unknown","speed":null,"lit":"unk","km":0.189}},
{"type":"Feature","geometry":{"type":"LineString","coordinates":[[-13.2047,8.48862],[-13.20468,8.48856],[-13.20467,8.48843],[-13.20467,8.48828],[-13.20466,8.48812],[-13.20466,8.48803],[-13.20467,8.48794],[-13.20468,8.4878],[-13.20468,8.48772],[-13.20463,8.48763],[-13.20448,8.48749]]},"properties":{"id":206488385,"cls":"service","hw":"service","tg":"na","name":"Betts Street","ref":"","surface":"unpaved","sc":"unpaved","speed":null,"lit":"unk","km":0.135}},
{"type":"Feature","geometry":{"type":"LineString","coordinates":[[-13.20909,8.48752],[-13.20977,8.48747]]},"properties":{"id":206488386,"cls":"service","hw":"service","tg":"na","name":"","ref":"","surface":"","sc":"unknown","speed":null,"lit":"unk","km":0.075}},
{"type":"Feature","geometry":{"type":"LineString","coordinates":[[-13.20565,8.48949],[-13.20565,8.48956],[-13.20565,8.48963],[-13.20564,8.48972],[-13.20566,8.49004]]},"properties":{"id":206488387,"cls":"service","hw":"service","tg":"na","name":"","ref":"","surface":"","sc":"unknown","speed":null,"lit":"unk","km":0.061}},
{"type":"Feature","geometry":{"type":"LineString","coordinates":[[-13.20848,8.48656],[-13.20851,8.48661],[-13.20857,8.48665],[-13.20863,8.48669],[-13.20873,8.48674],[-13.20878,8.48676],[-13.20882,8.48677],[-13.20884,8.48678],[-13.20887,8.48679],[-13.2089,8.4868]]},"properties":{"id":206488390,"cls":"service","hw":"service","tg":"na","name":"","ref":"","surface":"","sc":"unknown","speed":null,"lit":"unk","km":0.055}},
{"type":"Feature","geometry":{"type":"LineString","coordinates":[[-13.20818,8.48953],[-13.20813,8.48964],[-13.20788,8.49015],[-13.2075,8.49082]]},"properties":{"id":206488391,"cls":"service","hw":"service","tg":"na","name":"","ref":"","surface":"","sc":"unknown","speed":null,"lit":"unk","km":0.162}},
{"type":"Feature","geometry":{"type":"LineString","coordinates":[[-13.20754,8.48957],[-13.20748,8.48964],[-13.20738,8.48971],[-13.20708,8.48985],[-13.20701,8.48987],[-13.20693,8.48993],[-13.20685,8.48997],[-13.20681,8.48997],[-13.20671,8.48989],[-13.20655,8.4897],[-13.20652,8.48967],[-13.20648,8.48966],[-13.20621,8.48969],[-13.20616,8.48971],[-13.20615,8.48973],[-13.20614,8.48977],[-13.20615,8.48987],[-13.20614,8.48998]]},"properties":{"id":206488392,"cls":"service","hw":"service","tg":"na","name":"","ref":"","surface":"","sc":"unknown","speed":null,"lit":"unk","km":0.211}},
{"type":"Feature","geometry":{"type":"LineString","coordinates":[[-13.21079,8.48198],[-13.21086,8.48207],[-13.21101,8.48226],[-13.21108,8.48237],[-13.21116,8.48249]]},"properties":{"id":206488393,"cls":"service","hw":"service","tg":"na","name":"","ref":"","surface":"","sc":"unknown","speed":null,"lit":"unk","km":0.07}},
{"type":"Feature","geometry":{"type":"LineString","coordinates":[[-13.20708,8.48985],[-13.20713,8.4899],[-13.20726,8.49003],[-13.20725,8.49006],[-13.20725,8.49011],[-13.20729,8.49013],[-13.20731,8.49015]]},"properties":{"id":206488394,"cls":"service","hw":"service","tg":"na","name":"","ref":"","surface":"","sc":"unknown","speed":null,"lit":"unk","km":0.045}},
{"type":"Feature","geometry":{"type":"LineString","coordinates":[[-13.20593,8.4806],[-13.20593,8.48074],[-13.20596,8.48095],[-13.20596,8.48103],[-13.20597,8.4811],[-13.20597,8.48122]]},"properties":{"id":206495767,"cls":"service","hw":"service","tg":"na","name":"","ref":"","surface":"","sc":"unknown","speed":null,"lit":"unk","km":0.069}},
{"type":"Feature","geometry":{"type":"LineString","coordinates":[[-13.20607,8.48056],[-13.20608,8.48063],[-13.20609,8.48068],[-13.20611,8.48073],[-13.20617,8.4808],[-13.20624,8.4809],[-13.2063,8.48097],[-13.20638,8.48108],[-13.20642,8.48113],[-13.20645,8.48116],[-13.20648,8.48119],[-13.2065,8.48121],[-13.20652,8.48123],[-13.20654,8.48124]]},"properties":{"id":206495779,"cls":"service","hw":"service","tg":"na","name":"","ref":"","surface":"","sc":"unknown","speed":null,"lit":"unk","km":0.094}},
{"type":"Feature","geometry":{"type":"LineString","coordinates":[[-13.19559,8.48068],[-13.19548,8.48072],[-13.19541,8.48078],[-13.19524,8.48085],[-13.19511,8.48091]]},"properties":{"id":206499103,"cls":"service","hw":"service","tg":"na","name":"","ref":"","surface":"","sc":"unknown","speed":null,"lit":"unk","km":0.059}},
{"type":"Feature","geometry":{"type":"LineString","coordinates":[[-13.19511,8.48091],[-13.19515,8.4811],[-13.1953,8.48156],[-13.19528,8.4816],[-13.19528,8.48166],[-13.19508,8.48177],[-13.19488,8.48185],[-13.19444,8.482],[-13.19419,8.48212],[-13.19412,8.48214],[-13.19404,8.4822],[-13.19399,8.48226],[-13.19399,8.48237],[-13.19403,8.48295]]},"properties":{"id":206499107,"cls":"service","hw":"service","tg":"na","name":"","ref":"","surface":"","sc":"unknown","speed":null,"lit":"unk","km":0.322}},
{"type":"Feature","geometry":{"type":"LineString","coordinates":[[-13.19029,8.47789],[-13.19134,8.47786]]},"properties":{"id":206499111,"cls":"service","hw":"service","tg":"na","name":"","ref":"","surface":"","sc":"unknown","speed":null,"lit":"unk","km":0.116}},
{"type":"Feature","geometry":{"type":"LineString","coordinates":[[-13.19134,8.47724],[-13.19135,8.4773],[-13.19134,8.47756],[-13.19134,8.47786],[-13.19129,8.47862],[-13.19129,8.47868],[-13.19128,8.47874]]},"properties":{"id":206499112,"cls":"service","hw":"service","tg":"na","name":"","ref":"","surface":"unpaved","sc":"unpaved","speed":null,"lit":"unk","km":0.167}},
{"type":"Feature","geometry":{"type":"LineString","coordinates":[[-13.19273,8.48051],[-13.19166,8.48056],[-13.19159,8.48057],[-13.19148,8.48054],[-13.19134,8.48045],[-13.19116,8.4803],[-13.19094,8.48011],[-13.19079,8.48],[-13.19073,8.47995],[-13.19037,8.47981],[-13.1902,8.47971],[-13.19006,8.47958],[-13.1898,8.47923],[-13.18959,8.47903]]},"properties":{"id":206499114,"cls":"service","hw":"service","tg":"na","name":"","ref":"","surface":"unpaved","sc":"unpaved","speed":null,"lit":"unk","km":0.409}},
{"type":"Feature","geometry":{"type":"LineString","coordinates":[[-13.21049,8.48755],[-13.21049,8.48759],[-13.21049,8.48768],[-13.21051,8.48776],[-13.21054,8.48788],[-13.21059,8.48797],[-13.21064,8.48803],[-13.21073,8.48812]]},"properties":{"id":206499115,"cls":"service","hw":"service","tg":"na","name":"","ref":"","surface":"","sc":"unknown","speed":null,"lit":"unk","km":0.072}},
{"type":"Feature","geometry":{"type":"LineString","coordinates":[[-13.19287,8.47932],[-13.19265,8.47929],[-13.19243,8.47923],[-13.19214,8.47914],[-13.19184,8.47903],[-13.19152,8.47889],[-13.19137,8.4788],[-13.19128,8.47874]]},"properties":{"id":206499118,"cls":"service","hw":"service","tg":"na","name":"","ref":"","surface":"","sc":"unknown","speed":null,"lit":"unk","km":0.188}},
{"type":"Feature","geometry":{"type":"LineString","coordinates":[[-13.18607,8.47936],[-13.18609,8.47946],[-13.18612,8.47957],[-13.1866,8.48003],[-13.18699,8.48039],[-13.18727,8.48067],[-13.18743,8.48071],[-13.18772,8.48078],[-13.18821,8.48082],[-13.18827,8.48087],[-13.18832,8.48093],[-13.18834,8.48101],[-13.18833,8.48117],[-13.18819,8.48157],[-13.18804,8.48183],[-13.18793,8.48193],[-13.18785,8.48197]]},"properties":{"id":206499119,"cls":"service","hw":"service","tg":"na","name":"South Road","ref":"","surface":"unpaved","sc":"unpaved","speed":null,"lit":"unk","km":0.456}},
{"type":"Feature","geometry":{"type":"LineString","coordinates":[[-13.19565,8.48049],[-13.1956,8.48063],[-13.19559,8.48068]]},"properties":{"id":206499128,"cls":"service","hw":"service","tg":"na","name":"","ref":"","surface":"","sc":"unknown","speed":null,"lit":"unk","km":0.022}},
{"type":"Feature","geometry":{"type":"LineString","coordinates":[[-13.20384,8.48517],[-13.20378,8.4851],[-13.20379,8.48499],[-13.2038,8.48494],[-13.20378,8.48488],[-13.20378,8.48484],[-13.20375,8.48482],[-13.20372,8.48479],[-13.20367,8.48479],[-13.20341,8.48484]]},"properties":{"id":206499130,"cls":"service","hw":"service","tg":"na","name":"","ref":"","surface":"","sc":"unknown","speed":null,"lit":"unk","km":0.083}},
{"type":"Feature","geometry":{"type":"LineString","coordinates":[[-13.19412,8.48214],[-13.19412,8.48203],[-13.19416,8.48196],[-13.19432,8.48166],[-13.19439,8.48154]]},"properties":{"id":206499132,"cls":"service","hw":"service","tg":"na","name":"","ref":"","surface":"","sc":"unknown","speed":null,"lit":"unk","km":0.074}},
{"type":"Feature","geometry":{"type":"LineString","coordinates":[[-13.19511,8.48091],[-13.19475,8.48102],[-13.19463,8.48108],[-13.19448,8.48113],[-13.19403,8.48139],[-13.19371,8.48159],[-13.19346,8.48172]]},"properties":{"id":206499141,"cls":"service","hw":"service","tg":"na","name":"","ref":"","surface":"unpaved","sc":"unpaved","speed":null,"lit":"unk","km":0.204}},
{"type":"Feature","geometry":{"type":"LineString","coordinates":[[-13.211,8.48858],[-13.21068,8.48847],[-13.21064,8.48843],[-13.21064,8.48838],[-13.21073,8.48812],[-13.21079,8.48799],[-13.21088,8.48776],[-13.21095,8.48754],[-13.21096,8.48753],[-13.21097,8.48745],[-13.21097,8.48736],[-13.21097,8.48729],[-13.21097,8.48722],[-13.21098,8.48714],[-13.21097,8.48704],[-13.21097,8.48696],[-13.21097,8.48689],[-13.211,8.48683],[-13.21107,8.48677],[-13.21115,8.48669],[-13.21121,8.48662],[-13.21126,8.48652],[-13.21131,8.48642],[-13.21144,8.48594],[-13.2115,8.48576],[-13.21153,8.48567],[-13.21154,8.48565],[-13.2116,8.48544],[-13.21165,8.48533],[-13.21167,8.48526],[-13.21168,8.48519],[-13.21169,8.48514],[-13.21171,8.48503],[-13.21173,8.48492],[-13.21172,8.48476],[-13.21172,8.48466],[-13.2117,8.48455],[-13.21165,8.48431],[-13.21164,8.48422],[-13.21166,8.48415],[-13.21172,8.48404],[-13.21188,8.48378],[-13.21201,8.48348],[-13.21209,8.48329],[-13.21219,8.48308]]},"properties":{"id":206499143,"cls":"service","hw":"service","tg":"na","name":"","ref":"","surface":"","sc":"unknown","speed":null,"lit":"unk","km":0.68}},
{"type":"Feature","geometry":{"type":"LineString","coordinates":[[-13.2123,8.48385],[-13.21188,8.48378]]},"properties":{"id":206499146,"cls":"service","hw":"service","tg":"na","name":"","ref":"","surface":"","sc":"unknown","speed":null,"lit":"unk","km":0.047}},
{"type":"Feature","geometry":{"type":"LineString","coordinates":[[-13.18877,8.47723],[-13.18878,8.47715],[-13.18877,8.47702],[-13.18879,8.47683],[-13.18886,8.47672]]},"properties":{"id":206506103,"cls":"service","hw":"service","tg":"na","name":"","ref":"","surface":"","sc":"unknown","speed":null,"lit":"unk","km":0.059}},
{"type":"Feature","geometry":{"type":"LineString","coordinates":[[-13.18986,8.47727],[-13.18983,8.47702],[-13.1898,8.4767],[-13.18983,8.47625]]},"properties":{"id":206506104,"cls":"service","hw":"service","tg":"na","name":"QUEER ELZEBETH ROAD KISS Y","ref":"","surface":"","sc":"unknown","speed":null,"lit":"unk","km":0.114}},
{"type":"Feature","geometry":{"type":"LineString","coordinates":[[-13.19228,8.47666],[-13.19221,8.47643],[-13.19221,8.47637],[-13.19217,8.47634],[-13.19208,8.4763],[-13.19188,8.47622],[-13.1917,8.47615],[-13.19159,8.47611],[-13.19146,8.47605],[-13.1913,8.47597],[-13.19119,8.47587],[-13.19109,8.47578],[-13.19103,8.47572],[-13.19096,8.47567],[-13.19085,8.47564],[-13.19075,8.47562]]},"properties":{"id":206506105,"cls":"service","hw":"service","tg":"na","name":"","ref":"","surface":"unpaved","sc":"unpaved","speed":null,"lit":"unk","km":0.217}},
{"type":"Feature","geometry":{"type":"LineString","coordinates":[[-13.20603,8.48287],[-13.20605,8.48325],[-13.20605,8.48335],[-13.20607,8.48344]]},"properties":{"id":206506107,"cls":"service","hw":"service","tg":"na","name":"","ref":"","surface":"","sc":"unknown","speed":null,"lit":"unk","km":0.064}},
{"type":"Feature","geometry":{"type":"LineString","coordinates":[[-13.20468,8.48856],[-13.20463,8.48846],[-13.20449,8.4883],[-13.20438,8.4882],[-13.20431,8.48817],[-13.20426,8.48816],[-13.2042,8.48816],[-13.20413,8.4882],[-13.20383,8.48837],[-13.20347,8.48864],[-13.2031,8.48897]]},"properties":{"id":206506113,"cls":"service","hw":"service","tg":"na","name":"Marine Department","ref":"","surface":"","sc":"unknown","speed":null,"lit":"unk","km":0.224}},
{"type":"Feature","geometry":{"type":"LineString","coordinates":[[-13.19952,8.47917],[-13.19951,8.47927],[-13.1995,8.47935],[-13.19949,8.47946],[-13.19948,8.47952],[-13.19947,8.47957],[-13.19944,8.4797],[-13.19941,8.47983],[-13.19935,8.48002],[-13.19928,8.4802],[-13.19915,8.48047],[-13.19908,8.48063]]},"properties":{"id":206506121,"cls":"service","hw":"service","tg":"na","name":"Back Wind","ref":"","surface":"","sc":"unknown","speed":null,"lit":"unk","km":0.171}},
{"type":"Feature","geometry":{"type":"LineString","coordinates":[[-13.19181,8.47709],[-13.19174,8.47703],[-13.1917,8.47702],[-13.19166,8.477]]},"properties":{"id":206506123,"cls":"service","hw":"service","tg":"na","name":"","ref":"","surface":"unpaved","sc":"unpaved","speed":null,"lit":"unk","km":0.02}},
{"type":"Feature","geometry":{"type":"LineString","coordinates":[[-13.19053,8.47724],[-13.19054,8.47719],[-13.19057,8.477]]},"properties":{"id":206506125,"cls":"service","hw":"service","tg":"na","name":"","ref":"","surface":"","sc":"unknown","speed":null,"lit":"unk","km":0.027}},
{"type":"Feature","geometry":{"type":"LineString","coordinates":[[-13.20679,8.60749],[-13.20728,8.60736]]},"properties":{"id":206627144,"cls":"service","hw":"service","tg":"na","name":"","ref":"","surface":"","sc":"unknown","speed":null,"lit":"unk","km":0.056}},
{"type":"Feature","geometry":{"type":"LineString","coordinates":[[-13.20701,8.4789],[-13.20707,8.47887]]},"properties":{"id":206841033,"cls":"service","hw":"service","tg":"na","name":"","ref":"","surface":"","sc":"unknown","speed":null,"lit":"unk","km":0.007}},
{"type":"Feature","geometry":{"type":"LineString","coordinates":[[-13.21186,8.48019],[-13.21175,8.4802],[-13.21159,8.48021],[-13.2114,8.48026],[-13.21124,8.48033],[-13.21129,8.48056],[-13.21134,8.48076],[-13.21136,8.48082],[-13.21139,8.48085],[-13.21144,8.48086],[-13.21155,8.48085],[-13.21168,8.4808],[-13.21185,8.48072]]},"properties":{"id":206841035,"cls":"service","hw":"service","tg":"na","name":"","ref":"","surface":"","sc":"unknown","speed":null,"lit":"unk","km":0.185}},
{"type":"Feature","geometry":{"type":"LineString","coordinates":[[-13.20777,8.47904],[-13.20779,8.47919],[-13.20778,8.47929],[-13.20773,8.4795],[-13.20769,8.47963],[-13.20767,8.47979],[-13.20763,8.47998],[-13.20761,8.48005],[-13.20756,8.4802]]},"properties":{"id":206841036,"cls":"service","hw":"service","tg":"na","name":"","ref":"","surface":"","sc":"unknown","speed":null,"lit":"unk","km":0.132}},
{"type":"Feature","geometry":{"type":"LineString","coordinates":[[-13.21092,8.47988],[-13.21083,8.47989],[-13.21076,8.47988],[-13.21064,8.47987],[-13.2106,8.47989],[-13.21057,8.47991],[-13.21054,8.47993],[-13.21052,8.47997],[-13.2105,8.48005],[-13.21053,8.48017],[-13.21059,8.4802],[-13.21065,8.48021],[-13.21081,8.48021],[-13.21094,8.4802],[-13.21097,8.48018],[-13.21099,8.48015],[-13.21099,8.4801],[-13.21099,8.48007],[-13.21098,8.48005],[-13.21096,8.48],[-13.21093,8.47993],[-13.21092,8.47988],[-13.2109,8.4798],[-13.21087,8.47959],[-13.21087,8.47956],[-13.2109,8.47954]]},"properties":{"id":206841037,"cls":"service","hw":"service","tg":"na","name":"","ref":"","surface":"","sc":"unknown","speed":null,"lit":"unk","km":0.197}},
{"type":"Feature","geometry":{"type":"LineString","coordinates":[[-13.20688,8.47864],[-13.20696,8.47882],[-13.20701,8.4789],[-13.20707,8.479]]},"properties":{"id":206841038,"cls":"service","hw":"service","tg":"na","name":"","ref":"","surface":"","sc":"unknown","speed":null,"lit":"unk","km":0.045}},
{"type":"Feature","geometry":{"type":"LineString","coordinates":[[-13.21888,8.48981],[-13.21882,8.48982]]},"properties":{"id":206841040,"cls":"service","hw":"service","tg":"na","name":"","ref":"","surface":"","sc":"unknown","speed":null,"lit":"unk","km":0.007}},
{"type":"Feature","geometry":{"type":"LineString","coordinates":[[-13.21201,8.48071],[-13.21183,8.48079],[-13.21166,8.48087],[-13.21154,8.48092],[-13.21137,8.48101],[-13.21122,8.48103],[-13.2111,8.48102],[-13.211,8.481],[-13.21087,8.48093],[-13.2108,8.4809],[-13.21061,8.48083],[-13.21057,8.48081],[-13.21048,8.48075],[-13.21046,8.48066],[-13.21041,8.48056]]},"properties":{"id":206841041,"cls":"service","hw":"service","tg":"na","name":"","ref":"","surface":"","sc":"unknown","speed":null,"lit":"unk","km":0.206}},
{"type":"Feature","geometry":{"type":"LineString","coordinates":[[-13.19332,8.47514],[-13.19324,8.47528],[-13.19316,8.47542]]},"properties":{"id":206841042,"cls":"service","hw":"service","tg":"na","name":"","ref":"","surface":"","sc":"unknown","speed":null,"lit":"unk","km":0.036}},
{"type":"Feature","geometry":{"type":"LineString","coordinates":[[-13.21161,8.47935],[-13.21142,8.4794],[-13.2114,8.4794],[-13.21127,8.47944],[-13.21106,8.47949],[-13.2109,8.47954]]},"properties":{"id":206841050,"cls":"service","hw":"service","tg":"na","name":"","ref":"","surface":"","sc":"unknown","speed":null,"lit":"unk","km":0.081}},
{"type":"Feature","geometry":{"type":"LineString","coordinates":[[-13.21142,8.4794],[-13.21138,8.47922],[-13.21134,8.47912],[-13.21132,8.47909],[-13.21127,8.47905],[-13.21119,8.47903],[-13.2111,8.47901],[-13.21104,8.47896],[-13.21101,8.47893],[-13.21099,8.47886],[-13.21098,8.4788],[-13.21095,8.4787]]},"properties":{"id":206841052,"cls":"service","hw":"service","tg":"na","name":"","ref":"","surface":"","sc":"unknown","speed":null,"lit":"unk","km":0.103}},
{"type":"Feature","geometry":{"type":"LineString","coordinates":[[-13.20726,8.4782],[-13.20722,8.47829],[-13.20716,8.47836],[-13.20688,8.47864],[-13.20682,8.47869],[-13.20671,8.47876],[-13.20658,8.47884]]},"properties":{"id":206841053,"cls":"service","hw":"service","tg":"na","name":"","ref":"","surface":"","sc":"unknown","speed":null,"lit":"unk","km":0.105}},
{"type":"Feature","geometry":{"type":"LineString","coordinates":[[-13.20821,8.4795],[-13.20794,8.48032]]},"properties":{"id":206841058,"cls":"service","hw":"service","tg":"na","name":"","ref":"","surface":"","sc":"unknown","speed":null,"lit":"unk","km":0.096}},
{"type":"Feature","geometry":{"type":"LineString","coordinates":[[-13.20707,8.47968],[-13.20676,8.47956],[-13.20666,8.47952],[-13.20662,8.4795],[-13.20659,8.47949],[-13.20657,8.47941]]},"properties":{"id":206841059,"cls":"service","hw":"service","tg":"na","name":"","ref":"","surface":"","sc":"unknown","speed":null,"lit":"unk","km":0.066}},
{"type":"Feature","geometry":{"type":"LineString","coordinates":[[-13.20831,8.47801],[-13.20808,8.47748],[-13.208,8.4774],[-13.20792,8.47734],[-13.20779,8.47736],[-13.20728,8.47753],[-13.2072,8.47755],[-13.20714,8.47756],[-13.20701,8.4775],[-13.20695,8.47748],[-13.20689,8.47744]]},"properties":{"id":206841060,"cls":"service","hw":"service","tg":"na","name":"","ref":"","surface":"","sc":"unknown","speed":null,"lit":"unk","km":0.208}},
{"type":"Feature","geometry":{"type":"LineString","coordinates":[[-13.21863,8.48955],[-13.21865,8.48961],[-13.21869,8.48971],[-13.2187,8.48974],[-13.21874,8.48977],[-13.21882,8.48982],[-13.21884,8.48984],[-13.21885,8.48988],[-13.21885,8.48992],[-13.21879,8.49],[-13.21876,8.49005],[-13.21873,8.49014],[-13.2187,8.49027],[-13.21868,8.49034],[-13.2187,8.49041],[-13.21877,8.49046],[-13.21884,8.49049],[-13.21897,8.49045],[-13.21902,8.49036],[-13.21914,8.49033]]},"properties":{"id":206841063,"cls":"service","hw":"service","tg":"na","name":"","ref":"","surface":"","sc":"unknown","speed":null,"lit":"unk","km":0.168}},
{"type":"Feature","geometry":{"type":"LineString","coordinates":[[-13.21788,8.4896],[-13.21788,8.48966],[-13.21792,8.48989],[-13.21797,8.48996],[-13.21808,8.49011],[-13.21809,8.49021],[-13.21806,8.49038],[-13.21802,8.49053],[-13.21791,8.49089],[-13.21788,8.49096]]},"properties":{"id":206841064,"cls":"service","hw":"service","tg":"na","name":"","ref":"","surface":"","sc":"unknown","speed":null,"lit":"unk","km":0.161}},
{"type":"Feature","geometry":{"type":"LineString","coordinates":[[-13.20763,8.47998],[-13.20722,8.47987]]},"properties":{"id":206841065,"cls":"service","hw":"service","tg":"na","name":"","ref":"","surface":"","sc":"unknown","speed":null,"lit":"unk","km":0.047}},
{"type":"Feature","geometry":{"type":"LineString","coordinates":[[-13.20755,8.4784],[-13.2075,8.4783],[-13.20746,8.47822],[-13.20741,8.4782],[-13.20726,8.4782],[-13.20724,8.47812],[-13.20719,8.47807],[-13.2071,8.47803],[-13.207,8.478],[-13.20675,8.47798]]},"properties":{"id":206841068,"cls":"service","hw":"service","tg":"na","name":"","ref":"","surface":"","sc":"unknown","speed":null,"lit":"unk","km":0.112}},
{"type":"Feature","geometry":{"type":"LineString","coordinates":[[-13.19249,8.47472],[-13.19241,8.47489],[-13.19216,8.47538]]},"properties":{"id":206841069,"cls":"service","hw":"service","tg":"na","name":"","ref":"","surface":"","sc":"unknown","speed":null,"lit":"unk","km":0.082}},
{"type":"Feature","geometry":{"type":"LineString","coordinates":[[-12.95652,7.90939],[-12.95632,7.90945],[-12.95616,7.90938],[-12.95602,7.90932],[-12.95588,7.90936],[-12.95574,7.90946]]},"properties":{"id":215135677,"cls":"service","hw":"service","tg":"na","name":"","ref":"","surface":"","sc":"unknown","speed":null,"lit":"unk","km":0.094}},
{"type":"Feature","geometry":{"type":"LineString","coordinates":[[-13.13942,8.92759],[-13.13935,8.92757],[-13.13932,8.92756],[-13.13927,8.92753],[-13.13919,8.92751],[-13.1391,8.9275],[-13.13899,8.92747],[-13.1389,8.92744],[-13.13882,8.92741],[-13.13877,8.92738],[-13.13874,8.92733],[-13.1387,8.92727],[-13.13864,8.92722]]},"properties":{"id":217767051,"cls":"service","hw":"service","tg":"na","name":"","ref":"","surface":"","sc":"unknown","speed":null,"lit":"unk","km":0.099}},
{"type":"Feature","geometry":{"type":"LineString","coordinates":[[-13.14066,8.92996],[-13.14071,8.92991],[-13.14079,8.92985],[-13.14091,8.92978],[-13.14104,8.92971],[-13.14111,8.92968],[-13.14125,8.92961],[-13.14131,8.92976],[-13.14135,8.9299],[-13.1414,8.93019],[-13.14141,8.93034],[-13.14146,8.9305],[-13.14156,8.93078]]},"properties":{"id":217767052,"cls":"service","hw":"service","tg":"na","name":"","ref":"","surface":"","sc":"unknown","speed":null,"lit":"unk","km":0.211}},
{"type":"Feature","geometry":{"type":"LineString","coordinates":[[-12.42288,8.16593],[-12.42283,8.16584],[-12.42256,8.16554],[-12.422,8.16509],[-12.42183,8.16502],[-12.42158,8.16506],[-12.42077,8.16492]]},"properties":{"id":222882204,"cls":"service","hw":"service","tg":"na","name":"","ref":"","surface":"","sc":"unknown","speed":null,"lit":"unk","km":0.274}},
{"type":"Feature","geometry":{"type":"LineString","coordinates":[[-12.43482,8.14981],[-12.43508,8.15012]]},"properties":{"id":222882211,"cls":"service","hw":"service","tg":"na","name":"","ref":"","surface":"","sc":"unknown","speed":null,"lit":"unk","km":0.045}},
{"type":"Feature","geometry":{"type":"LineString","coordinates":[[-12.43254,8.15984],[-12.43247,8.15991],[-12.43246,8.15993],[-12.43243,8.16014],[-12.43243,8.16028],[-12.43233,8.16065],[-12.43229,8.1608],[-12.43228,8.16087],[-12.43237,8.16093],[-12.43223,8.16137],[-12.43217,8.16157],[-12.43222,8.16171],[-12.43229,8.16191],[-12.43238,8.1621],[-12.43247,8.16228]]},"properties":{"id":222882235,"cls":"service","hw":"service","tg":"na","name":"","ref":"","surface":"","sc":"unknown","speed":null,"lit":"unk","km":0.292}},
{"type":"Feature","geometry":{"type":"LineString","coordinates":[[-12.04093,8.87606],[-12.04124,8.87603],[-12.04142,8.87604],[-12.04151,8.876],[-12.0416,8.87591],[-12.04169,8.87585],[-12.04182,8.87581],[-12.04222,8.87572],[-12.04243,8.87565],[-12.04258,8.87561],[-12.04273,8.87555]]},"properties":{"id":224691331,"cls":"service","hw":"service","tg":"na","name":"","ref":"","surface":"","sc":"unknown","speed":null,"lit":"unk","km":0.21}},
{"type":"Feature","geometry":{"type":"LineString","coordinates":[[-12.04171,8.89189],[-12.04256,8.89228],[-12.04298,8.89247],[-12.04352,8.8927],[-12.04356,8.89272]]},"properties":{"id":224691408,"cls":"service","hw":"service","tg":"na","name":"Field street","ref":"","surface":"asphalt","sc":"paved","speed":null,"lit":"unk","km":0.223}},
{"type":"Feature","geometry":{"type":"LineString","coordinates":[[-11.71372,7.94834],[-11.71375,7.94861]]},"properties":{"id":230403922,"cls":"service","hw":"service","tg":"na","name":"","ref":"","surface":"","sc":"unknown","speed":null,"lit":"unk","km":0.03}},
{"type":"Feature","geometry":{"type":"LineString","coordinates":[[-13.13826,8.93036],[-13.1382,8.93055],[-13.13814,8.93081],[-13.13808,8.93098]]},"properties":{"id":239177438,"cls":"service","hw":"service","tg":"na","name":"","ref":"","surface":"","sc":"unknown","speed":null,"lit":"unk","km":0.072}},
{"type":"Feature","geometry":{"type":"LineString","coordinates":[[-13.20134,8.61513],[-13.20112,8.61506],[-13.20103,8.61504],[-13.20058,8.6149]]},"properties":{"id":240169877,"cls":"service","hw":"service","tg":"na","name":"","ref":"","surface":"paved","sc":"paved","speed":null,"lit":"unk","km":0.087}},
{"type":"Feature","geometry":{"type":"LineString","coordinates":[[-12.05012,8.87209],[-12.04973,8.87205],[-12.04965,8.87202],[-12.04959,8.87197],[-12.04957,8.87187],[-12.04957,8.87179]]},"properties":{"id":241159828,"cls":"service","hw":"service","tg":"na","name":"","ref":"","surface":"","sc":"unknown","speed":null,"lit":"unk","km":0.081}},
{"type":"Feature","geometry":{"type":"LineString","coordinates":[[-12.04957,8.87179],[-12.04953,8.87162],[-12.0495,8.87156],[-12.04944,8.87147],[-12.04935,8.87138],[-12.04921,8.87133],[-12.04898,8.87129],[-12.04886,8.87128],[-12.04874,8.87125],[-12.0486,8.87117],[-12.04851,8.87111],[-12.04845,8.87105],[-12.04838,8.87095],[-12.04834,8.87087],[-12.0483,8.87077],[-12.04826,8.87064],[-12.04826,8.87062],[-12.04826,8.87061]]},"properties":{"id":241159830,"cls":"service","hw":"service","tg":"na","name":"","ref":"","surface":"","sc":"unknown","speed":null,"lit":"unk","km":0.215}},
{"type":"Feature","geometry":{"type":"LineString","coordinates":[[-12.04963,8.87062],[-12.0494,8.8706],[-12.04925,8.8706],[-12.0491,8.87062],[-12.04898,8.87064],[-12.04857,8.87062],[-12.0483,8.8706],[-12.04827,8.8706],[-12.04826,8.87061]]},"properties":{"id":241159837,"cls":"service","hw":"service","tg":"na","name":"","ref":"","surface":"","sc":"unknown","speed":null,"lit":"unk","km":0.152}},
{"type":"Feature","geometry":{"type":"LineString","coordinates":[[-12.0503,8.87032],[-12.04967,8.87027],[-12.04958,8.87017],[-12.04951,8.87009],[-12.04945,8.86999],[-12.04942,8.86986],[-12.0494,8.86968],[-12.04938,8.86953],[-12.04932,8.86937],[-12.04923,8.86924],[-12.04906,8.86915]]},"properties":{"id":241159838,"cls":"service","hw":"service","tg":"na","name":"","ref":"","surface":"","sc":"unknown","speed":null,"lit":"unk","km":0.218}},
{"type":"Feature","geometry":{"type":"LineString","coordinates":[[-12.04935,8.87138],[-12.04946,8.87125],[-12.04953,8.87115],[-12.04958,8.87104]]},"properties":{"id":241159839,"cls":"service","hw":"service","tg":"na","name":"","ref":"","surface":"","sc":"unknown","speed":null,"lit":"unk","km":0.046}},
{"type":"Feature","geometry":{"type":"LineString","coordinates":[[-12.04917,8.87084],[-12.04915,8.8708],[-12.04913,8.87076],[-12.04911,8.87071],[-12.0491,8.87062]]},"properties":{"id":241159841,"cls":"service","hw":"service","tg":"na","name":"","ref":"","surface":"","sc":"unknown","speed":null,"lit":"unk","km":0.026}},
{"type":"Feature","geometry":{"type":"LineString","coordinates":[[-13.20058,8.6149],[-13.20045,8.61486],[-13.20036,8.61486],[-13.20026,8.61487],[-13.20017,8.61488],[-13.19974,8.61506],[-13.19957,8.61514]]},"properties":{"id":241219200,"cls":"service","hw":"service","tg":"na","name":"","ref":"","surface":"","sc":"unknown","speed":null,"lit":"unk","km":0.118}},
{"type":"Feature","geometry":{"type":"LineString","coordinates":[[-13.20134,8.61513],[-13.20139,8.61515],[-13.20144,8.61516],[-13.20171,8.61524],[-13.20218,8.61539],[-13.20223,8.61541],[-13.20227,8.61542],[-13.20259,8.61551],[-13.20287,8.61559],[-13.20346,8.61576],[-13.20356,8.61579],[-13.20366,8.61582],[-13.20397,8.61592],[-13.20419,8.61599],[-13.20447,8.61612],[-13.20466,8.61621],[-13.20486,8.61635],[-13.20509,8.61653]]},"properties":{"id":241219201,"cls":"service","hw":"service","tg":"na","name":"","ref":"","surface":"","sc":"unknown","speed":null,"lit":"unk","km":0.444}},
{"type":"Feature","geometry":{"type":"LineString","coordinates":[[-13.2117,8.62036],[-13.21159,8.62039]]},"properties":{"id":241492426,"cls":"service","hw":"service","tg":"na","name":"","ref":"","surface":"","sc":"unknown","speed":null,"lit":"unk","km":0.013}},
{"type":"Feature","geometry":{"type":"LineString","coordinates":[[-13.20528,8.61675],[-13.20538,8.61686],[-13.20576,8.61721],[-13.20623,8.61764],[-13.20681,8.61815],[-13.20694,8.61827],[-13.20708,8.61838],[-13.20728,8.61848],[-13.20785,8.61865],[-13.20871,8.61892],[-13.20949,8.61915],[-13.21035,8.61944],[-13.21043,8.61947],[-13.21051,8.61951],[-13.21078,8.61969],[-13.21096,8.61983],[-13.21115,8.62002],[-13.21145,8.62036],[-13.21152,8.62043],[-13.2116,8.62051],[-13.21178,8.62067],[-13.21318,8.6222],[-13.21321,8.62228],[-13.21321,8.62233],[-13.2132,8.62238],[-13.21317,8.62241],[-13.21238,8.6229],[-13.21227,8.62296],[-13.21218,8.62298],[-13.21207,8.62299],[-13.21197,8.62298],[-13.21187,8.62295],[-13.20145,8.6198],[-13.20142,8.61979],[-13.20139,8.6198],[-13.20138,8.61982],[-13.20101,8.62105],[-13.20097,8.62111],[-13.20092,8.62116],[-13.20087,8.62118],[-13.20081,8.62117],[-13.20074,8.62116],[-13.19669,8.61989],[-13.19545,8.61947],[-13.19489,8.61925],[-13.19462,8.61916],[-13.1941,8.61902],[-13.19354,8.61892],[-13.19093,8.61854],[-13.19061,8.61848],[-13.19028,8.61838]]},"properties":{"id":241492430,"cls":"service","hw":"service","tg":"na","name":"","ref":"","surface":"","sc":"unknown","speed":null,"lit":"unk","km":3.854}},
{"type":"Feature","geometry":{"type":"LineString","coordinates":[[-13.20139,8.61515],[-13.20148,8.61491],[-13.20153,8.61489],[-13.20159,8.6149],[-13.20177,8.61496],[-13.2021,8.61506],[-13.20214,8.61508],[-13.20216,8.6151],[-13.20219,8.61513],[-13.2022,8.61518],[-13.20219,8.61532],[-13.20218,8.61539]]},"properties":{"id":241492433,"cls":"service","hw":"service","tg":"na","name":"","ref":"","surface":"paved","sc":"paved","speed":null,"lit":"unk","km":0.142}},
{"type":"Feature","geometry":{"type":"LineString","coordinates":[[-13.18069,8.61545],[-13.18057,8.6154],[-13.18043,8.61528],[-13.18004,8.61484],[-13.17994,8.61466],[-13.17992,8.61438],[-13.1802,8.61353],[-13.18019,8.61337],[-13.18017,8.61327],[-13.17998,8.61321],[-13.1798,8.61314],[-13.17959,8.61299],[-13.1794,8.61285],[-13.17889,8.61251],[-13.1782,8.61216],[-13.1777,8.61198],[-13.17762,8.61194],[-13.17757,8.6118],[-13.17755,8.6117],[-13.17761,8.61147],[-13.17772,8.6111],[-13.17782,8.61084],[-13.17787,8.61077],[-13.17791,8.61073],[-13.17798,8.61068],[-13.17807,8.61065],[-13.17853,8.61061],[-13.1791,8.61058],[-13.1799,8.61054],[-13.18078,8.61048],[-13.18156,8.6104],[-13.18198,8.6104],[-13.18218,8.61041],[-13.18229,8.61043],[-13.18252,8.61047],[-13.18321,8.61069],[-13.1835,8.61078],[-13.184,8.61093],[-13.1849,8.61121],[-13.18535,8.61135],[-13.18588,8.61151],[-13.18669,8.61176],[-13.18738,8.61197],[-13.18825,8.61223],[-13.18892,8.61244],[-13.18995,8.61276],[-13.19014,8.6128],[-13.19033,8.61285],[-13.19059,8.61293],[-13.19101,8.61305],[-13.19147,8.61319],[-13.19236,8.61345],[-13.19298,8.61363],[-13.19376,8.61387],[-13.19428,8.61403],[-13.19501,8.61425],[-13.19563,8.61447],[-13.19586,8.61452],[-13.19616,8.61457]]},"properties":{"id":241597730,"cls":"service","hw":"service","tg":"na","name":"Airport Perimeter Road","ref":"","surface":"","sc":"unknown","speed":null,"lit":"unk","km":2.824}},
{"type":"Feature","geometry":{"type":"LineString","coordinates":[[-13.20461,8.61305],[-13.20442,8.61302],[-13.20439,8.61298],[-13.20439,8.61294],[-13.2044,8.6129],[-13.20443,8.61285],[-13.20448,8.61284],[-13.20465,8.61287]]},"properties":{"id":242020708,"cls":"service","hw":"service","tg":"na","name":"","ref":"","surface":"","sc":"unknown","speed":null,"lit":"unk","km":0.067}},
{"type":"Feature","geometry":{"type":"LineString","coordinates":[[-12.38893,8.4793],[-12.38893,8.47889],[-12.38913,8.47854],[-12.38943,8.47834],[-12.38974,8.47804],[-12.38983,8.47787],[-12.38993,8.47742],[-12.38997,8.47728],[-12.3901,8.47707],[-12.39024,8.47696],[-12.39069,8.47674],[-12.39108,8.47639],[-12.39138,8.47609],[-12.39163,8.47567],[-12.39175,8.47521],[-12.39183,8.47493],[-12.39205,8.47445],[-12.39242,8.47403],[-12.39273,8.47375],[-12.39333,8.47341],[-12.3938,8.47323],[-12.39438,8.47296],[-12.39454,8.47289]]},"properties":{"id":242035194,"cls":"service","hw":"service","tg":"na","name":"","ref":"","surface":"","sc":"unknown","speed":null,"lit":"unk","km":1.001}},
{"type":"Feature","geometry":{"type":"LineString","coordinates":[[-13.18773,8.48097],[-13.18761,8.4811],[-13.18751,8.48119],[-13.18744,8.48124],[-13.18738,8.48128],[-13.18734,8.48134],[-13.18735,8.4814],[-13.1874,8.48145],[-13.18745,8.48147],[-13.18751,8.48144],[-13.18756,8.48139]]},"properties":{"id":243720721,"cls":"service","hw":"service","tg":"na","name":"","ref":"","surface":"","sc":"unknown","speed":null,"lit":"unk","km":0.096}},
{"type":"Feature","geometry":{"type":"LineString","coordinates":[[-13.2865,8.48879],[-13.28665,8.48901],[-13.2867,8.48908],[-13.28676,8.48929]]},"properties":{"id":249513090,"cls":"service","hw":"service","tg":"na","name":"","ref":"","surface":"","sc":"unknown","speed":null,"lit":"unk","km":0.063}},
{"type":"Feature","geometry":{"type":"LineString","coordinates":[[-13.20223,8.61541],[-13.20204,8.61583],[-13.202,8.61587],[-13.20194,8.6159],[-13.20187,8.61592],[-13.20163,8.61597],[-13.20151,8.61601]]},"properties":{"id":252828133,"cls":"service","hw":"service","tg":"na","name":"","ref":"","surface":"","sc":"unknown","speed":null,"lit":"unk","km":0.114}},
{"type":"Feature","geometry":{"type":"LineString","coordinates":[[-13.20538,8.61686],[-13.20517,8.61686],[-13.20471,8.61691],[-13.20452,8.61693],[-13.20438,8.61693],[-13.2042,8.61692],[-13.20403,8.61687],[-13.20382,8.6168],[-13.20136,8.61604]]},"properties":{"id":252828134,"cls":"service","hw":"service","tg":"na","name":"","ref":"","surface":"","sc":"unknown","speed":null,"lit":"unk","km":0.457}},
{"type":"Feature","geometry":{"type":"LineString","coordinates":[[-13.20259,8.61551],[-13.20255,8.61563]]},"properties":{"id":252828135,"cls":"service","hw":"service","tg":"na","name":"","ref":"","surface":"","sc":"unknown","speed":null,"lit":"unk","km":0.014}},
{"type":"Feature","geometry":{"type":"LineString","coordinates":[[-13.20136,8.61604],[-13.19959,8.6155],[-13.19943,8.61544],[-13.1992,8.61542],[-13.19898,8.61537],[-13.19825,8.61514],[-13.19643,8.61459],[-13.19631,8.61457],[-13.19624,8.61456],[-13.19616,8.61457]]},"properties":{"id":252828136,"cls":"service","hw":"service","tg":"na","name":"","ref":"","surface":"","sc":"unknown","speed":null,"lit":"unk","km":0.596}},
{"type":"Feature","geometry":{"type":"LineString","coordinates":[[-13.19949,8.61465],[-13.19974,8.61506],[-13.19963,8.61538]]},"properties":{"id":252828137,"cls":"service","hw":"service","tg":"na","name":"","ref":"","surface":"","sc":"unknown","speed":null,"lit":"unk","km":0.091}},
{"type":"Feature","geometry":{"type":"LineString","coordinates":[[-13.24182,8.47035],[-13.2423,8.47018],[-13.24235,8.47014],[-13.24235,8.47008],[-13.24231,8.46997],[-13.24228,8.46996],[-13.24225,8.46994],[-13.24183,8.47008],[-13.24182,8.47035]]},"properties":{"id":254318487,"cls":"service","hw":"service","tg":"na","name":"","ref":"","surface":"paved","sc":"paved","speed":null,"lit":"unk","km":0.169}},
{"type":"Feature","geometry":{"type":"LineString","coordinates":[[-13.24225,8.46994],[-13.24218,8.46968],[-13.24216,8.46963],[-13.24213,8.4696],[-13.24208,8.46958],[-13.24171,8.46954],[-13.24162,8.46948],[-13.24154,8.46942],[-13.24152,8.46938]]},"properties":{"id":254318488,"cls":"service","hw":"service","tg":"na","name":"","ref":"","surface":"paved","sc":"paved","speed":null,"lit":"unk","km":0.115}},
{"type":"Feature","geometry":{"type":"LineString","coordinates":[[-12.16336,9.03392],[-12.1634,9.03364]]},"properties":{"id":254711555,"cls":"service","hw":"service","tg":"na","name":"","ref":"","surface":"","sc":"unknown","speed":null,"lit":"unk","km":0.031}},
{"type":"Feature","geometry":{"type":"LineString","coordinates":[[-13.20662,8.60961],[-13.20645,8.60977],[-13.20635,8.60997],[-13.20626,8.61023]]},"properties":{"id":255488536,"cls":"service","hw":"service","tg":"na","name":"","ref":"","surface":"","sc":"unknown","speed":null,"lit":"unk","km":0.081}},
{"type":"Feature","geometry":{"type":"LineString","coordinates":[[-13.20662,8.60961],[-13.20642,8.60955],[-13.20614,8.60955],[-13.20586,8.60962]]},"properties":{"id":255488537,"cls":"service","hw":"service","tg":"na","name":"","ref":"","surface":"","sc":"unknown","speed":null,"lit":"unk","km":0.086}},
{"type":"Feature","geometry":{"type":"LineString","coordinates":[[-13.20728,8.60736],[-13.20746,8.6073],[-13.2075,8.60745],[-13.20754,8.60756]]},"properties":{"id":255778857,"cls":"service","hw":"service","tg":"na","name":"","ref":"","surface":"","sc":"unknown","speed":null,"lit":"unk","km":0.051}},
{"type":"Feature","geometry":{"type":"LineString","coordinates":[[-13.21464,8.62835],[-13.21478,8.62843],[-13.21486,8.62848],[-13.21489,8.62859],[-13.21494,8.62884],[-13.21504,8.62918],[-13.21514,8.62931],[-13.21514,8.62954],[-13.21531,8.63001],[-13.21541,8.63032],[-13.21545,8.63053],[-13.21548,8.63066]]},"properties":{"id":255797339,"cls":"service","hw":"service","tg":"na","name":"","ref":"","surface":"unpaved","sc":"unpaved","speed":null,"lit":"unk","km":0.283}},
{"type":"Feature","geometry":{"type":"LineString","coordinates":[[-13.23896,8.47159],[-13.23895,8.47159],[-13.23859,8.47139],[-13.23864,8.47131],[-13.23869,8.47134],[-13.23901,8.47151],[-13.239,8.47155],[-13.23896,8.47159]]},"properties":{"id":257087888,"cls":"service","hw":"service","tg":"na","name":"","ref":"","surface":"","sc":"unknown","speed":null,"lit":"unk","km":0.114}},
{"type":"Feature","geometry":{"type":"LineString","coordinates":[[-11.30934,7.31163],[-11.30929,7.31174],[-11.30917,7.31189],[-11.30905,7.31199],[-11.3089,7.31206],[-11.30878,7.31217],[-11.30868,7.31233],[-11.30853,7.31246],[-11.30805,7.31285]]},"properties":{"id":258484534,"cls":"service","hw":"service","tg":"na","name":"","ref":"","surface":"unpaved","sc":"unpaved","speed":null,"lit":"unk","km":0.2}},
{"type":"Feature","geometry":{"type":"LineString","coordinates":[[-11.31419,7.31187],[-11.31412,7.31169]]},"properties":{"id":258519210,"cls":"service","hw":"service","tg":"na","name":"","ref":"","surface":"","sc":"unknown","speed":null,"lit":"unk","km":0.021}},
{"type":"Feature","geometry":{"type":"LineString","coordinates":[[-11.30776,7.31984],[-11.3078,7.31966],[-11.3081,7.31902],[-11.3082,7.31873],[-11.30825,7.31857],[-11.30835,7.31855]]},"properties":{"id":258519211,"cls":"service","hw":"service","tg":"na","name":"","ref":"","surface":"unpaved","sc":"unpaved","speed":null,"lit":"unk","km":0.163}},
{"type":"Feature","geometry":{"type":"LineString","coordinates":[[-12.05199,7.79394],[-12.05197,7.79395],[-12.05159,7.794],[-12.05102,7.79411],[-12.05092,7.79412],[-12.05057,7.7942]]},"properties":{"id":261129167,"cls":"service","hw":"service","tg":"na","name":"","ref":"","surface":"","sc":"unknown","speed":null,"lit":"unk","km":0.159}},
{"type":"Feature","geometry":{"type":"LineString","coordinates":[[-12.05045,7.78408],[-12.05077,7.78362],[-12.05077,7.78355],[-12.0505,7.78329],[-12.05015,7.78304],[-12.05006,7.78304],[-12.04976,7.78337]]},"properties":{"id":261138338,"cls":"service","hw":"service","tg":"na","name":"","ref":"","surface":"","sc":"unknown","speed":null,"lit":"unk","km":0.218}},
{"type":"Feature","geometry":{"type":"LineString","coordinates":[[-13.15601,8.17372],[-13.15603,8.17358],[-13.15607,8.17351],[-13.15783,8.1723],[-13.15865,8.17151],[-13.15948,8.17101]]},"properties":{"id":261168920,"cls":"service","hw":"service","tg":"na","name":"","ref":"","surface":"","sc":"unknown","speed":null,"lit":"unk","km":0.493}},
{"type":"Feature","geometry":{"type":"LineString","coordinates":[[-13.19989,8.35892],[-13.19985,8.35916],[-13.19983,8.35941],[-13.19975,8.35962],[-13.1996,8.35995],[-13.19946,8.36019],[-13.19925,8.36042],[-13.19904,8.36059],[-13.19887,8.36072],[-13.19867,8.36082],[-13.19847,8.3609]]},"properties":{"id":261173415,"cls":"service","hw":"service","tg":"na","name":"","ref":"","surface":"","sc":"unknown","speed":null,"lit":"unk","km":0.287}},
{"type":"Feature","geometry":{"type":"LineString","coordinates":[[-13.19991,8.3587],[-13.1999,8.35876]]},"properties":{"id":261173417,"cls":"service","hw":"service","tg":"na","name":"","ref":"","surface":"","sc":"unknown","speed":null,"lit":"unk","km":0.007}},
{"type":"Feature","geometry":{"type":"LineString","coordinates":[[-13.1999,8.35876],[-13.19989,8.35892]]},"properties":{"id":261173418,"cls":"service","hw":"service","tg":"na","name":"","ref":"","surface":"","sc":"unknown","speed":null,"lit":"unk","km":0.018}},
{"type":"Feature","geometry":{"type":"LineString","coordinates":[[-13.27735,8.47345],[-13.27711,8.47373],[-13.27703,8.47387],[-13.27702,8.47397],[-13.27704,8.47403],[-13.27707,8.4741],[-13.2772,8.47418],[-13.27724,8.47425],[-13.27725,8.4743],[-13.27707,8.4746],[-13.27703,8.47463],[-13.27697,8.4746],[-13.2767,8.47444],[-13.27641,8.47436],[-13.27629,8.47428],[-13.27623,8.47422],[-13.27622,8.47398],[-13.27622,8.47379],[-13.2762,8.47374],[-13.27609,8.47367],[-13.27587,8.47356]]},"properties":{"id":261177871,"cls":"service","hw":"service","tg":"na","name":"","ref":"","surface":"","sc":"unknown","speed":null,"lit":"unk","km":0.357}},
{"type":"Feature","geometry":{"type":"LineString","coordinates":[[-13.2777,8.47295],[-13.2777,8.47304],[-13.27765,8.47324]]},"properties":{"id":261177872,"cls":"service","hw":"service","tg":"na","name":"","ref":"","surface":"","sc":"unknown","speed":null,"lit":"unk","km":0.033}},
{"type":"Feature","geometry":{"type":"LineString","coordinates":[[-10.57945,8.28242],[-10.5795,8.28285],[-10.57954,8.28319]]},"properties":{"id":269006938,"cls":"service","hw":"service","tg":"na","name":"","ref":"","surface":"","sc":"unknown","speed":null,"lit":"unk","km":0.086}},
{"type":"Feature","geometry":{"type":"LineString","coordinates":[[-10.56218,8.26854],[-10.5632,8.26796]]},"properties":{"id":269006940,"cls":"service","hw":"service","tg":"na","name":"","ref":"","surface":"","sc":"unknown","speed":null,"lit":"unk","km":0.129}},
{"type":"Feature","geometry":{"type":"LineString","coordinates":[[-13.21264,8.48668],[-13.2127,8.48671],[-13.21261,8.48681]]},"properties":{"id":270586604,"cls":"service","hw":"service","tg":"na","name":"","ref":"","surface":"","sc":"unknown","speed":null,"lit":"unk","km":0.022}},
{"type":"Feature","geometry":{"type":"LineString","coordinates":[[-13.17634,8.46609],[-13.17657,8.46586],[-13.17678,8.46562],[-13.17722,8.46508],[-13.17739,8.46487],[-13.17757,8.46469]]},"properties":{"id":270613650,"cls":"service","hw":"service","tg":"na","name":"","ref":"","surface":"","sc":"unknown","speed":null,"lit":"unk","km":0.206}},
{"type":"Feature","geometry":{"type":"LineString","coordinates":[[-13.25659,8.48141],[-13.25662,8.48124]]},"properties":{"id":270688763,"cls":"service","hw":"service","tg":"na","name":"","ref":"","surface":"","sc":"unknown","speed":null,"lit":"unk","km":0.019}},
{"type":"Feature","geometry":{"type":"LineString","coordinates":[[-13.25647,8.48165],[-13.25655,8.48157]]},"properties":{"id":270688765,"cls":"service","hw":"service","tg":"na","name":"","ref":"","surface":"","sc":"unknown","speed":null,"lit":"unk","km":0.013}},
{"type":"Feature","geometry":{"type":"LineString","coordinates":[[-13.25637,8.48159],[-13.25633,8.48135],[-13.25632,8.48119],[-13.25632,8.48102]]},"properties":{"id":270688768,"cls":"service","hw":"service","tg":"na","name":"","ref":"","surface":"","sc":"unknown","speed":null,"lit":"unk","km":0.064}},
{"type":"Feature","geometry":{"type":"LineString","coordinates":[[-13.25651,8.48143],[-13.25649,8.48145],[-13.25648,8.48148],[-13.25649,8.48151],[-13.2565,8.48154],[-13.25652,8.48156],[-13.25655,8.48157],[-13.25657,8.48157],[-13.2566,8.48157],[-13.25662,8.48155],[-13.25664,8.48153],[-13.25665,8.48151],[-13.25665,8.48148],[-13.25665,8.48146],[-13.25664,8.48144],[-13.25662,8.48142],[-13.25659,8.48141],[-13.25656,8.4814],[-13.25653,8.48141],[-13.25651,8.48143]]},"properties":{"id":270688772,"cls":"service","hw":"service","tg":"na","name":"","ref":"","surface":"","sc":"unknown","speed":null,"lit":"unk","km":0.059}},
{"type":"Feature","geometry":{"type":"LineString","coordinates":[[-13.1634,8.17488],[-13.16319,8.17536]]},"properties":{"id":270716214,"cls":"service","hw":"service","tg":"na","name":"","ref":"","surface":"","sc":"unknown","speed":null,"lit":"unk","km":0.058}},
{"type":"Feature","geometry":{"type":"LineString","coordinates":[[-12.9879,8.26695],[-12.98839,8.26707]]},"properties":{"id":270731375,"cls":"service","hw":"service","tg":"na","name":"","ref":"","surface":"ground","sc":"unpaved","speed":null,"lit":"unk","km":0.056}},
{"type":"Feature","geometry":{"type":"LineString","coordinates":[[-10.97981,8.62837],[-10.97977,8.62814],[-10.97973,8.62801],[-10.97966,8.62792],[-10.9796,8.62785],[-10.97941,8.62773],[-10.97929,8.62766],[-10.97901,8.62787],[-10.97882,8.62804],[-10.97865,8.62831],[-10.9784,8.62861],[-10.97832,8.62879]]},"properties":{"id":271390944,"cls":"service","hw":"service","tg":"na","name":"","ref":"","surface":"","sc":"unknown","speed":null,"lit":"unk","km":0.271}},
{"type":"Feature","geometry":{"type":"LineString","coordinates":[[-10.98179,8.62719],[-10.98184,8.62691],[-10.98188,8.62667],[-10.98193,8.62652],[-10.98201,8.62638],[-10.98205,8.62633],[-10.98208,8.62626],[-10.98209,8.62616],[-10.98207,8.6261],[-10.982,8.62605]]},"properties":{"id":271391252,"cls":"service","hw":"service","tg":"na","name":"","ref":"","surface":"","sc":"unknown","speed":null,"lit":"unk","km":0.137}},
{"type":"Feature","geometry":{"type":"LineString","coordinates":[[-10.97789,8.62986],[-10.9777,8.62987],[-10.9775,8.6299],[-10.97723,8.63],[-10.97702,8.63007],[-10.97669,8.63013],[-10.97628,8.63016],[-10.97597,8.63012],[-10.97557,8.63002],[-10.97512,8.62996],[-10.97463,8.62991],[-10.97454,8.62995],[-10.9745,8.63006],[-10.97455,8.63028]]},"properties":{"id":271391253,"cls":"service","hw":"service","tg":"na","name":"","ref":"","surface":"","sc":"unknown","speed":null,"lit":"unk","km":0.414}},
{"type":"Feature","geometry":{"type":"LineString","coordinates":[[-10.97978,8.63089],[-10.97943,8.63071],[-10.97912,8.63055],[-10.97885,8.63044],[-10.97859,8.63037],[-10.97839,8.63032],[-10.97815,8.63023],[-10.97806,8.63018],[-10.97801,8.63013],[-10.978,8.63012],[-10.97799,8.6301],[-10.97798,8.63008]]},"properties":{"id":271391254,"cls":"service","hw":"service","tg":"na","name":"","ref":"","surface":"","sc":"unknown","speed":null,"lit":"unk","km":0.22}},
{"type":"Feature","geometry":{"type":"LineString","coordinates":[[-10.51417,8.65123],[-10.51432,8.65106],[-10.51437,8.65103],[-10.51454,8.65098]]},"properties":{"id":272209277,"cls":"service","hw":"service","tg":"na","name":"","ref":"","surface":"unpaved","sc":"unpaved","speed":null,"lit":"unk","km":0.051}},
{"type":"Feature","geometry":{"type":"LineString","coordinates":[[-10.57276,8.27821],[-10.57291,8.2781],[-10.57308,8.27802],[-10.57321,8.27794],[-10.5733,8.27791],[-10.57343,8.27789],[-10.57371,8.27791],[-10.57389,8.27794]]},"properties":{"id":272907239,"cls":"service","hw":"service","tg":"na","name":"","ref":"","surface":"","sc":"unknown","speed":null,"lit":"unk","km":0.134}},
{"type":"Feature","geometry":{"type":"LineString","coordinates":[[-10.56682,8.27685],[-10.56719,8.27703],[-10.56755,8.27713],[-10.56763,8.27715]]},"properties":{"id":273455524,"cls":"service","hw":"service","tg":"na","name":"","ref":"","surface":"","sc":"unknown","speed":null,"lit":"unk","km":0.096}},
{"type":"Feature","geometry":{"type":"LineString","coordinates":[[-10.56802,8.28473],[-10.56786,8.28481],[-10.5677,8.28485],[-10.56763,8.28485]]},"properties":{"id":273679822,"cls":"service","hw":"service","tg":"na","name":"","ref":"","surface":"","sc":"unknown","speed":null,"lit":"unk","km":0.046}},
{"type":"Feature","geometry":{"type":"LineString","coordinates":[[-10.56631,8.30588],[-10.56559,8.30573]]},"properties":{"id":273815081,"cls":"service","hw":"service","tg":"na","name":"","ref":"","surface":"","sc":"unknown","speed":null,"lit":"unk","km":0.081}},
{"type":"Feature","geometry":{"type":"LineString","coordinates":[[-10.56644,8.30384],[-10.56602,8.30371]]},"properties":{"id":273815082,"cls":"service","hw":"service","tg":"na","name":"","ref":"","surface":"","sc":"unknown","speed":null,"lit":"unk","km":0.048}},
{"type":"Feature","geometry":{"type":"LineString","coordinates":[[-10.56641,8.305],[-10.56588,8.30496]]},"properties":{"id":273815083,"cls":"service","hw":"service","tg":"na","name":"","ref":"","surface":"","sc":"unknown","speed":null,"lit":"unk","km":0.058}},
{"type":"Feature","geometry":{"type":"LineString","coordinates":[[-10.55952,8.30447],[-10.5594,8.30455],[-10.55902,8.30496]]},"properties":{"id":273815084,"cls":"service","hw":"service","tg":"na","name":"","ref":"","surface":"","sc":"unknown","speed":null,"lit":"unk","km":0.078}},
{"type":"Feature","geometry":{"type":"LineString","coordinates":[[-10.5672,8.30218],[-10.56683,8.30189],[-10.56719,8.30124],[-10.56688,8.30075]]},"properties":{"id":273815087,"cls":"service","hw":"service","tg":"na","name":"","ref":"","surface":"","sc":"unknown","speed":null,"lit":"unk","km":0.199}},
{"type":"Feature","geometry":{"type":"LineString","coordinates":[[-10.55949,8.30516],[-10.55913,8.30506],[-10.55902,8.30496],[-10.5589,8.30482]]},"properties":{"id":273815090,"cls":"service","hw":"service","tg":"na","name":"","ref":"","surface":"","sc":"unknown","speed":null,"lit":"unk","km":0.078}},
{"type":"Feature","geometry":{"type":"LineString","coordinates":[[-10.56656,8.30056],[-10.56628,8.3006],[-10.56607,8.30097],[-10.56595,8.30105],[-10.56591,8.30113],[-10.56592,8.30122]]},"properties":{"id":273815091,"cls":"service","hw":"service","tg":"na","name":"","ref":"","surface":"","sc":"unknown","speed":null,"lit":"unk","km":0.114}},
{"type":"Feature","geometry":{"type":"LineString","coordinates":[[-10.56605,8.30026],[-10.56637,8.2997],[-10.56617,8.29957],[-10.56601,8.29947],[-10.566,8.29939],[-10.56593,8.29929],[-10.56579,8.29914],[-10.56576,8.29909]]},"properties":{"id":273815093,"cls":"service","hw":"service","tg":"na","name":"","ref":"","surface":"","sc":"unknown","speed":null,"lit":"unk","km":0.17}},
{"type":"Feature","geometry":{"type":"LineString","coordinates":[[-10.56851,8.30011],[-10.56814,8.29987],[-10.56809,8.2998],[-10.56809,8.29974],[-10.56802,8.29973],[-10.56799,8.2997],[-10.56801,8.29965]]},"properties":{"id":273815094,"cls":"service","hw":"service","tg":"na","name":"","ref":"","surface":"","sc":"unknown","speed":null,"lit":"unk","km":0.083}},
{"type":"Feature","geometry":{"type":"LineString","coordinates":[[-10.5678,8.30128],[-10.56688,8.30075],[-10.56656,8.30056],[-10.56638,8.30045],[-10.56605,8.30026],[-10.56564,8.30002],[-10.56538,8.29987]]},"properties":{"id":273815095,"cls":"service","hw":"service","tg":"na","name":"","ref":"","surface":"","sc":"unknown","speed":null,"lit":"unk","km":0.309}},
{"type":"Feature","geometry":{"type":"LineString","coordinates":[[-10.5655,8.30567],[-10.56579,8.30553],[-10.56585,8.30547],[-10.56589,8.30531],[-10.56588,8.30496],[-10.5659,8.3046],[-10.56595,8.30393],[-10.56644,8.30398]]},"properties":{"id":273815097,"cls":"service","hw":"service","tg":"na","name":"","ref":"","surface":"","sc":"unknown","speed":null,"lit":"unk","km":0.271}},
{"type":"Feature","geometry":{"type":"LineString","coordinates":[[-10.5659,8.3046],[-10.56578,8.30462],[-10.56571,8.30467],[-10.56562,8.30482],[-10.56551,8.30493],[-10.56536,8.30509],[-10.56518,8.3053],[-10.56511,8.30533],[-10.56509,8.3054],[-10.56505,8.30541],[-10.56502,8.3055],[-10.56483,8.30564],[-10.56468,8.30567],[-10.56462,8.30566],[-10.56439,8.30576],[-10.5643,8.30577],[-10.56427,8.3058],[-10.56418,8.3058],[-10.56409,8.30583],[-10.56403,8.30587],[-10.56401,8.30588],[-10.56401,8.3059],[-10.56392,8.30594],[-10.56384,8.30597],[-10.56378,8.30604],[-10.56377,8.30605],[-10.56373,8.3061],[-10.56372,8.30613],[-10.56372,8.30622],[-10.56362,8.30632],[-10.56355,8.30635],[-10.56354,8.30639],[-10.56297,8.30678],[-10.56291,8.30677],[-10.56287,8.30677],[-10.56272,8.30677],[-10.56264,8.30682],[-10.56264,8.30683],[-10.56252,8.30688],[-10.56242,8.307],[-10.5623,8.307],[-10.56225,8.30697],[-10.56216,8.30697],[-10.56209,8.30702],[-10.56201,8.30707],[-10.56191,8.30706],[-10.56185,8.30702],[-10.56167,8.30708],[-10.56141,8.30725],[-10.56146,8.30759],[-10.56152,8.30762],[-10.56155,8.3079],[-10.56178,8.30802],[-10.5619,8.3083],[-10.56195,8.30831],[-10.56198,8.30828],[-10.56212,8.30843],[-10.56221,8.30845],[-10.56228,8.30851],[-10.56233,8.30853],[-10.56253,8.30881],[-10.56261,8.30887],[-10.56266,8.30887],[-10.56276,8.30891],[-10.56277,8.30885],[-10.56286,8.30874],[-10.56287,8.30871],[-10.5629,8.30869],[-10.56298,8.30856],[-10.56302,8.30854],[-10.56305,8.30833],[-10.56303,8.30825],[-10.56305,8.30806],[-10.56302,8.30795],[-10.56298,8.30789],[-10.56294,8.30763],[-10.5629,8.30757],[-10.56291,8.30753],[-10.56287,8.30745],[-10.56285,8.30735],[-10.56283,8.30732],[-10.56283,8.30728],[-10.5628,8.30721],[-10.5628,8.3071],[-10.56289,8.30705],[-10.56291,8.30688],[-10.56287,8.30677]]},"properties":{"id":273815098,"cls":"service","hw":"service","tg":"na","name":"","ref":"","surface":"","sc":"unknown","speed":null,"lit":"unk","km":1.15}},
{"type":"Feature","geometry":{"type":"LineString","coordinates":[[-13.19825,8.61514],[-13.19843,8.61472],[-13.19865,8.6142],[-13.19922,8.61306]]},"properties":{"id":274332556,"cls":"service","hw":"service","tg":"na","name":"","ref":"","surface":"gravel","sc":"unpaved","speed":null,"lit":"unk","km":0.255}},
{"type":"Feature","geometry":{"type":"LineString","coordinates":[[-10.58338,8.26403],[-10.58348,8.26408],[-10.58362,8.26415],[-10.58381,8.26416],[-10.58389,8.26419]]},"properties":{"id":275580939,"cls":"service","hw":"service","tg":"na","name":"","ref":"","surface":"","sc":"unknown","speed":null,"lit":"unk","km":0.06}},
{"type":"Feature","geometry":{"type":"LineString","coordinates":[[-10.57057,8.27569],[-10.57028,8.27563],[-10.57025,8.27557],[-10.5703,8.27526],[-10.57039,8.27441],[-10.57044,8.2744],[-10.57054,8.2744],[-10.57062,8.27442],[-10.57079,8.27444]]},"properties":{"id":275580940,"cls":"service","hw":"service","tg":"na","name":"","ref":"","surface":"","sc":"unknown","speed":null,"lit":"unk","km":0.215}},
{"type":"Feature","geometry":{"type":"LineString","coordinates":[[-10.58326,8.26381],[-10.58332,8.26384],[-10.58337,8.26395],[-10.58338,8.26403],[-10.5834,8.2641],[-10.58347,8.26416],[-10.58394,8.26438]]},"properties":{"id":275580941,"cls":"service","hw":"service","tg":"na","name":"","ref":"","surface":"","sc":"unknown","speed":null,"lit":"unk","km":0.105}},
{"type":"Feature","geometry":{"type":"LineString","coordinates":[[-10.69754,8.6129],[-10.69789,8.61228],[-10.69799,8.61205],[-10.69807,8.61187],[-10.69822,8.61175],[-10.69836,8.61165],[-10.69841,8.61152],[-10.69852,8.61122],[-10.69863,8.61102],[-10.69873,8.61083],[-10.6989,8.61036]]},"properties":{"id":276403679,"cls":"service","hw":"service","tg":"na","name":"","ref":"","surface":"","sc":"unknown","speed":null,"lit":"unk","km":0.324}},
{"type":"Feature","geometry":{"type":"LineString","coordinates":[[-10.6989,8.61036],[-10.69855,8.61031],[-10.6983,8.61033],[-10.69805,8.61028],[-10.69777,8.61027],[-10.69731,8.61026]]},"properties":{"id":276403680,"cls":"service","hw":"service","tg":"na","name":"","ref":"","surface":"","sc":"unknown","speed":null,"lit":"unk","km":0.176}},
{"type":"Feature","geometry":{"type":"LineString","coordinates":[[-10.69952,8.61042],[-10.6989,8.61036]]},"properties":{"id":276403681,"cls":"service","hw":"service","tg":"na","name":"","ref":"","surface":"","sc":"unknown","speed":null,"lit":"unk","km":0.068}},
{"type":"Feature","geometry":{"type":"LineString","coordinates":[[-11.7264,9.06636],[-11.72615,9.06652],[-11.72596,9.06658],[-11.7258,9.06658],[-11.7255,9.06655],[-11.72524,9.06657],[-11.72503,9.06664],[-11.72489,9.06681],[-11.72476,9.06701],[-11.72447,9.06755]]},"properties":{"id":284765401,"cls":"service","hw":"service","tg":"na","name":"","ref":"","surface":"","sc":"unknown","speed":null,"lit":"unk","km":0.277}},
{"type":"Feature","geometry":{"type":"LineString","coordinates":[[-11.7307,9.06405],[-11.73063,9.06407],[-11.73054,9.06405],[-11.73041,9.06392],[-11.73029,9.06387],[-11.73015,9.06391],[-11.73008,9.064],[-11.72989,9.06473],[-11.72989,9.0651],[-11.72997,9.06532],[-11.73014,9.06538],[-11.73042,9.06539],[-11.73047,9.06539],[-11.73049,9.0648]]},"properties":{"id":284765402,"cls":"service","hw":"service","tg":"na","name":"","ref":"","surface":"","sc":"unknown","speed":null,"lit":"unk","km":0.354}},
{"type":"Feature","geometry":{"type":"LineString","coordinates":[[-11.72828,9.06324],[-11.72824,9.06344],[-11.72819,9.06377],[-11.72811,9.06462],[-11.72808,9.06475],[-11.72803,9.0648],[-11.72796,9.06482],[-11.72786,9.06477],[-11.72763,9.06461],[-11.72739,9.06448],[-11.72735,9.06443],[-11.72736,9.06426],[-11.72737,9.06409],[-11.72734,9.06401],[-11.72727,9.064],[-11.72716,9.06406],[-11.72706,9.06413],[-11.72706,9.06421],[-11.72712,9.06425],[-11.72736,9.06426]]},"properties":{"id":284765404,"cls":"service","hw":"service","tg":"na","name":"","ref":"","surface":"","sc":"unknown","speed":null,"lit":"unk","km":0.391}},
{"type":"Feature","geometry":{"type":"LineString","coordinates":[[-11.72718,9.06371],[-11.72738,9.06371],[-11.72766,9.06371],[-11.72819,9.06377]]},"properties":{"id":284765406,"cls":"service","hw":"service","tg":"na","name":"","ref":"","surface":"","sc":"unknown","speed":null,"lit":"unk","km":0.111}},
{"type":"Feature","geometry":{"type":"LineString","coordinates":[[-11.73111,9.06273],[-11.73089,9.06273],[-11.73063,9.06271],[-11.73054,9.06266],[-11.73051,9.06257],[-11.73051,9.06245],[-11.73056,9.06222]]},"properties":{"id":284765408,"cls":"service","hw":"service","tg":"na","name":"","ref":"","surface":"","sc":"unknown","speed":null,"lit":"unk","km":0.114}},
{"type":"Feature","geometry":{"type":"LineString","coordinates":[[-12.05192,8.87355],[-12.05203,8.87338],[-12.05206,8.87337],[-12.05212,8.87338],[-12.05225,8.87344],[-12.05237,8.87351],[-12.05239,8.87353],[-12.05239,8.87355],[-12.05236,8.87362],[-12.0522,8.87394]]},"properties":{"id":284772282,"cls":"service","hw":"service","tg":"na","name":"","ref":"","surface":"","sc":"unknown","speed":null,"lit":"unk","km":0.117}},
{"type":"Feature","geometry":{"type":"LineString","coordinates":[[-12.05171,8.87345],[-12.05192,8.87355]]},"properties":{"id":284772284,"cls":"service","hw":"service","tg":"na","name":"","ref":"","surface":"","sc":"unknown","speed":null,"lit":"unk","km":0.026}},
{"type":"Feature","geometry":{"type":"LineString","coordinates":[[-12.05239,8.861],[-12.05212,8.86092],[-12.05198,8.86088],[-12.05192,8.86088],[-12.05187,8.86089],[-12.05183,8.86092],[-12.05177,8.86109]]},"properties":{"id":284772287,"cls":"service","hw":"service","tg":"na","name":"","ref":"","surface":"","sc":"unknown","speed":null,"lit":"unk","km":0.085}},
{"type":"Feature","geometry":{"type":"LineString","coordinates":[[-11.88744,8.66945],[-11.88719,8.66969],[-11.88707,8.66995],[-11.88692,8.67023],[-11.88685,8.67043],[-11.88672,8.67064],[-11.88665,8.67084]]},"properties":{"id":284778987,"cls":"service","hw":"service","tg":"na","name":"","ref":"","surface":"","sc":"unknown","speed":null,"lit":"unk","km":0.18}},
{"type":"Feature","geometry":{"type":"LineString","coordinates":[[-12.68666,8.70273],[-12.68625,8.70246]]},"properties":{"id":284912567,"cls":"service","hw":"service","tg":"na","name":"","ref":"","surface":"","sc":"unknown","speed":null,"lit":"unk","km":0.054}},
{"type":"Feature","geometry":{"type":"LineString","coordinates":[[-12.01631,8.67396],[-12.0165,8.67389],[-12.01656,8.67381],[-12.01672,8.67377],[-12.01849,8.67325],[-12.01855,8.67318],[-12.01857,8.67311],[-12.0184,8.67239],[-12.01836,8.67232],[-12.0183,8.6721],[-12.01831,8.672]]},"properties":{"id":284936475,"cls":"service","hw":"service","tg":"na","name":"","ref":"","surface":"","sc":"unknown","speed":null,"lit":"unk","km":0.4}},
{"type":"Feature","geometry":{"type":"LineString","coordinates":[[-12.01755,8.67265],[-12.01732,8.6727],[-12.01721,8.67266],[-12.01707,8.67259],[-12.01702,8.67248]]},"properties":{"id":284936480,"cls":"service","hw":"service","tg":"na","name":"","ref":"","surface":"","sc":"unknown","speed":null,"lit":"unk","km":0.069}},
{"type":"Feature","geometry":{"type":"LineString","coordinates":[[-12.01732,8.6727],[-12.01726,8.6728],[-12.01717,8.67286],[-12.01658,8.67305],[-12.01655,8.6731],[-12.01656,8.67322],[-12.01672,8.67377]]},"properties":{"id":284936481,"cls":"service","hw":"service","tg":"na","name":"","ref":"","surface":"","sc":"unknown","speed":null,"lit":"unk","km":0.177}},
{"type":"Feature","geometry":{"type":"LineString","coordinates":[[-12.12105,8.68519],[-12.12104,8.68526],[-12.12106,8.68538],[-12.1212,8.68554],[-12.12137,8.68559],[-12.12144,8.68558],[-12.12164,8.68555],[-12.1218,8.68544],[-12.12178,8.68531],[-12.12146,8.68513]]},"properties":{"id":285172115,"cls":"service","hw":"service","tg":"na","name":"","ref":"","surface":"","sc":"unknown","speed":null,"lit":"unk","km":0.171}},
{"type":"Feature","geometry":{"type":"LineString","coordinates":[[-12.23775,8.69168],[-12.23813,8.69103],[-12.2383,8.69074],[-12.23847,8.69057],[-12.23869,8.69036],[-12.2388,8.6901],[-12.23892,8.68996],[-12.23903,8.68982],[-12.23919,8.68968],[-12.23928,8.68957],[-12.23943,8.68916],[-12.23954,8.68894]]},"properties":{"id":285172116,"cls":"service","hw":"service","tg":"na","name":"","ref":"","surface":"unpaved","sc":"unpaved","speed":null,"lit":"unk","km":0.367}},
{"type":"Feature","geometry":{"type":"LineString","coordinates":[[-12.23742,8.69048],[-12.23813,8.69103]]},"properties":{"id":285172120,"cls":"service","hw":"service","tg":"na","name":"","ref":"","surface":"","sc":"unknown","speed":null,"lit":"unk","km":0.099}},
{"type":"Feature","geometry":{"type":"LineString","coordinates":[[-12.23293,8.6905],[-12.23354,8.69073],[-12.23403,8.69107],[-12.23516,8.69166],[-12.23571,8.692],[-12.23584,8.6921],[-12.23602,8.69221],[-12.23615,8.69218],[-12.23627,8.69209],[-12.23649,8.69168],[-12.23665,8.69157],[-12.23693,8.69148],[-12.23708,8.69137],[-12.23712,8.69126],[-12.23711,8.69091],[-12.23721,8.69067],[-12.23742,8.69048],[-12.23788,8.69023],[-12.23808,8.69005],[-12.23817,8.68988],[-12.23852,8.68961],[-12.23866,8.68939],[-12.23875,8.68917],[-12.23889,8.68897],[-12.23897,8.68881],[-12.23893,8.68873],[-12.23863,8.68843],[-12.23765,8.68767],[-12.23683,8.68712],[-12.23618,8.68661],[-12.23597,8.68649],[-12.23586,8.68652],[-12.23524,8.68751],[-12.23438,8.68824],[-12.23319,8.68949],[-12.23293,8.69004],[-12.23293,8.6905]]},"properties":{"id":285172129,"cls":"service","hw":"service","tg":"na","name":"Conteh Street","ref":"","surface":"unpaved","sc":"unpaved","speed":null,"lit":"unk","km":1.916}},
{"type":"Feature","geometry":{"type":"LineString","coordinates":[[-11.92984,8.71782],[-11.92979,8.71756]]},"properties":{"id":285181633,"cls":"service","hw":"service","tg":"na","name":"","ref":"","surface":"","sc":"unknown","speed":null,"lit":"unk","km":0.029}},
{"type":"Feature","geometry":{"type":"LineString","coordinates":[[-11.92959,8.71795],[-11.92867,8.71666]]},"properties":{"id":285181634,"cls":"service","hw":"service","tg":"na","name":"","ref":"","surface":"","sc":"unknown","speed":null,"lit":"unk","km":0.175}},
{"type":"Feature","geometry":{"type":"LineString","coordinates":[[-11.93049,8.71911],[-11.93002,8.71869]]},"properties":{"id":285181635,"cls":"service","hw":"service","tg":"na","name":"","ref":"","surface":"","sc":"unknown","speed":null,"lit":"unk","km":0.07}},
{"type":"Feature","geometry":{"type":"LineString","coordinates":[[-11.93044,8.71835],[-11.93007,8.7183]]},"properties":{"id":285181637,"cls":"service","hw":"service","tg":"na","name":"","ref":"","surface":"","sc":"unknown","speed":null,"lit":"unk","km":0.041}},
{"type":"Feature","geometry":{"type":"LineString","coordinates":[[-11.93055,8.71823],[-11.93044,8.71835],[-11.9302,8.7186],[-11.93005,8.71868],[-11.93002,8.71869],[-11.92992,8.71871],[-11.92981,8.71869],[-11.92968,8.71865],[-11.92956,8.71854],[-11.9295,8.71841],[-11.92948,8.71829],[-11.92949,8.71817],[-11.92953,8.71806],[-11.92959,8.71795],[-11.92965,8.7179],[-11.92974,8.71786],[-11.92984,8.71782],[-11.92996,8.71782],[-11.9301,8.71786],[-11.93018,8.7179],[-11.93034,8.71805],[-11.93055,8.71823]]},"properties":{"id":285181639,"cls":"service","hw":"service","tg":"na","name":"","ref":"","surface":"","sc":"unknown","speed":null,"lit":"unk","km":0.33}},
{"type":"Feature","geometry":{"type":"LineString","coordinates":[[-12.02401,8.65212],[-12.02871,8.66338]]},"properties":{"id":285292521,"cls":"service","hw":"service","tg":"na","name":"","ref":"","surface":"","sc":"unknown","speed":null,"lit":"unk","km":1.354}},
{"type":"Feature","geometry":{"type":"LineString","coordinates":[[-12.0323,8.64122],[-12.03551,8.64301],[-12.04253,8.64696]]},"properties":{"id":285292522,"cls":"service","hw":"service","tg":"na","name":"","ref":"","surface":"","sc":"unknown","speed":null,"lit":"unk","km":1.293}},
{"type":"Feature","geometry":{"type":"LineString","coordinates":[[-12.00344,8.63826],[-12.00723,8.64733],[-12.01652,8.66951]]},"properties":{"id":285292523,"cls":"service","hw":"service","tg":"na","name":"","ref":"","surface":"","sc":"unknown","speed":null,"lit":"unk","km":3.761}},
{"type":"Feature","geometry":{"type":"LineString","coordinates":[[-11.99807,8.64262],[-12.00115,8.64985],[-12.0114,8.67423]]},"properties":{"id":285292524,"cls":"service","hw":"service","tg":"na","name":"","ref":"","surface":"","sc":"unknown","speed":null,"lit":"unk","km":3.808}},
{"type":"Feature","geometry":{"type":"LineString","coordinates":[[-12.01713,8.64053],[-12.01951,8.64178],[-12.02265,8.64357],[-12.03217,8.64892],[-12.03933,8.65299]]},"properties":{"id":285292530,"cls":"service","hw":"service","tg":"na","name":"","ref":"","surface":"","sc":"unknown","speed":null,"lit":"unk","km":2.806}},
{"type":"Feature","geometry":{"type":"LineString","coordinates":[[-12.04578,8.64095],[-12.03976,8.63753]]},"properties":{"id":285330540,"cls":"service","hw":"service","tg":"na","name":"","ref":"","surface":"","sc":"unknown","speed":null,"lit":"unk","km":0.763}},
{"type":"Feature","geometry":{"type":"LineString","coordinates":[[-12.0468,8.63197],[-12.04745,8.6333],[-12.0475,8.63353],[-12.0475,8.63381],[-12.04743,8.634],[-12.04648,8.6396],[-12.04578,8.64095],[-12.04359,8.64502]]},"properties":{"id":285330560,"cls":"service","hw":"service","tg":"na","name":"","ref":"","surface":"","sc":"unknown","speed":null,"lit":"unk","km":1.557}},
{"type":"Feature","geometry":{"type":"LineString","coordinates":[[-11.47569,8.64037],[-11.47602,8.64033],[-11.47621,8.64001],[-11.47629,8.6398]]},"properties":{"id":285354819,"cls":"service","hw":"service","tg":"na","name":"","ref":"","surface":"","sc":"unknown","speed":null,"lit":"unk","km":0.103}},
{"type":"Feature","geometry":{"type":"LineString","coordinates":[[-11.47848,8.63621],[-11.47857,8.63652],[-11.4786,8.63672],[-11.47847,8.63705],[-11.47814,8.63728],[-11.47788,8.63732],[-11.47775,8.63743]]},"properties":{"id":285354820,"cls":"service","hw":"service","tg":"na","name":"","ref":"","surface":"","sc":"unknown","speed":null,"lit":"unk","km":0.19}},
{"type":"Feature","geometry":{"type":"LineString","coordinates":[[-10.95666,8.00926],[-10.95634,8.00952],[-10.95568,8.00993],[-10.95516,8.01039]]},"properties":{"id":288840090,"cls":"service","hw":"service","tg":"na","name":"","ref":"","surface":"","sc":"unknown","speed":null,"lit":"unk","km":0.208}},
{"type":"Feature","geometry":{"type":"LineString","coordinates":[[-10.94374,8.0118],[-10.94415,8.01184],[-10.94434,8.01189],[-10.94517,8.01252],[-10.94607,8.01331],[-10.94619,8.0134],[-10.94652,8.01337],[-10.9473,8.01321],[-10.94784,8.01307],[-10.94939,8.0126]]},"properties":{"id":288840103,"cls":"service","hw":"service","tg":"na","name":"","ref":"","surface":"ground","sc":"unpaved","speed":null,"lit":"unk","km":0.695}},
{"type":"Feature","geometry":{"type":"LineString","coordinates":[[-10.72322,7.99412],[-10.72307,7.99411],[-10.72296,7.99399],[-10.72295,7.99386],[-10.72308,7.99379],[-10.72298,7.99367]]},"properties":{"id":288894456,"cls":"service","hw":"service","tg":"na","name":"","ref":"","surface":"","sc":"unknown","speed":null,"lit":"unk","km":0.083}},
{"type":"Feature","geometry":{"type":"LineString","coordinates":[[-10.85158,8.17135],[-10.85161,8.17155],[-10.8516,8.17188],[-10.85185,8.17189],[-10.85189,8.17193],[-10.85227,8.17273]]},"properties":{"id":288907357,"cls":"service","hw":"service","tg":"na","name":"","ref":"","surface":"","sc":"unknown","speed":null,"lit":"unk","km":0.191}},
{"type":"Feature","geometry":{"type":"LineString","coordinates":[[-10.98498,8.22191],[-10.98484,8.22197],[-10.98463,8.22203]]},"properties":{"id":289262803,"cls":"service","hw":"service","tg":"na","name":"","ref":"","surface":"unpaved","sc":"unpaved","speed":null,"lit":"unk","km":0.041}},
{"type":"Feature","geometry":{"type":"LineString","coordinates":[[-10.98463,8.22203],[-10.98422,8.22212],[-10.98412,8.22215]]},"properties":{"id":289262804,"cls":"service","hw":"service","tg":"na","name":"","ref":"","surface":"unpaved","sc":"unpaved","speed":null,"lit":"unk","km":0.058}},
{"type":"Feature","geometry":{"type":"LineString","coordinates":[[-10.98412,8.22215],[-10.98409,8.22224],[-10.98442,8.223],[-10.98484,8.2236],[-10.98513,8.2241]]},"properties":{"id":289262810,"cls":"service","hw":"service","tg":"na","name":"","ref":"","surface":"unpaved","sc":"unpaved","speed":null,"lit":"unk","km":0.248}},
{"type":"Feature","geometry":{"type":"LineString","coordinates":[[-10.98672,8.22144],[-10.9865,8.22164],[-10.98626,8.22183],[-10.98614,8.22187],[-10.98586,8.22191],[-10.98558,8.2219],[-10.98535,8.22182],[-10.98528,8.22182],[-10.98521,8.22182],[-10.98498,8.22191]]},"properties":{"id":289262813,"cls":"service","hw":"service","tg":"na","name":"","ref":"","surface":"unpaved","sc":"unpaved","speed":null,"lit":"unk","km":0.212}},
{"type":"Feature","geometry":{"type":"LineString","coordinates":[[-10.95128,8.19553],[-10.95149,8.19544],[-10.95174,8.19541],[-10.95188,8.19536],[-10.95216,8.19523],[-10.95228,8.19522],[-10.95258,8.19533],[-10.95323,8.19561],[-10.9534,8.19566],[-10.95357,8.19563],[-10.95424,8.19543],[-10.95443,8.19539],[-10.95504,8.19541],[-10.95528,8.19545],[-10.9554,8.1955],[-10.95569,8.19589]]},"properties":{"id":289332998,"cls":"service","hw":"service","tg":"na","name":"","ref":"","surface":"unpaved","sc":"unpaved","speed":null,"lit":"unk","km":0.529}},
{"type":"Feature","geometry":{"type":"LineString","coordinates":[[-10.94515,8.17175],[-10.94442,8.17177],[-10.94415,8.17183],[-10.94398,8.17194],[-10.94357,8.17246],[-10.94304,8.17285],[-10.94285,8.17309],[-10.94216,8.17363],[-10.94183,8.17405],[-10.94164,8.1742],[-10.94144,8.17429],[-10.94108,8.17471],[-10.94091,8.17481],[-10.94022,8.17486],[-10.93996,8.1748],[-10.93974,8.17482],[-10.93964,8.17491],[-10.93942,8.17525],[-10.93903,8.17563]]},"properties":{"id":289332999,"cls":"service","hw":"service","tg":"na","name":"","ref":"","surface":"unpaved","sc":"unpaved","speed":null,"lit":"unk","km":0.853}},
{"type":"Feature","geometry":{"type":"LineString","coordinates":[[-10.94216,8.17363],[-10.94205,8.1736],[-10.94103,8.1736],[-10.94091,8.17352],[-10.94055,8.17309]]},"properties":{"id":289333002,"cls":"service","hw":"service","tg":"na","name":"","ref":"","surface":"unpaved","sc":"unpaved","speed":null,"lit":"unk","km":0.203}},
{"type":"Feature","geometry":{"type":"LineString","coordinates":[[-10.94809,8.18428],[-10.94799,8.18415],[-10.94793,8.18387],[-10.9479,8.18375],[-10.94784,8.18366]]},"properties":{"id":289333003,"cls":"service","hw":"service","tg":"na","name":"","ref":"","surface":"unpaved","sc":"unpaved","speed":null,"lit":"unk","km":0.076}},
{"type":"Feature","geometry":{"type":"LineString","coordinates":[[-10.94784,8.18366],[-10.94759,8.18362],[-10.94739,8.18357],[-10.94724,8.18343],[-10.94715,8.18336]]},"properties":{"id":289333004,"cls":"service","hw":"service","tg":"na","name":"","ref":"","surface":"unpaved","sc":"unpaved","speed":null,"lit":"unk","km":0.086}},
{"type":"Feature","geometry":{"type":"LineString","coordinates":[[-10.94445,8.1754],[-10.944,8.17519],[-10.94354,8.17493],[-10.94266,8.17468],[-10.94189,8.17421],[-10.94183,8.17405]]},"properties":{"id":289333006,"cls":"service","hw":"service","tg":"na","name":"","ref":"","surface":"unpaved","sc":"unpaved","speed":null,"lit":"unk","km":0.332}},
{"type":"Feature","geometry":{"type":"LineString","coordinates":[[-10.9472,8.18384],[-10.94784,8.18366],[-10.94819,8.18344],[-10.94842,8.18336],[-10.94884,8.18337],[-10.94925,8.18345],[-10.94972,8.18347]]},"properties":{"id":289333007,"cls":"service","hw":"service","tg":"na","name":"","ref":"","surface":"unpaved","sc":"unpaved","speed":null,"lit":"unk","km":0.29}},
{"type":"Feature","geometry":{"type":"LineString","coordinates":[[-10.95565,8.20221],[-10.95581,8.20234],[-10.95609,8.20247],[-10.95656,8.20254],[-10.95705,8.20257],[-10.95726,8.2025],[-10.95785,8.2023]]},"properties":{"id":289333008,"cls":"service","hw":"service","tg":"na","name":"","ref":"","surface":"unpaved","sc":"unpaved","speed":null,"lit":"unk","km":0.256}},
{"type":"Feature","geometry":{"type":"LineString","coordinates":[[-10.85161,7.90963],[-10.85153,7.90958],[-10.85148,7.90957],[-10.85136,7.90958]]},"properties":{"id":289337632,"cls":"service","hw":"service","tg":"na","name":"","ref":"","surface":"","sc":"unknown","speed":null,"lit":"unk","km":0.029}},
{"type":"Feature","geometry":{"type":"LineString","coordinates":[[-10.71301,7.95994],[-10.71304,7.96009],[-10.7132,7.96049],[-10.71341,7.9606],[-10.71356,7.96062],[-10.71419,7.96042]]},"properties":{"id":289348195,"cls":"service","hw":"service","tg":"na","name":"","ref":"","surface":"","sc":"unknown","speed":null,"lit":"unk","km":0.181}},
{"type":"Feature","geometry":{"type":"LineString","coordinates":[[-10.60679,8.24867],[-10.60676,8.2485],[-10.6067,8.24824],[-10.60664,8.24804],[-10.60648,8.24783],[-10.60632,8.2477],[-10.60613,8.2475]]},"properties":{"id":289366512,"cls":"service","hw":"service","tg":"na","name":"","ref":"","surface":"","sc":"unknown","speed":null,"lit":"unk","km":0.155}},
{"type":"Feature","geometry":{"type":"LineString","coordinates":[[-10.95516,8.01039],[-10.95511,8.01103],[-10.95503,8.01163],[-10.95485,8.01199],[-10.95405,8.01247],[-10.95302,8.01324],[-10.95238,8.01365],[-10.95219,8.01372],[-10.95197,8.01372],[-10.95152,8.01363],[-10.95114,8.01355],[-10.9507,8.0134],[-10.95004,8.01326],[-10.94984,8.01319],[-10.94966,8.01307],[-10.94939,8.0126]]},"properties":{"id":289374111,"cls":"service","hw":"service","tg":"na","name":"","ref":"","surface":"unpaved","sc":"unpaved","speed":null,"lit":"unk","km":0.885}},
{"type":"Feature","geometry":{"type":"LineString","coordinates":[[-10.90111,8.02512],[-10.90139,8.02574]]},"properties":{"id":289379344,"cls":"service","hw":"service","tg":"na","name":"","ref":"","surface":"unpaved","sc":"unpaved","speed":null,"lit":"unk","km":0.076}},
{"type":"Feature","geometry":{"type":"LineString","coordinates":[[-10.74083,7.93724],[-10.7408,7.93711],[-10.7408,7.937],[-10.74081,7.93697],[-10.74092,7.93691],[-10.74097,7.93688],[-10.74106,7.93681],[-10.74108,7.93678]]},"properties":{"id":289391655,"cls":"service","hw":"service","tg":"na","name":"","ref":"","surface":"","sc":"unknown","speed":null,"lit":"unk","km":0.067}},
{"type":"Feature","geometry":{"type":"LineString","coordinates":[[-10.87142,8.1356],[-10.87112,8.13517],[-10.87085,8.135],[-10.87059,8.13487],[-10.87028,8.13465],[-10.87025,8.13461]]},"properties":{"id":289393833,"cls":"service","hw":"service","tg":"na","name":"","ref":"","surface":"unpaved","sc":"unpaved","speed":null,"lit":"unk","km":0.173}},
{"type":"Feature","geometry":{"type":"LineString","coordinates":[[-10.76614,7.92938],[-10.7661,7.92929],[-10.76606,7.92921],[-10.76597,7.92914],[-10.76586,7.92908]]},"properties":{"id":289416021,"cls":"service","hw":"service","tg":"na","name":"","ref":"","surface":"","sc":"unknown","speed":null,"lit":"unk","km":0.047}},
{"type":"Feature","geometry":{"type":"LineString","coordinates":[[-10.76932,7.92888],[-10.769,7.92899],[-10.76872,7.92894],[-10.76865,7.92884],[-10.76858,7.9287],[-10.76852,7.92862]]},"properties":{"id":289416022,"cls":"service","hw":"service","tg":"na","name":"","ref":"","surface":"","sc":"unknown","speed":null,"lit":"unk","km":0.111}},
{"type":"Feature","geometry":{"type":"LineString","coordinates":[[-10.94652,8.01337],[-10.94662,8.01395],[-10.94664,8.01477],[-10.94656,8.01514],[-10.94653,8.01543],[-10.94657,8.01565],[-10.94757,8.01638],[-10.94804,8.01664],[-10.94822,8.01672],[-10.94829,8.01681],[-10.9483,8.01694],[-10.94828,8.01719],[-10.94829,8.01748],[-10.94813,8.01817],[-10.94805,8.01871],[-10.94808,8.01914],[-10.94807,8.01953],[-10.94812,8.01989]]},"properties":{"id":289462531,"cls":"service","hw":"service","tg":"na","name":"","ref":"","surface":"unpaved","sc":"unpaved","speed":null,"lit":"unk","km":0.832}},
{"type":"Feature","geometry":{"type":"LineString","coordinates":[[-10.8669,8.03874],[-10.86685,8.0394],[-10.86752,8.03947]]},"properties":{"id":289483383,"cls":"service","hw":"service","tg":"na","name":"","ref":"","surface":"unpaved","sc":"unpaved","speed":null,"lit":"unk","km":0.148}},
{"type":"Feature","geometry":{"type":"LineString","coordinates":[[-10.90719,8.51134],[-10.90751,8.51089],[-10.90777,8.51072],[-10.90836,8.5105],[-10.90852,8.51046],[-10.90871,8.51045],[-10.90885,8.51037],[-10.90913,8.51032],[-10.90941,8.5103],[-10.90974,8.51031],[-10.91056,8.51039]]},"properties":{"id":289502155,"cls":"service","hw":"service","tg":"na","name":"","ref":"","surface":"","sc":"unknown","speed":null,"lit":"unk","km":0.411}},
{"type":"Feature","geometry":{"type":"LineString","coordinates":[[-10.60276,8.04523],[-10.60245,8.0451],[-10.60219,8.04499]]},"properties":{"id":289563601,"cls":"service","hw":"service","tg":"na","name":"","ref":"","surface":"","sc":"unknown","speed":null,"lit":"unk","km":0.068}},
{"type":"Feature","geometry":{"type":"LineString","coordinates":[[-10.60287,8.04519],[-10.60308,8.04524],[-10.60354,8.04537]]},"properties":{"id":289563602,"cls":"service","hw":"service","tg":"na","name":"","ref":"","surface":"","sc":"unknown","speed":null,"lit":"unk","km":0.076}},
{"type":"Feature","geometry":{"type":"LineString","coordinates":[[-10.58767,8.1819],[-10.58757,8.18171],[-10.58758,8.1816],[-10.58766,8.18152]]},"properties":{"id":289571825,"cls":"service","hw":"service","tg":"na","name":"","ref":"","surface":"","sc":"unknown","speed":null,"lit":"unk","km":0.049}},
{"type":"Feature","geometry":{"type":"LineString","coordinates":[[-10.58876,8.1844],[-10.58891,8.18441],[-10.58901,8.18445],[-10.58917,8.18461],[-10.58923,8.18465],[-10.58975,8.18461],[-10.58986,8.18458],[-10.58996,8.18447],[-10.59007,8.18432]]},"properties":{"id":289571826,"cls":"service","hw":"service","tg":"na","name":"","ref":"","surface":"","sc":"unknown","speed":null,"lit":"unk","km":0.168}},
{"type":"Feature","geometry":{"type":"LineString","coordinates":[[-10.67217,7.96786],[-10.67242,7.96795],[-10.67275,7.9681],[-10.67267,7.96836],[-10.67262,7.96861],[-10.67273,7.9687]]},"properties":{"id":289678939,"cls":"service","hw":"service","tg":"na","name":"","ref":"","surface":"","sc":"unknown","speed":null,"lit":"unk","km":0.144}},
{"type":"Feature","geometry":{"type":"LineString","coordinates":[[-10.84608,8.12063],[-10.84631,8.12079]]},"properties":{"id":289809392,"cls":"service","hw":"service","tg":"na","name":"","ref":"","surface":"unpaved","sc":"unpaved","speed":null,"lit":"unk","km":0.031}},
{"type":"Feature","geometry":{"type":"LineString","coordinates":[[-10.84594,8.12128],[-10.8459,8.12117],[-10.84587,8.12094],[-10.84608,8.12063],[-10.84582,8.12045]]},"properties":{"id":289809393,"cls":"service","hw":"service","tg":"na","name":"","ref":"","surface":"unpaved","sc":"unpaved","speed":null,"lit":"unk","km":0.115}},
{"type":"Feature","geometry":{"type":"LineString","coordinates":[[-10.86256,8.10095],[-10.8622,8.10103],[-10.86197,8.10132]]},"properties":{"id":289811705,"cls":"service","hw":"service","tg":"na","name":"","ref":"","surface":"unpaved","sc":"unpaved","speed":null,"lit":"unk","km":0.082}},
{"type":"Feature","geometry":{"type":"LineString","coordinates":[[-10.65589,8.154],[-10.65575,8.15395],[-10.65567,8.15388],[-10.65561,8.15383],[-10.65555,8.15379],[-10.65544,8.15378],[-10.65537,8.15382],[-10.65528,8.15389],[-10.6552,8.15397],[-10.65508,8.15401],[-10.65496,8.15403],[-10.65491,8.154]]},"properties":{"id":289852674,"cls":"service","hw":"service","tg":"na","name":"","ref":"","surface":"","sc":"unknown","speed":null,"lit":"unk","km":0.125}},
{"type":"Feature","geometry":{"type":"LineString","coordinates":[[-10.54724,8.26384],[-10.54727,8.26354],[-10.54735,8.26328],[-10.54711,8.26299]]},"properties":{"id":289893941,"cls":"service","hw":"service","tg":"na","name":"","ref":"","surface":"","sc":"unknown","speed":null,"lit":"unk","km":0.105}},
{"type":"Feature","geometry":{"type":"LineString","coordinates":[[-10.56455,8.26992],[-10.56372,8.27043],[-10.56361,8.2705]]},"properties":{"id":289894446,"cls":"service","hw":"service","tg":"na","name":"","ref":"","surface":"","sc":"unknown","speed":null,"lit":"unk","km":0.122}},
{"type":"Feature","geometry":{"type":"LineString","coordinates":[[-10.94047,8.18163],[-10.94078,8.18183],[-10.94112,8.18204],[-10.94133,8.18214],[-10.94146,8.18209],[-10.94159,8.18211],[-10.94173,8.18224],[-10.94185,8.18229],[-10.94202,8.18231],[-10.94229,8.18232],[-10.9426,8.1824],[-10.94281,8.1824],[-10.94317,8.18266],[-10.9437,8.18313],[-10.94409,8.1837],[-10.9443,8.1842],[-10.94446,8.18443],[-10.94486,8.18469]]},"properties":{"id":289906269,"cls":"service","hw":"service","tg":"na","name":"","ref":"","surface":"unpaved","sc":"unpaved","speed":null,"lit":"unk","km":0.631}},
{"type":"Feature","geometry":{"type":"LineString","coordinates":[[-10.94239,8.17992],[-10.94205,8.17972],[-10.94191,8.17957],[-10.94181,8.1794],[-10.94179,8.17917],[-10.94163,8.17884],[-10.94142,8.17856],[-10.94122,8.17843],[-10.94105,8.17841],[-10.94084,8.17846],[-10.94069,8.17842],[-10.94049,8.17827],[-10.94036,8.17826],[-10.94026,8.17822],[-10.94016,8.17809],[-10.94003,8.17804],[-10.93985,8.17803],[-10.93957,8.17803],[-10.9394,8.17796],[-10.9393,8.17787],[-10.93927,8.17758],[-10.93922,8.17747],[-10.93903,8.17743],[-10.93878,8.17743],[-10.93856,8.17752],[-10.93838,8.1775],[-10.93821,8.17746],[-10.93779,8.17752]]},"properties":{"id":289906270,"cls":"service","hw":"service","tg":"na","name":"","ref":"","surface":"unpaved","sc":"unpaved","speed":null,"lit":"unk","km":0.659}},
{"type":"Feature","geometry":{"type":"LineString","coordinates":[[-10.94526,8.17928],[-10.94536,8.17914],[-10.94556,8.17903],[-10.94574,8.17896],[-10.94593,8.17895],[-10.94611,8.17898],[-10.94625,8.17903],[-10.94646,8.17902],[-10.9466,8.17905],[-10.94689,8.17918],[-10.9471,8.17931],[-10.9473,8.1794],[-10.94759,8.17959],[-10.94779,8.17961],[-10.9479,8.17957],[-10.94796,8.17946],[-10.94798,8.17926],[-10.94795,8.1791],[-10.94785,8.17894]]},"properties":{"id":289934083,"cls":"service","hw":"service","tg":"na","name":"","ref":"","surface":"unpaved","sc":"unpaved","speed":null,"lit":"unk","km":0.397}},
{"type":"Feature","geometry":{"type":"LineString","coordinates":[[-10.94411,8.17698],[-10.94433,8.17721],[-10.9445,8.17728],[-10.94464,8.17732],[-10.9447,8.17738],[-10.94474,8.1775],[-10.94474,8.17769],[-10.94467,8.17789],[-10.94466,8.17807],[-10.94469,8.17823],[-10.94476,8.17835],[-10.94489,8.17845],[-10.94505,8.17855],[-10.94517,8.17867],[-10.94524,8.17882],[-10.94523,8.17908],[-10.94526,8.17928],[-10.94521,8.17947],[-10.9451,8.17963],[-10.94503,8.17981],[-10.94501,8.17999]]},"properties":{"id":289934084,"cls":"service","hw":"service","tg":"na","name":"","ref":"","surface":"unpaved","sc":"unpaved","speed":null,"lit":"unk","km":0.406}},
{"type":"Feature","geometry":{"type":"LineString","coordinates":[[-10.59566,8.31912],[-10.59575,8.31926],[-10.5958,8.31943],[-10.59587,8.31951],[-10.59605,8.31956],[-10.59628,8.31962],[-10.59645,8.31966],[-10.59667,8.31974]]},"properties":{"id":290086947,"cls":"service","hw":"service","tg":"na","name":"","ref":"","surface":"","sc":"unknown","speed":null,"lit":"unk","km":0.142}},
{"type":"Feature","geometry":{"type":"LineString","coordinates":[[-10.77568,7.79427],[-10.77586,7.79403],[-10.77588,7.794],[-10.7759,7.79399],[-10.77595,7.79395],[-10.776,7.79383],[-10.77625,7.79377],[-10.77638,7.79383],[-10.77642,7.79384],[-10.77651,7.7939]]},"properties":{"id":290162074,"cls":"service","hw":"service","tg":"na","name":"","ref":"","surface":"","sc":"unknown","speed":null,"lit":"unk","km":0.122}},
{"type":"Feature","geometry":{"type":"LineString","coordinates":[[-10.77595,7.79395],[-10.77597,7.79401],[-10.77598,7.79406],[-10.77599,7.79415]]},"properties":{"id":290162075,"cls":"service","hw":"service","tg":"na","name":"","ref":"","surface":"","sc":"unknown","speed":null,"lit":"unk","km":0.023}},
{"type":"Feature","geometry":{"type":"LineString","coordinates":[[-11.00553,8.28196],[-11.00537,8.28217],[-11.00508,8.28238],[-11.00476,8.28253]]},"properties":{"id":290181156,"cls":"service","hw":"service","tg":"na","name":"","ref":"","surface":"unpaved","sc":"unpaved","speed":null,"lit":"unk","km":0.108}},
{"type":"Feature","geometry":{"type":"LineString","coordinates":[[-10.79358,7.88069],[-10.79387,7.88067],[-10.79436,7.88047],[-10.79451,7.88062],[-10.79448,7.88084],[-10.79438,7.88096],[-10.79431,7.88109],[-10.7942,7.88119]]},"properties":{"id":290199759,"cls":"service","hw":"service","tg":"na","name":"","ref":"","surface":"","sc":"unknown","speed":null,"lit":"unk","km":0.189}},
{"type":"Feature","geometry":{"type":"LineString","coordinates":[[-10.79472,7.88016],[-10.79456,7.88027],[-10.79447,7.88027],[-10.79438,7.88037],[-10.79436,7.88047],[-10.79436,7.88069],[-10.79432,7.88081],[-10.79411,7.88112]]},"properties":{"id":290199761,"cls":"service","hw":"service","tg":"na","name":"","ref":"","surface":"","sc":"unknown","speed":null,"lit":"unk","km":0.138}},
{"type":"Feature","geometry":{"type":"LineString","coordinates":[[-10.43731,8.20311],[-10.43743,8.20293],[-10.43747,8.20287]]},"properties":{"id":290301067,"cls":"service","hw":"service","tg":"na","name":"","ref":"","surface":"","sc":"unknown","speed":null,"lit":"unk","km":0.032}},
{"type":"Feature","geometry":{"type":"LineString","coordinates":[[-10.43517,8.20203],[-10.43529,8.20197],[-10.43549,8.20193],[-10.43559,8.20192]]},"properties":{"id":290301071,"cls":"service","hw":"service","tg":"na","name":"","ref":"","surface":"","sc":"unknown","speed":null,"lit":"unk","km":0.048}},
{"type":"Feature","geometry":{"type":"LineString","coordinates":[[-10.56031,8.30823],[-10.56028,8.30829],[-10.55994,8.3085],[-10.55985,8.30857],[-10.55959,8.30856]]},"properties":{"id":290455006,"cls":"service","hw":"service","tg":"na","name":"","ref":"","surface":"unpaved","sc":"unpaved","speed":null,"lit":"unk","km":0.093}},
{"type":"Feature","geometry":{"type":"LineString","coordinates":[[-10.96439,8.63231],[-10.96402,8.63251],[-10.96369,8.63277],[-10.96323,8.63312],[-10.96294,8.63326],[-10.96274,8.63329],[-10.96256,8.63323],[-10.96228,8.63287],[-10.96186,8.63219],[-10.9616,8.63181],[-10.96151,8.63175],[-10.96141,8.63172],[-10.96113,8.63168],[-10.96098,8.6317],[-10.9608,8.63168],[-10.96071,8.63163],[-10.96067,8.63154],[-10.96063,8.6314]]},"properties":{"id":290608331,"cls":"service","hw":"service","tg":"na","name":"","ref":"","surface":"","sc":"unknown","speed":null,"lit":"unk","km":0.555}},
{"type":"Feature","geometry":{"type":"LineString","coordinates":[[-11.31969,7.96656],[-11.31964,7.96674],[-11.3196,7.9669]]},"properties":{"id":290681489,"cls":"service","hw":"service","tg":"na","name":"","ref":"","surface":"unpaved","sc":"unpaved","speed":null,"lit":"unk","km":0.039}},
{"type":"Feature","geometry":{"type":"LineString","coordinates":[[-11.31071,8.00049],[-11.31056,8.00037],[-11.3103,8.0002],[-11.31018,8.0001],[-11.30999,7.99991],[-11.30987,7.99984]]},"properties":{"id":290681494,"cls":"service","hw":"service","tg":"na","name":"","ref":"","surface":"unpaved","sc":"unpaved","speed":null,"lit":"unk","km":0.118}},
{"type":"Feature","geometry":{"type":"LineString","coordinates":[[-10.47705,8.26472],[-10.47681,8.26437],[-10.47669,8.26427],[-10.47654,8.26421],[-10.47627,8.26412],[-10.47573,8.26383],[-10.47472,8.2632]]},"properties":{"id":290762846,"cls":"service","hw":"service","tg":"na","name":"","ref":"","surface":"","sc":"unknown","speed":null,"lit":"unk","km":0.312}},
{"type":"Feature","geometry":{"type":"LineString","coordinates":[[-10.97161,8.63142],[-10.97159,8.63115],[-10.9716,8.63087],[-10.97169,8.63063],[-10.97194,8.6304],[-10.97231,8.63025],[-10.97262,8.63024],[-10.97309,8.63035],[-10.97332,8.63064],[-10.97351,8.63131],[-10.97352,8.63154],[-10.97346,8.63171],[-10.97308,8.63178],[-10.97275,8.63168],[-10.97243,8.63149],[-10.97236,8.63122],[-10.9723,8.63095],[-10.97242,8.6307],[-10.97284,8.63059],[-10.97317,8.63065],[-10.97334,8.63085]]},"properties":{"id":290784281,"cls":"service","hw":"service","tg":"na","name":"","ref":"","surface":"","sc":"unknown","speed":null,"lit":"unk","km":0.75}},
{"type":"Feature","geometry":{"type":"LineString","coordinates":[[-10.97334,8.63043],[-10.97347,8.63062],[-10.97357,8.63087],[-10.97362,8.63115],[-10.97362,8.63134],[-10.97359,8.63163],[-10.97351,8.63182],[-10.97341,8.63195],[-10.97325,8.63204],[-10.97291,8.63217],[-10.97259,8.63217],[-10.97231,8.63209],[-10.97202,8.63194],[-10.97161,8.63142]]},"properties":{"id":290784282,"cls":"service","hw":"service","tg":"na","name":"","ref":"","surface":"","sc":"unknown","speed":null,"lit":"unk","km":0.418}},
{"type":"Feature","geometry":{"type":"LineString","coordinates":[[-10.97115,8.63383],[-10.97094,8.6336],[-10.97063,8.63359],[-10.97033,8.63361],[-10.97,8.63314],[-10.96984,8.63265],[-10.96955,8.63214],[-10.96934,8.63166],[-10.9692,8.63148],[-10.96933,8.63128],[-10.96948,8.63126],[-10.97018,8.63234],[-10.97058,8.63254],[-10.97083,8.63255],[-10.97101,8.63236],[-10.97094,8.63213],[-10.97075,8.63175],[-10.97069,8.63148],[-10.97068,8.63089],[-10.97092,8.63034],[-10.97107,8.63017]]},"properties":{"id":290784284,"cls":"service","hw":"service","tg":"na","name":"","ref":"","surface":"","sc":"unknown","speed":null,"lit":"unk","km":0.924}},
{"type":"Feature","geometry":{"type":"LineString","coordinates":[[-10.97145,8.62992],[-10.97107,8.63017]]},"properties":{"id":290784285,"cls":"service","hw":"service","tg":"na","name":"","ref":"","surface":"","sc":"unknown","speed":null,"lit":"unk","km":0.05}},
{"type":"Feature","geometry":{"type":"LineString","coordinates":[[-10.97334,8.63043],[-10.97312,8.63016],[-10.97282,8.62995],[-10.9726,8.62985],[-10.97215,8.62981],[-10.97179,8.62982],[-10.97145,8.62992]]},"properties":{"id":290784286,"cls":"service","hw":"service","tg":"na","name":"","ref":"","surface":"","sc":"unknown","speed":null,"lit":"unk","km":0.234}},
{"type":"Feature","geometry":{"type":"LineString","coordinates":[[-10.97842,8.62626],[-10.97806,8.62619],[-10.97741,8.62618],[-10.97648,8.62608],[-10.97592,8.62603],[-10.97575,8.62602],[-10.97557,8.626],[-10.97533,8.62599],[-10.97523,8.62596],[-10.97512,8.62591],[-10.97485,8.62572],[-10.97473,8.62565],[-10.97461,8.62559]]},"properties":{"id":290784287,"cls":"service","hw":"service","tg":"na","name":"","ref":"","surface":"","sc":"unknown","speed":null,"lit":"unk","km":0.433}},
{"type":"Feature","geometry":{"type":"LineString","coordinates":[[-10.96619,8.6529],[-10.96608,8.65308],[-10.96616,8.65316],[-10.96625,8.65334],[-10.96653,8.65402],[-10.96683,8.6543],[-10.96699,8.65444]]},"properties":{"id":290984950,"cls":"service","hw":"service","tg":"na","name":"","ref":"","surface":"asphalt","sc":"paved","speed":null,"lit":"unk","km":0.209}},
{"type":"Feature","geometry":{"type":"LineString","coordinates":[[-10.9544,8.6683],[-10.95426,8.66845],[-10.95407,8.66869],[-10.9539,8.66894],[-10.95372,8.66921],[-10.95366,8.66935],[-10.95352,8.66949],[-10.95345,8.66964],[-10.95326,8.67039]]},"properties":{"id":291202663,"cls":"service","hw":"service","tg":"na","name":"","ref":"","surface":"unpaved","sc":"unpaved","speed":null,"lit":"unk","km":0.269}},
{"type":"Feature","geometry":{"type":"LineString","coordinates":[[-10.96071,8.62675],[-10.96124,8.62668],[-10.96203,8.62668],[-10.96229,8.62671],[-10.96256,8.62685],[-10.96276,8.62703],[-10.96313,8.62757]]},"properties":{"id":291229243,"cls":"service","hw":"service","tg":"na","name":"","ref":"","surface":"","sc":"unknown","speed":null,"lit":"unk","km":0.31}},
{"type":"Feature","geometry":{"type":"LineString","coordinates":[[-10.9648,8.62678],[-10.96492,8.62685],[-10.96518,8.62676],[-10.966,8.62655],[-10.96603,8.62654]]},"properties":{"id":291279021,"cls":"service","hw":"service","tg":"na","name":"","ref":"","surface":"","sc":"unknown","speed":null,"lit":"unk","km":0.142}},
{"type":"Feature","geometry":{"type":"LineString","coordinates":[[-10.9957,8.63899],[-10.99583,8.63869],[-10.99608,8.63843],[-10.99634,8.63819],[-10.99644,8.63807],[-10.99662,8.63781],[-10.99677,8.63752],[-10.99692,8.63716],[-10.99696,8.63691],[-10.9971,8.63679]]},"properties":{"id":291438289,"cls":"service","hw":"service","tg":"na","name":"","ref":"","surface":"","sc":"unknown","speed":null,"lit":"unk","km":0.296}},
{"type":"Feature","geometry":{"type":"LineString","coordinates":[[-10.966,8.62655],[-10.96608,8.62682],[-10.96613,8.62708],[-10.96615,8.62718],[-10.96615,8.62727],[-10.96612,8.62734],[-10.96603,8.62741],[-10.96597,8.6275],[-10.96596,8.62757],[-10.96598,8.62768],[-10.96625,8.62871]]},"properties":{"id":291456560,"cls":"service","hw":"service","tg":"na","name":"","ref":"","surface":"","sc":"unknown","speed":null,"lit":"unk","km":0.254}},
{"type":"Feature","geometry":{"type":"LineString","coordinates":[[-10.97978,8.63089],[-10.98081,8.63042],[-10.98184,8.62984],[-10.98276,8.62935],[-10.98386,8.62875],[-10.98412,8.62861],[-10.9842,8.62854],[-10.98424,8.62845],[-10.98428,8.62832],[-10.98429,8.6281],[-10.98431,8.62774],[-10.98432,8.6267],[-10.98434,8.62648],[-10.98432,8.62641],[-10.98424,8.62628],[-10.98399,8.62593],[-10.98376,8.62556],[-10.98329,8.62482]]},"properties":{"id":291483838,"cls":"service","hw":"service","tg":"na","name":"","ref":"","surface":"","sc":"unknown","speed":null,"lit":"unk","km":1.001}},
{"type":"Feature","geometry":{"type":"LineString","coordinates":[[-10.97927,8.62905],[-10.97924,8.62908],[-10.97922,8.62914],[-10.97916,8.62919],[-10.97911,8.62928],[-10.97912,8.6294],[-10.97919,8.62944],[-10.97926,8.62943],[-10.97935,8.6295],[-10.97952,8.62958],[-10.9797,8.62961],[-10.97986,8.62963],[-10.97997,8.62963],[-10.98003,8.62962],[-10.98008,8.62958],[-10.98014,8.62953],[-10.98021,8.62946],[-10.9802,8.62936],[-10.98021,8.62926],[-10.98014,8.62901]]},"properties":{"id":291483839,"cls":"service","hw":"service","tg":"na","name":"","ref":"","surface":"","sc":"unknown","speed":null,"lit":"unk","km":0.23}},
{"type":"Feature","geometry":{"type":"LineString","coordinates":[[-10.97927,8.62905],[-10.9794,8.62901],[-10.97961,8.62887],[-10.97975,8.6288],[-10.97996,8.62881],[-10.98002,8.62882],[-10.98008,8.62887],[-10.98011,8.62892],[-10.98014,8.62901]]},"properties":{"id":291483840,"cls":"service","hw":"service","tg":"na","name":"","ref":"","surface":"","sc":"unknown","speed":null,"lit":"unk","km":0.115}},
{"type":"Feature","geometry":{"type":"LineString","coordinates":[[-10.98132,8.62801],[-10.98191,8.62787],[-10.98226,8.62775],[-10.98275,8.62755],[-10.9832,8.62738]]},"properties":{"id":291483841,"cls":"service","hw":"service","tg":"na","name":"","ref":"","surface":"","sc":"unknown","speed":null,"lit":"unk","km":0.219}},
{"type":"Feature","geometry":{"type":"LineString","coordinates":[[-10.97883,8.62308],[-10.98182,8.62301],[-10.98204,8.62308],[-10.98236,8.62347],[-10.98296,8.62431],[-10.98329,8.62482]]},"properties":{"id":291483842,"cls":"service","hw":"service","tg":"na","name":"","ref":"","surface":"","sc":"unknown","speed":null,"lit":"unk","km":0.592}},
{"type":"Feature","geometry":{"type":"LineString","coordinates":[[-10.97922,8.62914],[-10.97949,8.62934],[-10.97955,8.62937],[-10.97961,8.62939],[-10.97965,8.62939],[-10.97971,8.6294],[-10.97979,8.62939],[-10.9799,8.62932],[-10.97994,8.62929],[-10.97996,8.62922],[-10.97995,8.62916]]},"properties":{"id":291483843,"cls":"service","hw":"service","tg":"na","name":"","ref":"","surface":"","sc":"unknown","speed":null,"lit":"unk","km":0.106}},
{"type":"Feature","geometry":{"type":"LineString","coordinates":[[-10.97214,8.64139],[-10.97203,8.64144],[-10.97159,8.64177],[-10.97131,8.64201],[-10.97126,8.64205],[-10.97118,8.6421],[-10.97094,8.64219],[-10.97086,8.64218],[-10.9708,8.64212],[-10.97067,8.64185],[-10.97065,8.64175],[-10.97064,8.64166],[-10.97064,8.64151]]},"properties":{"id":291487769,"cls":"service","hw":"service","tg":"na","name":"","ref":"","surface":"","sc":"unknown","speed":null,"lit":"unk","km":0.25}},
{"type":"Feature","geometry":{"type":"LineString","coordinates":[[-11.02028,8.6113],[-11.01997,8.61151],[-11.01986,8.61162],[-11.01974,8.61183],[-11.01963,8.612],[-11.01959,8.6121],[-11.01959,8.61217],[-11.01968,8.61242],[-11.01968,8.61252],[-11.01963,8.61267],[-11.01942,8.61311],[-11.01929,8.61369]]},"properties":{"id":291565175,"cls":"service","hw":"service","tg":"na","name":"","ref":"","surface":"unpaved","sc":"unpaved","speed":null,"lit":"unk","km":0.306}},
{"type":"Feature","geometry":{"type":"LineString","coordinates":[[-11.01963,8.612],[-11.01953,8.61206],[-11.01944,8.61214],[-11.0194,8.61228],[-11.01938,8.61294],[-11.01935,8.61304],[-11.01891,8.61364],[-11.01877,8.61372],[-11.01869,8.61377],[-11.01853,8.61419],[-11.01846,8.61427],[-11.01833,8.61431],[-11.01742,8.61436]]},"properties":{"id":291565178,"cls":"service","hw":"service","tg":"na","name":"","ref":"","surface":"unpaved","sc":"unpaved","speed":null,"lit":"unk","km":0.415}},
{"type":"Feature","geometry":{"type":"LineString","coordinates":[[-11.0198,8.61126],[-11.01974,8.61147],[-11.01974,8.61183]]},"properties":{"id":291565181,"cls":"service","hw":"service","tg":"na","name":"","ref":"","surface":"unpaved","sc":"unpaved","speed":null,"lit":"unk","km":0.064}},
{"type":"Feature","geometry":{"type":"LineString","coordinates":[[-11.01952,8.61118],[-11.01948,8.61131],[-11.01954,8.61156],[-11.01974,8.61183]]},"properties":{"id":291565183,"cls":"service","hw":"service","tg":"na","name":"","ref":"","surface":"unpaved","sc":"unpaved","speed":null,"lit":"unk","km":0.081}},
{"type":"Feature","geometry":{"type":"LineString","coordinates":[[-10.96622,8.62607],[-10.96611,8.62585],[-10.96593,8.62546],[-10.96577,8.62519],[-10.96558,8.6249],[-10.96552,8.62469],[-10.96574,8.62454],[-10.96635,8.62433],[-10.96705,8.62409],[-10.96751,8.62397],[-10.96786,8.62382],[-10.96813,8.62372],[-10.96824,8.62367],[-10.96837,8.62364],[-10.96852,8.62365],[-10.9687,8.62369],[-10.96882,8.62365],[-10.96897,8.62353],[-10.96911,8.62344],[-10.96924,8.62337],[-10.96956,8.62326],[-10.96974,8.62318],[-10.96985,8.62303],[-10.96986,8.62285],[-10.96984,8.62268],[-10.96976,8.62259],[-10.96961,8.62259],[-10.96897,8.62287],[-10.96841,8.62315],[-10.96814,8.62305],[-10.96795,8.62289],[-10.96775,8.62274],[-10.96749,8.62269],[-10.96713,8.62258],[-10.96677,8.62243],[-10.96639,8.62239],[-10.96586,8.62234],[-10.96553,8.62234],[-10.96531,8.62237],[-10.96527,8.62256],[-10.96526,8.62279],[-10.96519,8.62301]]},"properties":{"id":291608399,"cls":"service","hw":"service","tg":"na","name":"","ref":"","surface":"","sc":"unknown","speed":null,"lit":"unk","km":1.343}},
{"type":"Feature","geometry":{"type":"LineString","coordinates":[[-10.96163,8.65374],[-10.96157,8.65384],[-10.96144,8.65479]]},"properties":{"id":291734898,"cls":"service","hw":"service","tg":"na","name":"","ref":"","surface":"unpaved","sc":"unpaved","speed":null,"lit":"unk","km":0.12}},
{"type":"Feature","geometry":{"type":"LineString","coordinates":[[-10.96696,8.64807],[-10.9669,8.64813],[-10.96684,8.64819]]},"properties":{"id":291751260,"cls":"service","hw":"service","tg":"na","name":"","ref":"","surface":"","sc":"unknown","speed":null,"lit":"unk","km":0.019}},
{"type":"Feature","geometry":{"type":"LineString","coordinates":[[-10.96684,8.64819],[-10.96679,8.64823],[-10.96669,8.64829],[-10.96657,8.64835]]},"properties":{"id":291751261,"cls":"service","hw":"service","tg":"na","name":"","ref":"","surface":"","sc":"unknown","speed":null,"lit":"unk","km":0.035}},
{"type":"Feature","geometry":{"type":"LineString","coordinates":[[-10.33073,8.4606],[-10.33062,8.46036],[-10.33058,8.46021],[-10.3305,8.46009],[-10.33025,8.45994],[-10.33005,8.45972],[-10.32992,8.45986],[-10.32969,8.4601]]},"properties":{"id":291752967,"cls":"service","hw":"service","tg":"na","name":"","ref":"","surface":"","sc":"unknown","speed":null,"lit":"unk","km":0.185}},
{"type":"Feature","geometry":{"type":"LineString","coordinates":[[-11.4676,7.90305],[-11.46772,7.90306],[-11.46777,7.90305],[-11.46798,7.903],[-11.46812,7.903],[-11.46858,7.90306],[-11.46871,7.9031],[-11.46881,7.90316],[-11.46898,7.90344],[-11.46906,7.90354],[-11.46908,7.90363],[-11.46906,7.90373],[-11.46888,7.9042],[-11.46881,7.90434],[-11.46871,7.90447],[-11.46853,7.90479],[-11.46845,7.9049],[-11.46831,7.90504],[-11.4682,7.90518],[-11.46818,7.90528],[-11.46824,7.90539],[-11.46835,7.90548],[-11.46845,7.90563],[-11.46853,7.9059],[-11.46855,7.90611],[-11.46853,7.90628],[-11.46846,7.90644],[-11.46842,7.90677],[-11.46846,7.90711],[-11.46849,7.90739],[-11.46863,7.90773],[-11.46874,7.90786]]},"properties":{"id":291809168,"cls":"service","hw":"service","tg":"na","name":"","ref":"","surface":"unpaved","sc":"unpaved","speed":null,"lit":"unk","km":0.718}},
{"type":"Feature","geometry":{"type":"LineString","coordinates":[[-10.93657,8.55415],[-10.93649,8.55428],[-10.93642,8.55442],[-10.93615,8.55461],[-10.93581,8.55488]]},"properties":{"id":291809737,"cls":"service","hw":"service","tg":"na","name":"","ref":"","surface":"unpaved","sc":"unpaved","speed":null,"lit":"unk","km":0.119}},
{"type":"Feature","geometry":{"type":"LineString","coordinates":[[-11.33138,7.99493],[-11.33187,7.99507],[-11.33198,7.99516],[-11.33201,7.99518],[-11.3321,7.99533],[-11.33211,7.99549],[-11.33222,7.99558],[-11.33249,7.99568],[-11.33266,7.99571],[-11.33287,7.99588],[-11.33312,7.99606],[-11.33324,7.99621],[-11.33338,7.9963],[-11.33363,7.99637],[-11.33409,7.99642],[-11.33424,7.99649],[-11.33436,7.99659],[-11.33446,7.99669],[-11.33459,7.99673],[-11.33489,7.99671],[-11.33491,7.99672],[-11.33498,7.99674],[-11.33512,7.99686],[-11.33521,7.9969],[-11.33534,7.99688],[-11.33546,7.99685],[-11.33558,7.99682],[-11.33594,7.99669],[-11.33616,7.99667],[-11.33634,7.99662],[-11.33651,7.99652],[-11.33667,7.99647],[-11.33686,7.99649],[-11.33707,7.99657],[-11.33737,7.99654]]},"properties":{"id":291814268,"cls":"service","hw":"service","tg":"na","name":"","ref":"","surface":"unpaved","sc":"unpaved","speed":null,"lit":"unk","km":0.752}},
{"type":"Feature","geometry":{"type":"LineString","coordinates":[[-10.96631,8.64788],[-10.96617,8.64801],[-10.96595,8.6482],[-10.96568,8.64833],[-10.96551,8.64845],[-10.96543,8.64854]]},"properties":{"id":291882920,"cls":"service","hw":"service","tg":"na","name":"Hospital Road","ref":"","surface":"paving_stones","sc":"paved","speed":null,"lit":"unk","km":0.123}},
{"type":"Feature","geometry":{"type":"LineString","coordinates":[[-10.96617,8.64801],[-10.96619,8.64814],[-10.96622,8.64821],[-10.96627,8.64832],[-10.96629,8.64836],[-10.9663,8.64838],[-10.96633,8.64843],[-10.96635,8.64847],[-10.96637,8.64851],[-10.96638,8.64854],[-10.96639,8.64856],[-10.96641,8.64859],[-10.96642,8.64863],[-10.96647,8.64868],[-10.96647,8.64881]]},"properties":{"id":291882924,"cls":"service","hw":"service","tg":"na","name":"Hospital Road","ref":"","surface":"paving_stones","sc":"paved","speed":null,"lit":"unk","km":0.097}},
{"type":"Feature","geometry":{"type":"LineString","coordinates":[[-10.96608,8.65308],[-10.96591,8.65335],[-10.96578,8.65355],[-10.9657,8.65369],[-10.96563,8.6538],[-10.96556,8.65393],[-10.96551,8.65404]]},"properties":{"id":291882973,"cls":"service","hw":"service","tg":"na","name":"","ref":"","surface":"","sc":"unknown","speed":null,"lit":"unk","km":0.124}},
{"type":"Feature","geometry":{"type":"LineString","coordinates":[[-11.33434,7.34022],[-11.33462,7.34045],[-11.33506,7.34054],[-11.33589,7.34053],[-11.33639,7.34039],[-11.33712,7.3403],[-11.33774,7.34016],[-11.33825,7.33999],[-11.33945,7.33974],[-11.33986,7.33957],[-11.34096,7.33914],[-11.34156,7.33855],[-11.34291,7.33722],[-11.34328,7.33698],[-11.34459,7.33646],[-11.34541,7.33584],[-11.34634,7.33566],[-11.34738,7.33582],[-11.34795,7.3358],[-11.34857,7.33554]]},"properties":{"id":291991102,"cls":"service","hw":"service","tg":"na","name":"","ref":"","surface":"unpaved","sc":"unpaved","speed":null,"lit":"unk","km":1.743}},
{"type":"Feature","geometry":{"type":"LineString","coordinates":[[-11.34497,7.32798],[-11.34515,7.3279],[-11.34601,7.3278],[-11.34723,7.32745],[-11.3478,7.32739],[-11.34823,7.32727],[-11.34871,7.32707],[-11.34925,7.32678],[-11.34998,7.326],[-11.35059,7.32517],[-11.35149,7.32478],[-11.35201,7.32446],[-11.353,7.32409],[-11.35359,7.32377],[-11.35391,7.32374],[-11.35414,7.32345]]},"properties":{"id":291991104,"cls":"service","hw":"service","tg":"na","name":"","ref":"","surface":"unpaved","sc":"unpaved","speed":null,"lit":"unk","km":1.171}},
{"type":"Feature","geometry":{"type":"LineString","coordinates":[[-11.34669,7.87769],[-11.34686,7.87767],[-11.34701,7.87762],[-11.34716,7.87755]]},"properties":{"id":291992752,"cls":"service","hw":"service","tg":"na","name":"","ref":"","surface":"unpaved","sc":"unpaved","speed":null,"lit":"unk","km":0.055}},
{"type":"Feature","geometry":{"type":"LineString","coordinates":[[-11.33783,7.87907],[-11.33771,7.87909],[-11.33759,7.87909],[-11.33737,7.87904],[-11.33719,7.87898],[-11.33702,7.87891],[-11.33677,7.87872],[-11.33665,7.87869]]},"properties":{"id":291992758,"cls":"service","hw":"service","tg":"na","name":"","ref":"","surface":"unpaved","sc":"unpaved","speed":null,"lit":"unk","km":0.141}},
{"type":"Feature","geometry":{"type":"LineString","coordinates":[[-11.33806,7.87894],[-11.3379,7.87903],[-11.33783,7.87907],[-11.33776,7.87914],[-11.33766,7.87927],[-11.33759,7.8794],[-11.3376,7.87949],[-11.33768,7.87959],[-11.33796,7.87978]]},"properties":{"id":291992790,"cls":"service","hw":"service","tg":"na","name":"","ref":"","surface":"unpaved","sc":"unpaved","speed":null,"lit":"unk","km":0.136}},
{"type":"Feature","geometry":{"type":"LineString","coordinates":[[-11.04667,8.74882],[-11.04605,8.74891],[-11.04579,8.74898],[-11.04554,8.74913]]},"properties":{"id":292067007,"cls":"service","hw":"service","tg":"na","name":"","ref":"","surface":"","sc":"unknown","speed":null,"lit":"unk","km":0.131}},
{"type":"Feature","geometry":{"type":"LineString","coordinates":[[-11.05116,8.62044],[-11.05111,8.62033],[-11.05111,8.62024],[-11.05119,8.6201],[-11.05132,8.61993],[-11.05136,8.61988]]},"properties":{"id":292168893,"cls":"service","hw":"service","tg":"na","name":"","ref":"","surface":"","sc":"unknown","speed":null,"lit":"unk","km":0.072}},
{"type":"Feature","geometry":{"type":"LineString","coordinates":[[-11.05087,8.61838],[-11.04983,8.61741],[-11.04943,8.61702],[-11.04838,8.61596],[-11.04684,8.61444],[-11.0467,8.61426],[-11.04655,8.61395],[-11.04634,8.6134],[-11.04615,8.61311]]},"properties":{"id":292236174,"cls":"service","hw":"service","tg":"na","name":"","ref":"","surface":"","sc":"unknown","speed":null,"lit":"unk","km":0.79}},
{"type":"Feature","geometry":{"type":"LineString","coordinates":[[-11.04937,8.61738],[-11.04943,8.61727],[-11.04944,8.61718],[-11.04943,8.61702]]},"properties":{"id":292236177,"cls":"service","hw":"service","tg":"na","name":"","ref":"","surface":"","sc":"unknown","speed":null,"lit":"unk","km":0.042}},
{"type":"Feature","geometry":{"type":"LineString","coordinates":[[-11.04937,8.61738],[-11.04902,8.61741],[-11.04875,8.61739]]},"properties":{"id":292236178,"cls":"service","hw":"service","tg":"na","name":"","ref":"","surface":"","sc":"unknown","speed":null,"lit":"unk","km":0.068}},
{"type":"Feature","geometry":{"type":"LineString","coordinates":[[-11.05597,8.6229],[-11.05575,8.62267],[-11.05559,8.62254],[-11.05538,8.6224],[-11.05523,8.62232],[-11.05486,8.62211],[-11.0547,8.62197],[-11.05448,8.6218],[-11.05436,8.62171],[-11.05422,8.6216],[-11.05407,8.62152],[-11.05388,8.62137],[-11.05359,8.62103],[-11.05255,8.62002],[-11.05171,8.61921]]},"properties":{"id":292301402,"cls":"service","hw":"service","tg":"na","name":"","ref":"","surface":"unpaved","sc":"unpaved","speed":null,"lit":"unk","km":0.626}},
{"type":"Feature","geometry":{"type":"LineString","coordinates":[[-11.05076,8.61848],[-11.05087,8.61838],[-11.05091,8.61834],[-11.05097,8.61828],[-11.051,8.6182],[-11.05102,8.61813],[-11.05101,8.61795],[-11.05101,8.61726],[-11.051,8.61692],[-11.05115,8.61657],[-11.05148,8.6164],[-11.05177,8.616],[-11.05194,8.61569],[-11.05224,8.61535],[-11.0523,8.6153],[-11.05267,8.61515],[-11.05291,8.615],[-11.05398,8.61434]]},"properties":{"id":292304635,"cls":"service","hw":"service","tg":"na","name":"","ref":"","surface":"unpaved","sc":"unpaved","speed":null,"lit":"unk","km":0.634}},
{"type":"Feature","geometry":{"type":"LineString","coordinates":[[-11.31065,7.31453],[-11.3106,7.31471],[-11.31042,7.31486],[-11.31028,7.31495]]},"properties":{"id":292419139,"cls":"service","hw":"service","tg":"na","name":"","ref":"","surface":"","sc":"unknown","speed":null,"lit":"unk","km":0.065}},
{"type":"Feature","geometry":{"type":"LineString","coordinates":[[-11.30829,7.31468],[-11.30913,7.31433],[-11.30922,7.3143],[-11.30933,7.31426],[-11.30966,7.31409],[-11.31011,7.31385]]},"properties":{"id":292421325,"cls":"service","hw":"service","tg":"na","name":"","ref":"","surface":"unpaved","sc":"unpaved","speed":null,"lit":"unk","km":0.221}},
{"type":"Feature","geometry":{"type":"LineString","coordinates":[[-11.19613,7.88521],[-11.19623,7.88521],[-11.19633,7.8852],[-11.19642,7.8852],[-11.1965,7.88523],[-11.19681,7.88538],[-11.19703,7.88549],[-11.19741,7.88569],[-11.19793,7.88596],[-11.19806,7.88604],[-11.19841,7.88623],[-11.1987,7.88637],[-11.19898,7.8865],[-11.19919,7.88661]]},"properties":{"id":292486667,"cls":"service","hw":"service","tg":"na","name":"","ref":"","surface":"","sc":"unknown","speed":null,"lit":"unk","km":0.375}},
{"type":"Feature","geometry":{"type":"LineString","coordinates":[[-11.19634,7.88468],[-11.19625,7.88495],[-11.19619,7.88509],[-11.19613,7.88521],[-11.19605,7.88544],[-11.19592,7.88582],[-11.19584,7.88609],[-11.19581,7.8863],[-11.19577,7.88655],[-11.19578,7.88673],[-11.19583,7.88691],[-11.19586,7.88702],[-11.19596,7.88733],[-11.19602,7.88751],[-11.19604,7.88769],[-11.19603,7.88815]]},"properties":{"id":292486674,"cls":"service","hw":"service","tg":"na","name":"","ref":"","surface":"","sc":"unknown","speed":null,"lit":"unk","km":0.4}},
{"type":"Feature","geometry":{"type":"LineString","coordinates":[[-11.19603,7.88815],[-11.19592,7.88837],[-11.19585,7.88846],[-11.19579,7.88849],[-11.19572,7.8885],[-11.19558,7.88851],[-11.19542,7.88852],[-11.1953,7.88851],[-11.19512,7.88845],[-11.19501,7.88842],[-11.19489,7.88842],[-11.19477,7.88844],[-11.19465,7.88847],[-11.19424,7.88856],[-11.19411,7.88857],[-11.19404,7.88856],[-11.19399,7.88852],[-11.19376,7.88827]]},"properties":{"id":292486677,"cls":"service","hw":"service","tg":"na","name":"","ref":"","surface":"","sc":"unknown","speed":null,"lit":"unk","km":0.288}},
{"type":"Feature","geometry":{"type":"LineString","coordinates":[[-11.19453,7.88329],[-11.19469,7.88321],[-11.19485,7.88311],[-11.19507,7.88302],[-11.1952,7.88297],[-11.19542,7.88291],[-11.19571,7.88282],[-11.19591,7.88276],[-11.19608,7.88268],[-11.1962,7.88259],[-11.19633,7.88248],[-11.19646,7.88239]]},"properties":{"id":292583640,"cls":"service","hw":"service","tg":"na","name":"","ref":"","surface":"unpaved","sc":"unpaved","speed":null,"lit":"unk","km":0.237}},
{"type":"Feature","geometry":{"type":"LineString","coordinates":[[-11.19634,7.88468],[-11.19622,7.88444],[-11.19611,7.88426],[-11.19598,7.88405],[-11.19593,7.88401],[-11.19586,7.88399],[-11.19561,7.88398],[-11.19553,7.88398],[-11.19544,7.88394],[-11.19533,7.88384],[-11.19515,7.88366]]},"properties":{"id":292583641,"cls":"service","hw":"service","tg":"na","name":"","ref":"","surface":"","sc":"unknown","speed":null,"lit":"unk","km":0.188}},
{"type":"Feature","geometry":{"type":"LineString","coordinates":[[-10.93169,7.90034],[-10.93148,7.90042],[-10.93125,7.90059],[-10.93103,7.9008],[-10.93091,7.9009]]},"properties":{"id":292606362,"cls":"service","hw":"service","tg":"na","name":"","ref":"","surface":"unpaved","sc":"unpaved","speed":null,"lit":"unk","km":0.107}},
{"type":"Feature","geometry":{"type":"LineString","coordinates":[[-10.50691,8.72227],[-10.50684,8.72184],[-10.50677,8.72168],[-10.50684,8.72158],[-10.50695,8.72148],[-10.50707,8.72144]]},"properties":{"id":292730686,"cls":"service","hw":"service","tg":"na","name":"","ref":"","surface":"","sc":"unknown","speed":null,"lit":"unk","km":0.112}},
{"type":"Feature","geometry":{"type":"LineString","coordinates":[[-11.19609,7.87933],[-11.19636,7.87965],[-11.19661,7.87994],[-11.1969,7.88026],[-11.19699,7.88037],[-11.19713,7.88051],[-11.19719,7.88057]]},"properties":{"id":292731786,"cls":"service","hw":"service","tg":"na","name":"","ref":"","surface":"asphalt","sc":"paved","speed":null,"lit":"unk","km":0.184}},
{"type":"Feature","geometry":{"type":"LineString","coordinates":[[-11.19646,7.88239],[-11.19644,7.88232],[-11.19641,7.88228],[-11.19636,7.88223]]},"properties":{"id":292740796,"cls":"service","hw":"service","tg":"na","name":"","ref":"","surface":"","sc":"unknown","speed":null,"lit":"unk","km":0.021}},
{"type":"Feature","geometry":{"type":"LineString","coordinates":[[-11.19613,7.88187],[-11.1963,7.88183],[-11.19638,7.88181],[-11.19647,7.88181],[-11.19659,7.88183],[-11.19666,7.88182],[-11.19674,7.8818],[-11.19684,7.88174],[-11.19713,7.88154],[-11.19733,7.88141],[-11.19765,7.88124],[-11.19778,7.88119],[-11.19789,7.88117],[-11.198,7.88118],[-11.19816,7.88124],[-11.19828,7.88129],[-11.19838,7.88133],[-11.19857,7.88137],[-11.19876,7.8814],[-11.19886,7.88141]]},"properties":{"id":292745192,"cls":"service","hw":"service","tg":"na","name":"","ref":"","surface":"unpaved","sc":"unpaved","speed":null,"lit":"unk","km":0.325}},
{"type":"Feature","geometry":{"type":"LineString","coordinates":[[-11.15496,7.91767],[-11.15485,7.91782],[-11.15455,7.91807]]},"properties":{"id":292802208,"cls":"service","hw":"service","tg":"na","name":"","ref":"","surface":"","sc":"unknown","speed":null,"lit":"unk","km":0.064}},
{"type":"Feature","geometry":{"type":"LineString","coordinates":[[-10.95233,8.00487],[-10.95231,8.00507],[-10.95232,8.00516],[-10.95245,8.00523],[-10.95251,8.00529],[-10.95264,8.0054],[-10.95272,8.00549],[-10.95273,8.00553],[-10.95274,8.00564],[-10.9528,8.00574],[-10.95287,8.00582],[-10.95294,8.00588],[-10.95301,8.00591],[-10.95313,8.00594],[-10.95319,8.006],[-10.95331,8.00611],[-10.95343,8.00623],[-10.95352,8.00633],[-10.95365,8.00643],[-10.95373,8.00651],[-10.95392,8.0065]]},"properties":{"id":293123571,"cls":"service","hw":"service","tg":"na","name":"","ref":"","surface":"","sc":"unknown","speed":null,"lit":"unk","km":0.277}},
{"type":"Feature","geometry":{"type":"LineString","coordinates":[[-10.95094,8.01422],[-10.95109,8.01409],[-10.95125,8.01394],[-10.95143,8.01376],[-10.95152,8.01363]]},"properties":{"id":293123581,"cls":"service","hw":"service","tg":"na","name":"","ref":"","surface":"","sc":"unknown","speed":null,"lit":"unk","km":0.092}},
{"type":"Feature","geometry":{"type":"LineString","coordinates":[[-11.26355,8.51879],[-11.26342,8.51823]]},"properties":{"id":293188553,"cls":"service","hw":"service","tg":"na","name":"","ref":"","surface":"","sc":"unknown","speed":null,"lit":"unk","km":0.064}},
{"type":"Feature","geometry":{"type":"LineString","coordinates":[[-11.2719,8.54604],[-11.27183,8.54625],[-11.2719,8.54656],[-11.27213,8.54659],[-11.27243,8.5466],[-11.27289,8.54669],[-11.27307,8.54677]]},"properties":{"id":293189405,"cls":"service","hw":"service","tg":"na","name":"","ref":"","surface":"","sc":"unknown","speed":null,"lit":"unk","km":0.192}},
{"type":"Feature","geometry":{"type":"LineString","coordinates":[[-11.1836,8.9677],[-11.18332,8.96769],[-11.18311,8.96767],[-11.18285,8.96766]]},"properties":{"id":293191229,"cls":"service","hw":"service","tg":"na","name":"","ref":"","surface":"","sc":"unknown","speed":null,"lit":"unk","km":0.083}},
{"type":"Feature","geometry":{"type":"LineString","coordinates":[[-11.26626,8.55542],[-11.26597,8.55535],[-11.26563,8.55537],[-11.2653,8.55539]]},"properties":{"id":293192464,"cls":"service","hw":"service","tg":"na","name":"","ref":"","surface":"","sc":"unknown","speed":null,"lit":"unk","km":0.107}},
{"type":"Feature","geometry":{"type":"LineString","coordinates":[[-11.24883,8.5424],[-11.24882,8.54246],[-11.24879,8.54257],[-11.24859,8.54348],[-11.2486,8.54381],[-11.24877,8.54406]]},"properties":{"id":293192474,"cls":"service","hw":"service","tg":"na","name":"","ref":"","surface":"unpaved","sc":"unpaved","speed":null,"lit":"unk","km":0.193}},
{"type":"Feature","geometry":{"type":"LineString","coordinates":[[-11.08725,8.5511],[-11.0874,8.55138],[-11.08745,8.55139],[-11.08776,8.55195]]},"properties":{"id":293197629,"cls":"service","hw":"service","tg":"na","name":"","ref":"","surface":"unpaved","sc":"unpaved","speed":null,"lit":"unk","km":0.112}},
{"type":"Feature","geometry":{"type":"LineString","coordinates":[[-11.08894,8.54191],[-11.08897,8.54202],[-11.08898,8.54207],[-11.08903,8.54228],[-11.08909,8.5426],[-11.0891,8.54265],[-11.08914,8.54285]]},"properties":{"id":293197630,"cls":"service","hw":"service","tg":"na","name":"","ref":"","surface":"","sc":"unknown","speed":null,"lit":"unk","km":0.107}},
{"type":"Feature","geometry":{"type":"LineString","coordinates":[[-11.07214,8.21687],[-11.07221,8.21706],[-11.07227,8.21715]]},"properties":{"id":293207194,"cls":"service","hw":"service","tg":"na","name":"","ref":"","surface":"unpaved","sc":"unpaved","speed":null,"lit":"unk","km":0.034}},
{"type":"Feature","geometry":{"type":"LineString","coordinates":[[-11.06883,8.22137],[-11.06894,8.22121],[-11.06898,8.22047],[-11.06903,8.22022]]},"properties":{"id":293207205,"cls":"service","hw":"service","tg":"na","name":"","ref":"","surface":"unpaved","sc":"unpaved","speed":null,"lit":"unk","km":0.132}},
{"type":"Feature","geometry":{"type":"LineString","coordinates":[[-11.13789,8.18733],[-11.13788,8.18726],[-11.13785,8.18714],[-11.13777,8.18705],[-11.13767,8.18691],[-11.13767,8.18679],[-11.13774,8.18673],[-11.13791,8.18654],[-11.13798,8.18643],[-11.13805,8.1863]]},"properties":{"id":293207221,"cls":"service","hw":"service","tg":"na","name":"","ref":"","surface":"unpaved","sc":"unpaved","speed":null,"lit":"unk","km":0.137}},
{"type":"Feature","geometry":{"type":"LineString","coordinates":[[-11.18309,7.87726],[-11.18307,7.87727],[-11.18263,7.87725],[-11.1826,7.87724],[-11.18259,7.87722],[-11.18263,7.87642],[-11.18269,7.87567],[-11.18318,7.87567],[-11.1832,7.87569]]},"properties":{"id":293300618,"cls":"service","hw":"service","tg":"na","name":"","ref":"","surface":"unpaved","sc":"unpaved","speed":null,"lit":"unk","km":0.287}},
{"type":"Feature","geometry":{"type":"LineString","coordinates":[[-13.25605,8.45723],[-13.25603,8.45718],[-13.25592,8.45703],[-13.25589,8.45693],[-13.25573,8.45645]]},"properties":{"id":293337976,"cls":"service","hw":"service","tg":"na","name":"","ref":"","surface":"","sc":"unknown","speed":null,"lit":"unk","km":0.094}},
{"type":"Feature","geometry":{"type":"LineString","coordinates":[[-13.24799,8.45622],[-13.24805,8.45592],[-13.24815,8.45565],[-13.24818,8.45558]]},"properties":{"id":293339306,"cls":"service","hw":"service","tg":"na","name":"","ref":"","surface":"paved","sc":"paved","speed":null,"lit":"unk","km":0.074}},
{"type":"Feature","geometry":{"type":"LineString","coordinates":[[-13.24898,8.45533],[-13.249,8.4553],[-13.24904,8.45523],[-13.24912,8.45512],[-13.24913,8.45509],[-13.24916,8.45503],[-13.24918,8.45495],[-13.24917,8.4549],[-13.24913,8.45484],[-13.24902,8.45471],[-13.24892,8.45455],[-13.24879,8.45433],[-13.24871,8.45418],[-13.24864,8.45413],[-13.24859,8.45413],[-13.24854,8.45413],[-13.24844,8.45418],[-13.24824,8.45433],[-13.24808,8.4545],[-13.24803,8.45455],[-13.24802,8.45458],[-13.248,8.4546],[-13.24797,8.45466],[-13.24792,8.45476]]},"properties":{"id":293339307,"cls":"service","hw":"service","tg":"na","name":"","ref":"","surface":"unpaved","sc":"unpaved","speed":null,"lit":"unk","km":0.269}},
{"type":"Feature","geometry":{"type":"LineString","coordinates":[[-11.10516,8.75405],[-11.1053,8.75405],[-11.10567,8.75421],[-11.10585,8.75451]]},"properties":{"id":293342782,"cls":"service","hw":"service","tg":"na","name":"","ref":"","surface":"","sc":"unknown","speed":null,"lit":"unk","km":0.099}},
{"type":"Feature","geometry":{"type":"LineString","coordinates":[[-11.10648,8.75013],[-11.10597,8.75038],[-11.10588,8.75044],[-11.10569,8.75055],[-11.10545,8.75055],[-11.10528,8.75049],[-11.10519,8.75033],[-11.10525,8.75019],[-11.10554,8.75017],[-11.10562,8.75017]]},"properties":{"id":293342789,"cls":"service","hw":"service","tg":"na","name":"","ref":"","surface":"","sc":"unknown","speed":null,"lit":"unk","km":0.223}},
{"type":"Feature","geometry":{"type":"LineString","coordinates":[[-11.37933,8.49439],[-11.37972,8.49441],[-11.37981,8.49444],[-11.37994,8.49449],[-11.37998,8.49451],[-11.38033,8.49508]]},"properties":{"id":293377149,"cls":"service","hw":"service","tg":"na","name":"","ref":"","surface":"","sc":"unknown","speed":null,"lit":"unk","km":0.148}},
{"type":"Feature","geometry":{"type":"LineString","coordinates":[[-12.04368,8.19589],[-12.0436,8.19625]]},"properties":{"id":293379242,"cls":"service","hw":"service","tg":"na","name":"","ref":"","surface":"","sc":"unknown","speed":null,"lit":"unk","km":0.041}},
{"type":"Feature","geometry":{"type":"LineString","coordinates":[[-13.26522,8.48093],[-13.26516,8.48104],[-13.26513,8.48114],[-13.26511,8.48125],[-13.26509,8.48153],[-13.26509,8.48189],[-13.26509,8.48202]]},"properties":{"id":293388669,"cls":"service","hw":"service","tg":"na","name":"","ref":"","surface":"","sc":"unknown","speed":null,"lit":"unk","km":0.124}},
{"type":"Feature","geometry":{"type":"LineString","coordinates":[[-13.26277,8.48281],[-13.26276,8.48274],[-13.26276,8.48269],[-13.26273,8.48252],[-13.26273,8.48243],[-13.26272,8.48232],[-13.26274,8.48208],[-13.26274,8.48196],[-13.26271,8.4818],[-13.26271,8.48176]]},"properties":{"id":293388670,"cls":"service","hw":"service","tg":"na","name":"","ref":"","surface":"","sc":"unknown","speed":null,"lit":"unk","km":0.118}},
{"type":"Feature","geometry":{"type":"LineString","coordinates":[[-11.18669,8.64951],[-11.18679,8.64932],[-11.18697,8.64905],[-11.18713,8.64888],[-11.18743,8.64873],[-11.18772,8.64854],[-11.18798,8.64829]]},"properties":{"id":293394217,"cls":"service","hw":"service","tg":"na","name":"","ref":"","surface":"","sc":"unknown","speed":null,"lit":"unk","km":0.201}},
{"type":"Feature","geometry":{"type":"LineString","coordinates":[[-11.0804,8.61471],[-11.08025,8.61482],[-11.08012,8.61485],[-11.07998,8.61484],[-11.07981,8.61479],[-11.07964,8.61472],[-11.07943,8.61457]]},"properties":{"id":293420086,"cls":"service","hw":"service","tg":"na","name":"","ref":"","surface":"","sc":"unknown","speed":null,"lit":"unk","km":0.119}},
{"type":"Feature","geometry":{"type":"LineString","coordinates":[[-11.20761,8.67155],[-11.20759,8.67186],[-11.20765,8.67276],[-11.20795,8.67335],[-11.20827,8.67357],[-11.2086,8.67357],[-11.2089,8.67373],[-11.20903,8.67396],[-11.20899,8.67427],[-11.20895,8.67447],[-11.20918,8.67472]]},"properties":{"id":293480001,"cls":"service","hw":"service","tg":"na","name":"","ref":"","surface":"","sc":"unknown","speed":null,"lit":"unk","km":0.449}},
{"type":"Feature","geometry":{"type":"LineString","coordinates":[[-11.21046,8.6738],[-11.21015,8.67385],[-11.20988,8.67393],[-11.20973,8.67388],[-11.20945,8.67393],[-11.20917,8.67383],[-11.20903,8.67396]]},"properties":{"id":293480010,"cls":"service","hw":"service","tg":"na","name":"","ref":"","surface":"","sc":"unknown","speed":null,"lit":"unk","km":0.168}},
{"type":"Feature","geometry":{"type":"LineString","coordinates":[[-10.85288,7.91034],[-10.85283,7.91029],[-10.85279,7.91025],[-10.85275,7.91022],[-10.85272,7.91021]]},"properties":{"id":293489911,"cls":"service","hw":"service","tg":"na","name":"","ref":"","surface":"","sc":"unknown","speed":null,"lit":"unk","km":0.023}},
{"type":"Feature","geometry":{"type":"LineString","coordinates":[[-10.85271,7.91039],[-10.85265,7.91035],[-10.85263,7.91033],[-10.85262,7.9103],[-10.85261,7.91028],[-10.85261,7.91022],[-10.85259,7.91017],[-10.85258,7.91013],[-10.85256,7.9101]]},"properties":{"id":293489912,"cls":"service","hw":"service","tg":"na","name":"","ref":"","surface":"","sc":"unknown","speed":null,"lit":"unk","km":0.038}},
{"type":"Feature","geometry":{"type":"LineString","coordinates":[[-11.34499,8.13544],[-11.34516,8.13558],[-11.34529,8.13586],[-11.34538,8.13604],[-11.34549,8.13653],[-11.3455,8.1366],[-11.34552,8.1368],[-11.34559,8.13701]]},"properties":{"id":293549568,"cls":"service","hw":"service","tg":"na","name":"","ref":"","surface":"","sc":"unknown","speed":null,"lit":"unk","km":0.192}},
{"type":"Feature","geometry":{"type":"LineString","coordinates":[[-11.36517,8.5482],[-11.36492,8.54808],[-11.36459,8.54801],[-11.36438,8.548]]},"properties":{"id":293771534,"cls":"service","hw":"service","tg":"na","name":"","ref":"","surface":"","sc":"unknown","speed":null,"lit":"unk","km":0.091}},
{"type":"Feature","geometry":{"type":"LineString","coordinates":[[-10.9036,7.85965],[-10.90292,7.85945]]},"properties":{"id":293888944,"cls":"service","hw":"service","tg":"na","name":"","ref":"","surface":"","sc":"unknown","speed":null,"lit":"unk","km":0.078}},
{"type":"Feature","geometry":{"type":"LineString","coordinates":[[-11.19836,7.86215],[-11.19855,7.8624],[-11.19874,7.86256],[-11.19897,7.86261],[-11.19906,7.86264],[-11.19941,7.86273],[-11.19978,7.86283]]},"properties":{"id":293950132,"cls":"service","hw":"service","tg":"na","name":"","ref":"","surface":"","sc":"unknown","speed":null,"lit":"unk","km":0.181}},
{"type":"Feature","geometry":{"type":"LineString","coordinates":[[-13.22304,8.44957],[-13.22312,8.44965],[-13.22324,8.44971],[-13.22333,8.44971],[-13.22342,8.44965],[-13.22352,8.44955],[-13.22359,8.44952],[-13.2237,8.44957],[-13.22376,8.44954]]},"properties":{"id":293956076,"cls":"service","hw":"service","tg":"na","name":"","ref":"","surface":"","sc":"unknown","speed":null,"lit":"unk","km":0.094}},
{"type":"Feature","geometry":{"type":"LineString","coordinates":[[-11.2169,7.85052],[-11.21688,7.85064]]},"properties":{"id":294170617,"cls":"service","hw":"service","tg":"na","name":"","ref":"","surface":"unpaved","sc":"unpaved","speed":null,"lit":"unk","km":0.014}},
{"type":"Feature","geometry":{"type":"LineString","coordinates":[[-11.20522,7.85152],[-11.20555,7.85153],[-11.20567,7.85153],[-11.20585,7.85152],[-11.20599,7.85153],[-11.20605,7.85156]]},"properties":{"id":294170689,"cls":"service","hw":"service","tg":"na","name":"","ref":"","surface":"","sc":"unknown","speed":null,"lit":"unk","km":0.092}},
{"type":"Feature","geometry":{"type":"LineString","coordinates":[[-10.98203,7.94212],[-10.98216,7.94262],[-10.9822,7.94284],[-10.98216,7.94292]]},"properties":{"id":294240463,"cls":"service","hw":"service","tg":"na","name":"","ref":"","surface":"","sc":"unknown","speed":null,"lit":"unk","km":0.092}},
{"type":"Feature","geometry":{"type":"LineString","coordinates":[[-11.22598,7.84878],[-11.22604,7.849],[-11.2262,7.84936]]},"properties":{"id":294283321,"cls":"service","hw":"service","tg":"na","name":"","ref":"","surface":"","sc":"unknown","speed":null,"lit":"unk","km":0.069}},
{"type":"Feature","geometry":{"type":"LineString","coordinates":[[-11.21744,7.85145],[-11.21743,7.85137],[-11.21742,7.85131],[-11.21739,7.85127],[-11.21735,7.85123],[-11.21717,7.85112],[-11.21709,7.85106],[-11.21702,7.851],[-11.21699,7.85097],[-11.21698,7.85092],[-11.21696,7.85085],[-11.21695,7.85079],[-11.21693,7.85074],[-11.21689,7.85069]]},"properties":{"id":294283324,"cls":"service","hw":"service","tg":"na","name":"","ref":"","surface":"unpaved","sc":"unpaved","speed":null,"lit":"unk","km":0.11}},
{"type":"Feature","geometry":{"type":"LineString","coordinates":[[-11.20565,7.84958],[-11.20558,7.84958],[-11.2055,7.84957],[-11.20538,7.84952],[-11.20525,7.84944]]},"properties":{"id":294631042,"cls":"service","hw":"service","tg":"na","name":"","ref":"","surface":"","sc":"unknown","speed":null,"lit":"unk","km":0.048}},
{"type":"Feature","geometry":{"type":"LineString","coordinates":[[-11.20487,7.84943],[-11.20511,7.84945],[-11.20525,7.84944],[-11.20535,7.84937],[-11.20548,7.84928],[-11.20556,7.84924],[-11.20566,7.84922]]},"properties":{"id":294631045,"cls":"service","hw":"service","tg":"na","name":"","ref":"","surface":"","sc":"unknown","speed":null,"lit":"unk","km":0.094}},
{"type":"Feature","geometry":{"type":"LineString","coordinates":[[-11.17482,7.89381],[-11.17515,7.89387],[-11.17535,7.8939],[-11.17553,7.89394],[-11.17568,7.89399],[-11.17585,7.89405],[-11.17592,7.89407],[-11.176,7.89409],[-11.17606,7.89411],[-11.17617,7.89413],[-11.17621,7.89413],[-11.17625,7.89414],[-11.17629,7.89414],[-11.17634,7.89414],[-11.17638,7.89414],[-11.17642,7.89413]]},"properties":{"id":294731162,"cls":"service","hw":"service","tg":"na","name":"","ref":"","surface":"unpaved","sc":"unpaved","speed":null,"lit":"unk","km":0.181}},
{"type":"Feature","geometry":{"type":"LineString","coordinates":[[-10.71091,8.15654],[-10.71097,8.15668]]},"properties":{"id":294757780,"cls":"service","hw":"service","tg":"na","name":"","ref":"","surface":"","sc":"unknown","speed":null,"lit":"unk","km":0.017}},
{"type":"Feature","geometry":{"type":"LineString","coordinates":[[-10.71138,8.15707],[-10.71131,8.15698],[-10.71126,8.15691],[-10.71112,8.15682],[-10.711,8.15678],[-10.71097,8.15668]]},"properties":{"id":294757784,"cls":"service","hw":"service","tg":"na","name":"","ref":"","surface":"","sc":"unknown","speed":null,"lit":"unk","km":0.066}},
{"type":"Feature","geometry":{"type":"LineString","coordinates":[[-10.70099,8.13228],[-10.70108,8.13229],[-10.70125,8.1325],[-10.70138,8.13268],[-10.70147,8.13271]]},"properties":{"id":294760378,"cls":"service","hw":"service","tg":"na","name":"","ref":"","surface":"","sc":"unknown","speed":null,"lit":"unk","km":0.075}},
{"type":"Feature","geometry":{"type":"LineString","coordinates":[[-11.17197,7.89834],[-11.17204,7.89835],[-11.17207,7.89843],[-11.17208,7.89851],[-11.17206,7.89867],[-11.17204,7.89894],[-11.17208,7.89928],[-11.17212,7.89942],[-11.17215,7.89975],[-11.17221,7.8999],[-11.1723,7.90006],[-11.17241,7.90019]]},"properties":{"id":294940064,"cls":"service","hw":"service","tg":"na","name":"","ref":"","surface":"unpaved","sc":"unpaved","speed":null,"lit":"unk","km":0.223}},
{"type":"Feature","geometry":{"type":"LineString","coordinates":[[-11.17197,7.89834],[-11.17181,7.89837],[-11.17176,7.89838],[-11.17168,7.8984],[-11.17148,7.89843],[-11.17129,7.89845],[-11.17119,7.89847],[-11.17108,7.89851]]},"properties":{"id":294940069,"cls":"service","hw":"service","tg":"na","name":"","ref":"","surface":"unpaved","sc":"unpaved","speed":null,"lit":"unk","km":0.1}},
{"type":"Feature","geometry":{"type":"LineString","coordinates":[[-11.17241,7.90019],[-11.17217,7.90023],[-11.17164,7.90032],[-11.17151,7.90036],[-11.17105,7.90053]]},"properties":{"id":294940076,"cls":"service","hw":"service","tg":"na","name":"","ref":"","surface":"unpaved","sc":"unpaved","speed":null,"lit":"unk","km":0.155}},
{"type":"Feature","geometry":{"type":"LineString","coordinates":[[-11.14044,8.18156],[-11.14062,8.18201],[-11.14068,8.18226],[-11.14075,8.18245],[-11.14069,8.1827],[-11.14062,8.18296],[-11.14052,8.18333]]},"properties":{"id":294968986,"cls":"service","hw":"service","tg":"na","name":"","ref":"","surface":"","sc":"unknown","speed":null,"lit":"unk","km":0.206}},
{"type":"Feature","geometry":{"type":"LineString","coordinates":[[-11.27548,8.56788],[-11.27564,8.56832],[-11.27576,8.56864],[-11.27582,8.56884],[-11.27591,8.56897],[-11.27598,8.56907],[-11.27612,8.56916],[-11.27615,8.56922],[-11.27615,8.56934],[-11.2762,8.56941],[-11.27627,8.56955]]},"properties":{"id":294977159,"cls":"service","hw":"service","tg":"na","name":"","ref":"","surface":"","sc":"unknown","speed":null,"lit":"unk","km":0.21}},
{"type":"Feature","geometry":{"type":"LineString","coordinates":[[-11.25109,8.54957],[-11.25072,8.54908],[-11.25049,8.5481],[-11.25043,8.5478],[-11.25037,8.54661]]},"properties":{"id":295024757,"cls":"service","hw":"service","tg":"na","name":"","ref":"","surface":"","sc":"unknown","speed":null,"lit":"unk","km":0.346}},
{"type":"Feature","geometry":{"type":"LineString","coordinates":[[-11.25928,8.54438],[-11.25909,8.5446]]},"properties":{"id":295026064,"cls":"service","hw":"service","tg":"na","name":"","ref":"","surface":"","sc":"unknown","speed":null,"lit":"unk","km":0.032}},
{"type":"Feature","geometry":{"type":"LineString","coordinates":[[-11.25333,8.54402],[-11.25352,8.54432],[-11.25357,8.54446]]},"properties":{"id":295026065,"cls":"service","hw":"service","tg":"na","name":"","ref":"","surface":"","sc":"unknown","speed":null,"lit":"unk","km":0.056}},
{"type":"Feature","geometry":{"type":"LineString","coordinates":[[-11.24921,8.54251],[-11.24927,8.54209],[-11.24948,8.54152]]},"properties":{"id":295026066,"cls":"service","hw":"service","tg":"na","name":"","ref":"","surface":"unpaved","sc":"unpaved","speed":null,"lit":"unk","km":0.115}},
{"type":"Feature","geometry":{"type":"LineString","coordinates":[[-11.25294,8.5446],[-11.25301,8.54476],[-11.25296,8.54485],[-11.25285,8.5453],[-11.25268,8.54536],[-11.25249,8.54526]]},"properties":{"id":295026068,"cls":"service","hw":"service","tg":"na","name":"","ref":"","surface":"","sc":"unknown","speed":null,"lit":"unk","km":0.126}},
{"type":"Feature","geometry":{"type":"LineString","coordinates":[[-11.06339,8.66039],[-11.06324,8.66035],[-11.06313,8.66038],[-11.06304,8.6603],[-11.06292,8.66018],[-11.06357,8.65987],[-11.06362,8.6598],[-11.0637,8.65963],[-11.06363,8.6595],[-11.06349,8.65929],[-11.06331,8.6591],[-11.0631,8.65893],[-11.06296,8.65871]]},"properties":{"id":295037276,"cls":"service","hw":"service","tg":"na","name":"","ref":"","surface":"","sc":"unknown","speed":null,"lit":"unk","km":0.303}},
{"type":"Feature","geometry":{"type":"LineString","coordinates":[[-11.06292,8.66018],[-11.06263,8.66032],[-11.06251,8.6604],[-11.06234,8.66021],[-11.06223,8.66012],[-11.06204,8.66012],[-11.06182,8.66017],[-11.06156,8.66016],[-11.06119,8.66009],[-11.06075,8.66002],[-11.06042,8.65988],[-11.06032,8.65964]]},"properties":{"id":295037277,"cls":"service","hw":"service","tg":"na","name":"","ref":"","surface":"","sc":"unknown","speed":null,"lit":"unk","km":0.328}},
{"type":"Feature","geometry":{"type":"LineString","coordinates":[[-11.06362,8.6598],[-11.06375,8.65988],[-11.06384,8.66006],[-11.0638,8.66018]]},"properties":{"id":295037278,"cls":"service","hw":"service","tg":"na","name":"","ref":"","surface":"","sc":"unknown","speed":null,"lit":"unk","km":0.053}},
{"type":"Feature","geometry":{"type":"LineString","coordinates":[[-11.0637,8.65963],[-11.06387,8.65978],[-11.06393,8.6599]]},"properties":{"id":295037279,"cls":"service","hw":"service","tg":"na","name":"","ref":"","surface":"","sc":"unknown","speed":null,"lit":"unk","km":0.04}},
{"type":"Feature","geometry":{"type":"LineString","coordinates":[[-11.28484,8.00362],[-11.28479,8.00341],[-11.28449,8.00294],[-11.28425,8.00285],[-11.284,8.0028],[-11.28392,8.00269],[-11.28398,8.00249],[-11.28396,8.00214],[-11.28385,8.00175],[-11.28375,8.00144],[-11.28376,8.00116],[-11.2838,8.00095]]},"properties":{"id":295081832,"cls":"service","hw":"service","tg":"na","name":"","ref":"","surface":"","sc":"unknown","speed":null,"lit":"unk","km":0.356}},
{"type":"Feature","geometry":{"type":"LineString","coordinates":[[-11.26685,8.63329],[-11.26664,8.63337],[-11.26635,8.63373],[-11.26614,8.63401],[-11.26599,8.63425],[-11.26585,8.63451],[-11.26584,8.63474],[-11.26591,8.63497],[-11.26592,8.63508],[-11.26585,8.63525],[-11.26574,8.63545],[-11.26573,8.63596],[-11.26584,8.63617],[-11.26604,8.63669],[-11.26604,8.63701],[-11.26571,8.6371]]},"properties":{"id":295095574,"cls":"service","hw":"service","tg":"na","name":"","ref":"","surface":"","sc":"unknown","speed":null,"lit":"unk","km":0.507}},
{"type":"Feature","geometry":{"type":"LineString","coordinates":[[-11.26618,8.63413],[-11.2662,8.63423],[-11.26599,8.6349],[-11.26592,8.63508]]},"properties":{"id":295095577,"cls":"service","hw":"service","tg":"na","name":"","ref":"","surface":"","sc":"unknown","speed":null,"lit":"unk","km":0.111}},
{"type":"Feature","geometry":{"type":"LineString","coordinates":[[-11.26685,8.63329],[-11.2668,8.63308],[-11.2668,8.6329],[-11.26687,8.63257],[-11.26689,8.63227],[-11.26688,8.63201],[-11.26685,8.63158],[-11.26692,8.63136],[-11.26706,8.6307],[-11.26715,8.63041],[-11.26718,8.63023],[-11.26734,8.63001],[-11.26741,8.62979],[-11.26722,8.62963],[-11.26708,8.62933],[-11.26702,8.62914],[-11.26706,8.62897],[-11.26698,8.62883]]},"properties":{"id":295105877,"cls":"service","hw":"service","tg":"na","name":"","ref":"","surface":"","sc":"unknown","speed":null,"lit":"unk","km":0.526}},
{"type":"Feature","geometry":{"type":"LineString","coordinates":[[-11.26481,8.64057],[-11.26473,8.64066],[-11.26467,8.64084],[-11.26464,8.64092],[-11.26461,8.64101],[-11.26451,8.64117],[-11.26449,8.64134],[-11.26454,8.64147],[-11.26456,8.64157],[-11.26452,8.64169],[-11.26448,8.6418],[-11.26441,8.64185],[-11.26434,8.64191],[-11.26436,8.64205],[-11.26439,8.64225],[-11.26448,8.64244],[-11.26445,8.6426],[-11.26435,8.64278],[-11.26425,8.64289],[-11.26435,8.64324],[-11.26457,8.64343],[-11.26468,8.64363]]},"properties":{"id":295105878,"cls":"service","hw":"service","tg":"na","name":"","ref":"","surface":"","sc":"unknown","speed":null,"lit":"unk","km":0.385}},
{"type":"Feature","geometry":{"type":"LineString","coordinates":[[-11.27054,8.64573],[-11.27069,8.64617],[-11.27101,8.64623]]},"properties":{"id":295108457,"cls":"service","hw":"service","tg":"na","name":"","ref":"","surface":"","sc":"unknown","speed":null,"lit":"unk","km":0.087}},
{"type":"Feature","geometry":{"type":"LineString","coordinates":[[-11.2702,8.64592],[-11.27026,8.64609],[-11.27045,8.64639],[-11.2707,8.64632]]},"properties":{"id":295120569,"cls":"service","hw":"service","tg":"na","name":"","ref":"","surface":"","sc":"unknown","speed":null,"lit":"unk","km":0.088}},
{"type":"Feature","geometry":{"type":"LineString","coordinates":[[-11.74839,7.94615],[-11.74829,7.94621],[-11.74819,7.9463],[-11.74815,7.94639],[-11.74815,7.94647],[-11.7482,7.94685]]},"properties":{"id":295149424,"cls":"service","hw":"service","tg":"na","name":"","ref":"","surface":"","sc":"unknown","speed":null,"lit":"unk","km":0.09}},
{"type":"Feature","geometry":{"type":"LineString","coordinates":[[-11.83639,8.09236],[-11.83622,8.09226],[-11.83601,8.09216],[-11.83582,8.09211],[-11.83542,8.09186],[-11.83519,8.0917],[-11.83506,8.09163],[-11.83499,8.09163],[-11.83492,8.09165],[-11.83485,8.0917]]},"properties":{"id":295279125,"cls":"service","hw":"service","tg":"na","name":"","ref":"","surface":"unpaved","sc":"unpaved","speed":null,"lit":"unk","km":0.194}},
{"type":"Feature","geometry":{"type":"LineString","coordinates":[[-11.25176,8.70342],[-11.25187,8.70347],[-11.25197,8.70347],[-11.25207,8.70337],[-11.25215,8.70329],[-11.25223,8.70312],[-11.25222,8.70282],[-11.2524,8.70255],[-11.25265,8.70215],[-11.2528,8.70171],[-11.25282,8.70143],[-11.25274,8.70136],[-11.25266,8.70122]]},"properties":{"id":295305059,"cls":"service","hw":"service","tg":"na","name":"","ref":"","surface":"","sc":"unknown","speed":null,"lit":"unk","km":0.307}},
{"type":"Feature","geometry":{"type":"LineString","coordinates":[[-11.25136,8.70151],[-11.25153,8.70127],[-11.25174,8.70107]]},"properties":{"id":295305067,"cls":"service","hw":"service","tg":"na","name":"","ref":"","surface":"","sc":"unknown","speed":null,"lit":"unk","km":0.065}},
{"type":"Feature","geometry":{"type":"LineString","coordinates":[[-11.25028,8.69526],[-11.25005,8.69548],[-11.25002,8.69583],[-11.25003,8.69597]]},"properties":{"id":295305071,"cls":"service","hw":"service","tg":"na","name":"","ref":"","surface":"","sc":"unknown","speed":null,"lit":"unk","km":0.09}},
{"type":"Feature","geometry":{"type":"LineString","coordinates":[[-11.57638,7.92974],[-11.57629,7.92945]]},"properties":{"id":295307222,"cls":"service","hw":"service","tg":"na","name":"","ref":"","surface":"unpaved","sc":"unpaved","speed":null,"lit":"unk","km":0.034}},
{"type":"Feature","geometry":{"type":"LineString","coordinates":[[-11.58082,7.93207],[-11.58036,7.93255]]},"properties":{"id":295308454,"cls":"service","hw":"service","tg":"na","name":"","ref":"","surface":"unpaved","sc":"unpaved","speed":null,"lit":"unk","km":0.074}},
{"type":"Feature","geometry":{"type":"LineString","coordinates":[[-11.58036,7.93255],[-11.58024,7.93245],[-11.58016,7.93249],[-11.57991,7.93271]]},"properties":{"id":295308456,"cls":"service","hw":"service","tg":"na","name":"","ref":"","surface":"unpaved","sc":"unpaved","speed":null,"lit":"unk","km":0.064}},
{"type":"Feature","geometry":{"type":"LineString","coordinates":[[-11.58049,7.93324],[-11.58064,7.93296],[-11.58063,7.93289],[-11.58038,7.93268],[-11.58036,7.93255]]},"properties":{"id":295308457,"cls":"service","hw":"service","tg":"na","name":"","ref":"","surface":"unpaved","sc":"unpaved","speed":null,"lit":"unk","km":0.094}},
{"type":"Feature","geometry":{"type":"LineString","coordinates":[[-11.76363,7.98177],[-11.76354,7.98191],[-11.76351,7.98208],[-11.76353,7.9823],[-11.76353,7.98254],[-11.76356,7.98268],[-11.76384,7.98315]]},"properties":{"id":295323214,"cls":"service","hw":"service","tg":"na","name":"Bo District Council Road","ref":"","surface":"asphalt","sc":"paved","speed":null,"lit":"unk","km":0.165}},
{"type":"Feature","geometry":{"type":"LineString","coordinates":[[-11.25599,8.54262],[-11.25595,8.54216],[-11.25608,8.54175]]},"properties":{"id":295402111,"cls":"service","hw":"service","tg":"na","name":"","ref":"","surface":"","sc":"unknown","speed":null,"lit":"unk","km":0.099}},
{"type":"Feature","geometry":{"type":"LineString","coordinates":[[-11.2557,8.54281],[-11.25581,8.54269],[-11.25599,8.54262],[-11.25618,8.54252]]},"properties":{"id":295402114,"cls":"service","hw":"service","tg":"na","name":"","ref":"","surface":"","sc":"unknown","speed":null,"lit":"unk","km":0.063}},
{"type":"Feature","geometry":{"type":"LineString","coordinates":[[-11.26669,8.55357],[-11.26667,8.55352],[-11.26654,8.55341],[-11.26639,8.55328],[-11.26634,8.55321]]},"properties":{"id":295402117,"cls":"service","hw":"service","tg":"na","name":"","ref":"","surface":"","sc":"unknown","speed":null,"lit":"unk","km":0.056}},
{"type":"Feature","geometry":{"type":"LineString","coordinates":[[-11.25465,8.54305],[-11.25461,8.54293],[-11.25418,8.54281],[-11.25401,8.5429],[-11.25387,8.54287],[-11.2538,8.54271]]},"properties":{"id":295402119,"cls":"service","hw":"service","tg":"na","name":"","ref":"","surface":"","sc":"unknown","speed":null,"lit":"unk","km":0.12}},
{"type":"Feature","geometry":{"type":"LineString","coordinates":[[-11.74524,7.96146],[-11.74556,7.96152],[-11.7458,7.96154],[-11.74595,7.96151]]},"properties":{"id":295411390,"cls":"service","hw":"service","tg":"na","name":"Bo School","ref":"","surface":"unpaved","sc":"unpaved","speed":null,"lit":"unk","km":0.079}},
{"type":"Feature","geometry":{"type":"LineString","coordinates":[[-11.74522,7.96043],[-11.74522,7.96066],[-11.74521,7.96138],[-11.74524,7.96146],[-11.7443,7.96152]]},"properties":{"id":295411398,"cls":"service","hw":"service","tg":"na","name":"Bo School","ref":"","surface":"asphalt","sc":"paved","speed":null,"lit":"unk","km":0.219}},
{"type":"Feature","geometry":{"type":"LineString","coordinates":[[-11.74849,7.94855],[-11.74844,7.94852],[-11.74841,7.94852],[-11.74838,7.94854],[-11.74835,7.94859],[-11.7483,7.94865],[-11.74827,7.94869],[-11.74824,7.94872],[-11.74821,7.94875],[-11.74819,7.94881]]},"properties":{"id":295484284,"cls":"service","hw":"service","tg":"na","name":"","ref":"","surface":"","sc":"unknown","speed":null,"lit":"unk","km":0.051}},
{"type":"Feature","geometry":{"type":"LineString","coordinates":[[-11.74839,7.9505],[-11.74845,7.95044],[-11.74851,7.95038],[-11.74856,7.9503],[-11.74864,7.95018],[-11.74869,7.95008],[-11.74871,7.95],[-11.74871,7.94993],[-11.7487,7.94987],[-11.7487,7.94983]]},"properties":{"id":295484285,"cls":"service","hw":"service","tg":"na","name":"","ref":"","surface":"","sc":"unknown","speed":null,"lit":"unk","km":0.086}},
{"type":"Feature","geometry":{"type":"LineString","coordinates":[[-11.74865,7.94896],[-11.74862,7.94898],[-11.74858,7.94901],[-11.74853,7.94906],[-11.74849,7.9491],[-11.74844,7.94914],[-11.74839,7.94919],[-11.74835,7.94924],[-11.74831,7.94927],[-11.74827,7.94931],[-11.74824,7.94934],[-11.74821,7.94938]]},"properties":{"id":295484286,"cls":"service","hw":"service","tg":"na","name":"","ref":"","surface":"","sc":"unknown","speed":null,"lit":"unk","km":0.068}},
{"type":"Feature","geometry":{"type":"LineString","coordinates":[[-11.74822,7.94945],[-11.74827,7.94952],[-11.74831,7.94955],[-11.74837,7.94956],[-11.74843,7.94956]]},"properties":{"id":295484293,"cls":"service","hw":"service","tg":"na","name":"","ref":"","surface":"","sc":"unknown","speed":null,"lit":"unk","km":0.028}},
{"type":"Feature","geometry":{"type":"LineString","coordinates":[[-11.75976,7.94701],[-11.75961,7.94702],[-11.75955,7.94702],[-11.75945,7.94703],[-11.75939,7.94704],[-11.75933,7.94705],[-11.75927,7.94705],[-11.75924,7.94706],[-11.75921,7.94708]]},"properties":{"id":295484297,"cls":"service","hw":"service","tg":"na","name":"","ref":"","surface":"","sc":"unknown","speed":null,"lit":"unk","km":0.062}},
{"type":"Feature","geometry":{"type":"LineString","coordinates":[[-11.74772,7.94998],[-11.74803,7.94999],[-11.74814,7.95001],[-11.74822,7.95004],[-11.74828,7.95007]]},"properties":{"id":295484303,"cls":"service","hw":"service","tg":"na","name":"","ref":"","surface":"","sc":"unknown","speed":null,"lit":"unk","km":0.063}},
{"type":"Feature","geometry":{"type":"LineString","coordinates":[[-11.3353,7.87704],[-11.33508,7.87719],[-11.33491,7.87722],[-11.33475,7.87715],[-11.33447,7.877]]},"properties":{"id":295527137,"cls":"service","hw":"service","tg":"na","name":"","ref":"","surface":"","sc":"unknown","speed":null,"lit":"unk","km":0.103}},
{"type":"Feature","geometry":{"type":"LineString","coordinates":[[-11.34645,8.13512],[-11.34626,8.13519],[-11.3461,8.13517],[-11.34594,8.13488],[-11.34592,8.13471],[-11.34588,8.13429],[-11.34549,8.13355],[-11.34516,8.13298],[-11.34491,8.13246],[-11.34475,8.13211],[-11.34484,8.13207],[-11.34496,8.13225],[-11.34515,8.1323],[-11.34544,8.1322]]},"properties":{"id":295697533,"cls":"service","hw":"service","tg":"na","name":"","ref":"","surface":"","sc":"unknown","speed":null,"lit":"unk","km":0.506}},
{"type":"Feature","geometry":{"type":"LineString","coordinates":[[-11.34574,8.13579],[-11.34575,8.13598],[-11.34564,8.13637],[-11.3455,8.1366]]},"properties":{"id":295697535,"cls":"service","hw":"service","tg":"na","name":"","ref":"","surface":"","sc":"unknown","speed":null,"lit":"unk","km":0.096}},
{"type":"Feature","geometry":{"type":"LineString","coordinates":[[-11.34552,8.13543],[-11.34567,8.13561],[-11.34572,8.13571],[-11.34574,8.13579]]},"properties":{"id":295697536,"cls":"service","hw":"service","tg":"na","name":"","ref":"","surface":"","sc":"unknown","speed":null,"lit":"unk","km":0.048}},
{"type":"Feature","geometry":{"type":"LineString","coordinates":[[-11.34833,8.13621],[-11.3482,8.13629],[-11.34797,8.13637],[-11.3477,8.13643],[-11.34752,8.13645]]},"properties":{"id":295697538,"cls":"service","hw":"service","tg":"na","name":"","ref":"","surface":"","sc":"unknown","speed":null,"lit":"unk","km":0.094}},
{"type":"Feature","geometry":{"type":"LineString","coordinates":[[-11.34695,8.13837],[-11.34653,8.13788],[-11.34644,8.13772],[-11.34642,8.13725],[-11.34636,8.13657],[-11.34642,8.13601],[-11.3464,8.1358],[-11.34628,8.13567],[-11.34581,8.13545],[-11.34552,8.13543],[-11.34515,8.13544]]},"properties":{"id":295697539,"cls":"service","hw":"service","tg":"na","name":"","ref":"","surface":"","sc":"unknown","speed":null,"lit":"unk","km":0.456}},
{"type":"Feature","geometry":{"type":"LineString","coordinates":[[-11.34499,8.13544],[-11.34525,8.13539],[-11.34542,8.13529],[-11.34555,8.13516],[-11.34565,8.13507],[-11.34567,8.13477],[-11.34592,8.13471]]},"properties":{"id":295697540,"cls":"service","hw":"service","tg":"na","name":"","ref":"","surface":"","sc":"unknown","speed":null,"lit":"unk","km":0.148}},
{"type":"Feature","geometry":{"type":"LineString","coordinates":[[-11.42427,7.92073],[-11.42376,7.92078],[-11.42356,7.92079],[-11.42294,7.92081]]},"properties":{"id":295720213,"cls":"service","hw":"service","tg":"na","name":"","ref":"","surface":"unpaved","sc":"unpaved","speed":null,"lit":"unk","km":0.147}},
{"type":"Feature","geometry":{"type":"LineString","coordinates":[[-11.45686,7.93121],[-11.4569,7.93106],[-11.4569,7.93092],[-11.45684,7.93073]]},"properties":{"id":295776906,"cls":"service","hw":"service","tg":"na","name":"","ref":"","surface":"","sc":"unknown","speed":null,"lit":"unk","km":0.055}},
{"type":"Feature","geometry":{"type":"LineString","coordinates":[[-11.43623,7.93313],[-11.43594,7.93335],[-11.43587,7.93327],[-11.43544,7.93277]]},"properties":{"id":295776911,"cls":"service","hw":"service","tg":"na","name":"","ref":"","surface":"","sc":"unknown","speed":null,"lit":"unk","km":0.125}},
{"type":"Feature","geometry":{"type":"LineString","coordinates":[[-11.46461,7.93549],[-11.46443,7.93542],[-11.46438,7.9354],[-11.46423,7.93538],[-11.46405,7.93539],[-11.46392,7.93541],[-11.46375,7.93551]]},"properties":{"id":295776935,"cls":"service","hw":"service","tg":"na","name":"","ref":"","surface":"","sc":"unknown","speed":null,"lit":"unk","km":0.1}},
{"type":"Feature","geometry":{"type":"LineString","coordinates":[[-11.45225,7.93083],[-11.45225,7.93092],[-11.45231,7.93109],[-11.45243,7.9313],[-11.45249,7.93135],[-11.45253,7.93136],[-11.45286,7.93139]]},"properties":{"id":295776940,"cls":"service","hw":"service","tg":"na","name":"","ref":"","surface":"","sc":"unknown","speed":null,"lit":"unk","km":0.107}},
{"type":"Feature","geometry":{"type":"LineString","coordinates":[[-11.74886,7.96687],[-11.74882,7.96699],[-11.74885,7.96718],[-11.74882,7.96732],[-11.74862,7.96764]]},"properties":{"id":295808029,"cls":"service","hw":"service","tg":"na","name":"","ref":"","surface":"","sc":"unknown","speed":null,"lit":"unk","km":0.093}},
{"type":"Feature","geometry":{"type":"LineString","coordinates":[[-11.74799,7.96908],[-11.74782,7.96868],[-11.74772,7.96842],[-11.7477,7.9683],[-11.74756,7.96808]]},"properties":{"id":295808035,"cls":"service","hw":"service","tg":"na","name":"","ref":"","surface":"","sc":"unknown","speed":null,"lit":"unk","km":0.122}},
{"type":"Feature","geometry":{"type":"LineString","coordinates":[[-11.74801,7.97047],[-11.7479,7.97026],[-11.74786,7.97002],[-11.74779,7.96956],[-11.74752,7.96881]]},"properties":{"id":295808038,"cls":"service","hw":"service","tg":"na","name":"","ref":"","surface":"","sc":"unknown","speed":null,"lit":"unk","km":0.194}},
{"type":"Feature","geometry":{"type":"LineString","coordinates":[[-11.34518,7.88388],[-11.3457,7.88481]]},"properties":{"id":295870915,"cls":"service","hw":"service","tg":"na","name":"","ref":"","surface":"","sc":"unknown","speed":null,"lit":"unk","km":0.118}},
{"type":"Feature","geometry":{"type":"LineString","coordinates":[[-11.34832,7.88398],[-11.34811,7.88434]]},"properties":{"id":295870916,"cls":"service","hw":"service","tg":"na","name":"","ref":"","surface":"","sc":"unknown","speed":null,"lit":"unk","km":0.046}},
{"type":"Feature","geometry":{"type":"LineString","coordinates":[[-11.35571,7.88754],[-11.356,7.88764],[-11.3562,7.88779],[-11.35628,7.88784],[-11.35638,7.88787]]},"properties":{"id":295879999,"cls":"service","hw":"service","tg":"na","name":"","ref":"","surface":"","sc":"unknown","speed":null,"lit":"unk","km":0.083}},
{"type":"Feature","geometry":{"type":"LineString","coordinates":[[-11.71165,7.86048],[-11.7111,7.86053]]},"properties":{"id":295955569,"cls":"service","hw":"service","tg":"na","name":"","ref":"","surface":"","sc":"unknown","speed":null,"lit":"unk","km":0.061}},
{"type":"Feature","geometry":{"type":"LineString","coordinates":[[-11.71217,7.86104],[-11.71202,7.86118],[-11.71194,7.86124],[-11.71187,7.86125],[-11.71178,7.86122],[-11.7111,7.86053],[-11.71098,7.8604]]},"properties":{"id":295955593,"cls":"service","hw":"service","tg":"na","name":"","ref":"","surface":"","sc":"unknown","speed":null,"lit":"unk","km":0.179}},
{"type":"Feature","geometry":{"type":"LineString","coordinates":[[-11.71307,7.86637],[-11.71316,7.86616],[-11.71321,7.86598]]},"properties":{"id":295959843,"cls":"service","hw":"service","tg":"na","name":"","ref":"","surface":"","sc":"unknown","speed":null,"lit":"unk","km":0.046}},
{"type":"Feature","geometry":{"type":"LineString","coordinates":[[-11.71949,7.86536],[-11.7194,7.86531],[-11.71934,7.86519],[-11.71933,7.86503],[-11.71934,7.86488]]},"properties":{"id":295959866,"cls":"service","hw":"service","tg":"na","name":"","ref":"","surface":"","sc":"unknown","speed":null,"lit":"unk","km":0.061}},
{"type":"Feature","geometry":{"type":"LineString","coordinates":[[-11.71991,7.86522],[-11.71981,7.86504],[-11.71981,7.86498],[-11.72003,7.86487],[-11.72007,7.86487],[-11.7201,7.865]]},"properties":{"id":295959868,"cls":"service","hw":"service","tg":"na","name":"","ref":"","surface":"","sc":"unknown","speed":null,"lit":"unk","km":0.076}},
{"type":"Feature","geometry":{"type":"LineString","coordinates":[[-11.71957,7.86534],[-11.71953,7.86521],[-11.71958,7.86506],[-11.71956,7.86497],[-11.71941,7.86486],[-11.71934,7.86488]]},"properties":{"id":295959875,"cls":"service","hw":"service","tg":"na","name":"","ref":"","surface":"","sc":"unknown","speed":null,"lit":"unk","km":0.072}},
{"type":"Feature","geometry":{"type":"LineString","coordinates":[[-11.74589,7.96447],[-11.7461,7.96507]]},"properties":{"id":295977096,"cls":"service","hw":"service","tg":"na","name":"NRA Drive","ref":"","surface":"unpaved","sc":"unpaved","speed":null,"lit":"unk","km":0.071}},
{"type":"Feature","geometry":{"type":"LineString","coordinates":[[-11.76035,7.94467],[-11.75942,7.94425]]},"properties":{"id":295977104,"cls":"service","hw":"service","tg":"na","name":"","ref":"","surface":"","sc":"unknown","speed":null,"lit":"unk","km":0.113}},
{"type":"Feature","geometry":{"type":"LineString","coordinates":[[-11.75813,7.95077],[-11.75817,7.9508],[-11.7583,7.95091],[-11.75852,7.95104]]},"properties":{"id":295977111,"cls":"service","hw":"service","tg":"na","name":"","ref":"","surface":"","sc":"unknown","speed":null,"lit":"unk","km":0.053}},
{"type":"Feature","geometry":{"type":"LineString","coordinates":[[-11.76088,7.94485],[-11.76054,7.9447],[-11.76047,7.94468],[-11.76035,7.94467]]},"properties":{"id":295977134,"cls":"service","hw":"service","tg":"na","name":"","ref":"","surface":"","sc":"unknown","speed":null,"lit":"unk","km":0.062}},
{"type":"Feature","geometry":{"type":"LineString","coordinates":[[-11.75088,7.95933],[-11.75131,7.95979]]},"properties":{"id":295982061,"cls":"service","hw":"service","tg":"na","name":"Jay Quarter","ref":"","surface":"unpaved","sc":"unpaved","speed":null,"lit":"unk","km":0.07}},
{"type":"Feature","geometry":{"type":"LineString","coordinates":[[-11.75265,7.96944],[-11.75254,7.96884]]},"properties":{"id":295982062,"cls":"service","hw":"service","tg":"na","name":"","ref":"","surface":"","sc":"unknown","speed":null,"lit":"unk","km":0.068}},
{"type":"Feature","geometry":{"type":"LineString","coordinates":[[-11.74969,7.96876],[-11.7495,7.96924],[-11.74936,7.96983]]},"properties":{"id":295982073,"cls":"service","hw":"service","tg":"na","name":"","ref":"","surface":"","sc":"unknown","speed":null,"lit":"unk","km":0.125}},
{"type":"Feature","geometry":{"type":"LineString","coordinates":[[-11.74997,7.95942],[-11.75002,7.95968],[-11.75027,7.96011]]},"properties":{"id":295982075,"cls":"service","hw":"service","tg":"na","name":"Jay Quarter","ref":"","surface":"unpaved","sc":"unpaved","speed":null,"lit":"unk","km":0.085}},
{"type":"Feature","geometry":{"type":"LineString","coordinates":[[-11.73855,7.96161],[-11.73828,7.96168]]},"properties":{"id":295990112,"cls":"service","hw":"service","tg":"na","name":"","ref":"","surface":"","sc":"unknown","speed":null,"lit":"unk","km":0.031}},
{"type":"Feature","geometry":{"type":"LineString","coordinates":[[-11.7377,7.9632],[-11.73763,7.96319],[-11.73761,7.96318],[-11.73746,7.96323],[-11.73731,7.96325],[-11.73705,7.9632],[-11.73677,7.96379],[-11.73673,7.96386]]},"properties":{"id":295990198,"cls":"service","hw":"service","tg":"na","name":"","ref":"","surface":"","sc":"unknown","speed":null,"lit":"unk","km":0.155}},
{"type":"Feature","geometry":{"type":"LineString","coordinates":[[-11.74217,7.96218],[-11.74214,7.96213],[-11.74203,7.96195],[-11.74197,7.96175]]},"properties":{"id":295991651,"cls":"service","hw":"service","tg":"na","name":"","ref":"","surface":"unpaved","sc":"unpaved","speed":null,"lit":"unk","km":0.053}},
{"type":"Feature","geometry":{"type":"LineString","coordinates":[[-11.73924,7.96672],[-11.73908,7.96695],[-11.73903,7.96713],[-11.73899,7.96749]]},"properties":{"id":295991652,"cls":"service","hw":"service","tg":"na","name":"","ref":"","surface":"","sc":"unknown","speed":null,"lit":"unk","km":0.092}},
{"type":"Feature","geometry":{"type":"LineString","coordinates":[[-11.76742,7.93211],[-11.76673,7.93173],[-11.76623,7.93143]]},"properties":{"id":295993335,"cls":"service","hw":"service","tg":"na","name":"","ref":"","surface":"","sc":"unknown","speed":null,"lit":"unk","km":0.151}},
{"type":"Feature","geometry":{"type":"LineString","coordinates":[[-11.76846,7.95419],[-11.76851,7.95409],[-11.76854,7.95385]]},"properties":{"id":295993336,"cls":"service","hw":"service","tg":"na","name":"","ref":"","surface":"","sc":"unknown","speed":null,"lit":"unk","km":0.039}},
{"type":"Feature","geometry":{"type":"LineString","coordinates":[[-11.74576,7.93846],[-11.74565,7.93871],[-11.7455,7.93872],[-11.74538,7.93869],[-11.7453,7.9387],[-11.74519,7.93875],[-11.74514,7.93877]]},"properties":{"id":295993349,"cls":"service","hw":"service","tg":"na","name":"","ref":"","surface":"","sc":"unknown","speed":null,"lit":"unk","km":0.089}},
{"type":"Feature","geometry":{"type":"LineString","coordinates":[[-11.75782,7.94587],[-11.75839,7.94625]]},"properties":{"id":296009024,"cls":"service","hw":"service","tg":"na","name":"Patric Saidu","ref":"","surface":"unpaved","sc":"unpaved","speed":null,"lit":"unk","km":0.076}},
{"type":"Feature","geometry":{"type":"LineString","coordinates":[[-11.76044,7.94283],[-11.75988,7.94248]]},"properties":{"id":296009027,"cls":"service","hw":"service","tg":"na","name":"Agatha Zubairu Drive","ref":"","surface":"unpaved","sc":"unpaved","speed":null,"lit":"unk","km":0.073}},
{"type":"Feature","geometry":{"type":"LineString","coordinates":[[-11.73407,7.94376],[-11.73417,7.94351]]},"properties":{"id":296009028,"cls":"service","hw":"service","tg":"na","name":"","ref":"","surface":"","sc":"unknown","speed":null,"lit":"unk","km":0.03}},
{"type":"Feature","geometry":{"type":"LineString","coordinates":[[-11.73935,7.94689],[-11.73912,7.94736]]},"properties":{"id":296009035,"cls":"service","hw":"service","tg":"na","name":"","ref":"","surface":"","sc":"unknown","speed":null,"lit":"unk","km":0.058}},
{"type":"Feature","geometry":{"type":"LineString","coordinates":[[-11.7638,7.93403],[-11.7636,7.93387]]},"properties":{"id":296009046,"cls":"service","hw":"service","tg":"na","name":"","ref":"","surface":"","sc":"unknown","speed":null,"lit":"unk","km":0.028}},
{"type":"Feature","geometry":{"type":"LineString","coordinates":[[-11.76367,7.9391],[-11.76358,7.9393],[-11.76355,7.93941],[-11.76354,7.93956]]},"properties":{"id":296009056,"cls":"service","hw":"service","tg":"na","name":"","ref":"","surface":"","sc":"unknown","speed":null,"lit":"unk","km":0.054}},
{"type":"Feature","geometry":{"type":"LineString","coordinates":[[-11.76454,7.96795],[-11.76441,7.96772]]},"properties":{"id":296009063,"cls":"service","hw":"service","tg":"na","name":"","ref":"","surface":"","sc":"unknown","speed":null,"lit":"unk","km":0.029}},
{"type":"Feature","geometry":{"type":"LineString","coordinates":[[-11.74565,7.95896],[-11.74536,7.95895]]},"properties":{"id":296009064,"cls":"service","hw":"service","tg":"na","name":"","ref":"","surface":"","sc":"unknown","speed":null,"lit":"unk","km":0.032}},
{"type":"Feature","geometry":{"type":"LineString","coordinates":[[-11.76009,7.9433],[-11.75961,7.94288]]},"properties":{"id":296009065,"cls":"service","hw":"service","tg":"na","name":"Jusu Drive","ref":"","surface":"unpaved","sc":"unpaved","speed":null,"lit":"unk","km":0.071}},
{"type":"Feature","geometry":{"type":"LineString","coordinates":[[-11.74416,7.95416],[-11.74429,7.9537],[-11.74434,7.95367],[-11.74526,7.95401],[-11.74531,7.95398],[-11.74546,7.95362],[-11.74565,7.95318]]},"properties":{"id":296009085,"cls":"service","hw":"service","tg":"na","name":"","ref":"","surface":"","sc":"unknown","speed":null,"lit":"unk","km":0.271}},
{"type":"Feature","geometry":{"type":"LineString","coordinates":[[-11.76221,7.95091],[-11.76213,7.95044],[-11.76214,7.95035]]},"properties":{"id":296009105,"cls":"service","hw":"service","tg":"na","name":"","ref":"","surface":"","sc":"unknown","speed":null,"lit":"unk","km":0.063}},
{"type":"Feature","geometry":{"type":"LineString","coordinates":[[-11.74558,7.95836],[-11.74565,7.95896],[-11.74565,7.95931]]},"properties":{"id":296009108,"cls":"service","hw":"service","tg":"na","name":"","ref":"","surface":"","sc":"unknown","speed":null,"lit":"unk","km":0.106}},
{"type":"Feature","geometry":{"type":"LineString","coordinates":[[-11.75208,7.95937],[-11.75199,7.95933],[-11.75194,7.95931],[-11.75179,7.9594],[-11.75168,7.95946],[-11.75164,7.95951],[-11.75131,7.95979]]},"properties":{"id":296009119,"cls":"service","hw":"service","tg":"na","name":"Jay Quarter","ref":"","surface":"unpaved","sc":"unpaved","speed":null,"lit":"unk","km":0.105}},
{"type":"Feature","geometry":{"type":"LineString","coordinates":[[-11.75988,7.94248],[-11.75974,7.94268],[-11.75961,7.94288],[-11.75951,7.94298]]},"properties":{"id":296009174,"cls":"service","hw":"service","tg":"na","name":"","ref":"","surface":"","sc":"unknown","speed":null,"lit":"unk","km":0.069}},
{"type":"Feature","geometry":{"type":"LineString","coordinates":[[-11.76401,7.93405],[-11.7638,7.93403],[-11.7634,7.93413],[-11.76298,7.93413],[-11.76259,7.93404],[-11.76231,7.93397]]},"properties":{"id":296009213,"cls":"service","hw":"service","tg":"na","name":"","ref":"","surface":"","sc":"unknown","speed":null,"lit":"unk","km":0.191}},
{"type":"Feature","geometry":{"type":"LineString","coordinates":[[-11.76412,7.93384],[-11.76408,7.93376],[-11.7641,7.93361],[-11.76406,7.93354],[-11.76402,7.93352],[-11.76392,7.93345],[-11.76396,7.9334],[-11.76399,7.93323]]},"properties":{"id":296009242,"cls":"service","hw":"service","tg":"na","name":"","ref":"","surface":"","sc":"unknown","speed":null,"lit":"unk","km":0.08}},
{"type":"Feature","geometry":{"type":"LineString","coordinates":[[-11.75966,7.9439],[-11.75923,7.94358]]},"properties":{"id":296013632,"cls":"service","hw":"service","tg":"na","name":"Flaming Drive","ref":"","surface":"unpaved","sc":"unpaved","speed":null,"lit":"unk","km":0.059}},
{"type":"Feature","geometry":{"type":"LineString","coordinates":[[-11.74565,7.93871],[-11.74579,7.93879],[-11.74585,7.93884],[-11.74587,7.93888],[-11.74587,7.93893],[-11.74585,7.93899],[-11.74582,7.93906]]},"properties":{"id":296013638,"cls":"service","hw":"service","tg":"na","name":"","ref":"","surface":"","sc":"unknown","speed":null,"lit":"unk","km":0.052}},
{"type":"Feature","geometry":{"type":"LineString","coordinates":[[-11.75921,7.94322],[-11.75948,7.94342],[-11.75979,7.9437]]},"properties":{"id":296013641,"cls":"service","hw":"service","tg":"na","name":"Baby Rose Drive","ref":"","surface":"unpaved","sc":"unpaved","speed":null,"lit":"unk","km":0.083}},
{"type":"Feature","geometry":{"type":"LineString","coordinates":[[-11.75893,7.9685],[-11.7589,7.96835],[-11.75877,7.96824],[-11.75859,7.96816],[-11.75818,7.96811]]},"properties":{"id":296013656,"cls":"service","hw":"service","tg":"na","name":"","ref":"","surface":"","sc":"unknown","speed":null,"lit":"unk","km":0.103}},
{"type":"Feature","geometry":{"type":"LineString","coordinates":[[-11.75953,7.96861],[-11.7592,7.96849],[-11.75893,7.9685],[-11.7587,7.96862],[-11.75753,7.96907],[-11.75697,7.96903]]},"properties":{"id":296013664,"cls":"service","hw":"service","tg":"na","name":"","ref":"","surface":"unpaved","sc":"unpaved","speed":null,"lit":"unk","km":0.297}},
{"type":"Feature","geometry":{"type":"LineString","coordinates":[[-11.76534,7.97152],[-11.76546,7.97149],[-11.76563,7.97154]]},"properties":{"id":296028488,"cls":"service","hw":"service","tg":"na","name":"Gbomgboma Road","ref":"","surface":"","sc":"unknown","speed":null,"lit":"unk","km":0.033}},
{"type":"Feature","geometry":{"type":"LineString","coordinates":[[-11.74721,7.97305],[-11.74741,7.97308],[-11.74759,7.97317],[-11.74768,7.9733],[-11.74769,7.97339],[-11.74767,7.97352],[-11.74759,7.9736],[-11.74741,7.97366],[-11.74726,7.97367],[-11.74696,7.97362],[-11.74648,7.97344],[-11.74615,7.97334],[-11.74578,7.97324],[-11.74544,7.97315]]},"properties":{"id":296161576,"cls":"service","hw":"service","tg":"na","name":"","ref":"","surface":"unpaved","sc":"unpaved","speed":null,"lit":"unk","km":0.346}},
{"type":"Feature","geometry":{"type":"LineString","coordinates":[[-11.7357,7.9913],[-11.7356,7.99111]]},"properties":{"id":296161579,"cls":"service","hw":"service","tg":"na","name":"","ref":"","surface":"unpaved","sc":"unpaved","speed":null,"lit":"unk","km":0.024}},
{"type":"Feature","geometry":{"type":"LineString","coordinates":[[-11.74597,7.97301],[-11.74579,7.97311],[-11.74544,7.97315]]},"properties":{"id":296161593,"cls":"service","hw":"service","tg":"na","name":"","ref":"","surface":"unpaved","sc":"unpaved","speed":null,"lit":"unk","km":0.062}},
{"type":"Feature","geometry":{"type":"LineString","coordinates":[[-11.74303,7.97563],[-11.743,7.97559],[-11.74287,7.97556],[-11.74265,7.97536]]},"properties":{"id":296161615,"cls":"service","hw":"service","tg":"na","name":"","ref":"","surface":"unpaved","sc":"unpaved","speed":null,"lit":"unk","km":0.053}},
{"type":"Feature","geometry":{"type":"LineString","coordinates":[[-11.74355,7.97569],[-11.74349,7.97571],[-11.74325,7.97578],[-11.7432,7.97593],[-11.74308,7.97606],[-11.74289,7.97612]]},"properties":{"id":296161634,"cls":"service","hw":"service","tg":"na","name":"","ref":"","surface":"unpaved","sc":"unpaved","speed":null,"lit":"unk","km":0.094}},
{"type":"Feature","geometry":{"type":"LineString","coordinates":[[-11.74394,7.97588],[-11.74429,7.976],[-11.74465,7.97615],[-11.74468,7.9762],[-11.74483,7.97648],[-11.74494,7.97655]]},"properties":{"id":296161636,"cls":"service","hw":"service","tg":"na","name":"","ref":"","surface":"unpaved","sc":"unpaved","speed":null,"lit":"unk","km":0.14}},
{"type":"Feature","geometry":{"type":"LineString","coordinates":[[-11.73579,7.99029],[-11.73577,7.99064],[-11.73582,7.9908],[-11.73577,7.9909],[-11.73567,7.991],[-11.7356,7.99111]]},"properties":{"id":296161640,"cls":"service","hw":"service","tg":"na","name":"","ref":"","surface":"unpaved","sc":"unpaved","speed":null,"lit":"unk","km":0.1}},
{"type":"Feature","geometry":{"type":"LineString","coordinates":[[-11.75362,7.97325],[-11.75346,7.97307]]},"properties":{"id":296164727,"cls":"service","hw":"service","tg":"na","name":"","ref":"","surface":"unpaved","sc":"unpaved","speed":null,"lit":"unk","km":0.027}},
{"type":"Feature","geometry":{"type":"LineString","coordinates":[[-11.74323,7.98007],[-11.74329,7.9798],[-11.74333,7.97959]]},"properties":{"id":296168669,"cls":"service","hw":"service","tg":"na","name":"","ref":"","surface":"unpaved","sc":"unpaved","speed":null,"lit":"unk","km":0.055}},
{"type":"Feature","geometry":{"type":"LineString","coordinates":[[-11.73947,7.98411],[-11.73943,7.98404],[-11.73934,7.984],[-11.73913,7.98394],[-11.73903,7.98392]]},"properties":{"id":296168709,"cls":"service","hw":"service","tg":"na","name":"","ref":"","surface":"","sc":"unknown","speed":null,"lit":"unk","km":0.055}},
{"type":"Feature","geometry":{"type":"LineString","coordinates":[[-11.73426,7.99218],[-11.73414,7.99201]]},"properties":{"id":296178701,"cls":"service","hw":"service","tg":"na","name":"","ref":"","surface":"","sc":"unknown","speed":null,"lit":"unk","km":0.023}},
{"type":"Feature","geometry":{"type":"LineString","coordinates":[[-11.73693,7.98761],[-11.73648,7.98758]]},"properties":{"id":296178703,"cls":"service","hw":"service","tg":"na","name":"","ref":"","surface":"","sc":"unknown","speed":null,"lit":"unk","km":0.05}},
{"type":"Feature","geometry":{"type":"LineString","coordinates":[[-11.73677,7.98842],[-11.73651,7.98841],[-11.73641,7.9884],[-11.7363,7.98839],[-11.73621,7.98838]]},"properties":{"id":296178704,"cls":"service","hw":"service","tg":"na","name":"","ref":"","surface":"","sc":"unknown","speed":null,"lit":"unk","km":0.062}},
{"type":"Feature","geometry":{"type":"LineString","coordinates":[[-11.74042,7.9731],[-11.74062,7.97307],[-11.7412,7.97319]]},"properties":{"id":296178715,"cls":"service","hw":"service","tg":"na","name":"Fire Force Lane","ref":"","surface":"unpaved","sc":"unpaved","speed":null,"lit":"unk","km":0.088}},
{"type":"Feature","geometry":{"type":"LineString","coordinates":[[-11.73904,7.97653],[-11.73899,7.97668],[-11.73894,7.97696],[-11.7389,7.97713],[-11.73886,7.97719],[-11.7388,7.97727]]},"properties":{"id":296178717,"cls":"service","hw":"service","tg":"na","name":"","ref":"","surface":"","sc":"unknown","speed":null,"lit":"unk","km":0.088}},
{"type":"Feature","geometry":{"type":"LineString","coordinates":[[-11.74088,7.9749],[-11.74104,7.9752],[-11.74121,7.97529],[-11.74144,7.97537]]},"properties":{"id":296178720,"cls":"service","hw":"service","tg":"na","name":"","ref":"","surface":"","sc":"unknown","speed":null,"lit":"unk","km":0.086}},
{"type":"Feature","geometry":{"type":"LineString","coordinates":[[-11.73686,7.98478],[-11.7368,7.98473],[-11.73662,7.98467],[-11.73637,7.9846]]},"properties":{"id":296178725,"cls":"service","hw":"service","tg":"na","name":"","ref":"","surface":"","sc":"unknown","speed":null,"lit":"unk","km":0.058}},
{"type":"Feature","geometry":{"type":"LineString","coordinates":[[-11.73668,7.9851],[-11.73668,7.985],[-11.73666,7.98498],[-11.73629,7.98489]]},"properties":{"id":296178732,"cls":"service","hw":"service","tg":"na","name":"","ref":"","surface":"","sc":"unknown","speed":null,"lit":"unk","km":0.056}},
{"type":"Feature","geometry":{"type":"LineString","coordinates":[[-11.73483,7.99182],[-11.7348,7.99176],[-11.73481,7.99172],[-11.73487,7.99169],[-11.73497,7.99173]]},"properties":{"id":296178734,"cls":"service","hw":"service","tg":"na","name":"","ref":"","surface":"","sc":"unknown","speed":null,"lit":"unk","km":0.031}},
{"type":"Feature","geometry":{"type":"LineString","coordinates":[[-11.73436,7.9839],[-11.73426,7.98382],[-11.73421,7.9838],[-11.73416,7.98381],[-11.73401,7.98391],[-11.73395,7.98399]]},"properties":{"id":296178748,"cls":"service","hw":"service","tg":"na","name":"","ref":"","surface":"","sc":"unknown","speed":null,"lit":"unk","km":0.057}},
{"type":"Feature","geometry":{"type":"LineString","coordinates":[[-11.73588,7.97574],[-11.73594,7.97577],[-11.73597,7.97581],[-11.73602,7.97588],[-11.73602,7.97603],[-11.73602,7.9761],[-11.73605,7.97615],[-11.73609,7.97618],[-11.73621,7.97621],[-11.73634,7.97623],[-11.73661,7.97627],[-11.73679,7.97629],[-11.73708,7.9764],[-11.73771,7.97672]]},"properties":{"id":296178767,"cls":"service","hw":"service","tg":"na","name":"","ref":"","surface":"","sc":"unknown","speed":null,"lit":"unk","km":0.249}},
{"type":"Feature","geometry":{"type":"LineString","coordinates":[[-11.75565,7.97674],[-11.75553,7.97671],[-11.75543,7.97674],[-11.75514,7.97706],[-11.75504,7.97709],[-11.75495,7.97709],[-11.75484,7.97704],[-11.75479,7.97697],[-11.75477,7.97694],[-11.75469,7.97688]]},"properties":{"id":296194239,"cls":"service","hw":"service","tg":"na","name":"","ref":"","surface":"","sc":"unknown","speed":null,"lit":"unk","km":0.132}},
{"type":"Feature","geometry":{"type":"LineString","coordinates":[[-11.75963,7.97464],[-11.75959,7.97492],[-11.75932,7.97498],[-11.75922,7.97499],[-11.75869,7.97508]]},"properties":{"id":296194262,"cls":"service","hw":"service","tg":"na","name":"","ref":"","surface":"","sc":"unknown","speed":null,"lit":"unk","km":0.132}},
{"type":"Feature","geometry":{"type":"LineString","coordinates":[[-11.75688,7.97467],[-11.75667,7.97481],[-11.75646,7.97501]]},"properties":{"id":296194264,"cls":"service","hw":"service","tg":"na","name":"","ref":"","surface":"","sc":"unknown","speed":null,"lit":"unk","km":0.06}},
{"type":"Feature","geometry":{"type":"LineString","coordinates":[[-11.75703,7.97464],[-11.757,7.97473],[-11.75695,7.9749],[-11.75687,7.97502],[-11.75677,7.97511]]},"properties":{"id":296194272,"cls":"service","hw":"service","tg":"na","name":"","ref":"","surface":"","sc":"unknown","speed":null,"lit":"unk","km":0.061}},
{"type":"Feature","geometry":{"type":"LineString","coordinates":[[-13.24975,8.48397],[-13.24937,8.48377],[-13.24925,8.48375],[-13.24905,8.48374],[-13.24846,8.48376]]},"properties":{"id":296366095,"cls":"service","hw":"service","tg":"na","name":"Cross Road","ref":"","surface":"unpaved","sc":"unpaved","speed":null,"lit":"unk","km":0.148}},
{"type":"Feature","geometry":{"type":"LineString","coordinates":[[-11.33792,8.18326],[-11.33825,8.1835],[-11.33847,8.18388],[-11.33874,8.18432]]},"properties":{"id":296509097,"cls":"service","hw":"service","tg":"na","name":"","ref":"","surface":"","sc":"unknown","speed":null,"lit":"unk","km":0.151}},
{"type":"Feature","geometry":{"type":"LineString","coordinates":[[-11.33874,8.18432],[-11.33887,8.18453],[-11.33899,8.18459],[-11.33933,8.18475]]},"properties":{"id":296509098,"cls":"service","hw":"service","tg":"na","name":"","ref":"","surface":"","sc":"unknown","speed":null,"lit":"unk","km":0.084}},
{"type":"Feature","geometry":{"type":"LineString","coordinates":[[-11.18384,8.96817],[-11.18347,8.96796],[-11.18319,8.96777],[-11.18311,8.96767]]},"properties":{"id":296569115,"cls":"service","hw":"service","tg":"na","name":"","ref":"","surface":"","sc":"unknown","speed":null,"lit":"unk","km":0.098}},
{"type":"Feature","geometry":{"type":"LineString","coordinates":[[-11.67355,7.84083],[-11.67268,7.84175],[-11.67231,7.84216]]},"properties":{"id":297190922,"cls":"service","hw":"service","tg":"na","name":"","ref":"","surface":"","sc":"unknown","speed":null,"lit":"unk","km":0.201}},
{"type":"Feature","geometry":{"type":"LineString","coordinates":[[-13.23638,8.49121],[-13.23612,8.491],[-13.23598,8.49087],[-13.23584,8.49067],[-13.23573,8.49052]]},"properties":{"id":297315418,"cls":"service","hw":"service","tg":"na","name":"","ref":"","surface":"","sc":"unknown","speed":null,"lit":"unk","km":0.106}},
{"type":"Feature","geometry":{"type":"LineString","coordinates":[[-11.29595,9.35995],[-11.29569,9.3603],[-11.29563,9.36046],[-11.29569,9.36117]]},"properties":{"id":297778880,"cls":"service","hw":"service","tg":"na","name":"","ref":"","surface":"","sc":"unknown","speed":null,"lit":"unk","km":0.146}},
{"type":"Feature","geometry":{"type":"LineString","coordinates":[[-13.28234,8.49177],[-13.28248,8.49185]]},"properties":{"id":298623254,"cls":"service","hw":"service","tg":"na","name":"","ref":"","surface":"","sc":"unknown","speed":null,"lit":"unk","km":0.018}},
{"type":"Feature","geometry":{"type":"LineString","coordinates":[[-13.27046,8.48192],[-13.26967,8.48137]]},"properties":{"id":298626850,"cls":"service","hw":"service","tg":"na","name":"","ref":"","surface":"concrete","sc":"paved","speed":null,"lit":"unk","km":0.106}},
{"type":"Feature","geometry":{"type":"LineString","coordinates":[[-13.27242,8.47472],[-13.27268,8.47455],[-13.27271,8.47452],[-13.27271,8.47448],[-13.2727,8.47444],[-13.27256,8.47423]]},"properties":{"id":298629228,"cls":"service","hw":"service","tg":"na","name":"","ref":"","surface":"","sc":"unknown","speed":null,"lit":"unk","km":0.076}},
{"type":"Feature","geometry":{"type":"LineString","coordinates":[[-13.20248,8.4787],[-13.20221,8.4787],[-13.20193,8.47873],[-13.2018,8.47876],[-13.20173,8.47875],[-13.20171,8.47896]]},"properties":{"id":298639743,"cls":"service","hw":"service","tg":"na","name":"","ref":"","surface":"","sc":"unknown","speed":null,"lit":"unk","km":0.107}},
{"type":"Feature","geometry":{"type":"LineString","coordinates":[[-13.20297,8.47882],[-13.2029,8.4788],[-13.20279,8.47874],[-13.20265,8.4787],[-13.20248,8.4787]]},"properties":{"id":298639745,"cls":"service","hw":"service","tg":"na","name":"","ref":"","surface":"","sc":"unknown","speed":null,"lit":"unk","km":0.057}},
{"type":"Feature","geometry":{"type":"LineString","coordinates":[[-13.26119,8.48684],[-13.26062,8.48697]]},"properties":{"id":298640281,"cls":"service","hw":"service","tg":"na","name":"","ref":"","surface":"","sc":"unknown","speed":null,"lit":"unk","km":0.064}},
{"type":"Feature","geometry":{"type":"LineString","coordinates":[[-13.26126,8.48707],[-13.26133,8.48708],[-13.26135,8.48708],[-13.26137,8.4871],[-13.26153,8.48763],[-13.26156,8.48772]]},"properties":{"id":298640282,"cls":"service","hw":"service","tg":"na","name":"","ref":"","surface":"","sc":"unknown","speed":null,"lit":"unk","km":0.085}},
{"type":"Feature","geometry":{"type":"LineString","coordinates":[[-13.26164,8.48262],[-13.26177,8.48293]]},"properties":{"id":298645341,"cls":"service","hw":"service","tg":"na","name":"","ref":"","surface":"","sc":"unknown","speed":null,"lit":"unk","km":0.037}},
{"type":"Feature","geometry":{"type":"LineString","coordinates":[[-13.24695,8.49204],[-13.24697,8.49211],[-13.24701,8.4922],[-13.24708,8.49231],[-13.24713,8.49257],[-13.24714,8.49281]]},"properties":{"id":298645548,"cls":"service","hw":"service","tg":"na","name":"","ref":"","surface":"unpaved","sc":"unpaved","speed":null,"lit":"unk","km":0.09}},
{"type":"Feature","geometry":{"type":"LineString","coordinates":[[-13.24592,8.49195],[-13.2461,8.4921],[-13.24615,8.49224],[-13.24614,8.49236],[-13.24611,8.49241]]},"properties":{"id":298645565,"cls":"service","hw":"service","tg":"na","name":"Gadrage Road Kingtom","ref":"","surface":"unpaved","sc":"unpaved","speed":null,"lit":"unk","km":0.062}},
{"type":"Feature","geometry":{"type":"LineString","coordinates":[[-13.24448,8.4909],[-13.24446,8.49065],[-13.24446,8.49041],[-13.2445,8.49036],[-13.24461,8.49033],[-13.2448,8.49028],[-13.24522,8.49019]]},"properties":{"id":298645570,"cls":"service","hw":"service","tg":"na","name":"","ref":"","surface":"paved","sc":"paved","speed":null,"lit":"unk","km":0.143}},
{"type":"Feature","geometry":{"type":"LineString","coordinates":[[-13.08999,8.2681],[-13.08971,8.26828],[-13.08924,8.26851],[-13.08884,8.26875]]},"properties":{"id":298733528,"cls":"service","hw":"service","tg":"na","name":"","ref":"","surface":"unpaved","sc":"unpaved","speed":null,"lit":"unk","km":0.146}},
{"type":"Feature","geometry":{"type":"LineString","coordinates":[[-13.09075,8.26398],[-13.09053,8.26382],[-13.09028,8.2638],[-13.08991,8.26369],[-13.08953,8.26356],[-13.08893,8.26345],[-13.08859,8.26345],[-13.08848,8.26346]]},"properties":{"id":298733529,"cls":"service","hw":"service","tg":"na","name":"","ref":"","surface":"unpaved","sc":"unpaved","speed":null,"lit":"unk","km":0.261}},
{"type":"Feature","geometry":{"type":"LineString","coordinates":[[-13.15118,8.52351],[-13.15122,8.52377],[-13.15129,8.52397],[-13.15189,8.52396],[-13.15195,8.52398],[-13.15214,8.52406],[-13.15238,8.52412],[-13.1524,8.52427],[-13.15234,8.52446],[-13.15234,8.5245],[-13.15232,8.52459]]},"properties":{"id":298745481,"cls":"service","hw":"service","tg":"na","name":"","ref":"","surface":"","sc":"unknown","speed":null,"lit":"unk","km":0.229}},
{"type":"Feature","geometry":{"type":"LineString","coordinates":[[-13.12755,8.20527],[-13.12756,8.20537],[-13.1275,8.20562],[-13.12755,8.20577],[-13.1277,8.20586],[-13.128,8.20583],[-13.12835,8.20565],[-13.12872,8.20524],[-13.12899,8.20499],[-13.12919,8.20449]]},"properties":{"id":298764295,"cls":"service","hw":"service","tg":"na","name":"","ref":"","surface":"","sc":"unknown","speed":null,"lit":"unk","km":0.315}},
{"type":"Feature","geometry":{"type":"LineString","coordinates":[[-13.14912,8.53762],[-13.14935,8.53752],[-13.14974,8.53746],[-13.14982,8.53744],[-13.14995,8.53729]]},"properties":{"id":298775163,"cls":"service","hw":"service","tg":"na","name":"","ref":"","surface":"unpaved","sc":"unpaved","speed":null,"lit":"unk","km":0.102}},
{"type":"Feature","geometry":{"type":"LineString","coordinates":[[-13.14851,8.53685],[-13.14836,8.53698]]},"properties":{"id":298775164,"cls":"service","hw":"service","tg":"na","name":"","ref":"","surface":"","sc":"unknown","speed":null,"lit":"unk","km":0.022}},
{"type":"Feature","geometry":{"type":"LineString","coordinates":[[-13.14771,8.53528],[-13.14781,8.53526],[-13.14803,8.53522],[-13.14842,8.53516],[-13.14881,8.53506]]},"properties":{"id":298775166,"cls":"service","hw":"service","tg":"na","name":"","ref":"","surface":"","sc":"unknown","speed":null,"lit":"unk","km":0.124}},
{"type":"Feature","geometry":{"type":"LineString","coordinates":[[-13.14768,8.53488],[-13.14797,8.53489],[-13.14823,8.5349]]},"properties":{"id":298775167,"cls":"service","hw":"service","tg":"na","name":"","ref":"","surface":"","sc":"unknown","speed":null,"lit":"unk","km":0.061}},
{"type":"Feature","geometry":{"type":"LineString","coordinates":[[-13.15262,8.23897],[-13.15233,8.23904],[-13.15219,8.23904],[-13.15209,8.23896],[-13.15194,8.23855],[-13.15187,8.23854],[-13.15172,8.2386]]},"properties":{"id":298775565,"cls":"service","hw":"service","tg":"na","name":"","ref":"","surface":"","sc":"unknown","speed":null,"lit":"unk","km":0.136}},
{"type":"Feature","geometry":{"type":"LineString","coordinates":[[-13.14801,8.53353],[-13.14838,8.53361],[-13.14849,8.53384],[-13.14868,8.53424],[-13.1487,8.53431]]},"properties":{"id":298779675,"cls":"service","hw":"service","tg":"na","name":"","ref":"","surface":"","sc":"unknown","speed":null,"lit":"unk","km":0.127}},
{"type":"Feature","geometry":{"type":"LineString","coordinates":[[-13.14952,8.53155],[-13.14963,8.53164],[-13.14979,8.53181],[-13.1499,8.53197],[-13.14997,8.53213],[-13.15003,8.53227],[-13.15005,8.53243],[-13.1501,8.53266],[-13.15017,8.5329],[-13.1502,8.53311]]},"properties":{"id":298779677,"cls":"service","hw":"service","tg":"na","name":"","ref":"","surface":"unpaved","sc":"unpaved","speed":null,"lit":"unk","km":0.195}},
{"type":"Feature","geometry":{"type":"LineString","coordinates":[[-13.14971,8.53103],[-13.14985,8.53101],[-13.15016,8.53102],[-13.15033,8.53104]]},"properties":{"id":298779678,"cls":"service","hw":"service","tg":"na","name":"","ref":"","surface":"unpaved","sc":"unpaved","speed":null,"lit":"unk","km":0.068}},
{"type":"Feature","geometry":{"type":"LineString","coordinates":[[-13.14963,8.53065],[-13.14987,8.53062],[-13.15006,8.53056],[-13.15024,8.53045],[-13.15033,8.53041]]},"properties":{"id":298779679,"cls":"service","hw":"service","tg":"na","name":"","ref":"","surface":"unpaved","sc":"unpaved","speed":null,"lit":"unk","km":0.083}},
{"type":"Feature","geometry":{"type":"LineString","coordinates":[[-13.14946,8.52993],[-13.14922,8.53],[-13.14893,8.53009],[-13.14883,8.53012]]},"properties":{"id":298779681,"cls":"service","hw":"service","tg":"na","name":"","ref":"","surface":"","sc":"unknown","speed":null,"lit":"unk","km":0.072}},
{"type":"Feature","geometry":{"type":"LineString","coordinates":[[-13.14957,8.53143],[-13.14943,8.5313],[-13.14936,8.53116],[-13.14923,8.53108],[-13.14909,8.53112],[-13.14904,8.53114]]},"properties":{"id":298779682,"cls":"service","hw":"service","tg":"na","name":"","ref":"","surface":"","sc":"unknown","speed":null,"lit":"unk","km":0.077}},
{"type":"Feature","geometry":{"type":"LineString","coordinates":[[-13.15357,8.53044],[-13.15367,8.53027]]},"properties":{"id":298779685,"cls":"service","hw":"service","tg":"na","name":"","ref":"","surface":"","sc":"unknown","speed":null,"lit":"unk","km":0.022}},
{"type":"Feature","geometry":{"type":"LineString","coordinates":[[-13.15351,8.52883],[-13.15353,8.52867],[-13.15351,8.52849],[-13.1535,8.52828]]},"properties":{"id":298779687,"cls":"service","hw":"service","tg":"na","name":"","ref":"","surface":"","sc":"unknown","speed":null,"lit":"unk","km":0.061}},
{"type":"Feature","geometry":{"type":"LineString","coordinates":[[-13.15351,8.52883],[-13.1536,8.52898]]},"properties":{"id":298779688,"cls":"service","hw":"service","tg":"na","name":"","ref":"","surface":"","sc":"unknown","speed":null,"lit":"unk","km":0.019}},
{"type":"Feature","geometry":{"type":"LineString","coordinates":[[-13.1528,8.52922],[-13.15261,8.52928],[-13.15228,8.52948],[-13.15206,8.52959]]},"properties":{"id":298779689,"cls":"service","hw":"service","tg":"na","name":"","ref":"","surface":"unpaved","sc":"unpaved","speed":null,"lit":"unk","km":0.092}},
{"type":"Feature","geometry":{"type":"LineString","coordinates":[[-13.15085,8.53012],[-13.15103,8.53034],[-13.15112,8.5304],[-13.15124,8.53054],[-13.1514,8.53076],[-13.1517,8.53107],[-13.15224,8.53144],[-13.15249,8.53173],[-13.1526,8.53195],[-13.1527,8.53219],[-13.15272,8.53238],[-13.15273,8.53244],[-13.15283,8.5326],[-13.15298,8.53277],[-13.15318,8.53291],[-13.15335,8.53303],[-13.15347,8.53319]]},"properties":{"id":298779691,"cls":"service","hw":"service","tg":"na","name":"","ref":"","surface":"unpaved","sc":"unpaved","speed":null,"lit":"unk","km":0.458}},
{"type":"Feature","geometry":{"type":"LineString","coordinates":[[-13.15273,8.53042],[-13.15299,8.53092],[-13.15305,8.53115],[-13.15308,8.53132],[-13.15309,8.5314]]},"properties":{"id":298779692,"cls":"service","hw":"service","tg":"na","name":"","ref":"","surface":"unpaved","sc":"unpaved","speed":null,"lit":"unk","km":0.117}},
{"type":"Feature","geometry":{"type":"LineString","coordinates":[[-13.15309,8.53046],[-13.15316,8.53034],[-13.15326,8.53022],[-13.15329,8.53017]]},"properties":{"id":298779693,"cls":"service","hw":"service","tg":"na","name":"","ref":"","surface":"","sc":"unknown","speed":null,"lit":"unk","km":0.039}},
{"type":"Feature","geometry":{"type":"LineString","coordinates":[[-13.15309,8.53046],[-13.15315,8.53055],[-13.1532,8.53072]]},"properties":{"id":298779694,"cls":"service","hw":"service","tg":"na","name":"","ref":"","surface":"","sc":"unknown","speed":null,"lit":"unk","km":0.032}},
{"type":"Feature","geometry":{"type":"LineString","coordinates":[[-13.14892,8.52847],[-13.14879,8.52856],[-13.14868,8.52869],[-13.14861,8.52884]]},"properties":{"id":298779696,"cls":"service","hw":"service","tg":"na","name":"","ref":"","surface":"","sc":"unknown","speed":null,"lit":"unk","km":0.055}},
{"type":"Feature","geometry":{"type":"LineString","coordinates":[[-13.14783,8.52485],[-13.14758,8.52493],[-13.14748,8.52506],[-13.14748,8.5251],[-13.1475,8.52515],[-13.14764,8.52524]]},"properties":{"id":298779709,"cls":"service","hw":"service","tg":"na","name":"","ref":"","surface":"","sc":"unknown","speed":null,"lit":"unk","km":0.076}},
{"type":"Feature","geometry":{"type":"LineString","coordinates":[[-13.14748,8.5251],[-13.14729,8.52521],[-13.14713,8.52537]]},"properties":{"id":298779711,"cls":"service","hw":"service","tg":"na","name":"","ref":"","surface":"","sc":"unknown","speed":null,"lit":"unk","km":0.049}},
{"type":"Feature","geometry":{"type":"LineString","coordinates":[[-13.15271,8.52299],[-13.15284,8.52308],[-13.15295,8.52323],[-13.15297,8.52327]]},"properties":{"id":298779717,"cls":"service","hw":"service","tg":"na","name":"","ref":"","surface":"","sc":"unknown","speed":null,"lit":"unk","km":0.043}},
{"type":"Feature","geometry":{"type":"LineString","coordinates":[[-13.15243,8.52266],[-13.15256,8.52268],[-13.1527,8.5227]]},"properties":{"id":298779718,"cls":"service","hw":"service","tg":"na","name":"","ref":"","surface":"unpaved","sc":"unpaved","speed":null,"lit":"unk","km":0.03}},
{"type":"Feature","geometry":{"type":"LineString","coordinates":[[-13.14823,8.52086],[-13.14837,8.52082],[-13.14848,8.52059],[-13.14856,8.52035],[-13.14865,8.52029],[-13.1489,8.52033],[-13.14907,8.52038],[-13.14939,8.5204],[-13.1495,8.52037],[-13.14962,8.52032],[-13.14976,8.52027]]},"properties":{"id":298779731,"cls":"service","hw":"service","tg":"na","name":"","ref":"","surface":"unpaved","sc":"unpaved","speed":null,"lit":"unk","km":0.21}},
{"type":"Feature","geometry":{"type":"LineString","coordinates":[[-13.14913,8.51845],[-13.14912,8.51842],[-13.14911,8.51837],[-13.14907,8.51834],[-13.14901,8.5183],[-13.14887,8.51823]]},"properties":{"id":298779733,"cls":"service","hw":"service","tg":"na","name":"","ref":"","surface":"","sc":"unknown","speed":null,"lit":"unk","km":0.04}},
{"type":"Feature","geometry":{"type":"LineString","coordinates":[[-13.14793,8.52049],[-13.14777,8.52049],[-13.14762,8.52044],[-13.1476,8.5203],[-13.1476,8.52016]]},"properties":{"id":298779734,"cls":"service","hw":"service","tg":"na","name":"","ref":"","surface":"","sc":"unknown","speed":null,"lit":"unk","km":0.066}},
{"type":"Feature","geometry":{"type":"LineString","coordinates":[[-13.1472,8.52334],[-13.14714,8.52327],[-13.14707,8.52307]]},"properties":{"id":298779736,"cls":"service","hw":"service","tg":"na","name":"","ref":"","surface":"","sc":"unknown","speed":null,"lit":"unk","km":0.034}},
{"type":"Feature","geometry":{"type":"LineString","coordinates":[[-13.14501,8.52318],[-13.14525,8.52309],[-13.14543,8.52304],[-13.14532,8.52284]]},"properties":{"id":298780635,"cls":"service","hw":"service","tg":"na","name":"","ref":"","surface":"","sc":"unknown","speed":null,"lit":"unk","km":0.074}},
{"type":"Feature","geometry":{"type":"LineString","coordinates":[[-13.1454,8.52545],[-13.14534,8.52555],[-13.14521,8.52563],[-13.14504,8.52612],[-13.14494,8.52637],[-13.14493,8.52652],[-13.14494,8.52667]]},"properties":{"id":298780640,"cls":"service","hw":"service","tg":"na","name":"","ref":"","surface":"","sc":"unknown","speed":null,"lit":"unk","km":0.151}},
{"type":"Feature","geometry":{"type":"LineString","coordinates":[[-13.14962,8.51995],[-13.14986,8.51993],[-13.15017,8.52004],[-13.15044,8.52017]]},"properties":{"id":298780643,"cls":"service","hw":"service","tg":"na","name":"","ref":"","surface":"unpaved","sc":"unpaved","speed":null,"lit":"unk","km":0.096}},
{"type":"Feature","geometry":{"type":"LineString","coordinates":[[-13.24665,8.46996],[-13.24666,8.46987],[-13.24663,8.46981],[-13.24652,8.46981],[-13.24642,8.46982],[-13.24627,8.46992],[-13.24609,8.47004],[-13.24603,8.47009]]},"properties":{"id":298783016,"cls":"service","hw":"service","tg":"na","name":"","ref":"","surface":"paved","sc":"paved","speed":null,"lit":"unk","km":0.093}},
{"type":"Feature","geometry":{"type":"LineString","coordinates":[[-13.24058,8.46121],[-13.24056,8.46149],[-13.2405,8.46166]]},"properties":{"id":298783025,"cls":"service","hw":"service","tg":"na","name":"","ref":"","surface":"unpaved","sc":"unpaved","speed":null,"lit":"unk","km":0.051}},
{"type":"Feature","geometry":{"type":"LineString","coordinates":[[-13.24316,8.47055],[-13.24323,8.47048],[-13.24337,8.47044],[-13.2435,8.47043],[-13.24362,8.47042],[-13.24369,8.47038],[-13.24374,8.47035],[-13.24377,8.47018],[-13.24378,8.47006]]},"properties":{"id":298783031,"cls":"service","hw":"service","tg":"na","name":"","ref":"","surface":"","sc":"unknown","speed":null,"lit":"unk","km":0.102}},
{"type":"Feature","geometry":{"type":"LineString","coordinates":[[-13.24741,8.45836],[-13.24738,8.45857],[-13.24737,8.45869],[-13.24735,8.45878],[-13.24731,8.45886],[-13.24725,8.45893]]},"properties":{"id":298783038,"cls":"service","hw":"service","tg":"na","name":"","ref":"","surface":"unpaved","sc":"unpaved","speed":null,"lit":"unk","km":0.067}},
{"type":"Feature","geometry":{"type":"LineString","coordinates":[[-13.24568,8.46951],[-13.24575,8.46948],[-13.24587,8.46943],[-13.24599,8.4694],[-13.24618,8.46934],[-13.24626,8.4693],[-13.24628,8.46925],[-13.24627,8.46913]]},"properties":{"id":298783053,"cls":"service","hw":"service","tg":"na","name":"","ref":"","surface":"unpaved","sc":"unpaved","speed":null,"lit":"unk","km":0.087}},
{"type":"Feature","geometry":{"type":"LineString","coordinates":[[-13.24089,8.46982],[-13.24086,8.46954]]},"properties":{"id":298793360,"cls":"service","hw":"service","tg":"na","name":"","ref":"","surface":"paved","sc":"paved","speed":null,"lit":"unk","km":0.031}},
{"type":"Feature","geometry":{"type":"LineString","coordinates":[[-13.24084,8.47101],[-13.2408,8.47093],[-13.24075,8.47087],[-13.24071,8.47082],[-13.24074,8.47057],[-13.24076,8.47036],[-13.24075,8.47001],[-13.24074,8.46988],[-13.24077,8.46984]]},"properties":{"id":298793366,"cls":"service","hw":"service","tg":"na","name":"","ref":"","surface":"paved","sc":"paved","speed":null,"lit":"unk","km":0.136}},
{"type":"Feature","geometry":{"type":"LineString","coordinates":[[-13.23961,8.47062],[-13.23967,8.47052],[-13.23971,8.47038],[-13.23976,8.4701],[-13.23985,8.46985],[-13.23989,8.46973]]},"properties":{"id":298793369,"cls":"service","hw":"service","tg":"na","name":"","ref":"","surface":"asphalt","sc":"paved","speed":null,"lit":"unk","km":0.104}},
{"type":"Feature","geometry":{"type":"LineString","coordinates":[[-13.24116,8.46961],[-13.24111,8.46964],[-13.24107,8.46966],[-13.24103,8.46972],[-13.24101,8.46979],[-13.24101,8.46991],[-13.24103,8.46998]]},"properties":{"id":298793373,"cls":"service","hw":"service","tg":"na","name":"","ref":"","surface":"paved","sc":"paved","speed":null,"lit":"unk","km":0.049}},
{"type":"Feature","geometry":{"type":"LineString","coordinates":[[-13.23878,8.46969],[-13.23875,8.46969],[-13.23872,8.46972],[-13.23868,8.46978],[-13.23866,8.46981],[-13.23864,8.46985],[-13.23862,8.46986],[-13.23859,8.46986],[-13.23855,8.46985],[-13.2385,8.46982],[-13.23848,8.46981],[-13.23845,8.46982],[-13.23835,8.46997],[-13.2383,8.47005]]},"properties":{"id":298793374,"cls":"service","hw":"service","tg":"na","name":"","ref":"","surface":"unpaved","sc":"unpaved","speed":null,"lit":"unk","km":0.078}},
{"type":"Feature","geometry":{"type":"LineString","coordinates":[[-13.24101,8.46979],[-13.24099,8.46979],[-13.24089,8.46982],[-13.24081,8.46983],[-13.24077,8.46984]]},"properties":{"id":298793376,"cls":"service","hw":"service","tg":"na","name":"","ref":"","surface":"paved","sc":"paved","speed":null,"lit":"unk","km":0.027}},
{"type":"Feature","geometry":{"type":"LineString","coordinates":[[-13.23976,8.4701],[-13.23973,8.47008],[-13.23967,8.47005],[-13.23878,8.46969],[-13.23859,8.46962],[-13.23863,8.46949],[-13.23863,8.46947],[-13.23861,8.46945]]},"properties":{"id":298793381,"cls":"service","hw":"service","tg":"na","name":"","ref":"","surface":"asphalt","sc":"paved","speed":null,"lit":"unk","km":0.16}},
{"type":"Feature","geometry":{"type":"LineString","coordinates":[[-13.24124,8.47059],[-13.24121,8.4706],[-13.24117,8.47057],[-13.24114,8.47054],[-13.24108,8.47027],[-13.24104,8.47005],[-13.24103,8.46998]]},"properties":{"id":298793384,"cls":"service","hw":"service","tg":"na","name":"","ref":"","surface":"paved","sc":"paved","speed":null,"lit":"unk","km":0.077}},
{"type":"Feature","geometry":{"type":"LineString","coordinates":[[-13.23755,8.46952],[-13.23774,8.46962],[-13.23782,8.46967],[-13.23788,8.46972],[-13.23792,8.46977],[-13.23835,8.46997]]},"properties":{"id":298814078,"cls":"service","hw":"service","tg":"na","name":"Johnson Drive","ref":"","surface":"unpaved","sc":"unpaved","speed":null,"lit":"unk","km":0.102}},
{"type":"Feature","geometry":{"type":"LineString","coordinates":[[-13.24682,8.45364],[-13.24673,8.45365],[-13.24614,8.45374],[-13.24603,8.45375]]},"properties":{"id":298814088,"cls":"service","hw":"service","tg":"na","name":"","ref":"","surface":"unpaved","sc":"unpaved","speed":null,"lit":"unk","km":0.088}},
{"type":"Feature","geometry":{"type":"LineString","coordinates":[[-13.24613,8.45457],[-13.24628,8.45429],[-13.24639,8.45411]]},"properties":{"id":298814093,"cls":"service","hw":"service","tg":"na","name":"Park Royal Drive","ref":"","surface":"unpaved","sc":"unpaved","speed":null,"lit":"unk","km":0.059}},
{"type":"Feature","geometry":{"type":"LineString","coordinates":[[-13.23844,8.46816],[-13.23848,8.46821],[-13.23862,8.4683]]},"properties":{"id":298814103,"cls":"service","hw":"service","tg":"na","name":"","ref":"","surface":"unpaved","sc":"unpaved","speed":null,"lit":"unk","km":0.025}},
{"type":"Feature","geometry":{"type":"LineString","coordinates":[[-13.24866,8.45656],[-13.24865,8.45669],[-13.24865,8.45679],[-13.24861,8.45688],[-13.24857,8.45695],[-13.24853,8.45698],[-13.24849,8.45701],[-13.24842,8.45703],[-13.24835,8.45702]]},"properties":{"id":298814110,"cls":"service","hw":"service","tg":"na","name":"","ref":"","surface":"paved","sc":"paved","speed":null,"lit":"unk","km":0.072}},
{"type":"Feature","geometry":{"type":"LineString","coordinates":[[-13.23644,8.46994],[-13.23646,8.47009],[-13.23648,8.47022],[-13.23651,8.47033],[-13.23652,8.47041],[-13.23647,8.47048]]},"properties":{"id":298814115,"cls":"service","hw":"service","tg":"na","name":"","ref":"","surface":"unpaved","sc":"unpaved","speed":null,"lit":"unk","km":0.063}},
{"type":"Feature","geometry":{"type":"LineString","coordinates":[[-13.23753,8.47012],[-13.23755,8.47019],[-13.23759,8.47024],[-13.23766,8.47029],[-13.23795,8.47039],[-13.23809,8.4704],[-13.23822,8.47039]]},"properties":{"id":298814134,"cls":"service","hw":"service","tg":"na","name":"","ref":"","surface":"unpaved","sc":"unpaved","speed":null,"lit":"unk","km":0.088}},
{"type":"Feature","geometry":{"type":"LineString","coordinates":[[-13.24412,8.45666],[-13.24421,8.45664],[-13.24426,8.45661],[-13.24432,8.4566],[-13.24436,8.45658],[-13.24439,8.45656],[-13.24448,8.45656],[-13.24458,8.4566]]},"properties":{"id":298814143,"cls":"service","hw":"service","tg":"na","name":"","ref":"","surface":"unpaved","sc":"unpaved","speed":null,"lit":"unk","km":0.054}},
{"type":"Feature","geometry":{"type":"LineString","coordinates":[[-13.23657,8.46817],[-13.23696,8.46893],[-13.23692,8.46907],[-13.23681,8.46909],[-13.23672,8.46917],[-13.23665,8.46927],[-13.23664,8.46929],[-13.23655,8.46942],[-13.23649,8.46952],[-13.23647,8.46957],[-13.23646,8.46961],[-13.23647,8.46977],[-13.23644,8.46994]]},"properties":{"id":298814147,"cls":"service","hw":"service","tg":"na","name":"","ref":"","surface":"paved","sc":"paved","speed":null,"lit":"unk","km":0.231}},
{"type":"Feature","geometry":{"type":"LineString","coordinates":[[-13.16395,8.45056],[-13.16402,8.45088],[-13.16412,8.45116],[-13.16413,8.4512],[-13.16412,8.45124],[-13.16415,8.45136],[-13.16394,8.45142]]},"properties":{"id":298825721,"cls":"service","hw":"service","tg":"na","name":"","ref":"","surface":"paved","sc":"paved","speed":null,"lit":"unk","km":0.116}},
{"type":"Feature","geometry":{"type":"LineString","coordinates":[[-13.18203,8.47149],[-13.18194,8.47171],[-13.1819,8.47177],[-13.18175,8.47201],[-13.18123,8.47294],[-13.18106,8.47324],[-13.18098,8.47341],[-13.18083,8.47359],[-13.18067,8.47396],[-13.18046,8.47414]]},"properties":{"id":298825778,"cls":"service","hw":"service","tg":"na","name":"","ref":"","surface":"","sc":"unknown","speed":null,"lit":"unk","km":0.344}},
{"type":"Feature","geometry":{"type":"LineString","coordinates":[[-13.17097,8.45893],[-13.17126,8.45882],[-13.17144,8.45876],[-13.17158,8.45872],[-13.17173,8.45869],[-13.17192,8.45866],[-13.17209,8.45863],[-13.17224,8.45858]]},"properties":{"id":298825860,"cls":"service","hw":"service","tg":"na","name":"Harding Street","ref":"","surface":"","sc":"unknown","speed":null,"lit":"unk","km":0.145}},
{"type":"Feature","geometry":{"type":"LineString","coordinates":[[-13.07893,8.31396],[-13.07919,8.314],[-13.07932,8.314],[-13.07944,8.31398],[-13.07949,8.31394],[-13.07953,8.31385],[-13.07956,8.31372],[-13.07955,8.31352],[-13.07953,8.31337],[-13.07949,8.31327],[-13.0794,8.31313],[-13.07938,8.31307],[-13.07937,8.31299],[-13.0794,8.31221],[-13.07943,8.31159],[-13.0796,8.3081]]},"properties":{"id":298826495,"cls":"service","hw":"service","tg":"na","name":"","ref":"","surface":"","sc":"unknown","speed":null,"lit":"unk","km":0.719}},
{"type":"Feature","geometry":{"type":"LineString","coordinates":[[-13.07814,8.3076],[-13.07821,8.30758],[-13.07827,8.30757],[-13.07847,8.30764],[-13.07854,8.30768],[-13.07859,8.30773],[-13.07871,8.30813],[-13.07881,8.30852],[-13.07881,8.30867],[-13.07878,8.30879],[-13.07869,8.30887]]},"properties":{"id":298826517,"cls":"service","hw":"service","tg":"na","name":"","ref":"","surface":"","sc":"unknown","speed":null,"lit":"unk","km":0.19}},
{"type":"Feature","geometry":{"type":"LineString","coordinates":[[-13.165,8.44258],[-13.16478,8.44175],[-13.16454,8.44099],[-13.16377,8.44122],[-13.16351,8.44104],[-13.16309,8.44118]]},"properties":{"id":298831731,"cls":"service","hw":"service","tg":"na","name":"","ref":"","surface":"paved","sc":"paved","speed":null,"lit":"unk","km":0.356}},
{"type":"Feature","geometry":{"type":"LineString","coordinates":[[-13.1448,8.38684],[-13.14469,8.38676],[-13.14458,8.38657],[-13.14455,8.3865],[-13.14447,8.38634],[-13.14432,8.38626],[-13.14421,8.38624]]},"properties":{"id":298838803,"cls":"service","hw":"service","tg":"na","name":"","ref":"","surface":"unpaved","sc":"unpaved","speed":null,"lit":"unk","km":0.099}},
{"type":"Feature","geometry":{"type":"LineString","coordinates":[[-12.99654,8.42306],[-12.99647,8.42302],[-12.99636,8.42293],[-12.99611,8.4228],[-12.99605,8.42276],[-12.99592,8.4227],[-12.99587,8.42267],[-12.99585,8.42264],[-12.99584,8.42261],[-12.99578,8.42256],[-12.99564,8.4225],[-12.99561,8.42291],[-12.99556,8.42309],[-12.99545,8.42342],[-12.99544,8.42353],[-12.99537,8.42371],[-12.99523,8.42401],[-12.99522,8.42405],[-12.99523,8.42407],[-12.99525,8.4241]]},"properties":{"id":298843647,"cls":"service","hw":"service","tg":"na","name":"","ref":"","surface":"unpaved","sc":"unpaved","speed":null,"lit":"unk","km":0.305}},
{"type":"Feature","geometry":{"type":"LineString","coordinates":[[-12.98593,8.33883],[-12.98598,8.33917],[-12.98629,8.3398],[-12.98669,8.34068]]},"properties":{"id":298871274,"cls":"service","hw":"service","tg":"na","name":"","ref":"","surface":"","sc":"unknown","speed":null,"lit":"unk","km":0.223}},
{"type":"Feature","geometry":{"type":"LineString","coordinates":[[-13.00011,8.32265],[-13.00013,8.32318],[-13.00015,8.32369]]},"properties":{"id":298876940,"cls":"service","hw":"service","tg":"na","name":"","ref":"","surface":"","sc":"unknown","speed":null,"lit":"unk","km":0.116}},
{"type":"Feature","geometry":{"type":"LineString","coordinates":[[-12.9998,8.32609],[-12.99988,8.32624],[-12.99997,8.32637],[-13.00013,8.32652],[-13.00019,8.3266],[-13.00022,8.32668]]},"properties":{"id":298876948,"cls":"service","hw":"service","tg":"na","name":"","ref":"","surface":"","sc":"unknown","speed":null,"lit":"unk","km":0.081}},
{"type":"Feature","geometry":{"type":"LineString","coordinates":[[-12.99343,8.33954],[-12.99329,8.33956],[-12.99316,8.33963],[-12.99308,8.33971],[-12.99307,8.33981],[-12.99306,8.33989]]},"properties":{"id":298882202,"cls":"service","hw":"service","tg":"na","name":"","ref":"","surface":"dirt","sc":"unpaved","speed":null,"lit":"unk","km":0.064}},
{"type":"Feature","geometry":{"type":"LineString","coordinates":[[-13.0806,8.27811],[-13.08068,8.27811],[-13.0808,8.27812],[-13.0809,8.27812],[-13.08099,8.27814],[-13.08108,8.27817],[-13.08115,8.27819],[-13.0812,8.27824]]},"properties":{"id":298884583,"cls":"service","hw":"service","tg":"na","name":"","ref":"","surface":"","sc":"unknown","speed":null,"lit":"unk","km":0.069}},
{"type":"Feature","geometry":{"type":"LineString","coordinates":[[-13.07761,8.31414],[-13.07765,8.31312],[-13.07763,8.31284],[-13.07739,8.31199],[-13.07735,8.31189],[-13.07719,8.31149],[-13.07704,8.311]]},"properties":{"id":298884588,"cls":"service","hw":"service","tg":"na","name":"","ref":"","surface":"","sc":"unknown","speed":null,"lit":"unk","km":0.36}},
{"type":"Feature","geometry":{"type":"LineString","coordinates":[[-13.09441,8.39322],[-13.09427,8.39309],[-13.09395,8.39284],[-13.09374,8.39269]]},"properties":{"id":298900914,"cls":"service","hw":"service","tg":"na","name":"","ref":"","surface":"","sc":"unknown","speed":null,"lit":"unk","km":0.094}},
{"type":"Feature","geometry":{"type":"LineString","coordinates":[[-13.07802,8.31415],[-13.07794,8.3144],[-13.0779,8.31467],[-13.07791,8.31496],[-13.07787,8.31519],[-13.07782,8.31526],[-13.07771,8.31538]]},"properties":{"id":298905030,"cls":"service","hw":"service","tg":"na","name":"","ref":"","surface":"","sc":"unknown","speed":null,"lit":"unk","km":0.145}},
{"type":"Feature","geometry":{"type":"LineString","coordinates":[[-13.07869,8.30887],[-13.07852,8.30893],[-13.07817,8.30902],[-13.07819,8.30941],[-13.07819,8.30981],[-13.07819,8.30995],[-13.07822,8.31007],[-13.07827,8.31017],[-13.07834,8.31024],[-13.07861,8.31034]]},"properties":{"id":298905031,"cls":"service","hw":"service","tg":"na","name":"","ref":"","surface":"","sc":"unknown","speed":null,"lit":"unk","km":0.232}},
{"type":"Feature","geometry":{"type":"LineString","coordinates":[[-13.24629,8.48806],[-13.2463,8.48818],[-13.24631,8.48837],[-13.24632,8.48872]]},"properties":{"id":299002492,"cls":"service","hw":"service","tg":"na","name":"","ref":"","surface":"unpaved","sc":"unpaved","speed":null,"lit":"unk","km":0.073}},
{"type":"Feature","geometry":{"type":"LineString","coordinates":[[-13.11686,8.39846],[-13.1165,8.39862],[-13.11643,8.39865]]},"properties":{"id":299017956,"cls":"service","hw":"service","tg":"na","name":"","ref":"","surface":"unpaved","sc":"unpaved","speed":null,"lit":"unk","km":0.052}},
{"type":"Feature","geometry":{"type":"LineString","coordinates":[[-13.11515,8.40261],[-13.11496,8.40288],[-13.11492,8.40297]]},"properties":{"id":299017973,"cls":"service","hw":"service","tg":"na","name":"","ref":"","surface":"unpaved","sc":"unpaved","speed":null,"lit":"unk","km":0.048}},
{"type":"Feature","geometry":{"type":"LineString","coordinates":[[-13.11842,8.39765],[-13.11825,8.39791],[-13.1181,8.39803]]},"properties":{"id":299017975,"cls":"service","hw":"service","tg":"na","name":"","ref":"","surface":"unpaved","sc":"unpaved","speed":null,"lit":"unk","km":0.056}},
{"type":"Feature","geometry":{"type":"LineString","coordinates":[[-13.11717,8.39793],[-13.11689,8.39818],[-13.11672,8.39831]]},"properties":{"id":299017978,"cls":"service","hw":"service","tg":"na","name":"","ref":"","surface":"unpaved","sc":"unpaved","speed":null,"lit":"unk","km":0.065}},
{"type":"Feature","geometry":{"type":"LineString","coordinates":[[-13.11516,8.39929],[-13.11538,8.39927],[-13.11572,8.39919],[-13.11595,8.39921],[-13.11602,8.39919],[-13.11623,8.39903],[-13.11636,8.3988]]},"properties":{"id":299018027,"cls":"service","hw":"service","tg":"na","name":"","ref":"","surface":"unpaved","sc":"unpaved","speed":null,"lit":"unk","km":0.155}},
{"type":"Feature","geometry":{"type":"LineString","coordinates":[[-13.24943,8.48805],[-13.24944,8.48811],[-13.24941,8.48829],[-13.24932,8.48839],[-13.24925,8.48854],[-13.24919,8.4887],[-13.24919,8.48888]]},"properties":{"id":299019754,"cls":"service","hw":"service","tg":"na","name":"","ref":"","surface":"unpaved","sc":"unpaved","speed":null,"lit":"unk","km":0.099}},
{"type":"Feature","geometry":{"type":"LineString","coordinates":[[-13.24742,8.48425],[-13.24739,8.48392]]},"properties":{"id":299019755,"cls":"service","hw":"service","tg":"na","name":"","ref":"","surface":"paved","sc":"paved","speed":null,"lit":"unk","km":0.037}},
{"type":"Feature","geometry":{"type":"LineString","coordinates":[[-13.24627,8.48342],[-13.2467,8.48342],[-13.24688,8.48341]]},"properties":{"id":299019756,"cls":"service","hw":"service","tg":"na","name":"","ref":"","surface":"","sc":"unknown","speed":null,"lit":"unk","km":0.067}},
{"type":"Feature","geometry":{"type":"LineString","coordinates":[[-13.24626,8.4837],[-13.24613,8.4837],[-13.24596,8.48372],[-13.24582,8.48374],[-13.24566,8.48375],[-13.2456,8.48374]]},"properties":{"id":299019757,"cls":"service","hw":"service","tg":"na","name":"","ref":"","surface":"unpaved","sc":"unpaved","speed":null,"lit":"unk","km":0.073}},
{"type":"Feature","geometry":{"type":"LineString","coordinates":[[-13.10355,8.38843],[-13.10326,8.38861],[-13.10301,8.38874],[-13.10261,8.38884],[-13.10254,8.38886]]},"properties":{"id":299028810,"cls":"service","hw":"service","tg":"na","name":"Nonneh Umu Drive","ref":"","surface":"unpaved","sc":"unpaved","speed":null,"lit":"unk","km":0.122}},
{"type":"Feature","geometry":{"type":"LineString","coordinates":[[-13.10054,8.38606],[-13.10054,8.38618],[-13.10048,8.38632]]},"properties":{"id":299028812,"cls":"service","hw":"service","tg":"na","name":"","ref":"","surface":"unpaved","sc":"unpaved","speed":null,"lit":"unk","km":0.03}},
{"type":"Feature","geometry":{"type":"LineString","coordinates":[[-13.09651,8.38799],[-13.09648,8.38779],[-13.09648,8.38771],[-13.09648,8.38758]]},"properties":{"id":299028818,"cls":"service","hw":"service","tg":"na","name":"","ref":"","surface":"unpaved","sc":"unpaved","speed":null,"lit":"unk","km":0.046}},
{"type":"Feature","geometry":{"type":"LineString","coordinates":[[-13.10745,8.38557],[-13.1075,8.38551],[-13.10751,8.38545],[-13.10743,8.38524],[-13.10723,8.38495]]},"properties":{"id":299028833,"cls":"service","hw":"service","tg":"na","name":"","ref":"","surface":"unpaved","sc":"unpaved","speed":null,"lit":"unk","km":0.079}},
{"type":"Feature","geometry":{"type":"LineString","coordinates":[[-13.11427,8.40294],[-13.11375,8.40331]]},"properties":{"id":299035509,"cls":"service","hw":"service","tg":"na","name":"","ref":"","surface":"unpaved","sc":"unpaved","speed":null,"lit":"unk","km":0.07}},
{"type":"Feature","geometry":{"type":"LineString","coordinates":[[-13.11444,8.40282],[-13.11427,8.40294]]},"properties":{"id":299035511,"cls":"service","hw":"service","tg":"na","name":"","ref":"","surface":"unpaved","sc":"unpaved","speed":null,"lit":"unk","km":0.023}},
{"type":"Feature","geometry":{"type":"LineString","coordinates":[[-13.10742,8.38308],[-13.10704,8.3837]]},"properties":{"id":299035513,"cls":"service","hw":"service","tg":"na","name":"","ref":"","surface":"unpaved","sc":"unpaved","speed":null,"lit":"unk","km":0.081}},
{"type":"Feature","geometry":{"type":"LineString","coordinates":[[-13.11457,8.40304],[-13.11439,8.40308],[-13.11427,8.40308]]},"properties":{"id":299035516,"cls":"service","hw":"service","tg":"na","name":"","ref":"","surface":"unpaved","sc":"unpaved","speed":null,"lit":"unk","km":0.033}},
{"type":"Feature","geometry":{"type":"LineString","coordinates":[[-13.09819,8.38568],[-13.09814,8.3859],[-13.09841,8.38621]]},"properties":{"id":299035520,"cls":"service","hw":"service","tg":"na","name":"","ref":"","surface":"unpaved","sc":"unpaved","speed":null,"lit":"unk","km":0.071}},
{"type":"Feature","geometry":{"type":"LineString","coordinates":[[-13.10606,8.37969],[-13.10572,8.3795]]},"properties":{"id":299044341,"cls":"service","hw":"service","tg":"na","name":"","ref":"","surface":"unpaved","sc":"unpaved","speed":null,"lit":"unk","km":0.043}},
{"type":"Feature","geometry":{"type":"LineString","coordinates":[[-13.08727,8.2598],[-13.08715,8.25977],[-13.08702,8.25978],[-13.08691,8.25979],[-13.08683,8.25976],[-13.08669,8.25975],[-13.08666,8.25974],[-13.08656,8.25967],[-13.08648,8.25963],[-13.08641,8.25963],[-13.08619,8.25955],[-13.08613,8.25954],[-13.08603,8.25956],[-13.08596,8.25953],[-13.08586,8.25948],[-13.08574,8.25942],[-13.08554,8.2593],[-13.08538,8.25921]]},"properties":{"id":299050278,"cls":"service","hw":"service","tg":"na","name":"","ref":"","surface":"unpaved","sc":"unpaved","speed":null,"lit":"unk","km":0.225}},
{"type":"Feature","geometry":{"type":"LineString","coordinates":[[-13.24641,8.48013],[-13.2461,8.48013],[-13.24597,8.48013],[-13.24581,8.48013]]},"properties":{"id":299101432,"cls":"service","hw":"service","tg":"na","name":"Barlatt Street","ref":"","surface":"unpaved","sc":"unpaved","speed":null,"lit":"unk","km":0.066}},
{"type":"Feature","geometry":{"type":"LineString","coordinates":[[-13.24425,8.48275],[-13.2444,8.48276],[-13.24453,8.48278],[-13.24467,8.48281],[-13.24477,8.48283]]},"properties":{"id":299102233,"cls":"service","hw":"service","tg":"na","name":"Hardwick Street","ref":"","surface":"unpaved","sc":"unpaved","speed":null,"lit":"unk","km":0.058}},
{"type":"Feature","geometry":{"type":"LineString","coordinates":[[-13.21933,8.47754],[-13.21942,8.47758],[-13.21946,8.47766],[-13.21949,8.47772],[-13.21956,8.47777],[-13.21965,8.47784],[-13.21978,8.47791],[-13.21998,8.47799],[-13.22019,8.47814]]},"properties":{"id":299120906,"cls":"service","hw":"service","tg":"na","name":"","ref":"","surface":"asphalt","sc":"paved","speed":null,"lit":"unk","km":0.119}},
{"type":"Feature","geometry":{"type":"LineString","coordinates":[[-13.22069,8.47748],[-13.22049,8.47757],[-13.22028,8.47775],[-13.22021,8.47792],[-13.22021,8.47805],[-13.22019,8.47814]]},"properties":{"id":299120907,"cls":"service","hw":"service","tg":"na","name":"","ref":"","surface":"asphalt","sc":"paved","speed":null,"lit":"unk","km":0.1}},
{"type":"Feature","geometry":{"type":"LineString","coordinates":[[-13.10501,8.37309],[-13.10492,8.3728],[-13.10453,8.37262]]},"properties":{"id":299166359,"cls":"service","hw":"service","tg":"na","name":"","ref":"","surface":"","sc":"unknown","speed":null,"lit":"unk","km":0.081}},
{"type":"Feature","geometry":{"type":"LineString","coordinates":[[-13.23213,8.48369],[-13.23212,8.48377],[-13.23209,8.48386],[-13.23201,8.48398],[-13.23191,8.48422],[-13.23191,8.4843],[-13.23198,8.48439]]},"properties":{"id":299190128,"cls":"service","hw":"service","tg":"na","name":"","ref":"","surface":"","sc":"unknown","speed":null,"lit":"unk","km":0.086}},
{"type":"Feature","geometry":{"type":"LineString","coordinates":[[-13.23263,8.48482],[-13.23198,8.48439]]},"properties":{"id":299190129,"cls":"service","hw":"service","tg":"na","name":"","ref":"","surface":"","sc":"unknown","speed":null,"lit":"unk","km":0.086}},
{"type":"Feature","geometry":{"type":"LineString","coordinates":[[-13.23209,8.48339],[-13.23211,8.48348],[-13.23212,8.48358],[-13.23213,8.48369]]},"properties":{"id":299190131,"cls":"service","hw":"service","tg":"na","name":"","ref":"","surface":"","sc":"unknown","speed":null,"lit":"unk","km":0.034}},
{"type":"Feature","geometry":{"type":"LineString","coordinates":[[-13.23048,8.48016],[-13.23047,8.48011],[-13.23045,8.48],[-13.23041,8.47988],[-13.23033,8.47978],[-13.2305,8.47934]]},"properties":{"id":299190132,"cls":"service","hw":"service","tg":"na","name":"","ref":"","surface":"","sc":"unknown","speed":null,"lit":"unk","km":0.099}},
{"type":"Feature","geometry":{"type":"LineString","coordinates":[[-13.23409,8.48324],[-13.23416,8.48289],[-13.23425,8.48272],[-13.23439,8.48237]]},"properties":{"id":299190135,"cls":"service","hw":"service","tg":"na","name":"","ref":"","surface":"","sc":"unknown","speed":null,"lit":"unk","km":0.103}},
{"type":"Feature","geometry":{"type":"LineString","coordinates":[[-13.23409,8.48324],[-13.23405,8.48334],[-13.23401,8.48348],[-13.234,8.48356],[-13.23398,8.48373],[-13.23391,8.48389],[-13.23385,8.48404],[-13.23379,8.48423],[-13.23364,8.48449],[-13.23361,8.4846],[-13.23351,8.48477],[-13.23342,8.48494],[-13.23333,8.48518],[-13.23326,8.48531]]},"properties":{"id":299190137,"cls":"service","hw":"service","tg":"na","name":"","ref":"","surface":"","sc":"unknown","speed":null,"lit":"unk","km":0.25}},
{"type":"Feature","geometry":{"type":"LineString","coordinates":[[-13.23084,8.48257],[-13.23098,8.48258],[-13.23104,8.4826],[-13.23108,8.48264],[-13.23112,8.48272],[-13.23111,8.48304],[-13.23111,8.48312],[-13.23114,8.48317],[-13.2312,8.48322],[-13.23124,8.48326]]},"properties":{"id":299190140,"cls":"service","hw":"service","tg":"na","name":"","ref":"","surface":"","sc":"unknown","speed":null,"lit":"unk","km":0.104}},
{"type":"Feature","geometry":{"type":"LineString","coordinates":[[-13.21895,8.43412],[-13.21827,8.4335]]},"properties":{"id":299213637,"cls":"service","hw":"service","tg":"na","name":"","ref":"","surface":"","sc":"unknown","speed":null,"lit":"unk","km":0.102}},
{"type":"Feature","geometry":{"type":"LineString","coordinates":[[-13.21909,8.43423],[-13.21895,8.43412]]},"properties":{"id":299213649,"cls":"service","hw":"service","tg":"na","name":"","ref":"","surface":"","sc":"unknown","speed":null,"lit":"unk","km":0.02}},
{"type":"Feature","geometry":{"type":"LineString","coordinates":[[-13.19929,8.4278],[-13.19905,8.42786],[-13.19856,8.42781],[-13.19833,8.42775],[-13.19816,8.42764],[-13.19799,8.42759],[-13.19777,8.42754],[-13.19748,8.42735],[-13.19737,8.42718],[-13.19733,8.42698],[-13.19738,8.42679],[-13.19753,8.42651],[-13.19768,8.42635],[-13.1977,8.42625],[-13.19765,8.426],[-13.19749,8.42563],[-13.19733,8.42544],[-13.19733,8.42531],[-13.19756,8.42512]]},"properties":{"id":299254998,"cls":"service","hw":"service","tg":"na","name":"","ref":"","surface":"unpaved","sc":"unpaved","speed":null,"lit":"unk","km":0.498}},
{"type":"Feature","geometry":{"type":"LineString","coordinates":[[-13.1977,8.42625],[-13.1976,8.42619],[-13.19736,8.42574],[-13.19723,8.42558],[-13.19714,8.42554],[-13.19709,8.42558],[-13.19712,8.42566],[-13.19722,8.42588],[-13.1972,8.42604],[-13.19715,8.4261],[-13.19703,8.42614],[-13.1969,8.42627],[-13.1968,8.42634],[-13.19673,8.42631],[-13.19673,8.42625],[-13.19684,8.42611],[-13.19694,8.42597],[-13.19692,8.42586],[-13.19686,8.42583],[-13.19678,8.42587],[-13.19667,8.426],[-13.19654,8.42608],[-13.19645,8.42626],[-13.19626,8.42657],[-13.19597,8.4267],[-13.19583,8.4267],[-13.19571,8.42648],[-13.19557,8.42636],[-13.1953,8.42618]]},"properties":{"id":299255026,"cls":"service","hw":"service","tg":"na","name":"Bathurst Hydro Electrica","ref":"","surface":"unpaved","sc":"unpaved","speed":null,"lit":"unk","km":0.537}},
{"type":"Feature","geometry":{"type":"LineString","coordinates":[[-13.18634,8.41483],[-13.18604,8.41491],[-13.18547,8.41514]]},"properties":{"id":299257043,"cls":"service","hw":"service","tg":"na","name":"","ref":"","surface":"","sc":"unknown","speed":null,"lit":"unk","km":0.102}},
{"type":"Feature","geometry":{"type":"LineString","coordinates":[[-13.22523,8.44649],[-13.22527,8.44657],[-13.22537,8.44672]]},"properties":{"id":299261521,"cls":"service","hw":"service","tg":"na","name":"","ref":"","surface":"paved","sc":"paved","speed":null,"lit":"unk","km":0.03}},
{"type":"Feature","geometry":{"type":"LineString","coordinates":[[-13.12884,8.38833],[-13.12902,8.38833],[-13.12973,8.38798],[-13.12995,8.38774]]},"properties":{"id":299314726,"cls":"service","hw":"service","tg":"na","name":"","ref":"","surface":"","sc":"unknown","speed":null,"lit":"unk","km":0.143}},
{"type":"Feature","geometry":{"type":"LineString","coordinates":[[-13.13343,8.39083],[-13.13323,8.39101],[-13.13304,8.39121]]},"properties":{"id":299314758,"cls":"service","hw":"service","tg":"na","name":"","ref":"","surface":"","sc":"unknown","speed":null,"lit":"unk","km":0.06}},
{"type":"Feature","geometry":{"type":"LineString","coordinates":[[-13.26135,8.48736],[-13.26085,8.48751]]},"properties":{"id":299336135,"cls":"service","hw":"service","tg":"na","name":"","ref":"","surface":"","sc":"unknown","speed":null,"lit":"unk","km":0.057}},
{"type":"Feature","geometry":{"type":"LineString","coordinates":[[-13.27308,8.47705],[-13.27272,8.47682]]},"properties":{"id":299336143,"cls":"service","hw":"service","tg":"na","name":"","ref":"","surface":"","sc":"unknown","speed":null,"lit":"unk","km":0.047}},
{"type":"Feature","geometry":{"type":"LineString","coordinates":[[-13.0763,8.31059],[-13.07618,8.31048],[-13.07604,8.31038]]},"properties":{"id":299410766,"cls":"service","hw":"service","tg":"na","name":"","ref":"","surface":"","sc":"unknown","speed":null,"lit":"unk","km":0.037}},
{"type":"Feature","geometry":{"type":"LineString","coordinates":[[-13.16409,8.43755],[-13.16404,8.43746],[-13.16399,8.43738],[-13.16387,8.43731],[-13.16378,8.43731],[-13.16369,8.43732],[-13.16264,8.43795],[-13.16258,8.43799]]},"properties":{"id":299439902,"cls":"service","hw":"service","tg":"na","name":"","ref":"","surface":"paved","sc":"paved","speed":null,"lit":"unk","km":0.2}},
{"type":"Feature","geometry":{"type":"LineString","coordinates":[[-13.18842,8.45405],[-13.18814,8.45439],[-13.18802,8.45453],[-13.18795,8.45454],[-13.18787,8.45454],[-13.18781,8.45451],[-13.18777,8.45445],[-13.18773,8.45437],[-13.1877,8.45432],[-13.18768,8.4543],[-13.18765,8.45428],[-13.18763,8.45428],[-13.1876,8.45429],[-13.18752,8.45433],[-13.18744,8.45439],[-13.18734,8.45449],[-13.18727,8.45458],[-13.18708,8.45496],[-13.18697,8.45516],[-13.18685,8.45533],[-13.18677,8.45541],[-13.18674,8.45553],[-13.18669,8.4556],[-13.18663,8.45565],[-13.18639,8.45595],[-13.18633,8.45624],[-13.18629,8.45633],[-13.18627,8.45642],[-13.1862,8.45656],[-13.18617,8.45661],[-13.18613,8.45665],[-13.18607,8.45679],[-13.18567,8.45708]]},"properties":{"id":299450610,"cls":"service","hw":"service","tg":"na","name":"","ref":"","surface":"","sc":"unknown","speed":null,"lit":"unk","km":0.518}},
{"type":"Feature","geometry":{"type":"LineString","coordinates":[[-13.18392,8.45646],[-13.18396,8.45644],[-13.18401,8.45641],[-13.18403,8.45641],[-13.1841,8.45638],[-13.18434,8.45621],[-13.18445,8.45607],[-13.18466,8.4559]]},"properties":{"id":299450611,"cls":"service","hw":"service","tg":"na","name":"JALLH TERRACE","ref":"","surface":"","sc":"unknown","speed":null,"lit":"unk","km":0.104}},
{"type":"Feature","geometry":{"type":"LineString","coordinates":[[-11.09495,8.61128],[-11.09388,8.61119],[-11.09381,8.61115],[-11.09372,8.61114],[-11.09357,8.61109],[-11.09321,8.61095],[-11.09311,8.61088],[-11.09303,8.61089],[-11.0929,8.61077],[-11.09236,8.61045],[-11.0922,8.61037],[-11.09211,8.61032],[-11.09206,8.61025],[-11.09199,8.61023],[-11.09192,8.61021],[-11.09161,8.60999],[-11.09109,8.60972],[-11.09101,8.60971],[-11.09093,8.60964],[-11.09032,8.6093],[-11.08949,8.60888],[-11.08912,8.6086],[-11.08905,8.6085],[-11.089,8.60844],[-11.08894,8.60832]]},"properties":{"id":299559543,"cls":"service","hw":"service","tg":"na","name":"","ref":"","surface":"","sc":"unknown","speed":null,"lit":"unk","km":0.759}},
{"type":"Feature","geometry":{"type":"LineString","coordinates":[[-11.08779,8.40639],[-11.08732,8.40661]]},"properties":{"id":299566017,"cls":"service","hw":"service","tg":"na","name":"","ref":"","surface":"","sc":"unknown","speed":null,"lit":"unk","km":0.057}},
{"type":"Feature","geometry":{"type":"LineString","coordinates":[[-13.16218,8.43899],[-13.16246,8.43876]]},"properties":{"id":299745196,"cls":"service","hw":"service","tg":"na","name":"","ref":"","surface":"unpaved","sc":"unpaved","speed":null,"lit":"unk","km":0.04}},
{"type":"Feature","geometry":{"type":"LineString","coordinates":[[-13.16207,8.4388],[-13.16181,8.43893],[-13.16165,8.43904]]},"properties":{"id":299745197,"cls":"service","hw":"service","tg":"na","name":"","ref":"","surface":"unpaved","sc":"unpaved","speed":null,"lit":"unk","km":0.053}},
{"type":"Feature","geometry":{"type":"LineString","coordinates":[[-13.16534,8.40012],[-13.16496,8.39966],[-13.16462,8.39918]]},"properties":{"id":299943406,"cls":"service","hw":"service","tg":"na","name":"","ref":"","surface":"","sc":"unknown","speed":null,"lit":"unk","km":0.131}},
{"type":"Feature","geometry":{"type":"LineString","coordinates":[[-13.23691,8.48973],[-13.23676,8.48951]]},"properties":{"id":300066448,"cls":"service","hw":"service","tg":"na","name":"","ref":"","surface":"unpaved","sc":"unpaved","speed":null,"lit":"unk","km":0.03}},
{"type":"Feature","geometry":{"type":"LineString","coordinates":[[-13.23505,8.49107],[-13.23507,8.49098],[-13.2351,8.49086],[-13.23513,8.4908],[-13.23509,8.49075]]},"properties":{"id":300066450,"cls":"service","hw":"service","tg":"na","name":"","ref":"","surface":"","sc":"unknown","speed":null,"lit":"unk","km":0.039}},
{"type":"Feature","geometry":{"type":"LineString","coordinates":[[-13.23621,8.4901],[-13.23613,8.49001]]},"properties":{"id":300066451,"cls":"service","hw":"service","tg":"na","name":"","ref":"","surface":"","sc":"unknown","speed":null,"lit":"unk","km":0.013}},
{"type":"Feature","geometry":{"type":"LineString","coordinates":[[-13.23529,8.4914],[-13.23533,8.49141],[-13.23538,8.49138],[-13.23561,8.49126],[-13.23579,8.49108],[-13.23598,8.49087]]},"properties":{"id":300066452,"cls":"service","hw":"service","tg":"na","name":"","ref":"","surface":"","sc":"unknown","speed":null,"lit":"unk","km":0.099}},
{"type":"Feature","geometry":{"type":"LineString","coordinates":[[-13.23573,8.49052],[-13.23621,8.4901],[-13.23625,8.4901],[-13.23628,8.49012],[-13.23634,8.49013],[-13.23691,8.48973],[-13.23721,8.48951],[-13.23727,8.48945],[-13.23726,8.48939],[-13.23715,8.48924]]},"properties":{"id":300066453,"cls":"service","hw":"service","tg":"na","name":"","ref":"","surface":"unpaved","sc":"unpaved","speed":null,"lit":"unk","km":0.24}},
{"type":"Feature","geometry":{"type":"LineString","coordinates":[[-13.21578,8.48474],[-13.21618,8.48497]]},"properties":{"id":300068835,"cls":"service","hw":"service","tg":"na","name":"","ref":"","surface":"","sc":"unknown","speed":null,"lit":"unk","km":0.051}},
{"type":"Feature","geometry":{"type":"LineString","coordinates":[[-13.21578,8.48322],[-13.21559,8.48315],[-13.21523,8.48299]]},"properties":{"id":300068836,"cls":"service","hw":"service","tg":"na","name":"","ref":"","surface":"","sc":"unknown","speed":null,"lit":"unk","km":0.066}},
{"type":"Feature","geometry":{"type":"LineString","coordinates":[[-13.21559,8.48315],[-13.21551,8.48339],[-13.21547,8.48353],[-13.21547,8.48363],[-13.21548,8.48379],[-13.21548,8.48389],[-13.21545,8.48405],[-13.21541,8.48419]]},"properties":{"id":300068839,"cls":"service","hw":"service","tg":"na","name":"","ref":"","surface":"","sc":"unknown","speed":null,"lit":"unk","km":0.119}},
{"type":"Feature","geometry":{"type":"LineString","coordinates":[[-13.19363,8.47265],[-13.19353,8.47274],[-13.19328,8.4731],[-13.1931,8.47327],[-13.19303,8.47337],[-13.19288,8.47361]]},"properties":{"id":300071580,"cls":"service","hw":"service","tg":"na","name":"","ref":"","surface":"","sc":"unknown","speed":null,"lit":"unk","km":0.136}},
{"type":"Feature","geometry":{"type":"LineString","coordinates":[[-13.00384,8.337],[-13.00299,8.33647],[-13.00291,8.33655],[-13.00241,8.3371],[-13.00238,8.33713],[-13.00274,8.33752]]},"properties":{"id":300116842,"cls":"service","hw":"service","tg":"na","name":"","ref":"","surface":"dirt","sc":"unpaved","speed":null,"lit":"unk","km":0.269}},
{"type":"Feature","geometry":{"type":"LineString","coordinates":[[-11.99819,8.78065],[-11.99776,8.78179],[-11.99749,8.78257],[-11.99727,8.78294],[-11.99694,8.78341],[-11.99682,8.78358],[-11.99668,8.78386],[-11.99652,8.78437],[-11.99593,8.78524],[-11.99468,8.78658],[-11.99427,8.7872],[-11.99402,8.78767],[-11.99388,8.7878],[-11.99372,8.78784],[-11.99352,8.78785],[-11.99326,8.78786],[-11.99287,8.78773],[-11.99215,8.78716],[-11.99107,8.78614]]},"properties":{"id":300209124,"cls":"service","hw":"service","tg":"na","name":"","ref":"","surface":"","sc":"unknown","speed":null,"lit":"unk","km":1.317}},
{"type":"Feature","geometry":{"type":"LineString","coordinates":[[-13.15747,8.43537],[-13.15785,8.43518]]},"properties":{"id":300330381,"cls":"service","hw":"service","tg":"na","name":"","ref":"","surface":"unpaved","sc":"unpaved","speed":null,"lit":"unk","km":0.047}},
{"type":"Feature","geometry":{"type":"LineString","coordinates":[[-13.18468,8.46732],[-13.18431,8.467],[-13.18413,8.46678],[-13.18419,8.46656],[-13.18411,8.46641],[-13.1841,8.46626]]},"properties":{"id":300568167,"cls":"service","hw":"service","tg":"na","name":"","ref":"","surface":"unpaved","sc":"unpaved","speed":null,"lit":"unk","km":0.146}},
{"type":"Feature","geometry":{"type":"LineString","coordinates":[[-13.07119,8.3291],[-13.07112,8.32918],[-13.07103,8.32924]]},"properties":{"id":301067731,"cls":"service","hw":"service","tg":"na","name":"","ref":"","surface":"","sc":"unknown","speed":null,"lit":"unk","km":0.024}},
{"type":"Feature","geometry":{"type":"LineString","coordinates":[[-13.07086,8.32873],[-13.07097,8.32881],[-13.07105,8.329],[-13.07119,8.3291],[-13.07133,8.32898],[-13.07126,8.32888],[-13.07113,8.32878],[-13.07106,8.32877],[-13.07097,8.32881]]},"properties":{"id":301067734,"cls":"service","hw":"service","tg":"na","name":"","ref":"","surface":"","sc":"unknown","speed":null,"lit":"unk","km":0.128}},
{"type":"Feature","geometry":{"type":"LineString","coordinates":[[-11.70462,8.99754],[-11.70422,8.99722],[-11.70298,8.99626],[-11.70209,8.99548],[-11.70147,8.99487],[-11.70111,8.99423],[-11.70115,8.99379],[-11.70169,8.99132],[-11.70249,8.9891],[-11.70264,8.98842],[-11.70265,8.98781],[-11.70257,8.98749],[-11.70237,8.98738]]},"properties":{"id":302319432,"cls":"service","hw":"service","tg":"na","name":"","ref":"","surface":"","sc":"unknown","speed":null,"lit":"unk","km":1.337}},
{"type":"Feature","geometry":{"type":"LineString","coordinates":[[-11.70237,8.98738],[-11.70213,8.98737]]},"properties":{"id":302319437,"cls":"service","hw":"service","tg":"na","name":"","ref":"","surface":"","sc":"unknown","speed":null,"lit":"unk","km":0.026}},
{"type":"Feature","geometry":{"type":"LineString","coordinates":[[-11.70542,8.98505],[-11.70469,8.985]]},"properties":{"id":302319438,"cls":"service","hw":"service","tg":"na","name":"","ref":"","surface":"","sc":"unknown","speed":null,"lit":"unk","km":0.08}},
{"type":"Feature","geometry":{"type":"LineString","coordinates":[[-11.68465,8.98429],[-11.68483,8.98403],[-11.68519,8.98389],[-11.68532,8.98358],[-11.68557,8.98336],[-11.68685,8.98309],[-11.68745,8.9828],[-11.68798,8.98126],[-11.68898,8.97977],[-11.68975,8.97925],[-11.69013,8.97907],[-11.69044,8.97876],[-11.69058,8.97846],[-11.69067,8.97771],[-11.69088,8.97687],[-11.6912,8.97609],[-11.69146,8.97504],[-11.69158,8.97379],[-11.69192,8.97258],[-11.69214,8.97185],[-11.69232,8.97082],[-11.69247,8.97033],[-11.69271,8.96994],[-11.69319,8.96955],[-11.6934,8.96901],[-11.69342,8.96873],[-11.69332,8.96847],[-11.69308,8.96809],[-11.69286,8.96798],[-11.69263,8.96805],[-11.69217,8.96831],[-11.69181,8.96867],[-11.6913,8.96953],[-11.69006,8.97126],[-11.68963,8.97249],[-11.68929,8.97329],[-11.68662,8.97705]]},"properties":{"id":302319440,"cls":"service","hw":"service","tg":"na","name":"","ref":"","surface":"","sc":"unknown","speed":null,"lit":"unk","km":3.475}},
{"type":"Feature","geometry":{"type":"LineString","coordinates":[[-11.70213,8.98737],[-11.7013,8.98756],[-11.70049,8.98809],[-11.69948,8.9885],[-11.69865,8.98818],[-11.6977,8.98761],[-11.69615,8.98726],[-11.69428,8.98711],[-11.69349,8.98711],[-11.69309,8.98727],[-11.693,8.98762],[-11.6931,8.98839],[-11.69304,8.98873],[-11.69279,8.9891],[-11.69218,8.98949],[-11.692,8.98982],[-11.6915,8.99151],[-11.69094,8.99218],[-11.68992,8.99322],[-11.68967,8.99367],[-11.68947,8.99403],[-11.68918,8.99408],[-11.68885,8.99381],[-11.68851,8.99318],[-11.68832,8.99291],[-11.68814,8.99225],[-11.68802,8.99175],[-11.68808,8.99085],[-11.68829,8.9889],[-11.68825,8.98739],[-11.68812,8.98644],[-11.68769,8.98584],[-11.68708,8.9854],[-11.68672,8.98523],[-11.68588,8.98483],[-11.68486,8.9844],[-11.68465,8.98429],[-11.68442,8.98417],[-11.68373,8.98362],[-11.68359,8.98344],[-11.68369,8.98308],[-11.68446,8.9824],[-11.68539,8.98207],[-11.6856,8.98189],[-11.68536,8.98162],[-11.68407,8.98204],[-11.68227,8.98258],[-11.68141,8.98311],[-11.681,8.98326],[-11.68059,8.98314],[-11.68036,8.98289],[-11.68051,8.98261],[-11.68094,8.98256],[-11.68128,8.98245],[-11.68116,8.98213],[-11.68112,8.98185],[-11.68172,8.98087],[-11.68238,8.98031],[-11.68377,8.97998],[-11.68473,8.97997]]},"properties":{"id":302319444,"cls":"service","hw":"service","tg":"na","name":"","ref":"","surface":"","sc":"unknown","speed":null,"lit":"unk","km":5.089}},
{"type":"Feature","geometry":{"type":"LineString","coordinates":[[-11.70818,8.9851],[-11.70799,8.98499],[-11.70722,8.98486],[-11.70661,8.98484],[-11.70635,8.98494],[-11.70612,8.98503],[-11.70542,8.98505]]},"properties":{"id":302319445,"cls":"service","hw":"service","tg":"na","name":"","ref":"","surface":"","sc":"unknown","speed":null,"lit":"unk","km":0.312}},
{"type":"Feature","geometry":{"type":"LineString","coordinates":[[-11.70469,8.985],[-11.70288,8.98489],[-11.70185,8.98494],[-11.70154,8.98479],[-11.7014,8.98445],[-11.70145,8.98398],[-11.70141,8.9836],[-11.70167,8.98319],[-11.70232,8.98264],[-11.70308,8.98193],[-11.70304,8.98163],[-11.70279,8.98135],[-11.70269,8.98108],[-11.70281,8.98073],[-11.70302,8.98049],[-11.70332,8.98042],[-11.70375,8.98046],[-11.70423,8.98016],[-11.70436,8.97983],[-11.70436,8.97938],[-11.70409,8.9781],[-11.70413,8.97651],[-11.70429,8.97611],[-11.70447,8.97595],[-11.70484,8.97589],[-11.70618,8.976],[-11.70666,8.97586],[-11.70693,8.97549],[-11.7075,8.97372],[-11.7079,8.97252],[-11.708,8.9721],[-11.70825,8.97083],[-11.70856,8.96949],[-11.70892,8.9684],[-11.70947,8.96788],[-11.70994,8.96724],[-11.71,8.96657],[-11.70995,8.9658],[-11.70983,8.96389],[-11.70955,8.96319],[-11.70917,8.96259],[-11.70851,8.96205],[-11.70676,8.96095],[-11.70622,8.96018],[-11.70629,8.9595],[-11.70643,8.95894],[-11.7064,8.95844],[-11.70596,8.95756],[-11.7047,8.95681],[-11.70411,8.956],[-11.70358,8.95535],[-11.70266,8.95488],[-11.70158,8.95465],[-11.7009,8.95449],[-11.70056,8.95428],[-11.70015,8.9539],[-11.69983,8.95344],[-11.69972,8.95296],[-11.69974,8.9523],[-11.69951,8.95185],[-11.69909,8.95154],[-11.69859,8.95136],[-11.6982,8.95144],[-11.69814,8.95168],[-11.69826,8.95191],[-11.69852,8.95204],[-11.69877,8.95207]]},"properties":{"id":302319447,"cls":"service","hw":"service","tg":"na","name":"","ref":"","surface":"","sc":"unknown","speed":null,"lit":"unk","km":5.419}},
{"type":"Feature","geometry":{"type":"LineString","coordinates":[[-11.70249,8.9891],[-11.70439,8.98949],[-11.70539,8.98959],[-11.70629,8.98927],[-11.70722,8.98807],[-11.70783,8.98741],[-11.70814,8.98697],[-11.70818,8.98638],[-11.70814,8.98585],[-11.70811,8.98531],[-11.70818,8.9851],[-11.70871,8.98494],[-11.7095,8.98487],[-11.71006,8.98474],[-11.71038,8.98453],[-11.71062,8.98389],[-11.71065,8.98266],[-11.71066,8.9824],[-11.71081,8.98179],[-11.71081,8.98111],[-11.71085,8.98102],[-11.71103,8.98092],[-11.71167,8.9809],[-11.71224,8.98098],[-11.71251,8.9809],[-11.71292,8.98088],[-11.71325,8.98097],[-11.7135,8.98107],[-11.71376,8.98101],[-11.71389,8.98086],[-11.71416,8.98067],[-11.71425,8.98054],[-11.71414,8.98038],[-11.71399,8.9801],[-11.71392,8.97969],[-11.71388,8.97927],[-11.71375,8.97898],[-11.71367,8.97873],[-11.71363,8.97848],[-11.71368,8.97816],[-11.71393,8.97774],[-11.71439,8.97665],[-11.71442,8.97633],[-11.7143,8.97605],[-11.714,8.97589],[-11.71371,8.97597],[-11.71322,8.97622],[-11.71298,8.97632],[-11.71275,8.97627],[-11.71265,8.97609],[-11.71274,8.97578],[-11.71279,8.97482],[-11.7129,8.97391],[-11.71315,8.97242],[-11.71323,8.97187],[-11.7132,8.97166],[-11.71308,8.97148],[-11.71283,8.9715],[-11.71247,8.97171],[-11.71187,8.97188],[-11.71123,8.97212],[-11.71026,8.9722],[-11.70901,8.97223],[-11.70839,8.97223],[-11.708,8.9721],[-11.70771,8.972],[-11.70718,8.97147],[-11.70645,8.97083]]},"properties":{"id":302319448,"cls":"service","hw":"service","tg":"na","name":"","ref":"","surface":"","sc":"unknown","speed":null,"lit":"unk","km":4.084}},
{"type":"Feature","geometry":{"type":"LineString","coordinates":[[-12.91223,9.08204],[-12.9119,9.08252],[-12.91182,9.08268],[-12.91169,9.08294],[-12.91157,9.08319],[-12.91131,9.08378],[-12.91082,9.0848],[-12.91035,9.08583],[-12.90983,9.08693],[-12.90935,9.08798],[-12.90905,9.08868],[-12.90895,9.08893],[-12.90882,9.08942],[-12.90853,9.09042],[-12.90834,9.09095],[-12.90805,9.09176],[-12.90791,9.09247],[-12.90791,9.09283],[-12.9079,9.09314],[-12.908,9.09346],[-12.90815,9.09378],[-12.90861,9.09429],[-12.90906,9.09474],[-12.90961,9.0952],[-12.91005,9.09556],[-12.91088,9.09616],[-12.91103,9.09625],[-12.91169,9.09665],[-12.91261,9.09716],[-12.91339,9.09751],[-12.91428,9.0978],[-12.91443,9.09785],[-12.91465,9.09782],[-12.91491,9.09794],[-12.91513,9.09795]]},"properties":{"id":302373391,"cls":"service","hw":"service","tg":"na","name":"","ref":"","surface":"unpaved","sc":"unpaved","speed":null,"lit":"unk","km":2.325}},
{"type":"Feature","geometry":{"type":"LineString","coordinates":[[-11.05782,8.36952],[-11.05754,8.36933],[-11.05718,8.36922],[-11.05709,8.36911]]},"properties":{"id":302553749,"cls":"service","hw":"service","tg":"na","name":"","ref":"","surface":"","sc":"unknown","speed":null,"lit":"unk","km":0.095}},
{"type":"Feature","geometry":{"type":"LineString","coordinates":[[-12.50121,7.53023],[-12.50115,7.53026],[-12.50047,7.5305]]},"properties":{"id":302718571,"cls":"service","hw":"service","tg":"na","name":"","ref":"","surface":"","sc":"unknown","speed":null,"lit":"unk","km":0.087}},
{"type":"Feature","geometry":{"type":"LineString","coordinates":[[-11.08886,8.45044],[-11.08866,8.45062]]},"properties":{"id":304249604,"cls":"service","hw":"service","tg":"na","name":"","ref":"","surface":"","sc":"unknown","speed":null,"lit":"unk","km":0.03}},
{"type":"Feature","geometry":{"type":"LineString","coordinates":[[-11.12814,8.52569],[-11.1279,8.52625]]},"properties":{"id":304290744,"cls":"service","hw":"service","tg":"na","name":"","ref":"","surface":"","sc":"unknown","speed":null,"lit":"unk","km":0.068}},
{"type":"Feature","geometry":{"type":"LineString","coordinates":[[-11.09807,8.50312],[-11.09759,8.50323],[-11.0973,8.50324],[-11.09713,8.50337],[-11.0969,8.50347],[-11.09678,8.50434],[-11.09666,8.50502]]},"properties":{"id":304298132,"cls":"service","hw":"service","tg":"na","name":"","ref":"","surface":"","sc":"unknown","speed":null,"lit":"unk","km":0.312}},
{"type":"Feature","geometry":{"type":"LineString","coordinates":[[-11.05314,7.69248],[-11.05294,7.69182]]},"properties":{"id":304451370,"cls":"service","hw":"service","tg":"na","name":"","ref":"","surface":"","sc":"unknown","speed":null,"lit":"unk","km":0.077}},
{"type":"Feature","geometry":{"type":"LineString","coordinates":[[-11.32425,8.49338],[-11.32419,8.49354],[-11.32384,8.49393],[-11.32378,8.49476],[-11.32383,8.49492],[-11.32394,8.49527],[-11.32394,8.49595],[-11.32407,8.49614],[-11.32429,8.49647],[-11.32489,8.49675],[-11.32526,8.49688],[-11.3256,8.49672],[-11.32578,8.49628],[-11.32597,8.49574],[-11.32586,8.49531],[-11.32557,8.49517],[-11.32549,8.49482],[-11.32552,8.49432],[-11.32488,8.49403],[-11.32471,8.49384],[-11.32464,8.49374],[-11.3246,8.49366],[-11.32441,8.49349],[-11.3243,8.49341],[-11.32425,8.49338]]},"properties":{"id":304850768,"cls":"service","hw":"service","tg":"na","name":"","ref":"","surface":"","sc":"unknown","speed":null,"lit":"unk","km":1.007}},
{"type":"Feature","geometry":{"type":"LineString","coordinates":[[-11.32062,8.4407],[-11.32068,8.44071],[-11.32079,8.44068],[-11.32121,8.44068],[-11.32137,8.44067],[-11.32151,8.44054]]},"properties":{"id":304904670,"cls":"service","hw":"service","tg":"na","name":"","ref":"","surface":"","sc":"unknown","speed":null,"lit":"unk","km":0.104}},
{"type":"Feature","geometry":{"type":"LineString","coordinates":[[-13.27642,8.49314],[-13.27637,8.49305],[-13.27645,8.49291],[-13.27647,8.49282],[-13.27649,8.49276]]},"properties":{"id":306050679,"cls":"service","hw":"service","tg":"na","name":"","ref":"","surface":"unpaved","sc":"unpaved","speed":null,"lit":"unk","km":0.047}},
{"type":"Feature","geometry":{"type":"LineString","coordinates":[[-13.27578,8.49314],[-13.2758,8.49305],[-13.2758,8.49297],[-13.27582,8.49289],[-13.27586,8.49277],[-13.27592,8.49257],[-13.27595,8.49252],[-13.27603,8.4925],[-13.2761,8.49251]]},"properties":{"id":306050682,"cls":"service","hw":"service","tg":"na","name":"","ref":"","surface":"unpaved","sc":"unpaved","speed":null,"lit":"unk","km":0.089}},
{"type":"Feature","geometry":{"type":"LineString","coordinates":[[-12.49247,8.68691],[-12.49257,8.68651],[-12.49267,8.686],[-12.49273,8.68574],[-12.4928,8.68562],[-12.49293,8.6855],[-12.49338,8.68523],[-12.49374,8.68498],[-12.49392,8.68487],[-12.49406,8.68481],[-12.49421,8.68475],[-12.4945,8.68468],[-12.4948,8.6846]]},"properties":{"id":306390949,"cls":"service","hw":"service","tg":"na","name":"","ref":"","surface":"unpaved","sc":"unpaved","speed":null,"lit":"unk","km":0.399}},
{"type":"Feature","geometry":{"type":"LineString","coordinates":[[-12.51016,8.69875],[-12.51007,8.69876],[-12.50993,8.69878],[-12.5098,8.69887],[-12.50964,8.69897],[-12.50948,8.69907],[-12.50934,8.69917],[-12.50917,8.69925],[-12.50902,8.69934],[-12.50888,8.69942],[-12.50863,8.69958],[-12.50848,8.69968],[-12.50837,8.69976],[-12.50823,8.69985],[-12.50807,8.69995],[-12.50793,8.70005],[-12.50778,8.70014],[-12.50766,8.70023],[-12.50756,8.7003]]},"properties":{"id":306397722,"cls":"service","hw":"service","tg":"na","name":"","ref":"","surface":"unpaved","sc":"unpaved","speed":null,"lit":"unk","km":0.336}},
{"type":"Feature","geometry":{"type":"LineString","coordinates":[[-12.72602,8.74068],[-12.72606,8.74058],[-12.72611,8.74051],[-12.72623,8.74049],[-12.72723,8.74079],[-12.72841,8.7411],[-12.72951,8.74146],[-12.73089,8.74186],[-12.73113,8.74195],[-12.73127,8.74203],[-12.73136,8.74206],[-12.73154,8.74207],[-12.73171,8.74211],[-12.73274,8.74236],[-12.73373,8.74255],[-12.73548,8.74283],[-12.73581,8.74283],[-12.73613,8.74283],[-12.7369,8.74269],[-12.73748,8.74248],[-12.73806,8.74213],[-12.73852,8.74171],[-12.73892,8.74128],[-12.73908,8.74089],[-12.73949,8.74001],[-12.73948,8.7391],[-12.73944,8.73875],[-12.73952,8.73838],[-12.73929,8.73746],[-12.73909,8.73694],[-12.73904,8.73672],[-12.73899,8.73646],[-12.73873,8.73501],[-12.73852,8.73409],[-12.73845,8.73377],[-12.73839,8.73328],[-12.73839,8.73301],[-12.73839,8.73252],[-12.73851,8.73189],[-12.73877,8.73137],[-12.73888,8.7312]]},"properties":{"id":306411003,"cls":"service","hw":"service","tg":"na","name":"","ref":"","surface":"","sc":"unknown","speed":null,"lit":"unk","km":2.682}},
{"type":"Feature","geometry":{"type":"LineString","coordinates":[[-12.71063,8.72688],[-12.71011,8.72688],[-12.70888,8.72712],[-12.70804,8.72725],[-12.70794,8.72725],[-12.7077,8.72725],[-12.7074,8.72722],[-12.70711,8.72714],[-12.70687,8.72705],[-12.70669,8.72696],[-12.70619,8.72664],[-12.70574,8.72634],[-12.70469,8.72557],[-12.70378,8.72496],[-12.70358,8.72486],[-12.70335,8.72477],[-12.7031,8.72474],[-12.70278,8.72472],[-12.70182,8.72481],[-12.701,8.725]]},"properties":{"id":306412073,"cls":"service","hw":"service","tg":"na","name":"","ref":"","surface":"","sc":"unknown","speed":null,"lit":"unk","km":1.145}},
{"type":"Feature","geometry":{"type":"LineString","coordinates":[[-12.74013,8.73667],[-12.7393,8.73665],[-12.73904,8.73672]]},"properties":{"id":306415993,"cls":"service","hw":"service","tg":"na","name":"","ref":"","surface":"","sc":"unknown","speed":null,"lit":"unk","km":0.121}},
{"type":"Feature","geometry":{"type":"LineString","coordinates":[[-13.00885,8.35575],[-13.00901,8.3559],[-13.00947,8.3567],[-13.00952,8.3568],[-13.00967,8.35685]]},"properties":{"id":306421354,"cls":"service","hw":"service","tg":"na","name":"","ref":"","surface":"dirt","sc":"unpaved","speed":null,"lit":"unk","km":0.156}},
{"type":"Feature","geometry":{"type":"LineString","coordinates":[[-12.99392,8.34024],[-12.994,8.34025],[-12.99453,8.33992]]},"properties":{"id":306425785,"cls":"service","hw":"service","tg":"na","name":"","ref":"","surface":"dirt","sc":"unpaved","speed":null,"lit":"unk","km":0.078}},
{"type":"Feature","geometry":{"type":"LineString","coordinates":[[-12.51955,8.68033],[-12.5196,8.68024],[-12.51969,8.68018],[-12.51976,8.68014],[-12.51991,8.68007],[-12.52006,8.67996],[-12.5202,8.67988],[-12.52026,8.6798],[-12.52029,8.67973],[-12.52031,8.67968],[-12.52031,8.67962],[-12.52031,8.67955],[-12.5203,8.6794],[-12.5203,8.67932],[-12.5203,8.67925],[-12.52031,8.67919],[-12.52033,8.67909],[-12.52037,8.679],[-12.52042,8.67894],[-12.52049,8.67889],[-12.52054,8.67886],[-12.52057,8.67881],[-12.52062,8.67872],[-12.52067,8.67857],[-12.52072,8.67847],[-12.52075,8.67836],[-12.52078,8.67824],[-12.52079,8.67814],[-12.5208,8.67803],[-12.5208,8.67792],[-12.52079,8.67782],[-12.52079,8.67769],[-12.52079,8.67767],[-12.52081,8.67765],[-12.52084,8.67765],[-12.52095,8.67764],[-12.5211,8.67761],[-12.52119,8.67757],[-12.52126,8.67756],[-12.52134,8.67755],[-12.52146,8.67756],[-12.5217,8.67757]]},"properties":{"id":306480057,"cls":"service","hw":"service","tg":"na","name":"","ref":"","surface":"ground","sc":"unpaved","speed":null,"lit":"unk","km":0.456}},
{"type":"Feature","geometry":{"type":"LineString","coordinates":[[-12.51016,8.69875],[-12.51032,8.69867],[-12.51042,8.69859],[-12.51051,8.6985],[-12.51065,8.69839],[-12.51116,8.69807],[-12.51151,8.69786],[-12.51175,8.6977],[-12.51199,8.69756],[-12.51224,8.69739],[-12.51246,8.69725],[-12.51273,8.69706],[-12.5129,8.69689],[-12.51312,8.69664],[-12.51325,8.69646],[-12.51335,8.69632],[-12.51339,8.69618],[-12.51345,8.69599],[-12.51351,8.69565],[-12.51351,8.69525],[-12.5135,8.69517],[-12.51347,8.69498],[-12.51343,8.69477],[-12.51341,8.69444],[-12.51344,8.69423],[-12.51348,8.69413],[-12.51356,8.69406],[-12.51365,8.69401],[-12.51381,8.694],[-12.51422,8.69414],[-12.51428,8.69419],[-12.5143,8.69424],[-12.5143,8.69428],[-12.51424,8.69435],[-12.51413,8.69444],[-12.51403,8.69453],[-12.51408,8.69456],[-12.51414,8.69459],[-12.51443,8.69468],[-12.51454,8.69474],[-12.51462,8.69494],[-12.51466,8.69496],[-12.51471,8.69499],[-12.51501,8.69515],[-12.51533,8.69538],[-12.51551,8.69556]]},"properties":{"id":306480059,"cls":"service","hw":"service","tg":"na","name":"","ref":"","surface":"ground","sc":"unpaved","speed":null,"lit":"unk","km":1.048}},
{"type":"Feature","geometry":{"type":"LineString","coordinates":[[-12.49817,8.68144],[-12.49818,8.68131],[-12.49819,8.68117],[-12.4982,8.681],[-12.49822,8.68079],[-12.49827,8.6805],[-12.49831,8.68031],[-12.49836,8.68013],[-12.49843,8.67997],[-12.49852,8.67984],[-12.49871,8.67968],[-12.49887,8.67957],[-12.49903,8.67947],[-12.49906,8.67946]]},"properties":{"id":306480060,"cls":"service","hw":"service","tg":"na","name":"","ref":"","surface":"ground","sc":"unpaved","speed":null,"lit":"unk","km":0.258}},
{"type":"Feature","geometry":{"type":"LineString","coordinates":[[-12.50921,8.67872],[-12.50958,8.67879],[-12.50982,8.67882],[-12.51,8.67883],[-12.51017,8.67882],[-12.51028,8.67876],[-12.51037,8.67864],[-12.51044,8.67848],[-12.51053,8.67834],[-12.51063,8.67818],[-12.51083,8.67793],[-12.51104,8.67767],[-12.51127,8.6774],[-12.51144,8.67722],[-12.51157,8.67707],[-12.51162,8.67702],[-12.51169,8.67701],[-12.51174,8.67703],[-12.51178,8.67708],[-12.51178,8.67715],[-12.51176,8.67722],[-12.51168,8.67733],[-12.51159,8.67749],[-12.51146,8.6777],[-12.51138,8.67789],[-12.51131,8.67806],[-12.51123,8.67827],[-12.51118,8.67846],[-12.51117,8.67861],[-12.51117,8.67879],[-12.51117,8.679],[-12.51119,8.67915],[-12.51123,8.67935],[-12.51126,8.6795],[-12.5113,8.67966],[-12.51136,8.6799],[-12.51142,8.68015],[-12.51152,8.68042],[-12.51164,8.68065],[-12.51176,8.68086],[-12.51181,8.681],[-12.51185,8.68108],[-12.5119,8.6813],[-12.51195,8.68158],[-12.51202,8.68187],[-12.51208,8.68206],[-12.51224,8.68239],[-12.51234,8.68258],[-12.51243,8.68271],[-12.51268,8.68292],[-12.5129,8.6831]]},"properties":{"id":306480090,"cls":"service","hw":"service","tg":"na","name":"","ref":"","surface":"ground","sc":"unpaved","speed":null,"lit":"unk","km":1.12}},
{"type":"Feature","geometry":{"type":"LineString","coordinates":[[-12.50959,8.6827],[-12.50956,8.68275],[-12.50949,8.68276],[-12.50943,8.68274],[-12.50938,8.6827],[-12.50936,8.68268],[-12.50934,8.68263],[-12.50927,8.68249],[-12.50922,8.68233],[-12.50923,8.68224],[-12.50904,8.68221],[-12.5089,8.68216],[-12.50878,8.68213],[-12.50866,8.68209],[-12.50858,8.68204],[-12.5085,8.68197],[-12.50843,8.68189],[-12.50837,8.68181],[-12.50824,8.68156],[-12.50815,8.68139],[-12.50801,8.68116],[-12.5079,8.68102],[-12.50783,8.68089],[-12.50781,8.68083],[-12.5078,8.68074],[-12.50777,8.68065],[-12.50761,8.68036],[-12.50758,8.68029]]},"properties":{"id":306480098,"cls":"service","hw":"service","tg":"na","name":"","ref":"","surface":"ground","sc":"unpaved","speed":null,"lit":"unk","km":0.385}},
{"type":"Feature","geometry":{"type":"LineString","coordinates":[[-12.51831,8.68372],[-12.51834,8.68362],[-12.51837,8.68357],[-12.51839,8.68353],[-12.5184,8.68348],[-12.5184,8.68332],[-12.51841,8.68317],[-12.51841,8.68308],[-12.51843,8.68298],[-12.51846,8.68291],[-12.5188,8.6824],[-12.51887,8.6823],[-12.51891,8.68221],[-12.51894,8.68214],[-12.51896,8.682],[-12.51902,8.68177],[-12.51911,8.6815],[-12.5192,8.68131],[-12.5193,8.68113],[-12.51941,8.68093],[-12.51948,8.68077],[-12.5195,8.68061],[-12.51954,8.68039],[-12.51955,8.68033]]},"properties":{"id":306480101,"cls":"service","hw":"service","tg":"na","name":"","ref":"","surface":"ground","sc":"unpaved","speed":null,"lit":"unk","km":0.408}},
{"type":"Feature","geometry":{"type":"LineString","coordinates":[[-13.24877,8.47478],[-13.24884,8.47477],[-13.24896,8.47472],[-13.24905,8.47469],[-13.24909,8.47468],[-13.24918,8.47466],[-13.24926,8.47465],[-13.24934,8.47465],[-13.2494,8.47467],[-13.24948,8.47471],[-13.24958,8.47482],[-13.2497,8.4751]]},"properties":{"id":306599115,"cls":"service","hw":"service","tg":"na","name":"","ref":"","surface":"unpaved","sc":"unpaved","speed":null,"lit":"unk","km":0.132}},
{"type":"Feature","geometry":{"type":"LineString","coordinates":[[-13.24909,8.47468],[-13.24898,8.47441]]},"properties":{"id":306599116,"cls":"service","hw":"service","tg":"na","name":"","ref":"","surface":"unpaved","sc":"unpaved","speed":null,"lit":"unk","km":0.032}},
{"type":"Feature","geometry":{"type":"LineString","coordinates":[[-13.24771,8.47553],[-13.24761,8.47567],[-13.24758,8.47574],[-13.24753,8.47586],[-13.24755,8.476],[-13.24757,8.47605],[-13.24763,8.47619],[-13.24767,8.47629],[-13.24772,8.47641],[-13.24779,8.47653],[-13.24792,8.47669],[-13.24797,8.47675],[-13.24802,8.4768],[-13.2481,8.47686],[-13.24813,8.47687]]},"properties":{"id":306599117,"cls":"service","hw":"service","tg":"na","name":"","ref":"","surface":"paved","sc":"paved","speed":null,"lit":"unk","km":0.176}},
{"type":"Feature","geometry":{"type":"LineString","coordinates":[[-13.24652,8.47824],[-13.2466,8.47828],[-13.24668,8.47828],[-13.24673,8.47828],[-13.2468,8.47823],[-13.24713,8.47797],[-13.24745,8.47769],[-13.24753,8.47763],[-13.24761,8.47755],[-13.24769,8.47746]]},"properties":{"id":306688788,"cls":"service","hw":"service","tg":"na","name":"","ref":"","surface":"unpaved","sc":"unpaved","speed":null,"lit":"unk","km":0.164}},
{"type":"Feature","geometry":{"type":"LineString","coordinates":[[-13.23033,8.47978],[-13.23004,8.47973]]},"properties":{"id":306738737,"cls":"service","hw":"service","tg":"na","name":"","ref":"","surface":"","sc":"unknown","speed":null,"lit":"unk","km":0.032}},
{"type":"Feature","geometry":{"type":"LineString","coordinates":[[-13.23239,8.47895],[-13.23235,8.47902]]},"properties":{"id":306740886,"cls":"service","hw":"service","tg":"na","name":"","ref":"","surface":"","sc":"unknown","speed":null,"lit":"unk","km":0.009}},
{"type":"Feature","geometry":{"type":"LineString","coordinates":[[-13.23154,8.47881],[-13.23156,8.47884],[-13.23165,8.47898]]},"properties":{"id":306740887,"cls":"service","hw":"service","tg":"na","name":"","ref":"","surface":"","sc":"unknown","speed":null,"lit":"unk","km":0.022}},
{"type":"Feature","geometry":{"type":"LineString","coordinates":[[-13.23219,8.47851],[-13.23208,8.47858],[-13.23195,8.47866]]},"properties":{"id":306740888,"cls":"service","hw":"service","tg":"na","name":"","ref":"","surface":"","sc":"unknown","speed":null,"lit":"unk","km":0.031}},
{"type":"Feature","geometry":{"type":"LineString","coordinates":[[-13.2319,8.47863],[-13.23173,8.47871],[-13.23154,8.47881],[-13.23147,8.47884]]},"properties":{"id":306740889,"cls":"service","hw":"service","tg":"na","name":"","ref":"","surface":"","sc":"unknown","speed":null,"lit":"unk","km":0.053}},
{"type":"Feature","geometry":{"type":"LineString","coordinates":[[-13.23241,8.47909],[-13.23235,8.47902],[-13.23224,8.47901],[-13.23218,8.47903],[-13.23194,8.47931],[-13.2319,8.47936]]},"properties":{"id":306740890,"cls":"service","hw":"service","tg":"na","name":"","ref":"","surface":"","sc":"unknown","speed":null,"lit":"unk","km":0.077}},
{"type":"Feature","geometry":{"type":"LineString","coordinates":[[-13.23095,8.4804],[-13.23095,8.48047],[-13.23094,8.48056],[-13.23091,8.48076],[-13.23089,8.48091],[-13.23088,8.48103],[-13.23086,8.48114],[-13.23085,8.48117],[-13.23075,8.48118],[-13.2305,8.48111],[-13.23045,8.48108]]},"properties":{"id":306740891,"cls":"service","hw":"service","tg":"na","name":"","ref":"","surface":"","sc":"unknown","speed":null,"lit":"unk","km":0.133}},
{"type":"Feature","geometry":{"type":"LineString","coordinates":[[-13.23298,8.47937],[-13.2329,8.47944],[-13.23283,8.47952],[-13.23269,8.47955],[-13.23252,8.47959],[-13.23219,8.47962],[-13.23203,8.47973],[-13.23198,8.47978],[-13.23196,8.47984],[-13.23191,8.47998],[-13.23193,8.48013],[-13.23197,8.48028],[-13.23193,8.48042]]},"properties":{"id":306740892,"cls":"service","hw":"service","tg":"na","name":"","ref":"","surface":"","sc":"unknown","speed":null,"lit":"unk","km":0.198}},
{"type":"Feature","geometry":{"type":"LineString","coordinates":[[-13.24948,8.44752],[-13.24943,8.44769],[-13.24938,8.44792],[-13.24937,8.44797],[-13.24935,8.44808]]},"properties":{"id":306773522,"cls":"service","hw":"service","tg":"na","name":"","ref":"","surface":"ground","sc":"unpaved","speed":null,"lit":"unk","km":0.064}},
{"type":"Feature","geometry":{"type":"LineString","coordinates":[[-13.24792,8.45476],[-13.24787,8.45473],[-13.2478,8.45471],[-13.24773,8.45471],[-13.2477,8.45473],[-13.24768,8.45478],[-13.24768,8.45482],[-13.24768,8.45487],[-13.24769,8.45491],[-13.24773,8.45498],[-13.24775,8.45501],[-13.24778,8.45505],[-13.24783,8.4551],[-13.24832,8.45534],[-13.24846,8.45542],[-13.24858,8.45548],[-13.2486,8.4555],[-13.24861,8.45551],[-13.24862,8.45553],[-13.24861,8.4556]]},"properties":{"id":306821355,"cls":"service","hw":"service","tg":"na","name":"","ref":"","surface":"","sc":"unknown","speed":null,"lit":"unk","km":0.181}},
{"type":"Feature","geometry":{"type":"LineString","coordinates":[[-13.2484,8.45503],[-13.24849,8.45505],[-13.24852,8.45505],[-13.24857,8.45505],[-13.24864,8.45507],[-13.2487,8.45509],[-13.24877,8.45512],[-13.24882,8.45516],[-13.24887,8.45522],[-13.24898,8.45533]]},"properties":{"id":306821357,"cls":"service","hw":"service","tg":"na","name":"","ref":"","surface":"paved","sc":"paved","speed":null,"lit":"unk","km":0.075}},
{"type":"Feature","geometry":{"type":"LineString","coordinates":[[-13.24818,8.45558],[-13.24835,8.45564],[-13.24841,8.45565],[-13.24846,8.45565],[-13.24851,8.45564],[-13.24861,8.4556]]},"properties":{"id":306821359,"cls":"service","hw":"service","tg":"na","name":"","ref":"","surface":"paved","sc":"paved","speed":null,"lit":"unk","km":0.05}},
{"type":"Feature","geometry":{"type":"LineString","coordinates":[[-13.24818,8.45558],[-13.2482,8.45554],[-13.24828,8.45541],[-13.24832,8.45534],[-13.24835,8.45524],[-13.24838,8.45513],[-13.2484,8.45503],[-13.24835,8.455],[-13.24792,8.45476]]},"properties":{"id":306821360,"cls":"service","hw":"service","tg":"na","name":"","ref":"","surface":"paved","sc":"paved","speed":null,"lit":"unk","km":0.127}},
{"type":"Feature","geometry":{"type":"LineString","coordinates":[[-11.99502,8.95498],[-11.99502,8.95487],[-11.99498,8.95479],[-11.9949,8.95472],[-11.99346,8.95342],[-11.99171,8.9519],[-11.99163,8.9518],[-11.99159,8.95168],[-11.99159,8.95153],[-11.99164,8.95135],[-11.99164,8.95123],[-11.9916,8.95109],[-11.99135,8.95067],[-11.99134,8.95052],[-11.99138,8.9503],[-11.99169,8.94964],[-11.99196,8.94913],[-11.9922,8.9486],[-11.9923,8.94821],[-11.99237,8.94764],[-11.99241,8.94728],[-11.99244,8.94688],[-11.99244,8.94659],[-11.99247,8.94626],[-11.99255,8.94584],[-11.99262,8.9456],[-11.99282,8.94519]]},"properties":{"id":306835669,"cls":"service","hw":"service","tg":"na","name":"","ref":"","surface":"unpaved","sc":"unpaved","speed":null,"lit":"unk","km":1.293}},
{"type":"Feature","geometry":{"type":"LineString","coordinates":[[-11.99164,8.94403],[-11.99186,8.94423],[-11.99231,8.94462],[-11.99266,8.94497],[-11.99275,8.9451],[-11.99282,8.94519]]},"properties":{"id":306835671,"cls":"service","hw":"service","tg":"na","name":"","ref":"","surface":"unpaved","sc":"unpaved","speed":null,"lit":"unk","km":0.183}},
{"type":"Feature","geometry":{"type":"LineString","coordinates":[[-11.98816,8.94344],[-11.98918,8.94371],[-11.98988,8.94385],[-11.99062,8.94394],[-11.99164,8.94403],[-11.99206,8.94401],[-11.99251,8.94402],[-11.99357,8.94387],[-11.99394,8.94381],[-11.99421,8.94366],[-11.99544,8.94328],[-11.99582,8.94308],[-11.99625,8.94286],[-11.99693,8.94269],[-11.99715,8.94258],[-11.99741,8.94245],[-11.99811,8.94224],[-11.99839,8.94217],[-11.9986,8.94211],[-11.999,8.942],[-11.99946,8.94183],[-11.99989,8.94177],[-11.99999,8.94171],[-12.00013,8.94152],[-12.00026,8.94141],[-12.00048,8.94131],[-12.00077,8.94125]]},"properties":{"id":306835674,"cls":"service","hw":"service","tg":"na","name":"","ref":"","surface":"unpaved","sc":"unpaved","speed":null,"lit":"unk","km":1.456}},
{"type":"Feature","geometry":{"type":"LineString","coordinates":[[-13.2578,8.48253],[-13.25785,8.48232],[-13.25787,8.48211]]},"properties":{"id":306857072,"cls":"service","hw":"service","tg":"na","name":"","ref":"","surface":"","sc":"unknown","speed":null,"lit":"unk","km":0.047}},
{"type":"Feature","geometry":{"type":"LineString","coordinates":[[-13.25823,8.48276],[-13.25824,8.48262],[-13.25824,8.48253],[-13.25824,8.48237],[-13.25824,8.48229],[-13.25824,8.48227],[-13.25823,8.48225],[-13.25822,8.48218],[-13.25822,8.48214],[-13.25821,8.48211]]},"properties":{"id":306857073,"cls":"service","hw":"service","tg":"na","name":"","ref":"","surface":"","sc":"unknown","speed":null,"lit":"unk","km":0.073}},
{"type":"Feature","geometry":{"type":"LineString","coordinates":[[-13.2514,8.44883],[-13.25123,8.44894],[-13.2511,8.44901],[-13.25105,8.44905],[-13.25101,8.44908],[-13.25091,8.44927]]},"properties":{"id":306860834,"cls":"service","hw":"service","tg":"na","name":"","ref":"","surface":"paved","sc":"paved","speed":null,"lit":"unk","km":0.075}},
{"type":"Feature","geometry":{"type":"LineString","coordinates":[[-13.23414,8.47623],[-13.23411,8.47628],[-13.23409,8.47629],[-13.23406,8.4763],[-13.23389,8.4763],[-13.23386,8.4763],[-13.23379,8.47634],[-13.23369,8.47648]]},"properties":{"id":306908305,"cls":"service","hw":"service","tg":"na","name":"","ref":"","surface":"","sc":"unknown","speed":null,"lit":"unk","km":0.062}},
{"type":"Feature","geometry":{"type":"LineString","coordinates":[[-13.23414,8.47623],[-13.23403,8.47615],[-13.23397,8.47612],[-13.23387,8.47607],[-13.23378,8.47603],[-13.23364,8.47601],[-13.23351,8.476],[-13.23336,8.47597],[-13.23325,8.47596],[-13.23313,8.47593],[-13.23304,8.47591],[-13.23299,8.47589],[-13.23294,8.47587]]},"properties":{"id":306908307,"cls":"service","hw":"service","tg":"na","name":"","ref":"","surface":"","sc":"unknown","speed":null,"lit":"unk","km":0.14}},
{"type":"Feature","geometry":{"type":"LineString","coordinates":[[-13.23739,8.47413],[-13.2374,8.47417],[-13.23739,8.47423]]},"properties":{"id":306932439,"cls":"service","hw":"service","tg":"na","name":"","ref":"","surface":"unpaved","sc":"unpaved","speed":null,"lit":"unk","km":0.011}},
{"type":"Feature","geometry":{"type":"LineString","coordinates":[[-13.25529,8.4752],[-13.25545,8.47484],[-13.25557,8.47455]]},"properties":{"id":306950402,"cls":"service","hw":"service","tg":"na","name":"","ref":"","surface":"unpaved","sc":"unpaved","speed":null,"lit":"unk","km":0.079}},
{"type":"Feature","geometry":{"type":"LineString","coordinates":[[-13.26824,8.48499],[-13.26817,8.48515],[-13.26802,8.48547]]},"properties":{"id":306967766,"cls":"service","hw":"service","tg":"na","name":"","ref":"","surface":"","sc":"unknown","speed":null,"lit":"unk","km":0.059}},
{"type":"Feature","geometry":{"type":"LineString","coordinates":[[-13.26244,8.47803],[-13.26263,8.4782],[-13.26268,8.47836],[-13.26268,8.47845],[-13.26255,8.47852],[-13.26233,8.47851],[-13.26217,8.47847],[-13.26201,8.47839],[-13.26182,8.47826],[-13.26177,8.4782],[-13.26175,8.47814],[-13.26175,8.47807],[-13.26178,8.47787],[-13.26179,8.47777],[-13.26178,8.47751],[-13.26178,8.47744],[-13.26175,8.47737],[-13.26162,8.47717]]},"properties":{"id":306973608,"cls":"service","hw":"service","tg":"na","name":"","ref":"","surface":"","sc":"unknown","speed":null,"lit":"unk","km":0.289}},
{"type":"Feature","geometry":{"type":"LineString","coordinates":[[-13.25382,8.4795],[-13.25393,8.47909],[-13.25408,8.47867],[-13.25411,8.47856],[-13.25412,8.47846],[-13.25413,8.47832],[-13.25412,8.47818],[-13.25409,8.47799],[-13.25407,8.47785],[-13.2541,8.47771],[-13.25416,8.47755],[-13.25439,8.47745]]},"properties":{"id":307033003,"cls":"service","hw":"service","tg":"na","name":"Technical Institute Drive","ref":"","surface":"asphalt","sc":"paved","speed":null,"lit":"unk","km":0.251}},
{"type":"Feature","geometry":{"type":"LineString","coordinates":[[-13.23853,8.4877],[-13.23862,8.48764],[-13.23867,8.48756],[-13.23866,8.4875],[-13.23867,8.48745],[-13.23865,8.48741],[-13.23863,8.48737],[-13.23856,8.48728],[-13.23852,8.48723]]},"properties":{"id":307063065,"cls":"service","hw":"service","tg":"na","name":"","ref":"","surface":"","sc":"unknown","speed":null,"lit":"unk","km":0.064}},
{"type":"Feature","geometry":{"type":"LineString","coordinates":[[-13.27424,8.47069],[-13.27365,8.47071],[-13.27352,8.47072],[-13.27342,8.47075],[-13.27327,8.47081]]},"properties":{"id":307165667,"cls":"service","hw":"service","tg":"na","name":"","ref":"","surface":"unpaved","sc":"unpaved","speed":null,"lit":"unk","km":0.109}},
{"type":"Feature","geometry":{"type":"LineString","coordinates":[[-13.24637,8.48085],[-13.24595,8.48086],[-13.24567,8.48086],[-13.24566,8.48085],[-13.24565,8.48081],[-13.24564,8.48062],[-13.24563,8.48053]]},"properties":{"id":307216563,"cls":"service","hw":"service","tg":"na","name":"","ref":"","surface":"unpaved","sc":"unpaved","speed":null,"lit":"unk","km":0.114}},
{"type":"Feature","geometry":{"type":"LineString","coordinates":[[-13.24809,8.48892],[-13.24809,8.48815],[-13.24809,8.48805],[-13.24809,8.48791],[-13.24809,8.48714]]},"properties":{"id":307219007,"cls":"service","hw":"service","tg":"na","name":"","ref":"","surface":"unpaved","sc":"unpaved","speed":null,"lit":"unk","km":0.198}},
{"type":"Feature","geometry":{"type":"LineString","coordinates":[[-13.27072,8.48079],[-13.27077,8.4807],[-13.27083,8.48061]]},"properties":{"id":307222345,"cls":"service","hw":"service","tg":"na","name":"","ref":"","surface":"","sc":"unknown","speed":null,"lit":"unk","km":0.023}},
{"type":"Feature","geometry":{"type":"LineString","coordinates":[[-13.26996,8.48096],[-13.27024,8.48119],[-13.27028,8.48121],[-13.27031,8.48125],[-13.27032,8.48132],[-13.27034,8.48137],[-13.27038,8.48141],[-13.27056,8.48158]]},"properties":{"id":307222346,"cls":"service","hw":"service","tg":"na","name":"","ref":"","surface":"concrete","sc":"paved","speed":null,"lit":"unk","km":0.098}},
{"type":"Feature","geometry":{"type":"LineString","coordinates":[[-12.61922,8.96124],[-12.61864,8.96102],[-12.61816,8.96086],[-12.61773,8.96102],[-12.6174,8.96095],[-12.61704,8.96093],[-12.61681,8.96108],[-12.61656,8.961],[-12.61595,8.96109],[-12.61548,8.96091],[-12.61493,8.96094],[-12.61486,8.96033],[-12.61444,8.95979],[-12.614,8.95931],[-12.61282,8.95865],[-12.61228,8.9583],[-12.61187,8.958],[-12.61106,8.95749],[-12.61061,8.95628]]},"properties":{"id":307286711,"cls":"service","hw":"service","tg":"na","name":"","ref":"","surface":"","sc":"unknown","speed":null,"lit":"unk","km":1.235}},
{"type":"Feature","geometry":{"type":"LineString","coordinates":[[-13.2456,8.45194],[-13.24566,8.45197],[-13.24577,8.45203],[-13.24598,8.45209]]},"properties":{"id":307308516,"cls":"service","hw":"service","tg":"na","name":"","ref":"","surface":"paved","sc":"paved","speed":null,"lit":"unk","km":0.045}},
{"type":"Feature","geometry":{"type":"LineString","coordinates":[[-13.25237,8.45001],[-13.25222,8.45021],[-13.25214,8.45047],[-13.25206,8.45065],[-13.25199,8.45078],[-13.25194,8.45085]]},"properties":{"id":307316522,"cls":"service","hw":"service","tg":"na","name":"","ref":"","surface":"paved","sc":"paved","speed":null,"lit":"unk","km":0.106}},
{"type":"Feature","geometry":{"type":"LineString","coordinates":[[-13.25367,8.45597],[-13.25358,8.45682],[-13.25357,8.45684],[-13.25354,8.45685],[-13.25309,8.45684]]},"properties":{"id":307316524,"cls":"service","hw":"service","tg":"na","name":"Zoe Avenue","ref":"","surface":"ground","sc":"unpaved","speed":null,"lit":"unk","km":0.151}},
{"type":"Feature","geometry":{"type":"LineString","coordinates":[[-13.25218,8.44981],[-13.25193,8.44996],[-13.25204,8.4501]]},"properties":{"id":307321557,"cls":"service","hw":"service","tg":"na","name":"","ref":"","surface":"paved","sc":"paved","speed":null,"lit":"unk","km":0.052}},
{"type":"Feature","geometry":{"type":"LineString","coordinates":[[-13.24389,8.48674],[-13.24412,8.48674],[-13.24428,8.48675],[-13.24444,8.48674]]},"properties":{"id":307343877,"cls":"service","hw":"service","tg":"na","name":"","ref":"","surface":"unpaved","sc":"unpaved","speed":null,"lit":"unk","km":0.061}},
{"type":"Feature","geometry":{"type":"LineString","coordinates":[[-13.23638,8.49121],[-13.23646,8.49123],[-13.23659,8.49114],[-13.23668,8.49107],[-13.23706,8.49073],[-13.23711,8.49069],[-13.23714,8.49065],[-13.23712,8.4906],[-13.2371,8.49044],[-13.23703,8.49033],[-13.23692,8.49019]]},"properties":{"id":307350409,"cls":"service","hw":"service","tg":"na","name":"","ref":"","surface":"","sc":"unknown","speed":null,"lit":"unk","km":0.166}},
{"type":"Feature","geometry":{"type":"LineString","coordinates":[[-13.24296,8.47162],[-13.24329,8.47149]]},"properties":{"id":307383853,"cls":"service","hw":"service","tg":"na","name":"","ref":"","surface":"unpaved","sc":"unpaved","speed":null,"lit":"unk","km":0.039}},
{"type":"Feature","geometry":{"type":"LineString","coordinates":[[-13.24322,8.47217],[-13.24312,8.47223],[-13.24287,8.47234],[-13.24282,8.47237],[-13.24281,8.47241],[-13.24282,8.47247]]},"properties":{"id":307383854,"cls":"service","hw":"service","tg":"na","name":"","ref":"","surface":"unpaved","sc":"unpaved","speed":null,"lit":"unk","km":0.061}},
{"type":"Feature","geometry":{"type":"LineString","coordinates":[[-13.188,8.59997],[-13.18806,8.5999],[-13.18812,8.5998],[-13.18824,8.59973],[-13.18835,8.59967]]},"properties":{"id":307484795,"cls":"service","hw":"service","tg":"na","name":"","ref":"","surface":"","sc":"unknown","speed":null,"lit":"unk","km":0.052}},
{"type":"Feature","geometry":{"type":"LineString","coordinates":[[-13.18411,8.59612],[-13.18415,8.59604],[-13.1842,8.59599],[-13.18434,8.59595],[-13.18473,8.59588]]},"properties":{"id":307484797,"cls":"service","hw":"service","tg":"na","name":"","ref":"","surface":"","sc":"unknown","speed":null,"lit":"unk","km":0.077}},
{"type":"Feature","geometry":{"type":"LineString","coordinates":[[-12.79993,8.49247],[-12.79915,8.49247],[-12.79849,8.49255],[-12.79785,8.49251]]},"properties":{"id":307500970,"cls":"service","hw":"service","tg":"na","name":"","ref":"","surface":"","sc":"unknown","speed":null,"lit":"unk","km":0.229}},
{"type":"Feature","geometry":{"type":"LineString","coordinates":[[-12.64404,8.97761],[-12.64396,8.97742],[-12.64386,8.97729],[-12.64373,8.97683],[-12.64354,8.97653],[-12.64332,8.97595]]},"properties":{"id":307502782,"cls":"service","hw":"service","tg":"na","name":"","ref":"","surface":"","sc":"unknown","speed":null,"lit":"unk","km":0.202}},
{"type":"Feature","geometry":{"type":"LineString","coordinates":[[-13.25713,8.46436],[-13.25717,8.46441],[-13.25729,8.46442]]},"properties":{"id":307503766,"cls":"service","hw":"service","tg":"na","name":"","ref":"","surface":"","sc":"unknown","speed":null,"lit":"unk","km":0.02}},
{"type":"Feature","geometry":{"type":"LineString","coordinates":[[-13.25738,8.46457],[-13.25729,8.46442],[-13.2574,8.46428]]},"properties":{"id":307503768,"cls":"service","hw":"service","tg":"na","name":"","ref":"","surface":"","sc":"unknown","speed":null,"lit":"unk","km":0.039}},
{"type":"Feature","geometry":{"type":"LineString","coordinates":[[-13.25686,8.46668],[-13.25675,8.46649],[-13.2567,8.46636],[-13.25677,8.46596]]},"properties":{"id":307503771,"cls":"service","hw":"service","tg":"na","name":"","ref":"","surface":"","sc":"unknown","speed":null,"lit":"unk","km":0.085}},
{"type":"Feature","geometry":{"type":"LineString","coordinates":[[-13.26256,8.46773],[-13.26245,8.46776],[-13.26233,8.46779],[-13.26225,8.46784],[-13.26209,8.46794],[-13.26203,8.46806]]},"properties":{"id":307506291,"cls":"service","hw":"service","tg":"na","name":"","ref":"","surface":"unpaved","sc":"unpaved","speed":null,"lit":"unk","km":0.072}},
{"type":"Feature","geometry":{"type":"LineString","coordinates":[[-13.26304,8.46935],[-13.26274,8.46947]]},"properties":{"id":307506292,"cls":"service","hw":"service","tg":"na","name":"","ref":"","surface":"","sc":"unknown","speed":null,"lit":"unk","km":0.036}},
{"type":"Feature","geometry":{"type":"LineString","coordinates":[[-13.26295,8.46921],[-13.26267,8.4693]]},"properties":{"id":307506294,"cls":"service","hw":"service","tg":"na","name":"","ref":"","surface":"","sc":"unknown","speed":null,"lit":"unk","km":0.032}},
{"type":"Feature","geometry":{"type":"LineString","coordinates":[[-13.26256,8.46756],[-13.2625,8.46761],[-13.26251,8.46764],[-13.26256,8.46773]]},"properties":{"id":307506298,"cls":"service","hw":"service","tg":"na","name":"","ref":"","surface":"","sc":"unknown","speed":null,"lit":"unk","km":0.024}},
{"type":"Feature","geometry":{"type":"LineString","coordinates":[[-13.26108,8.46833],[-13.26141,8.46823],[-13.2616,8.46816],[-13.26177,8.46811]]},"properties":{"id":307506304,"cls":"service","hw":"service","tg":"na","name":"","ref":"","surface":"","sc":"unknown","speed":null,"lit":"unk","km":0.08}},
{"type":"Feature","geometry":{"type":"LineString","coordinates":[[-13.26247,8.46821],[-13.26251,8.4681],[-13.26256,8.46804],[-13.26262,8.46802],[-13.26268,8.468],[-13.26271,8.46796],[-13.2627,8.4679],[-13.26267,8.46785],[-13.26262,8.46783],[-13.26255,8.46783],[-13.26247,8.46786],[-13.2624,8.4679],[-13.26238,8.46796],[-13.26238,8.46803],[-13.26237,8.46808],[-13.26231,8.46815]]},"properties":{"id":307506305,"cls":"service","hw":"service","tg":"na","name":"","ref":"","surface":"","sc":"unknown","speed":null,"lit":"unk","km":0.117}},
{"type":"Feature","geometry":{"type":"LineString","coordinates":[[-13.26063,8.46812],[-13.26084,8.46799],[-13.26085,8.46783],[-13.26095,8.46768],[-13.26102,8.46759],[-13.26105,8.46734],[-13.26075,8.46703],[-13.26061,8.46687]]},"properties":{"id":307506306,"cls":"service","hw":"service","tg":"na","name":"","ref":"","surface":"","sc":"unknown","speed":null,"lit":"unk","km":0.177}},
{"type":"Feature","geometry":{"type":"LineString","coordinates":[[-13.26355,8.4688],[-13.26357,8.46878],[-13.26367,8.46868],[-13.2638,8.46853],[-13.26394,8.46837],[-13.26412,8.46817]]},"properties":{"id":307507221,"cls":"service","hw":"service","tg":"na","name":"Cosonelli Drive","ref":"","surface":"","sc":"unknown","speed":null,"lit":"unk","km":0.094}},
{"type":"Feature","geometry":{"type":"LineString","coordinates":[[-13.26228,8.47218],[-13.26178,8.4721]]},"properties":{"id":307509170,"cls":"service","hw":"service","tg":"na","name":"","ref":"","surface":"","sc":"unknown","speed":null,"lit":"unk","km":0.056}},
{"type":"Feature","geometry":{"type":"LineString","coordinates":[[-13.26262,8.4708],[-13.26248,8.47079]]},"properties":{"id":307509172,"cls":"service","hw":"service","tg":"na","name":"","ref":"","surface":"","sc":"unknown","speed":null,"lit":"unk","km":0.015}},
{"type":"Feature","geometry":{"type":"LineString","coordinates":[[-13.26035,8.48247],[-13.26028,8.48226],[-13.26027,8.48219],[-13.26027,8.48205]]},"properties":{"id":307538213,"cls":"service","hw":"service","tg":"na","name":"","ref":"","surface":"","sc":"unknown","speed":null,"lit":"unk","km":0.048}},
{"type":"Feature","geometry":{"type":"LineString","coordinates":[[-13.24231,8.47414],[-13.24243,8.4744],[-13.24251,8.47457]]},"properties":{"id":307564797,"cls":"service","hw":"service","tg":"na","name":"","ref":"","surface":"","sc":"unknown","speed":null,"lit":"unk","km":0.053}},
{"type":"Feature","geometry":{"type":"LineString","coordinates":[[-13.24303,8.47367],[-13.24265,8.47364]]},"properties":{"id":307566501,"cls":"service","hw":"service","tg":"na","name":"","ref":"","surface":"unpaved","sc":"unpaved","speed":null,"lit":"unk","km":0.042}},
{"type":"Feature","geometry":{"type":"LineString","coordinates":[[-11.91687,9.31673],[-11.91697,9.31664],[-11.91717,9.31654],[-11.91733,9.31646],[-11.91744,9.31635],[-11.91771,9.31628],[-11.91791,9.31622],[-11.91815,9.31608],[-11.9182,9.31599],[-11.91838,9.31571]]},"properties":{"id":307567593,"cls":"service","hw":"service","tg":"na","name":"","ref":"","surface":"","sc":"unknown","speed":null,"lit":"unk","km":0.209}},
{"type":"Feature","geometry":{"type":"LineString","coordinates":[[-13.24223,8.47311],[-13.24202,8.47275]]},"properties":{"id":307575136,"cls":"service","hw":"service","tg":"na","name":"","ref":"","surface":"unpaved","sc":"unpaved","speed":null,"lit":"unk","km":0.046}},
{"type":"Feature","geometry":{"type":"LineString","coordinates":[[-13.24158,8.47324],[-13.24155,8.47342],[-13.24154,8.47345],[-13.24153,8.4735],[-13.24153,8.47352]]},"properties":{"id":307575137,"cls":"service","hw":"service","tg":"na","name":"","ref":"","surface":"","sc":"unknown","speed":null,"lit":"unk","km":0.032}},
{"type":"Feature","geometry":{"type":"LineString","coordinates":[[-13.2435,8.47358],[-13.24374,8.47353],[-13.24379,8.47355],[-13.24386,8.47358]]},"properties":{"id":307575138,"cls":"service","hw":"service","tg":"na","name":"","ref":"","surface":"unpaved","sc":"unpaved","speed":null,"lit":"unk","km":0.041}},
{"type":"Feature","geometry":{"type":"LineString","coordinates":[[-12.00184,8.85884],[-12.00162,8.8588],[-12.00141,8.85882],[-12.0012,8.85886],[-12.00106,8.85886]]},"properties":{"id":307576721,"cls":"service","hw":"service","tg":"na","name":"","ref":"","surface":"","sc":"unknown","speed":null,"lit":"unk","km":0.087}},
{"type":"Feature","geometry":{"type":"LineString","coordinates":[[-12.02079,8.84838],[-12.02058,8.84851],[-12.02029,8.84874],[-12.0201,8.84883],[-12.01998,8.84886],[-12.01975,8.84878],[-12.01957,8.8487],[-12.01933,8.84861],[-12.01907,8.84852],[-12.01895,8.8486],[-12.01875,8.84871]]},"properties":{"id":307576738,"cls":"service","hw":"service","tg":"na","name":"","ref":"","surface":"","sc":"unknown","speed":null,"lit":"unk","km":0.253}},
{"type":"Feature","geometry":{"type":"LineString","coordinates":[[-13.19645,8.42626],[-13.19652,8.42638],[-13.19658,8.42649],[-13.19654,8.42663],[-13.19644,8.42671],[-13.19633,8.42675],[-13.19621,8.42678],[-13.19608,8.42681],[-13.19602,8.42687]]},"properties":{"id":307624845,"cls":"service","hw":"service","tg":"na","name":"","ref":"","surface":"unpaved","sc":"unpaved","speed":null,"lit":"unk","km":0.11}},
{"type":"Feature","geometry":{"type":"LineString","coordinates":[[-13.19856,8.42781],[-13.19834,8.42769],[-13.19823,8.42753],[-13.19801,8.42746],[-13.19789,8.42742],[-13.19786,8.42737],[-13.19787,8.42733],[-13.19793,8.42726],[-13.19797,8.42721]]},"properties":{"id":307624848,"cls":"service","hw":"service","tg":"na","name":"","ref":"","surface":"unpaved","sc":"unpaved","speed":null,"lit":"unk","km":0.117}},
{"type":"Feature","geometry":{"type":"LineString","coordinates":[[-13.18036,8.60442],[-13.18017,8.60461],[-13.18008,8.60482],[-13.1802,8.605]]},"properties":{"id":307666055,"cls":"service","hw":"service","tg":"na","name":"","ref":"","surface":"","sc":"unknown","speed":null,"lit":"unk","km":0.079}},
{"type":"Feature","geometry":{"type":"LineString","coordinates":[[-12.35762,8.9711],[-12.35765,8.97101],[-12.35774,8.97082]]},"properties":{"id":307738885,"cls":"service","hw":"service","tg":"na","name":"","ref":"","surface":"","sc":"unknown","speed":null,"lit":"unk","km":0.034}},
{"type":"Feature","geometry":{"type":"LineString","coordinates":[[-12.2997,8.98006],[-12.29963,8.97997],[-12.2995,8.97994],[-12.29918,8.97962],[-12.29907,8.97955],[-12.29894,8.97959],[-12.29873,8.97969]]},"properties":{"id":307738887,"cls":"service","hw":"service","tg":"na","name":"","ref":"","surface":"","sc":"unknown","speed":null,"lit":"unk","km":0.132}},
{"type":"Feature","geometry":{"type":"LineString","coordinates":[[-13.22926,8.48825],[-13.22923,8.48845],[-13.22922,8.48853],[-13.22918,8.48862],[-13.22909,8.48862],[-13.22899,8.48858],[-13.22888,8.48849]]},"properties":{"id":307739571,"cls":"service","hw":"service","tg":"na","name":"","ref":"","surface":"","sc":"unknown","speed":null,"lit":"unk","km":0.08}},
{"type":"Feature","geometry":{"type":"LineString","coordinates":[[-12.40152,8.98324],[-12.40176,8.98341]]},"properties":{"id":307741970,"cls":"service","hw":"service","tg":"na","name":"","ref":"","surface":"","sc":"unknown","speed":null,"lit":"unk","km":0.032}},
{"type":"Feature","geometry":{"type":"LineString","coordinates":[[-13.10697,8.8041],[-13.10683,8.80313]]},"properties":{"id":307781594,"cls":"service","hw":"service","tg":"na","name":"","ref":"","surface":"","sc":"unknown","speed":null,"lit":"unk","km":0.109}},
{"type":"Feature","geometry":{"type":"LineString","coordinates":[[-13.23024,8.45159],[-13.2303,8.45148],[-13.23024,8.45139],[-13.22953,8.45095],[-13.22947,8.45094],[-13.22941,8.45099],[-13.22931,8.45115],[-13.22921,8.4513],[-13.22908,8.45143],[-13.22899,8.45149],[-13.22889,8.45154],[-13.22871,8.45168],[-13.22863,8.45176],[-13.22867,8.45182],[-13.22876,8.45194]]},"properties":{"id":307851191,"cls":"service","hw":"service","tg":"na","name":"","ref":"","surface":"","sc":"unknown","speed":null,"lit":"unk","km":0.281}},
{"type":"Feature","geometry":{"type":"LineString","coordinates":[[-13.2302,8.45166],[-13.23024,8.45159]]},"properties":{"id":307851192,"cls":"service","hw":"service","tg":"na","name":"","ref":"","surface":"","sc":"unknown","speed":null,"lit":"unk","km":0.009}},
{"type":"Feature","geometry":{"type":"LineString","coordinates":[[-13.18053,8.47131],[-13.18042,8.47176],[-13.18025,8.4721],[-13.17992,8.47258],[-13.17982,8.47271],[-13.17991,8.47275],[-13.18006,8.47284],[-13.18043,8.47306],[-13.18098,8.47341]]},"properties":{"id":307853941,"cls":"service","hw":"service","tg":"na","name":"","ref":"","surface":"","sc":"unknown","speed":null,"lit":"unk","km":0.326}},
{"type":"Feature","geometry":{"type":"LineString","coordinates":[[-13.18755,8.47747],[-13.18746,8.47758],[-13.18713,8.47797],[-13.18712,8.478],[-13.18714,8.47804],[-13.18723,8.47812],[-13.18746,8.47831],[-13.1877,8.47848],[-13.18809,8.47803],[-13.1881,8.47798],[-13.18808,8.47792],[-13.18755,8.47747]]},"properties":{"id":307872034,"cls":"service","hw":"service","tg":"na","name":"","ref":"","surface":"","sc":"unknown","speed":null,"lit":"unk","km":0.315}},
{"type":"Feature","geometry":{"type":"LineString","coordinates":[[-13.18762,8.47857],[-13.1877,8.47848]]},"properties":{"id":307872035,"cls":"service","hw":"service","tg":"na","name":"","ref":"","surface":"","sc":"unknown","speed":null,"lit":"unk","km":0.013}},
{"type":"Feature","geometry":{"type":"LineString","coordinates":[[-12.41124,8.18161],[-12.41062,8.18289],[-12.41045,8.18279],[-12.41022,8.18271],[-12.41016,8.18267],[-12.41006,8.18261]]},"properties":{"id":307927145,"cls":"service","hw":"service","tg":"na","name":"","ref":"","surface":"","sc":"unknown","speed":null,"lit":"unk","km":0.227}},
{"type":"Feature","geometry":{"type":"LineString","coordinates":[[-12.78947,8.76729],[-12.78889,8.76705],[-12.78851,8.76684],[-12.78793,8.7666]]},"properties":{"id":307931320,"cls":"service","hw":"service","tg":"na","name":"","ref":"","surface":"","sc":"unknown","speed":null,"lit":"unk","km":0.186}},
{"type":"Feature","geometry":{"type":"LineString","coordinates":[[-12.41986,8.16851],[-12.42007,8.16864],[-12.42027,8.16871],[-12.42048,8.16874]]},"properties":{"id":307932406,"cls":"service","hw":"service","tg":"na","name":"","ref":"","surface":"","sc":"unknown","speed":null,"lit":"unk","km":0.074}},
{"type":"Feature","geometry":{"type":"LineString","coordinates":[[-12.4203,8.1679],[-12.42056,8.16809],[-12.42062,8.16814],[-12.42067,8.16815],[-12.42071,8.16817]]},"properties":{"id":307932407,"cls":"service","hw":"service","tg":"na","name":"","ref":"","surface":"","sc":"unknown","speed":null,"lit":"unk","km":0.055}},
{"type":"Feature","geometry":{"type":"LineString","coordinates":[[-13.08814,8.26179],[-13.088,8.26183]]},"properties":{"id":307935041,"cls":"service","hw":"service","tg":"na","name":"","ref":"","surface":"","sc":"unknown","speed":null,"lit":"unk","km":0.016}},
{"type":"Feature","geometry":{"type":"LineString","coordinates":[[-13.08675,8.2585],[-13.0866,8.25848],[-13.08629,8.25854]]},"properties":{"id":307935053,"cls":"service","hw":"service","tg":"na","name":"","ref":"","surface":"unpaved","sc":"unpaved","speed":null,"lit":"unk","km":0.051}},
{"type":"Feature","geometry":{"type":"LineString","coordinates":[[-13.088,8.26183],[-13.08794,8.26184],[-13.08793,8.26186],[-13.08795,8.26194],[-13.08796,8.26199]]},"properties":{"id":307935057,"cls":"service","hw":"service","tg":"na","name":"","ref":"","surface":"","sc":"unknown","speed":null,"lit":"unk","km":0.024}},
{"type":"Feature","geometry":{"type":"LineString","coordinates":[[-13.08867,8.26277],[-13.08854,8.2631],[-13.08854,8.26327],[-13.08846,8.26331]]},"properties":{"id":307935058,"cls":"service","hw":"service","tg":"na","name":"","ref":"","surface":"","sc":"unknown","speed":null,"lit":"unk","km":0.068}},
{"type":"Feature","geometry":{"type":"LineString","coordinates":[[-13.08571,8.25615],[-13.08549,8.25612],[-13.08524,8.25601],[-13.08498,8.25578],[-13.08481,8.25574]]},"properties":{"id":307935059,"cls":"service","hw":"service","tg":"na","name":"","ref":"","surface":"unpaved","sc":"unpaved","speed":null,"lit":"unk","km":0.112}},
{"type":"Feature","geometry":{"type":"LineString","coordinates":[[-13.08849,8.26369],[-13.08864,8.26369],[-13.08877,8.26389],[-13.08879,8.26407],[-13.08872,8.26443],[-13.0886,8.26478]]},"properties":{"id":307935063,"cls":"service","hw":"service","tg":"na","name":"","ref":"","surface":"unpaved","sc":"unpaved","speed":null,"lit":"unk","km":0.145}},
{"type":"Feature","geometry":{"type":"LineString","coordinates":[[-13.08674,8.25799],[-13.08655,8.25815]]},"properties":{"id":307940403,"cls":"service","hw":"service","tg":"na","name":"","ref":"","surface":"unpaved","sc":"unpaved","speed":null,"lit":"unk","km":0.027}},
{"type":"Feature","geometry":{"type":"LineString","coordinates":[[-13.08795,8.27215],[-13.08807,8.27218],[-13.08812,8.27222],[-13.08814,8.27228]]},"properties":{"id":307940418,"cls":"service","hw":"service","tg":"na","name":"","ref":"","surface":"unpaved","sc":"unpaved","speed":null,"lit":"unk","km":0.028}},
{"type":"Feature","geometry":{"type":"LineString","coordinates":[[-13.07967,8.28815],[-13.07957,8.28822],[-13.07947,8.28835],[-13.07944,8.28845]]},"properties":{"id":307943149,"cls":"service","hw":"service","tg":"na","name":"","ref":"","surface":"","sc":"unknown","speed":null,"lit":"unk","km":0.043}},
{"type":"Feature","geometry":{"type":"LineString","coordinates":[[-13.19069,8.64804],[-13.19086,8.64818],[-13.19132,8.64848]]},"properties":{"id":307964549,"cls":"service","hw":"service","tg":"na","name":"","ref":"","surface":"","sc":"unknown","speed":null,"lit":"unk","km":0.085}},
{"type":"Feature","geometry":{"type":"LineString","coordinates":[[-12.84866,8.68083],[-12.84874,8.68072],[-12.84886,8.68049],[-12.84889,8.68038],[-12.84891,8.68028],[-12.84893,8.68016],[-12.84896,8.68]]},"properties":{"id":307969720,"cls":"service","hw":"service","tg":"na","name":"","ref":"","surface":"","sc":"unknown","speed":null,"lit":"unk","km":0.099}},
{"type":"Feature","geometry":{"type":"LineString","coordinates":[[-13.18145,8.47529],[-13.18157,8.47525],[-13.18167,8.47517],[-13.18158,8.4749],[-13.1816,8.47485],[-13.18169,8.47466],[-13.18187,8.47442],[-13.18196,8.47428],[-13.18197,8.47423],[-13.18192,8.47386]]},"properties":{"id":308058773,"cls":"service","hw":"service","tg":"na","name":"","ref":"","surface":"","sc":"unknown","speed":null,"lit":"unk","km":0.188}},
{"type":"Feature","geometry":{"type":"LineString","coordinates":[[-13.18053,8.47131],[-13.18067,8.47106],[-13.1808,8.47083]]},"properties":{"id":308058775,"cls":"service","hw":"service","tg":"na","name":"","ref":"","surface":"","sc":"unknown","speed":null,"lit":"unk","km":0.061}},
{"type":"Feature","geometry":{"type":"LineString","coordinates":[[-13.18199,8.47237],[-13.18175,8.47271],[-13.18142,8.4733],[-13.18136,8.47334],[-13.18129,8.47335],[-13.18106,8.47324]]},"properties":{"id":308058776,"cls":"service","hw":"service","tg":"na","name":"","ref":"","surface":"","sc":"unknown","speed":null,"lit":"unk","km":0.165}},
{"type":"Feature","geometry":{"type":"LineString","coordinates":[[-13.18006,8.47284],[-13.18012,8.47272],[-13.18019,8.47259],[-13.18024,8.47248],[-13.18038,8.47222],[-13.18052,8.47199]]},"properties":{"id":308058777,"cls":"service","hw":"service","tg":"na","name":"","ref":"","surface":"","sc":"unknown","speed":null,"lit":"unk","km":0.107}},
{"type":"Feature","geometry":{"type":"LineString","coordinates":[[-13.18175,8.47201],[-13.18149,8.47185],[-13.18123,8.4717],[-13.18053,8.47131]]},"properties":{"id":308058779,"cls":"service","hw":"service","tg":"na","name":"","ref":"","surface":"","sc":"unknown","speed":null,"lit":"unk","km":0.155}},
{"type":"Feature","geometry":{"type":"LineString","coordinates":[[-13.18043,8.47306],[-13.18123,8.4717]]},"properties":{"id":308058780,"cls":"service","hw":"service","tg":"na","name":"","ref":"","surface":"","sc":"unknown","speed":null,"lit":"unk","km":0.175}},
{"type":"Feature","geometry":{"type":"LineString","coordinates":[[-13.18516,8.6085],[-13.18494,8.60805],[-13.18442,8.60761],[-13.1843,8.60776]]},"properties":{"id":308165839,"cls":"service","hw":"service","tg":"na","name":"","ref":"","surface":"","sc":"unknown","speed":null,"lit":"unk","km":0.152}},
{"type":"Feature","geometry":{"type":"LineString","coordinates":[[-13.07143,8.30633],[-13.07099,8.30696]]},"properties":{"id":308196283,"cls":"service","hw":"service","tg":"na","name":"","ref":"","surface":"","sc":"unknown","speed":null,"lit":"unk","km":0.085}},
{"type":"Feature","geometry":{"type":"LineString","coordinates":[[-13.2063,8.47864],[-13.20608,8.47864],[-13.206,8.47868],[-13.20593,8.47872],[-13.20575,8.47882],[-13.20574,8.47883],[-13.20567,8.47886],[-13.20566,8.47887],[-13.2056,8.47889],[-13.2047,8.47902]]},"properties":{"id":308205470,"cls":"service","hw":"service","tg":"na","name":"","ref":"","surface":"","sc":"unknown","speed":null,"lit":"unk","km":0.184}},
{"type":"Feature","geometry":{"type":"LineString","coordinates":[[-12.3849,7.80333],[-12.38478,7.80358]]},"properties":{"id":308279081,"cls":"service","hw":"service","tg":"na","name":"","ref":"","surface":"","sc":"unknown","speed":null,"lit":"unk","km":0.031}},
{"type":"Feature","geometry":{"type":"LineString","coordinates":[[-12.38717,7.80145],[-12.3872,7.80112],[-12.38726,7.80093]]},"properties":{"id":308279082,"cls":"service","hw":"service","tg":"na","name":"","ref":"","surface":"","sc":"unknown","speed":null,"lit":"unk","km":0.059}},
{"type":"Feature","geometry":{"type":"LineString","coordinates":[[-12.38442,7.80656],[-12.3848,7.80594],[-12.38496,7.80581]]},"properties":{"id":308279084,"cls":"service","hw":"service","tg":"na","name":"","ref":"","surface":"","sc":"unknown","speed":null,"lit":"unk","km":0.103}},
{"type":"Feature","geometry":{"type":"LineString","coordinates":[[-12.38167,7.80915],[-12.38201,7.80882],[-12.38218,7.809],[-12.38225,7.80958],[-12.38223,7.80977]]},"properties":{"id":308279087,"cls":"service","hw":"service","tg":"na","name":"","ref":"","surface":"","sc":"unknown","speed":null,"lit":"unk","km":0.166}},
{"type":"Feature","geometry":{"type":"LineString","coordinates":[[-12.38246,7.80893],[-12.38218,7.809]]},"properties":{"id":308279089,"cls":"service","hw":"service","tg":"na","name":"","ref":"","surface":"","sc":"unknown","speed":null,"lit":"unk","km":0.032}},
{"type":"Feature","geometry":{"type":"LineString","coordinates":[[-12.38218,7.809],[-12.38221,7.80868]]},"properties":{"id":308279091,"cls":"service","hw":"service","tg":"na","name":"","ref":"","surface":"","sc":"unknown","speed":null,"lit":"unk","km":0.036}},
{"type":"Feature","geometry":{"type":"LineString","coordinates":[[-12.38201,7.80882],[-12.382,7.80835],[-12.38111,7.80744]]},"properties":{"id":308279092,"cls":"service","hw":"service","tg":"na","name":"","ref":"","surface":"","sc":"unknown","speed":null,"lit":"unk","km":0.193}},
{"type":"Feature","geometry":{"type":"LineString","coordinates":[[-12.38223,7.80977],[-12.38249,7.81002],[-12.38289,7.81022]]},"properties":{"id":308279093,"cls":"service","hw":"service","tg":"na","name":"","ref":"","surface":"","sc":"unknown","speed":null,"lit":"unk","km":0.089}},
{"type":"Feature","geometry":{"type":"LineString","coordinates":[[-12.38114,7.80951],[-12.38011,7.81021]]},"properties":{"id":308279094,"cls":"service","hw":"service","tg":"na","name":"","ref":"","surface":"","sc":"unknown","speed":null,"lit":"unk","km":0.138}},
{"type":"Feature","geometry":{"type":"LineString","coordinates":[[-12.37302,7.80885],[-12.37247,7.80915],[-12.37222,7.80934],[-12.37215,7.80949],[-12.37192,7.80964],[-12.37171,7.80964],[-12.3715,7.80977],[-12.37076,7.80975],[-12.37028,7.80998],[-12.37022,7.81006],[-12.37012,7.81011],[-12.37008,7.81022],[-12.36986,7.81041],[-12.36974,7.81057],[-12.36953,7.81077],[-12.36934,7.81104],[-12.36922,7.81108],[-12.36907,7.81104],[-12.36884,7.81111],[-12.36859,7.81105]]},"properties":{"id":308279099,"cls":"service","hw":"service","tg":"na","name":"","ref":"","surface":"","sc":"unknown","speed":null,"lit":"unk","km":0.589}},
{"type":"Feature","geometry":{"type":"LineString","coordinates":[[-12.36859,7.81105],[-12.36823,7.8112],[-12.36811,7.81116],[-12.368,7.81121],[-12.36787,7.81121],[-12.36778,7.81127],[-12.36768,7.81127],[-12.36747,7.81138],[-12.36723,7.81143],[-12.36706,7.81146],[-12.36696,7.81136],[-12.36675,7.81134],[-12.36651,7.81155],[-12.36623,7.81164],[-12.36569,7.81186]]},"properties":{"id":308279100,"cls":"service","hw":"service","tg":"na","name":"","ref":"","surface":"","sc":"unknown","speed":null,"lit":"unk","km":0.351}},
{"type":"Feature","geometry":{"type":"LineString","coordinates":[[-12.05465,7.50238],[-12.05093,7.501],[-12.04864,7.50026]]},"properties":{"id":308281365,"cls":"service","hw":"service","tg":"na","name":"","ref":"","surface":"","sc":"unknown","speed":null,"lit":"unk","km":0.703}},
{"type":"Feature","geometry":{"type":"LineString","coordinates":[[-13.07874,8.29951],[-13.07892,8.29946],[-13.07901,8.29945],[-13.07908,8.29955],[-13.0791,8.29967],[-13.07914,8.29983],[-13.07918,8.29992],[-13.07924,8.30002],[-13.0793,8.30005]]},"properties":{"id":308363549,"cls":"service","hw":"service","tg":"na","name":"","ref":"","surface":"","sc":"unknown","speed":null,"lit":"unk","km":0.107}},
{"type":"Feature","geometry":{"type":"LineString","coordinates":[[-13.18259,8.4718],[-13.1825,8.47183],[-13.18244,8.47187],[-13.18243,8.4722],[-13.1824,8.47266]]},"properties":{"id":308375327,"cls":"service","hw":"service","tg":"na","name":"","ref":"","surface":"","sc":"unknown","speed":null,"lit":"unk","km":0.106}},
{"type":"Feature","geometry":{"type":"LineString","coordinates":[[-13.22964,8.44601],[-13.22971,8.44582]]},"properties":{"id":308406362,"cls":"service","hw":"service","tg":"na","name":"","ref":"","surface":"","sc":"unknown","speed":null,"lit":"unk","km":0.022}},
{"type":"Feature","geometry":{"type":"LineString","coordinates":[[-13.24552,8.3889],[-13.24561,8.38889],[-13.24581,8.38895],[-13.24607,8.38897],[-13.24624,8.38893],[-13.24635,8.38891],[-13.24647,8.3889],[-13.24655,8.38891],[-13.24663,8.38897],[-13.24677,8.3891]]},"properties":{"id":308411453,"cls":"service","hw":"service","tg":"na","name":"","ref":"","surface":"","sc":"unknown","speed":null,"lit":"unk","km":0.147}},
{"type":"Feature","geometry":{"type":"LineString","coordinates":[[-12.22289,9.67488],[-12.22305,9.67494],[-12.22313,9.67517],[-12.2233,9.67534],[-12.22351,9.6755],[-12.22353,9.6756],[-12.22376,9.67568]]},"properties":{"id":308447613,"cls":"service","hw":"service","tg":"na","name":"","ref":"","surface":"unpaved","sc":"unpaved","speed":null,"lit":"unk","km":0.14}},
{"type":"Feature","geometry":{"type":"LineString","coordinates":[[-12.2672,9.69251],[-12.26711,9.69254],[-12.26703,9.69248],[-12.26694,9.69238],[-12.26686,9.69236],[-12.26684,9.69225],[-12.26702,9.69219],[-12.26738,9.69218]]},"properties":{"id":308447614,"cls":"service","hw":"service","tg":"na","name":"","ref":"","surface":"","sc":"unknown","speed":null,"lit":"unk","km":0.118}},
{"type":"Feature","geometry":{"type":"LineString","coordinates":[[-12.43388,8.1596],[-12.43382,8.15983],[-12.43384,8.1599]]},"properties":{"id":308453571,"cls":"service","hw":"service","tg":"na","name":"","ref":"","surface":"","sc":"unknown","speed":null,"lit":"unk","km":0.035}},
{"type":"Feature","geometry":{"type":"LineString","coordinates":[[-12.43416,8.15967],[-12.43411,8.15979],[-12.434,8.15986],[-12.43384,8.1599],[-12.43379,8.16011],[-12.43379,8.16015]]},"properties":{"id":308453572,"cls":"service","hw":"service","tg":"na","name":"","ref":"","surface":"","sc":"unknown","speed":null,"lit":"unk","km":0.075}},
{"type":"Feature","geometry":{"type":"LineString","coordinates":[[-13.22596,8.48687],[-13.22585,8.48735],[-13.22581,8.48756],[-13.22573,8.4878]]},"properties":{"id":308453869,"cls":"service","hw":"service","tg":"na","name":"","ref":"","surface":"","sc":"unknown","speed":null,"lit":"unk","km":0.107}},
{"type":"Feature","geometry":{"type":"LineString","coordinates":[[-12.03681,8.84168],[-12.03663,8.84172],[-12.03635,8.8418]]},"properties":{"id":308466824,"cls":"service","hw":"service","tg":"na","name":"","ref":"","surface":"dirt","sc":"unpaved","speed":null,"lit":"unk","km":0.052}},
{"type":"Feature","geometry":{"type":"LineString","coordinates":[[-13.19142,8.47162],[-13.19128,8.47154],[-13.19106,8.47147],[-13.19065,8.47138],[-13.19062,8.47135],[-13.19038,8.47129],[-13.19029,8.47127],[-13.19025,8.4712],[-13.19027,8.47114],[-13.19029,8.47108],[-13.19032,8.47102],[-13.19041,8.47088],[-13.19058,8.47065]]},"properties":{"id":308500773,"cls":"service","hw":"service","tg":"na","name":"","ref":"","surface":"","sc":"unknown","speed":null,"lit":"unk","km":0.212}},
{"type":"Feature","geometry":{"type":"LineString","coordinates":[[-12.4252,8.16587],[-12.42505,8.16617],[-12.42497,8.16641]]},"properties":{"id":308519963,"cls":"service","hw":"service","tg":"na","name":"","ref":"","surface":"","sc":"unknown","speed":null,"lit":"unk","km":0.065}},
{"type":"Feature","geometry":{"type":"LineString","coordinates":[[-12.42419,8.16505],[-12.42414,8.16494],[-12.42407,8.1649]]},"properties":{"id":308522156,"cls":"service","hw":"service","tg":"na","name":"","ref":"","surface":"","sc":"unknown","speed":null,"lit":"unk","km":0.022}},
{"type":"Feature","geometry":{"type":"LineString","coordinates":[[-13.16437,8.58637],[-13.16477,8.58626]]},"properties":{"id":308544863,"cls":"service","hw":"service","tg":"na","name":"","ref":"","surface":"","sc":"unknown","speed":null,"lit":"unk","km":0.046}},
{"type":"Feature","geometry":{"type":"LineString","coordinates":[[-13.1624,8.58535],[-13.16237,8.58539],[-13.16225,8.58539],[-13.1622,8.58543],[-13.16213,8.58546],[-13.16196,8.58548],[-13.16185,8.58548]]},"properties":{"id":308544910,"cls":"service","hw":"service","tg":"na","name":"","ref":"","surface":"","sc":"unknown","speed":null,"lit":"unk","km":0.065}},
{"type":"Feature","geometry":{"type":"LineString","coordinates":[[-13.1636,8.5946],[-13.16342,8.59458],[-13.16322,8.59454],[-13.16303,8.59449],[-13.16274,8.59455],[-13.16257,8.59457],[-13.16229,8.59456]]},"properties":{"id":308544911,"cls":"service","hw":"service","tg":"na","name":"","ref":"","surface":"","sc":"unknown","speed":null,"lit":"unk","km":0.146}},
{"type":"Feature","geometry":{"type":"LineString","coordinates":[[-12.30356,9.7176],[-12.30378,9.71758],[-12.30401,9.7177],[-12.30412,9.71786],[-12.3043,9.71804],[-12.30433,9.71827],[-12.30438,9.71846],[-12.30446,9.71867],[-12.30442,9.71887],[-12.30444,9.71904],[-12.30447,9.71924],[-12.3046,9.7193],[-12.3046,9.71943],[-12.3046,9.71959],[-12.30453,9.71976],[-12.30454,9.71993],[-12.30458,9.72001],[-12.30462,9.7202],[-12.30466,9.72036],[-12.30462,9.72049],[-12.30487,9.72058]]},"properties":{"id":308602338,"cls":"service","hw":"service","tg":"na","name":"","ref":"","surface":"","sc":"unknown","speed":null,"lit":"unk","km":0.42}},
{"type":"Feature","geometry":{"type":"LineString","coordinates":[[-12.25613,9.7571],[-12.25614,9.75718],[-12.25613,9.75725],[-12.25613,9.75732],[-12.25619,9.75737],[-12.25624,9.75741],[-12.25624,9.75748],[-12.25631,9.75755],[-12.25631,9.75758],[-12.25633,9.75762],[-12.25635,9.75764],[-12.25642,9.75766],[-12.2565,9.75769],[-12.25654,9.75773],[-12.25659,9.75775],[-12.25665,9.7578],[-12.25667,9.75788],[-12.25669,9.75793],[-12.25673,9.758],[-12.25674,9.75807],[-12.25678,9.75811]]},"properties":{"id":308609205,"cls":"service","hw":"service","tg":"na","name":"","ref":"","surface":"","sc":"unknown","speed":null,"lit":"unk","km":0.147}},
{"type":"Feature","geometry":{"type":"LineString","coordinates":[[-12.23786,9.76348],[-12.23759,9.76354],[-12.23738,9.76369],[-12.23707,9.76387],[-12.23679,9.76399],[-12.23656,9.76411],[-12.23645,9.7642],[-12.23631,9.76435],[-12.23616,9.76444],[-12.23604,9.76456],[-12.23596,9.76462],[-12.23583,9.76471],[-12.23569,9.76484],[-12.23558,9.76491],[-12.23545,9.76496],[-12.23526,9.76501],[-12.23503,9.76511],[-12.23485,9.76515],[-12.23477,9.76519],[-12.23456,9.76515],[-12.23442,9.76512],[-12.23432,9.76516],[-12.23414,9.76523],[-12.23398,9.76527],[-12.23383,9.76534],[-12.23359,9.76531],[-12.23342,9.76523],[-12.23319,9.76516],[-12.233,9.76515],[-12.23274,9.76519],[-12.23267,9.76525],[-12.2325,9.76538],[-12.23242,9.76548],[-12.23235,9.76553],[-12.23232,9.76563],[-12.23226,9.76569],[-12.23215,9.76576],[-12.23205,9.76582],[-12.23193,9.76588],[-12.23174,9.76591],[-12.23158,9.76592],[-12.23141,9.76596],[-12.23125,9.76595],[-12.23113,9.76596]]},"properties":{"id":308613451,"cls":"service","hw":"service","tg":"na","name":"","ref":"","surface":"","sc":"unknown","speed":null,"lit":"unk","km":0.835}},
{"type":"Feature","geometry":{"type":"LineString","coordinates":[[-12.23113,9.76596],[-12.23092,9.76602],[-12.23082,9.76615],[-12.23075,9.76635],[-12.23055,9.76647],[-12.23038,9.76657],[-12.2301,9.76665],[-12.22999,9.76678],[-12.22986,9.76688],[-12.22978,9.76692]]},"properties":{"id":308613513,"cls":"service","hw":"service","tg":"na","name":"","ref":"","surface":"","sc":"unknown","speed":null,"lit":"unk","km":0.192}},
{"type":"Feature","geometry":{"type":"LineString","coordinates":[[-12.23646,9.77428],[-12.23611,9.77434],[-12.23577,9.77448],[-12.23547,9.77453],[-12.23526,9.77455],[-12.23497,9.77462],[-12.23482,9.77468],[-12.23468,9.77475],[-12.23452,9.77478],[-12.23434,9.77479],[-12.23426,9.77479],[-12.23403,9.77489],[-12.23378,9.77498],[-12.23361,9.77507],[-12.23334,9.77514],[-12.23319,9.7752],[-12.23304,9.77526],[-12.23287,9.77533],[-12.23264,9.77533],[-12.23236,9.77529],[-12.23218,9.7752],[-12.23202,9.7752],[-12.23185,9.7751],[-12.23167,9.77494],[-12.23156,9.77483],[-12.23147,9.77473],[-12.23137,9.77462]]},"properties":{"id":308613641,"cls":"service","hw":"service","tg":"na","name":"","ref":"","surface":"","sc":"unknown","speed":null,"lit":"unk","km":0.606}},
{"type":"Feature","geometry":{"type":"LineString","coordinates":[[-12.23137,9.77462],[-12.23119,9.77442],[-12.23101,9.7743],[-12.23075,9.77421],[-12.23062,9.77413],[-12.23038,9.77405],[-12.23018,9.77394],[-12.22986,9.77377],[-12.22966,9.77362],[-12.22953,9.77352],[-12.22931,9.77344],[-12.22915,9.77338],[-12.22886,9.77333],[-12.2286,9.7734],[-12.22847,9.7734],[-12.22835,9.77321],[-12.22818,9.77307],[-12.22805,9.77295],[-12.22787,9.77285],[-12.22773,9.77275],[-12.22764,9.77259],[-12.22758,9.77253],[-12.22751,9.77248],[-12.22738,9.77236],[-12.22758,9.77253]]},"properties":{"id":308613704,"cls":"service","hw":"service","tg":"na","name":"","ref":"","surface":"","sc":"unknown","speed":null,"lit":"unk","km":0.557}},
{"type":"Feature","geometry":{"type":"LineString","coordinates":[[-12.22822,9.77147],[-12.22813,9.77127],[-12.22803,9.77115],[-12.22787,9.77099],[-12.22779,9.77092],[-12.22771,9.7709]]},"properties":{"id":308614039,"cls":"service","hw":"service","tg":"na","name":"","ref":"","surface":"","sc":"unknown","speed":null,"lit":"unk","km":0.087}},
{"type":"Feature","geometry":{"type":"LineString","coordinates":[[-12.22978,9.76692],[-12.22962,9.76705],[-12.22937,9.7672],[-12.22918,9.76732],[-12.229,9.7675],[-12.22887,9.76772],[-12.2287,9.76786],[-12.22853,9.76801],[-12.22845,9.76821],[-12.22825,9.76834],[-12.22815,9.76848],[-12.22801,9.76871],[-12.22788,9.76881],[-12.22775,9.76891],[-12.22768,9.76903],[-12.22756,9.76915]]},"properties":{"id":308614187,"cls":"service","hw":"service","tg":"na","name":"","ref":"","surface":"","sc":"unknown","speed":null,"lit":"unk","km":0.355}},
{"type":"Feature","geometry":{"type":"LineString","coordinates":[[-12.23786,9.76348],[-12.23806,9.7634],[-12.23844,9.76336],[-12.23863,9.76334],[-12.23883,9.76331],[-12.23904,9.76328],[-12.23914,9.76323],[-12.23921,9.76313],[-12.23929,9.763],[-12.23938,9.76299],[-12.23952,9.76297],[-12.23965,9.76298],[-12.23976,9.76301]]},"properties":{"id":308620864,"cls":"service","hw":"service","tg":"na","name":"","ref":"","surface":"","sc":"unknown","speed":null,"lit":"unk","km":0.227}},
{"type":"Feature","geometry":{"type":"LineString","coordinates":[[-12.42924,8.15694],[-12.42925,8.15684],[-12.42927,8.15658],[-12.42931,8.15637],[-12.42935,8.15619],[-12.42945,8.15583]]},"properties":{"id":308621510,"cls":"service","hw":"service","tg":"na","name":"","ref":"","surface":"","sc":"unknown","speed":null,"lit":"unk","km":0.126}},
{"type":"Feature","geometry":{"type":"LineString","coordinates":[[-12.3005,9.72481],[-12.30062,9.72451],[-12.30063,9.72441],[-12.30077,9.72436],[-12.30085,9.72431],[-12.30096,9.72423],[-12.30109,9.7242],[-12.3013,9.72417],[-12.30153,9.72415],[-12.3017,9.72408],[-12.30191,9.72404],[-12.30205,9.72401],[-12.30223,9.72398],[-12.3023,9.72392],[-12.30245,9.72387],[-12.30257,9.7238],[-12.30268,9.72377],[-12.30279,9.72371],[-12.30295,9.72369],[-12.30313,9.72368],[-12.30329,9.72367],[-12.30341,9.72361],[-12.30371,9.72372]]},"properties":{"id":308623053,"cls":"service","hw":"service","tg":"na","name":"","ref":"","surface":"","sc":"unknown","speed":null,"lit":"unk","km":0.405}},
{"type":"Feature","geometry":{"type":"LineString","coordinates":[[-12.44005,8.16203],[-12.44017,8.16208],[-12.44033,8.1621],[-12.44047,8.16213],[-12.44057,8.16217],[-12.44066,8.16228],[-12.44077,8.16244],[-12.44091,8.1625],[-12.44105,8.16261]]},"properties":{"id":308632568,"cls":"service","hw":"service","tg":"na","name":"","ref":"","surface":"","sc":"unknown","speed":null,"lit":"unk","km":0.133}},
{"type":"Feature","geometry":{"type":"LineString","coordinates":[[-12.44011,8.16093],[-12.43996,8.16095],[-12.43976,8.16103],[-12.43962,8.1611],[-12.43949,8.16121],[-12.43936,8.16136],[-12.43923,8.16145],[-12.43914,8.16148],[-12.43903,8.16155]]},"properties":{"id":308632569,"cls":"service","hw":"service","tg":"na","name":"","ref":"","surface":"","sc":"unknown","speed":null,"lit":"unk","km":0.141}},
{"type":"Feature","geometry":{"type":"LineString","coordinates":[[-12.43443,8.15003],[-12.43409,8.14951],[-12.43399,8.14939]]},"properties":{"id":308640221,"cls":"service","hw":"service","tg":"na","name":"","ref":"","surface":"","sc":"unknown","speed":null,"lit":"unk","km":0.086}},
{"type":"Feature","geometry":{"type":"LineString","coordinates":[[-12.44429,8.16376],[-12.44423,8.16297]]},"properties":{"id":308641269,"cls":"service","hw":"service","tg":"na","name":"","ref":"","surface":"unpaved","sc":"unpaved","speed":null,"lit":"unk","km":0.088}},
{"type":"Feature","geometry":{"type":"LineString","coordinates":[[-12.44639,8.16314],[-12.44635,8.16301],[-12.44626,8.16275]]},"properties":{"id":308641270,"cls":"service","hw":"service","tg":"na","name":"","ref":"","surface":"","sc":"unknown","speed":null,"lit":"unk","km":0.046}},
{"type":"Feature","geometry":{"type":"LineString","coordinates":[[-12.44531,8.1635],[-12.44524,8.1631]]},"properties":{"id":308641272,"cls":"service","hw":"service","tg":"na","name":"","ref":"","surface":"unpaved","sc":"unpaved","speed":null,"lit":"unk","km":0.045}},
{"type":"Feature","geometry":{"type":"LineString","coordinates":[[-12.03692,8.8931],[-12.03684,8.89297],[-12.03677,8.89289],[-12.03669,8.89284],[-12.03662,8.89282],[-12.03654,8.89283],[-12.03631,8.89286],[-12.03604,8.89285]]},"properties":{"id":308682038,"cls":"service","hw":"service","tg":"na","name":"","ref":"","surface":"","sc":"unknown","speed":null,"lit":"unk","km":0.111}},
{"type":"Feature","geometry":{"type":"LineString","coordinates":[[-12.03631,8.89235],[-12.03632,8.89228],[-12.03625,8.89216],[-12.03614,8.89201]]},"properties":{"id":308682040,"cls":"service","hw":"service","tg":"na","name":"","ref":"","surface":"","sc":"unknown","speed":null,"lit":"unk","km":0.044}},
{"type":"Feature","geometry":{"type":"LineString","coordinates":[[-12.03883,8.88369],[-12.03889,8.88314],[-12.03893,8.88307],[-12.039,8.88305],[-12.0395,8.88309]]},"properties":{"id":308682956,"cls":"service","hw":"service","tg":"na","name":"","ref":"","surface":"","sc":"unknown","speed":null,"lit":"unk","km":0.134}},
{"type":"Feature","geometry":{"type":"LineString","coordinates":[[-12.03876,8.88367],[-12.03886,8.8829],[-12.03885,8.88282],[-12.0388,8.88278],[-12.03853,8.88269]]},"properties":{"id":308682957,"cls":"service","hw":"service","tg":"na","name":"","ref":"","surface":"","sc":"unknown","speed":null,"lit":"unk","km":0.134}},
{"type":"Feature","geometry":{"type":"LineString","coordinates":[[-12.44796,8.16198],[-12.44784,8.16165],[-12.44776,8.1615],[-12.44768,8.16145],[-12.44761,8.16141],[-12.4476,8.16141]]},"properties":{"id":308684743,"cls":"service","hw":"service","tg":"na","name":"","ref":"","surface":"","sc":"unknown","speed":null,"lit":"unk","km":0.078}},
{"type":"Feature","geometry":{"type":"LineString","coordinates":[[-13.05243,8.32883],[-13.05232,8.3289],[-13.05072,8.32929]]},"properties":{"id":308697244,"cls":"service","hw":"service","tg":"na","name":"","ref":"","surface":"dirt","sc":"unpaved","speed":null,"lit":"unk","km":0.196}},
{"type":"Feature","geometry":{"type":"LineString","coordinates":[[-13.05252,8.32892],[-13.05243,8.329],[-13.05074,8.32941]]},"properties":{"id":308697245,"cls":"service","hw":"service","tg":"na","name":"","ref":"","surface":"dirt","sc":"unpaved","speed":null,"lit":"unk","km":0.205}},
{"type":"Feature","geometry":{"type":"LineString","coordinates":[[-12.81147,8.72028],[-12.81121,8.72042],[-12.81083,8.72063],[-12.81019,8.72095],[-12.80942,8.72123],[-12.80886,8.72137],[-12.80815,8.72142],[-12.8063,8.72144],[-12.80412,8.72132],[-12.80332,8.72119],[-12.8024,8.72094],[-12.80164,8.72073],[-12.80025,8.72031],[-12.79836,8.71987],[-12.79803,8.71984],[-12.79766,8.71984],[-12.79741,8.71987],[-12.79631,8.72024],[-12.79501,8.72081],[-12.79405,8.72117],[-12.79372,8.72125],[-12.7932,8.72136],[-12.79256,8.72142],[-12.79224,8.72142],[-12.79197,8.72136],[-12.79165,8.72125],[-12.79116,8.72097],[-12.7907,8.72062],[-12.79009,8.7201],[-12.78963,8.71975],[-12.78903,8.7193],[-12.78856,8.71887],[-12.78808,8.71854],[-12.78769,8.71831],[-12.78749,8.71823],[-12.7873,8.71815],[-12.78686,8.71807],[-12.78552,8.71791],[-12.78349,8.71778],[-12.78305,8.71778],[-12.78172,8.71775],[-12.78157,8.71776],[-12.7811,8.71778],[-12.77706,8.7181],[-12.77662,8.71813],[-12.77516,8.71822],[-12.77384,8.71827],[-12.77336,8.71825],[-12.77268,8.71816],[-12.77229,8.71807],[-12.77158,8.71793],[-12.77033,8.71767],[-12.76978,8.71761],[-12.76926,8.71763],[-12.76874,8.71768],[-12.76814,8.7178],[-12.76739,8.71801],[-12.76641,8.71833],[-12.76517,8.71875],[-12.764,8.71916],[-12.76268,8.71973],[-12.7611,8.72045],[-12.75843,8.72161],[-12.75704,8.72221],[-12.75683,8.72228],[-12.75569,8.72264],[-12.75566,8.72265],[-12.75079,8.72421],[-12.7495,8.72464],[-12.74865,8.72499],[-12.74708,8.72573],[-12.74658,8.7259],[-12.74623,8.72597],[-12.74586,8.72602],[-12.74528,8.72609],[-12.74376,8.72618],[-12.74332,8.72626],[-12.74319,8.72628],[-12.73978,8.72699],[-12.73766,8.72742],[-12.73607,8.72787],[-12.73479,8.72813],[-12.7332,8.72851],[-12.73179,8.7288],[-12.72947,8.72926],[-12.72801,8.72956],[-12.7274,8.72967],[-12.72713,8.72971],[-12.72674,8.72974],[-12.72647,8.72976],[-12.72619,8.72975],[-12.72592,8.72973],[-12.72558,8.72969],[-12.72535,8.72964],[-12.72509,8.72957],[-12.7248,8.72947],[-12.72446,8.72937],[-12.72309,8.72885],[-12.71972,8.72773],[-12.71962,8.72771],[-12.71919,8.7276],[-12.7186,8.72752],[-12.71774,8.72749],[-12.71522,8.72739],[-12.71266,8.72732],[-12.71217,8.72731],[-12.71082,8.72741],[-12.709,8.72755],[-12.70865,8.72755],[-12.7082,8.72756],[-12.70742,8.72752],[-12.70598,8.72745],[-12.70534,8.72742],[-12.69804,8.72706],[-12.69794,8.72707],[-12.6952,8.7271],[-12.69517,8.7271],[-12.69469,8.72707],[-12.6943,8.72694],[-12.69338,8.72638],[-12.69273,8.7259],[-12.69228,8.72571],[-12.69183,8.72557],[-12.6913,8.72549],[-12.69009,8.72531],[-12.6896,8.72523],[-12.68772,8.72472],[-12.68543,8.72412],[-12.68536,8.7241],[-12.68438,8.72381]]},"properties":{"id":308711741,"cls":"service","hw":"service","tg":"na","name":"Haul Road","ref":"","surface":"unpaved","sc":"unpaved","speed":null,"lit":"unk","km":14.5}},
{"type":"Feature","geometry":{"type":"LineString","coordinates":[[-12.81179,8.72009],[-12.81147,8.72028]]},"properties":{"id":308711743,"cls":"service","hw":"service","tg":"na","name":"","ref":"","surface":"unpaved","sc":"unpaved","speed":null,"lit":"unk","km":0.041}},
{"type":"Feature","geometry":{"type":"LineString","coordinates":[[-12.77148,8.74955],[-12.77125,8.75013]]},"properties":{"id":308725596,"cls":"service","hw":"service","tg":"na","name":"","ref":"","surface":"","sc":"unknown","speed":null,"lit":"unk","km":0.069}},
{"type":"Feature","geometry":{"type":"LineString","coordinates":[[-13.25977,8.4085],[-13.25974,8.40852]]},"properties":{"id":308726295,"cls":"service","hw":"service","tg":"na","name":"","ref":"","surface":"","sc":"unknown","speed":null,"lit":"unk","km":0.004}},
{"type":"Feature","geometry":{"type":"LineString","coordinates":[[-13.26132,8.40871],[-13.26035,8.40927],[-13.26031,8.40929]]},"properties":{"id":308726296,"cls":"service","hw":"service","tg":"na","name":"","ref":"","surface":"","sc":"unknown","speed":null,"lit":"unk","km":0.128}},
{"type":"Feature","geometry":{"type":"LineString","coordinates":[[-13.26031,8.40929],[-13.26024,8.40927],[-13.25977,8.4085],[-13.25963,8.40827]]},"properties":{"id":308726297,"cls":"service","hw":"service","tg":"na","name":"","ref":"","surface":"","sc":"unknown","speed":null,"lit":"unk","km":0.138}},
{"type":"Feature","geometry":{"type":"LineString","coordinates":[[-12.7778,8.75266],[-12.77777,8.75235],[-12.77779,8.75196]]},"properties":{"id":308730812,"cls":"service","hw":"service","tg":"na","name":"","ref":"","surface":"","sc":"unknown","speed":null,"lit":"unk","km":0.078}},
{"type":"Feature","geometry":{"type":"LineString","coordinates":[[-12.77435,8.77424],[-12.77436,8.77419],[-12.7744,8.77415],[-12.77558,8.77343]]},"properties":{"id":308732263,"cls":"service","hw":"service","tg":"na","name":"","ref":"","surface":"","sc":"unknown","speed":null,"lit":"unk","km":0.164}},
{"type":"Feature","geometry":{"type":"LineString","coordinates":[[-12.05711,8.89321],[-12.05712,8.89303],[-12.05714,8.8927],[-12.0572,8.89236],[-12.05724,8.89226],[-12.05733,8.89219],[-12.05754,8.89216],[-12.05819,8.89221],[-12.05839,8.89219],[-12.05847,8.89212],[-12.05856,8.89202],[-12.05881,8.89151]]},"properties":{"id":308740366,"cls":"service","hw":"service","tg":"na","name":"","ref":"","surface":"","sc":"unknown","speed":null,"lit":"unk","km":0.326}},
{"type":"Feature","geometry":{"type":"LineString","coordinates":[[-12.04337,8.90093],[-12.04291,8.90138],[-12.04282,8.90144],[-12.04204,8.90168],[-12.04184,8.90173]]},"properties":{"id":308742214,"cls":"service","hw":"service","tg":"na","name":"","ref":"","surface":"","sc":"unknown","speed":null,"lit":"unk","km":0.195}},
{"type":"Feature","geometry":{"type":"LineString","coordinates":[[-12.43962,8.15117],[-12.43955,8.1512],[-12.43945,8.15127],[-12.43941,8.1513],[-12.43935,8.15135],[-12.4393,8.15143],[-12.43923,8.15152],[-12.43918,8.15157],[-12.43914,8.15161],[-12.43909,8.15166]]},"properties":{"id":308751430,"cls":"service","hw":"service","tg":"na","name":"","ref":"","surface":"","sc":"unknown","speed":null,"lit":"unk","km":0.081}},
{"type":"Feature","geometry":{"type":"LineString","coordinates":[[-12.43673,8.15098],[-12.43657,8.15093],[-12.43634,8.15074]]},"properties":{"id":308751435,"cls":"service","hw":"service","tg":"na","name":"","ref":"","surface":"","sc":"unknown","speed":null,"lit":"unk","km":0.051}},
{"type":"Feature","geometry":{"type":"LineString","coordinates":[[-12.43887,8.15172],[-12.43909,8.15166],[-12.43922,8.1516],[-12.43929,8.15153],[-12.43935,8.15148],[-12.43939,8.15147]]},"properties":{"id":308751437,"cls":"service","hw":"service","tg":"na","name":"","ref":"","surface":"","sc":"unknown","speed":null,"lit":"unk","km":0.065}},
{"type":"Feature","geometry":{"type":"LineString","coordinates":[[-13.21153,8.48726],[-13.21182,8.48737],[-13.21196,8.48742]]},"properties":{"id":308802719,"cls":"service","hw":"service","tg":"na","name":"","ref":"","surface":"","sc":"unknown","speed":null,"lit":"unk","km":0.051}},
{"type":"Feature","geometry":{"type":"LineString","coordinates":[[-13.2127,8.48671],[-13.21288,8.48677],[-13.213,8.48681],[-13.21313,8.48687],[-13.21346,8.48704]]},"properties":{"id":308802720,"cls":"service","hw":"service","tg":"na","name":"","ref":"","surface":"","sc":"unknown","speed":null,"lit":"unk","km":0.092}},
{"type":"Feature","geometry":{"type":"LineString","coordinates":[[-12.45383,8.16137],[-12.45421,8.16146],[-12.4544,8.16149],[-12.45454,8.1615],[-12.4549,8.16147],[-12.45494,8.16147],[-12.45516,8.16141],[-12.4554,8.16132],[-12.45549,8.16129]]},"properties":{"id":308869162,"cls":"service","hw":"service","tg":"na","name":"","ref":"","surface":"","sc":"unknown","speed":null,"lit":"unk","km":0.188}},
{"type":"Feature","geometry":{"type":"LineString","coordinates":[[-13.03526,8.34022],[-13.03526,8.34037],[-13.03521,8.34053],[-13.03503,8.34075],[-13.03487,8.34084],[-13.03456,8.34089]]},"properties":{"id":309068201,"cls":"service","hw":"service","tg":"na","name":"","ref":"","surface":"","sc":"unknown","speed":null,"lit":"unk","km":0.122}},
{"type":"Feature","geometry":{"type":"LineString","coordinates":[[-13.0356,8.34092],[-13.0356,8.34062],[-13.03557,8.34044],[-13.0355,8.34035],[-13.03526,8.34022],[-13.03508,8.34012],[-13.03496,8.34004],[-13.03492,8.33999]]},"properties":{"id":309068202,"cls":"service","hw":"service","tg":"na","name":"","ref":"","surface":"","sc":"unknown","speed":null,"lit":"unk","km":0.142}},
{"type":"Feature","geometry":{"type":"LineString","coordinates":[[-13.03456,8.33606],[-13.03466,8.33607],[-13.0348,8.33609]]},"properties":{"id":309123676,"cls":"service","hw":"service","tg":"na","name":"","ref":"","surface":"","sc":"unknown","speed":null,"lit":"unk","km":0.027}},
{"type":"Feature","geometry":{"type":"LineString","coordinates":[[-13.08902,8.39667],[-13.08919,8.39685],[-13.08926,8.39698]]},"properties":{"id":309274784,"cls":"service","hw":"service","tg":"na","name":"Sheriff Drive","ref":"","surface":"","sc":"unknown","speed":null,"lit":"unk","km":0.044}},
{"type":"Feature","geometry":{"type":"LineString","coordinates":[[-13.12125,8.38785],[-13.12098,8.3882]]},"properties":{"id":309320304,"cls":"service","hw":"service","tg":"na","name":"","ref":"","surface":"","sc":"unknown","speed":null,"lit":"unk","km":0.049}},
{"type":"Feature","geometry":{"type":"LineString","coordinates":[[-13.13734,8.21345],[-13.13714,8.21347],[-13.13694,8.2135],[-13.13678,8.2134],[-13.13666,8.21325]]},"properties":{"id":309326351,"cls":"service","hw":"service","tg":"na","name":"","ref":"","surface":"","sc":"unknown","speed":null,"lit":"unk","km":0.086}},
{"type":"Feature","geometry":{"type":"LineString","coordinates":[[-13.13606,8.21201],[-13.13591,8.21222],[-13.13584,8.21233],[-13.13581,8.21243],[-13.1358,8.21247],[-13.13575,8.21251],[-13.13562,8.21254],[-13.13544,8.21259],[-13.13538,8.21261],[-13.1352,8.21267],[-13.13501,8.21274],[-13.13489,8.21284],[-13.13479,8.21294]]},"properties":{"id":309326353,"cls":"service","hw":"service","tg":"na","name":"","ref":"","surface":"","sc":"unknown","speed":null,"lit":"unk","km":0.185}},
{"type":"Feature","geometry":{"type":"LineString","coordinates":[[-13.13544,8.21259],[-13.13536,8.21267],[-13.13528,8.21275],[-13.13517,8.21279]]},"properties":{"id":309326355,"cls":"service","hw":"service","tg":"na","name":"","ref":"","surface":"","sc":"unknown","speed":null,"lit":"unk","km":0.038}},
{"type":"Feature","geometry":{"type":"LineString","coordinates":[[-13.05069,8.32905],[-13.05013,8.32915],[-13.04953,8.32928]]},"properties":{"id":309369434,"cls":"service","hw":"service","tg":"na","name":"","ref":"","surface":"","sc":"unknown","speed":null,"lit":"unk","km":0.13}},
{"type":"Feature","geometry":{"type":"LineString","coordinates":[[-13.05047,8.32935],[-13.05017,8.3294],[-13.04957,8.32952],[-13.04929,8.32957]]},"properties":{"id":309369436,"cls":"service","hw":"service","tg":"na","name":"","ref":"","surface":"","sc":"unknown","speed":null,"lit":"unk","km":0.132}},
{"type":"Feature","geometry":{"type":"LineString","coordinates":[[-13.05013,8.32915],[-13.05017,8.3294],[-13.05022,8.32962],[-13.05024,8.32979]]},"properties":{"id":309369437,"cls":"service","hw":"service","tg":"na","name":"","ref":"","surface":"","sc":"unknown","speed":null,"lit":"unk","km":0.072}},
{"type":"Feature","geometry":{"type":"LineString","coordinates":[[-13.0495,8.32905],[-13.04953,8.32928],[-13.04957,8.32952],[-13.04965,8.32993]]},"properties":{"id":309369438,"cls":"service","hw":"service","tg":"na","name":"","ref":"","surface":"","sc":"unknown","speed":null,"lit":"unk","km":0.099}},
{"type":"Feature","geometry":{"type":"LineString","coordinates":[[-13.04366,8.3336],[-13.04365,8.33336],[-13.04365,8.33325],[-13.04366,8.33317],[-13.04366,8.33311]]},"properties":{"id":309379066,"cls":"service","hw":"service","tg":"na","name":"","ref":"","surface":"unpaved","sc":"unpaved","speed":null,"lit":"unk","km":0.055}},
{"type":"Feature","geometry":{"type":"LineString","coordinates":[[-13.12551,8.37956],[-13.12527,8.37955],[-13.12499,8.37963],[-13.12478,8.37967],[-13.12455,8.37978]]},"properties":{"id":309433008,"cls":"service","hw":"service","tg":"na","name":"","ref":"","surface":"","sc":"unknown","speed":null,"lit":"unk","km":0.11}},
{"type":"Feature","geometry":{"type":"LineString","coordinates":[[-13.10698,8.38714],[-13.10703,8.38712],[-13.10743,8.38702]]},"properties":{"id":309548131,"cls":"service","hw":"service","tg":"na","name":"","ref":"","surface":"unpaved","sc":"unpaved","speed":null,"lit":"unk","km":0.051}},
{"type":"Feature","geometry":{"type":"LineString","coordinates":[[-12.05469,8.8863],[-12.05441,8.88647],[-12.0543,8.88656],[-12.05428,8.8866],[-12.0543,8.88668],[-12.05453,8.8872],[-12.05455,8.88731],[-12.05455,8.88743],[-12.05453,8.88771],[-12.05446,8.88787],[-12.05438,8.88799],[-12.05415,8.88824]]},"properties":{"id":309559958,"cls":"service","hw":"service","tg":"na","name":"","ref":"","surface":"","sc":"unknown","speed":null,"lit":"unk","km":0.259}},
{"type":"Feature","geometry":{"type":"LineString","coordinates":[[-12.05451,8.88852],[-12.05469,8.88835],[-12.05485,8.88819],[-12.055,8.88805],[-12.05529,8.88778],[-12.05547,8.88761],[-12.05563,8.88746],[-12.05573,8.88738]]},"properties":{"id":309559959,"cls":"service","hw":"service","tg":"na","name":"Saint Francis Road","ref":"","surface":"dirt","sc":"unpaved","speed":null,"lit":"unk","km":0.185}},
{"type":"Feature","geometry":{"type":"LineString","coordinates":[[-12.05726,8.88886],[-12.05723,8.88882],[-12.05693,8.88857],[-12.05685,8.8885],[-12.05663,8.88828],[-12.05621,8.88787],[-12.05592,8.88757],[-12.05573,8.88738]]},"properties":{"id":309559961,"cls":"service","hw":"service","tg":"na","name":"","ref":"","surface":"","sc":"unknown","speed":null,"lit":"unk","km":0.235}},
{"type":"Feature","geometry":{"type":"LineString","coordinates":[[-12.06204,8.89049],[-12.06195,8.89058],[-12.06162,8.89064],[-12.06108,8.89079],[-12.06104,8.89102]]},"properties":{"id":309564859,"cls":"service","hw":"service","tg":"na","name":"","ref":"","surface":"","sc":"unknown","speed":null,"lit":"unk","km":0.139}},
{"type":"Feature","geometry":{"type":"LineString","coordinates":[[-12.0594,8.88585],[-12.05898,8.88631],[-12.05827,8.88712],[-12.05764,8.88782],[-12.05732,8.88818],[-12.0573,8.8882],[-12.05707,8.88846],[-12.05693,8.88857]]},"properties":{"id":309574579,"cls":"service","hw":"service","tg":"na","name":"UNIMAK Avenue","ref":"","surface":"dirt","sc":"unpaved","speed":null,"lit":"unk","km":0.407}},
{"type":"Feature","geometry":{"type":"LineString","coordinates":[[-13.10771,8.37381],[-13.1078,8.37384],[-13.10801,8.37384],[-13.10806,8.37375],[-13.10801,8.37363],[-13.10796,8.37352],[-13.10789,8.37343]]},"properties":{"id":309585472,"cls":"service","hw":"service","tg":"na","name":"","ref":"","surface":"","sc":"unknown","speed":null,"lit":"unk","km":0.085}},
{"type":"Feature","geometry":{"type":"LineString","coordinates":[[-13.10682,8.37158],[-13.10696,8.37148],[-13.10708,8.37123],[-13.10748,8.37123],[-13.10792,8.37131],[-13.10813,8.37139],[-13.1083,8.37138],[-13.10837,8.37121]]},"properties":{"id":309585473,"cls":"service","hw":"service","tg":"na","name":"","ref":"","surface":"","sc":"unknown","speed":null,"lit":"unk","km":0.207}},
{"type":"Feature","geometry":{"type":"LineString","coordinates":[[-12.07927,8.87797],[-12.07934,8.87801],[-12.07968,8.87819],[-12.07985,8.87825],[-12.0803,8.87832]]},"properties":{"id":309592962,"cls":"service","hw":"service","tg":"na","name":"","ref":"","surface":"","sc":"unknown","speed":null,"lit":"unk","km":0.121}},
{"type":"Feature","geometry":{"type":"LineString","coordinates":[[-13.10497,8.37075],[-13.10558,8.37105],[-13.10576,8.37127],[-13.10574,8.37137],[-13.10562,8.37151]]},"properties":{"id":309733753,"cls":"service","hw":"service","tg":"na","name":"","ref":"","surface":"","sc":"unknown","speed":null,"lit":"unk","km":0.138}},
{"type":"Feature","geometry":{"type":"LineString","coordinates":[[-13.09778,8.37514],[-13.09781,8.3751],[-13.09785,8.37506],[-13.09789,8.37502],[-13.098,8.37491],[-13.09811,8.37478],[-13.0982,8.37467]]},"properties":{"id":309733754,"cls":"service","hw":"service","tg":"na","name":"Chinese Compound Road","ref":"","surface":"","sc":"unknown","speed":null,"lit":"unk","km":0.07}},
{"type":"Feature","geometry":{"type":"LineString","coordinates":[[-12.04906,8.86915],[-12.04895,8.86912],[-12.04862,8.86907],[-12.04843,8.86903],[-12.0482,8.86903],[-12.04813,8.86903],[-12.04806,8.86896],[-12.04783,8.8688],[-12.04781,8.86876],[-12.04776,8.86873],[-12.04772,8.86872],[-12.04766,8.86873],[-12.0476,8.86877],[-12.04752,8.86882],[-12.04731,8.86898],[-12.04728,8.86901],[-12.04712,8.86912],[-12.04709,8.86917],[-12.04707,8.86921],[-12.0471,8.86927],[-12.04719,8.86935],[-12.04728,8.86941],[-12.04734,8.86946],[-12.0474,8.8695],[-12.04744,8.86951],[-12.04745,8.86951],[-12.04753,8.86957],[-12.04756,8.86957],[-12.04758,8.86944],[-12.04757,8.86942],[-12.04756,8.86936],[-12.04751,8.86933],[-12.04744,8.86926],[-12.04733,8.86907],[-12.04731,8.86898]]},"properties":{"id":309747304,"cls":"service","hw":"service","tg":"na","name":"","ref":"","surface":"","sc":"unknown","speed":null,"lit":"unk","km":0.398}},
{"type":"Feature","geometry":{"type":"LineString","coordinates":[[-12.05304,8.87881],[-12.0531,8.87867],[-12.05313,8.8786],[-12.05322,8.87844]]},"properties":{"id":309754090,"cls":"service","hw":"service","tg":"na","name":"","ref":"","surface":"","sc":"unknown","speed":null,"lit":"unk","km":0.046}},
{"type":"Feature","geometry":{"type":"LineString","coordinates":[[-12.05328,8.87727],[-12.05331,8.87717],[-12.05335,8.87699],[-12.05338,8.87683],[-12.0534,8.87669],[-12.05341,8.87653],[-12.05341,8.87645],[-12.05344,8.87634]]},"properties":{"id":309760900,"cls":"service","hw":"service","tg":"na","name":"","ref":"","surface":"","sc":"unknown","speed":null,"lit":"unk","km":0.105}},
{"type":"Feature","geometry":{"type":"LineString","coordinates":[[-12.05476,8.87802],[-12.05484,8.87789],[-12.05504,8.87757],[-12.05516,8.87734],[-12.05517,8.87723],[-12.05515,8.87716],[-12.05505,8.87706],[-12.05496,8.87703]]},"properties":{"id":309766299,"cls":"service","hw":"service","tg":"na","name":"","ref":"","surface":"","sc":"unknown","speed":null,"lit":"unk","km":0.134}},
{"type":"Feature","geometry":{"type":"LineString","coordinates":[[-12.05519,8.87823],[-12.05533,8.87809],[-12.05565,8.87776]]},"properties":{"id":309766300,"cls":"service","hw":"service","tg":"na","name":"","ref":"","surface":"","sc":"unknown","speed":null,"lit":"unk","km":0.073}},
{"type":"Feature","geometry":{"type":"LineString","coordinates":[[-12.04921,8.87133],[-12.04918,8.87136],[-12.0491,8.87142],[-12.04904,8.87146],[-12.04891,8.87151],[-12.04878,8.87152],[-12.04867,8.87154],[-12.0485,8.87156],[-12.04834,8.87158]]},"properties":{"id":309766339,"cls":"service","hw":"service","tg":"na","name":"","ref":"","surface":"","sc":"unknown","speed":null,"lit":"unk","km":0.102}},
{"type":"Feature","geometry":{"type":"LineString","coordinates":[[-12.04904,8.87146],[-12.04891,8.87165]]},"properties":{"id":309766341,"cls":"service","hw":"service","tg":"na","name":"","ref":"","surface":"","sc":"unknown","speed":null,"lit":"unk","km":0.026}},
{"type":"Feature","geometry":{"type":"LineString","coordinates":[[-12.05633,8.87155],[-12.05623,8.87255],[-12.05625,8.8726]]},"properties":{"id":309766342,"cls":"service","hw":"service","tg":"na","name":"","ref":"","surface":"","sc":"unknown","speed":null,"lit":"unk","km":0.118}},
{"type":"Feature","geometry":{"type":"LineString","coordinates":[[-12.05633,8.87155],[-12.05637,8.87127],[-12.05641,8.87093],[-12.05645,8.87069],[-12.05649,8.87047]]},"properties":{"id":309766343,"cls":"service","hw":"service","tg":"na","name":"","ref":"","surface":"","sc":"unknown","speed":null,"lit":"unk","km":0.121}},
{"type":"Feature","geometry":{"type":"LineString","coordinates":[[-12.05625,8.8726],[-12.05629,8.87261],[-12.05643,8.87264],[-12.05656,8.87265],[-12.05673,8.87266]]},"properties":{"id":309766344,"cls":"service","hw":"service","tg":"na","name":"","ref":"","surface":"","sc":"unknown","speed":null,"lit":"unk","km":0.053}},
{"type":"Feature","geometry":{"type":"LineString","coordinates":[[-13.14848,8.51879],[-13.14857,8.51883]]},"properties":{"id":309788784,"cls":"service","hw":"service","tg":"na","name":"","ref":"","surface":"","sc":"unknown","speed":null,"lit":"unk","km":0.011}},
{"type":"Feature","geometry":{"type":"LineString","coordinates":[[-13.1483,8.5191],[-13.14834,8.51906],[-13.14841,8.51891],[-13.14846,8.51883],[-13.14848,8.51879],[-13.14848,8.51874],[-13.14848,8.51868],[-13.1485,8.51865],[-13.14853,8.51862]]},"properties":{"id":309788786,"cls":"service","hw":"service","tg":"na","name":"","ref":"","surface":"","sc":"unknown","speed":null,"lit":"unk","km":0.061}},
{"type":"Feature","geometry":{"type":"LineString","coordinates":[[-13.14735,8.52332],[-13.1475,8.52332],[-13.14761,8.52333]]},"properties":{"id":309806660,"cls":"service","hw":"service","tg":"na","name":"","ref":"","surface":"","sc":"unknown","speed":null,"lit":"unk","km":0.029}},
{"type":"Feature","geometry":{"type":"LineString","coordinates":[[-13.20615,8.48987],[-13.20617,8.48987],[-13.20623,8.48988],[-13.20629,8.48988]]},"properties":{"id":309946997,"cls":"service","hw":"service","tg":"na","name":"","ref":"","surface":"","sc":"unknown","speed":null,"lit":"unk","km":0.015}},
{"type":"Feature","geometry":{"type":"LineString","coordinates":[[-11.1185,7.4447],[-11.11827,7.44439]]},"properties":{"id":309987262,"cls":"service","hw":"service","tg":"na","name":"","ref":"","surface":"","sc":"unknown","speed":null,"lit":"unk","km":0.043}},
{"type":"Feature","geometry":{"type":"LineString","coordinates":[[-13.09818,8.21692],[-13.09804,8.21668],[-13.0978,8.21641]]},"properties":{"id":310338981,"cls":"service","hw":"service","tg":"na","name":"","ref":"","surface":"","sc":"unknown","speed":null,"lit":"unk","km":0.071}},
{"type":"Feature","geometry":{"type":"LineString","coordinates":[[-13.09838,8.21661],[-13.09814,8.21645],[-13.09808,8.21643],[-13.09793,8.21629],[-13.09791,8.21626],[-13.09783,8.21618],[-13.09775,8.21609],[-13.09768,8.21603]]},"properties":{"id":310338994,"cls":"service","hw":"service","tg":"na","name":"","ref":"","surface":"","sc":"unknown","speed":null,"lit":"unk","km":0.102}},
{"type":"Feature","geometry":{"type":"LineString","coordinates":[[-13.09734,8.2167],[-13.09742,8.21654],[-13.09748,8.21633],[-13.0975,8.21625],[-13.09756,8.21617],[-13.09759,8.21609],[-13.09768,8.21603]]},"properties":{"id":310338995,"cls":"service","hw":"service","tg":"na","name":"","ref":"","surface":"","sc":"unknown","speed":null,"lit":"unk","km":0.086}},
{"type":"Feature","geometry":{"type":"LineString","coordinates":[[-13.09768,8.21603],[-13.09752,8.21595],[-13.09734,8.21589],[-13.0972,8.21585]]},"properties":{"id":310339010,"cls":"service","hw":"service","tg":"na","name":"","ref":"","surface":"","sc":"unknown","speed":null,"lit":"unk","km":0.057}},
{"type":"Feature","geometry":{"type":"LineString","coordinates":[[-13.0972,8.21585],[-13.09714,8.21592],[-13.09705,8.21605],[-13.09705,8.21606],[-13.09693,8.21627],[-13.09684,8.21648]]},"properties":{"id":310339018,"cls":"service","hw":"service","tg":"na","name":"","ref":"","surface":"","sc":"unknown","speed":null,"lit":"unk","km":0.081}},
{"type":"Feature","geometry":{"type":"LineString","coordinates":[[-13.09684,8.21648],[-13.09681,8.21651],[-13.09672,8.21662],[-13.09661,8.21675]]},"properties":{"id":310339032,"cls":"service","hw":"service","tg":"na","name":"","ref":"","surface":"","sc":"unknown","speed":null,"lit":"unk","km":0.039}},
{"type":"Feature","geometry":{"type":"LineString","coordinates":[[-13.09635,8.21658],[-13.09647,8.21639],[-13.09655,8.21626],[-13.09667,8.21615],[-13.09678,8.21599]]},"properties":{"id":310339043,"cls":"service","hw":"service","tg":"na","name":"","ref":"","surface":"","sc":"unknown","speed":null,"lit":"unk","km":0.081}},
{"type":"Feature","geometry":{"type":"LineString","coordinates":[[-13.09619,8.21647],[-13.09626,8.21635],[-13.0964,8.21612],[-13.09645,8.21604],[-13.09647,8.21603],[-13.09654,8.21591],[-13.09678,8.21599]]},"properties":{"id":310339044,"cls":"service","hw":"service","tg":"na","name":"","ref":"","surface":"","sc":"unknown","speed":null,"lit":"unk","km":0.101}},
{"type":"Feature","geometry":{"type":"LineString","coordinates":[[-13.09608,8.21637],[-13.09615,8.21624],[-13.09612,8.21617],[-13.09619,8.21604],[-13.09626,8.21594],[-13.09631,8.21587],[-13.09639,8.21576],[-13.09648,8.21582],[-13.09654,8.21591]]},"properties":{"id":310339045,"cls":"service","hw":"service","tg":"na","name":"","ref":"","surface":"","sc":"unknown","speed":null,"lit":"unk","km":0.103}},
{"type":"Feature","geometry":{"type":"LineString","coordinates":[[-13.09619,8.21604],[-13.09611,8.21597],[-13.09612,8.21592],[-13.09601,8.21585],[-13.09588,8.21576],[-13.09575,8.21567]]},"properties":{"id":310339046,"cls":"service","hw":"service","tg":"na","name":"","ref":"","surface":"","sc":"unknown","speed":null,"lit":"unk","km":0.067}},
{"type":"Feature","geometry":{"type":"LineString","coordinates":[[-13.09639,8.21576],[-13.09631,8.2157],[-13.09632,8.21567],[-13.09623,8.2156],[-13.09622,8.21555],[-13.0963,8.21537],[-13.0963,8.21526]]},"properties":{"id":310340935,"cls":"service","hw":"service","tg":"na","name":"","ref":"","surface":"","sc":"unknown","speed":null,"lit":"unk","km":0.067}},
{"type":"Feature","geometry":{"type":"LineString","coordinates":[[-13.09705,8.21606],[-13.09688,8.21598],[-13.09678,8.21599]]},"properties":{"id":310340944,"cls":"service","hw":"service","tg":"na","name":"","ref":"","surface":"","sc":"unknown","speed":null,"lit":"unk","km":0.032}},
{"type":"Feature","geometry":{"type":"LineString","coordinates":[[-13.09607,8.21504],[-13.09593,8.21496],[-13.09586,8.21483],[-13.09577,8.21478],[-13.09565,8.2147]]},"properties":{"id":310341021,"cls":"service","hw":"service","tg":"na","name":"","ref":"","surface":"","sc":"unknown","speed":null,"lit":"unk","km":0.061}},
{"type":"Feature","geometry":{"type":"LineString","coordinates":[[-13.09946,8.2165],[-13.09936,8.21671],[-13.09927,8.2169],[-13.09914,8.21722],[-13.09904,8.21748]]},"properties":{"id":310345854,"cls":"service","hw":"service","tg":"na","name":"","ref":"","surface":"","sc":"unknown","speed":null,"lit":"unk","km":0.118}},
{"type":"Feature","geometry":{"type":"LineString","coordinates":[[-13.09882,8.21607],[-13.09869,8.21597],[-13.0986,8.21591],[-13.09843,8.21589],[-13.09824,8.21591],[-13.09814,8.21592],[-13.09801,8.21605]]},"properties":{"id":310354373,"cls":"service","hw":"service","tg":"na","name":"","ref":"","surface":"","sc":"unknown","speed":null,"lit":"unk","km":0.101}},
{"type":"Feature","geometry":{"type":"LineString","coordinates":[[-13.27771,8.43124],[-13.27775,8.43105],[-13.27742,8.43089]]},"properties":{"id":310468416,"cls":"service","hw":"service","tg":"na","name":"","ref":"","surface":"unpaved","sc":"unpaved","speed":null,"lit":"unk","km":0.062}},
{"type":"Feature","geometry":{"type":"LineString","coordinates":[[-13.27781,8.42748],[-13.27781,8.42742],[-13.27782,8.42739],[-13.27783,8.42737],[-13.27785,8.42735],[-13.27788,8.42732],[-13.27789,8.4273],[-13.27789,8.42728],[-13.27787,8.42719]]},"properties":{"id":310475854,"cls":"service","hw":"service","tg":"na","name":"","ref":"","surface":"unpaved","sc":"unpaved","speed":null,"lit":"unk","km":0.035}},
{"type":"Feature","geometry":{"type":"LineString","coordinates":[[-13.14342,8.38797],[-13.14247,8.38874]]},"properties":{"id":310523341,"cls":"service","hw":"service","tg":"na","name":"","ref":"","surface":"","sc":"unknown","speed":null,"lit":"unk","km":0.135}},
{"type":"Feature","geometry":{"type":"LineString","coordinates":[[-13.26387,8.47988],[-13.26392,8.47966],[-13.26394,8.47962],[-13.26398,8.47961],[-13.26421,8.47956]]},"properties":{"id":310729792,"cls":"service","hw":"service","tg":"na","name":"","ref":"","surface":"","sc":"unknown","speed":null,"lit":"unk","km":0.06}},
{"type":"Feature","geometry":{"type":"LineString","coordinates":[[-13.27699,8.43388],[-13.27706,8.434]]},"properties":{"id":310750582,"cls":"service","hw":"service","tg":"na","name":"","ref":"","surface":"","sc":"unknown","speed":null,"lit":"unk","km":0.015}},
{"type":"Feature","geometry":{"type":"LineString","coordinates":[[-13.14295,8.38769],[-13.14239,8.38816],[-13.14232,8.38831],[-13.14222,8.38846],[-13.14218,8.38859],[-13.14216,8.38866]]},"properties":{"id":310754688,"cls":"service","hw":"service","tg":"na","name":"","ref":"","surface":"","sc":"unknown","speed":null,"lit":"unk","km":0.142}},
{"type":"Feature","geometry":{"type":"LineString","coordinates":[[-13.24034,8.47248],[-13.24036,8.4724],[-13.24034,8.47234],[-13.24028,8.47231],[-13.24022,8.47229],[-13.2401,8.47226],[-13.23989,8.47213],[-13.23972,8.47197],[-13.23958,8.47183],[-13.23942,8.47168]]},"properties":{"id":310813445,"cls":"service","hw":"service","tg":"na","name":"","ref":"","surface":"paved","sc":"paved","speed":null,"lit":"unk","km":0.143}},
{"type":"Feature","geometry":{"type":"LineString","coordinates":[[-13.24088,8.47111],[-13.24093,8.47112],[-13.24123,8.47102]]},"properties":{"id":310813446,"cls":"service","hw":"service","tg":"na","name":"","ref":"","surface":"paved","sc":"paved","speed":null,"lit":"unk","km":0.04}},
{"type":"Feature","geometry":{"type":"LineString","coordinates":[[-13.24088,8.47111],[-13.24089,8.47116],[-13.24092,8.47124],[-13.24096,8.47137],[-13.241,8.47158],[-13.24106,8.47182],[-13.24113,8.47207],[-13.24121,8.4724],[-13.24129,8.47265]]},"properties":{"id":310813449,"cls":"service","hw":"service","tg":"na","name":"","ref":"","surface":"paved","sc":"paved","speed":null,"lit":"unk","km":0.177}},
{"type":"Feature","geometry":{"type":"LineString","coordinates":[[-13.1498,8.39605],[-13.1505,8.39663]]},"properties":{"id":310845548,"cls":"service","hw":"service","tg":"na","name":"","ref":"","surface":"unpaved","sc":"unpaved","speed":null,"lit":"unk","km":0.1}},
{"type":"Feature","geometry":{"type":"LineString","coordinates":[[-13.14721,8.3872],[-13.14725,8.38709],[-13.14737,8.38687]]},"properties":{"id":310846925,"cls":"service","hw":"service","tg":"na","name":"","ref":"","surface":"unpaved","sc":"unpaved","speed":null,"lit":"unk","km":0.041}},
{"type":"Feature","geometry":{"type":"LineString","coordinates":[[-13.15682,8.39505],[-13.15707,8.39474],[-13.15716,8.39464],[-13.15724,8.39457]]},"properties":{"id":311160003,"cls":"service","hw":"service","tg":"na","name":"","ref":"","surface":"","sc":"unknown","speed":null,"lit":"unk","km":0.071}},
{"type":"Feature","geometry":{"type":"LineString","coordinates":[[-13.15713,8.39532],[-13.15682,8.39505],[-13.15625,8.39445],[-13.15616,8.39421],[-13.15598,8.39395],[-13.15589,8.39389]]},"properties":{"id":311160006,"cls":"service","hw":"service","tg":"na","name":"","ref":"","surface":"","sc":"unknown","speed":null,"lit":"unk","km":0.212}},
{"type":"Feature","geometry":{"type":"LineString","coordinates":[[-13.1574,8.395],[-13.15707,8.39474],[-13.15655,8.3943],[-13.15639,8.39417],[-13.15629,8.39414],[-13.15624,8.39416],[-13.15616,8.39421]]},"properties":{"id":311160009,"cls":"service","hw":"service","tg":"na","name":"","ref":"","surface":"","sc":"unknown","speed":null,"lit":"unk","km":0.172}},
{"type":"Feature","geometry":{"type":"LineString","coordinates":[[-13.15497,8.38712],[-13.1549,8.38711],[-13.15487,8.38709],[-13.15474,8.38696],[-13.15467,8.38693],[-13.1546,8.38692],[-13.15453,8.38692],[-13.1545,8.38692],[-13.15441,8.387]]},"properties":{"id":311336418,"cls":"service","hw":"service","tg":"na","name":"","ref":"","surface":"","sc":"unknown","speed":null,"lit":"unk","km":0.073}},
{"type":"Feature","geometry":{"type":"LineString","coordinates":[[-12.3938,8.47323],[-12.3941,8.4733],[-12.39438,8.47339],[-12.39483,8.47352],[-12.39508,8.4736],[-12.39512,8.47361],[-12.39522,8.4736],[-12.39528,8.47354],[-12.39547,8.47316],[-12.39565,8.47268],[-12.39592,8.47205]]},"properties":{"id":311341674,"cls":"service","hw":"service","tg":"na","name":"","ref":"","surface":"","sc":"unknown","speed":null,"lit":"unk","km":0.352}},
{"type":"Feature","geometry":{"type":"LineString","coordinates":[[-12.39508,8.4736],[-12.39545,8.47278]]},"properties":{"id":311341682,"cls":"service","hw":"service","tg":"na","name":"","ref":"","surface":"","sc":"unknown","speed":null,"lit":"unk","km":0.1}},
{"type":"Feature","geometry":{"type":"LineString","coordinates":[[-12.39438,8.47296],[-12.39416,8.47265],[-12.39367,8.4718],[-12.39356,8.47109],[-12.39358,8.47067],[-12.39372,8.47059],[-12.39408,8.47057],[-12.39446,8.4706],[-12.39484,8.47081]]},"properties":{"id":311341699,"cls":"service","hw":"service","tg":"na","name":"","ref":"","surface":"","sc":"unknown","speed":null,"lit":"unk","km":0.425}},
{"type":"Feature","geometry":{"type":"LineString","coordinates":[[-11.99286,8.94526],[-11.99297,8.94508],[-11.993,8.94493],[-11.99302,8.94481],[-11.99298,8.94457],[-11.99298,8.94441],[-11.99299,8.94419]]},"properties":{"id":311849609,"cls":"service","hw":"service","tg":"na","name":"","ref":"","surface":"","sc":"unknown","speed":null,"lit":"unk","km":0.123}},
{"type":"Feature","geometry":{"type":"LineString","coordinates":[[-11.9867,8.94646],[-11.98694,8.94643],[-11.9872,8.94646],[-11.98738,8.94639],[-11.98748,8.94641],[-11.98764,8.94642],[-11.9878,8.94642],[-11.98792,8.94636],[-11.98803,8.94634],[-11.98821,8.9463],[-11.98841,8.94627],[-11.98848,8.94623],[-11.98861,8.94615],[-11.98881,8.94616],[-11.98915,8.94617],[-11.98947,8.9462]]},"properties":{"id":311851263,"cls":"service","hw":"service","tg":"na","name":"","ref":"","surface":"","sc":"unknown","speed":null,"lit":"unk","km":0.313}},
{"type":"Feature","geometry":{"type":"LineString","coordinates":[[-13.06548,8.27174],[-13.06501,8.27154],[-13.06403,8.27128]]},"properties":{"id":312001387,"cls":"service","hw":"service","tg":"na","name":"","ref":"","surface":"","sc":"unknown","speed":null,"lit":"unk","km":0.168}},
{"type":"Feature","geometry":{"type":"LineString","coordinates":[[-13.15823,8.43034],[-13.15822,8.43026],[-13.15817,8.42995],[-13.15813,8.42992],[-13.15809,8.42992]]},"properties":{"id":312195278,"cls":"service","hw":"service","tg":"na","name":"","ref":"","surface":"unpaved","sc":"unpaved","speed":null,"lit":"unk","km":0.054}},
{"type":"Feature","geometry":{"type":"LineString","coordinates":[[-13.15989,8.43127],[-13.16001,8.43114],[-13.16021,8.431],[-13.16049,8.43078],[-13.16057,8.43072],[-13.16085,8.43052],[-13.16096,8.43045],[-13.16098,8.43039],[-13.16097,8.43025]]},"properties":{"id":312203104,"cls":"service","hw":"service","tg":"na","name":"","ref":"","surface":"unpaved","sc":"unpaved","speed":null,"lit":"unk","km":0.172}},
{"type":"Feature","geometry":{"type":"LineString","coordinates":[[-13.16304,8.445],[-13.16345,8.44465],[-13.16352,8.44464],[-13.16367,8.44479],[-13.16373,8.44477],[-13.16409,8.44444]]},"properties":{"id":312234157,"cls":"service","hw":"service","tg":"na","name":"","ref":"","surface":"paved","sc":"paved","speed":null,"lit":"unk","km":0.152}},
{"type":"Feature","geometry":{"type":"LineString","coordinates":[[-13.16401,8.44557],[-13.16394,8.44556],[-13.16386,8.44557],[-13.16375,8.44566],[-13.16369,8.44568],[-13.16363,8.44565],[-13.16304,8.445],[-13.1625,8.4444]]},"properties":{"id":312234158,"cls":"service","hw":"service","tg":"na","name":"","ref":"","surface":"paved","sc":"paved","speed":null,"lit":"unk","km":0.233}},
{"type":"Feature","geometry":{"type":"LineString","coordinates":[[-13.16346,8.44357],[-13.16291,8.44392],[-13.1625,8.4444],[-13.16241,8.44445],[-13.16226,8.44442],[-13.16215,8.44432],[-13.16189,8.44399]]},"properties":{"id":312234161,"cls":"service","hw":"service","tg":"na","name":"","ref":"","surface":"paved","sc":"paved","speed":null,"lit":"unk","km":0.233}},
{"type":"Feature","geometry":{"type":"LineString","coordinates":[[-13.16042,8.432],[-13.16043,8.43214],[-13.16044,8.43222],[-13.16046,8.43227],[-13.16051,8.43238]]},"properties":{"id":312274171,"cls":"service","hw":"service","tg":"na","name":"","ref":"","surface":"unpaved","sc":"unpaved","speed":null,"lit":"unk","km":0.044}},
{"type":"Feature","geometry":{"type":"LineString","coordinates":[[-13.16151,8.43466],[-13.16145,8.43469]]},"properties":{"id":312395029,"cls":"service","hw":"service","tg":"na","name":"","ref":"","surface":"unpaved","sc":"unpaved","speed":null,"lit":"unk","km":0.007}},
{"type":"Feature","geometry":{"type":"LineString","coordinates":[[-13.15602,8.43166],[-13.15657,8.43148],[-13.1567,8.43144]]},"properties":{"id":312395031,"cls":"service","hw":"service","tg":"na","name":"","ref":"","surface":"unpaved","sc":"unpaved","speed":null,"lit":"unk","km":0.079}},
{"type":"Feature","geometry":{"type":"LineString","coordinates":[[-12.83515,8.46124],[-12.83501,8.46117]]},"properties":{"id":312399320,"cls":"service","hw":"service","tg":"na","name":"","ref":"","surface":"","sc":"unknown","speed":null,"lit":"unk","km":0.017}},
{"type":"Feature","geometry":{"type":"LineString","coordinates":[[-13.17904,8.44306],[-13.17902,8.44328],[-13.17896,8.4435],[-13.17889,8.44367],[-13.17885,8.44378],[-13.17875,8.44408]]},"properties":{"id":312459256,"cls":"service","hw":"service","tg":"na","name":"","ref":"","surface":"","sc":"unknown","speed":null,"lit":"unk","km":0.118}},
{"type":"Feature","geometry":{"type":"LineString","coordinates":[[-12.229,8.68945],[-12.2298,8.68919],[-12.23108,8.68892],[-12.23279,8.68859],[-12.23427,8.68718],[-12.23537,8.68535],[-12.23674,8.68627],[-12.23853,8.6865],[-12.23996,8.68747],[-12.24077,8.6881],[-12.24083,8.68855],[-12.23994,8.68969],[-12.23901,8.69108],[-12.23772,8.69314],[-12.23685,8.6942],[-12.23655,8.69428],[-12.23494,8.6928],[-12.23383,8.69213],[-12.2326,8.69144],[-12.23172,8.69124],[-12.23073,8.6912],[-12.22999,8.69103],[-12.22983,8.69055]]},"properties":{"id":312555708,"cls":"service","hw":"service","tg":"na","name":"","ref":"","surface":"","sc":"unknown","speed":null,"lit":"unk","km":3.314}},
{"type":"Feature","geometry":{"type":"LineString","coordinates":[[-13.16118,8.43919],[-13.16115,8.43907],[-13.16112,8.43901],[-13.16106,8.43891],[-13.16101,8.43886]]},"properties":{"id":312919721,"cls":"service","hw":"service","tg":"na","name":"","ref":"","surface":"unpaved","sc":"unpaved","speed":null,"lit":"unk","km":0.042}},
{"type":"Feature","geometry":{"type":"LineString","coordinates":[[-11.08822,8.54257],[-11.08804,8.54231],[-11.08793,8.54208]]},"properties":{"id":313033280,"cls":"service","hw":"service","tg":"na","name":"","ref":"","surface":"unpaved","sc":"unpaved","speed":null,"lit":"unk","km":0.063}},
{"type":"Feature","geometry":{"type":"LineString","coordinates":[[-11.0887,8.54267],[-11.08855,8.54227],[-11.08881,8.54211],[-11.08898,8.54207]]},"properties":{"id":313033281,"cls":"service","hw":"service","tg":"na","name":"","ref":"","surface":"unpaved","sc":"unpaved","speed":null,"lit":"unk","km":0.1}},
{"type":"Feature","geometry":{"type":"LineString","coordinates":[[-11.08793,8.54208],[-11.08813,8.54202],[-11.08818,8.542],[-11.08833,8.54195],[-11.08869,8.54179],[-11.08876,8.54177],[-11.08883,8.54175],[-11.08891,8.5418],[-11.08894,8.54191]]},"properties":{"id":313033282,"cls":"service","hw":"service","tg":"na","name":"","ref":"","surface":"unpaved","sc":"unpaved","speed":null,"lit":"unk","km":0.129}},
{"type":"Feature","geometry":{"type":"LineString","coordinates":[[-11.08818,8.542],[-11.08804,8.54166],[-11.08863,8.54146],[-11.08876,8.54177]]},"properties":{"id":313033283,"cls":"service","hw":"service","tg":"na","name":"","ref":"","surface":"unpaved","sc":"unpaved","speed":null,"lit":"unk","km":0.147}},
{"type":"Feature","geometry":{"type":"LineString","coordinates":[[-11.09053,8.54416],[-11.0904,8.54402],[-11.09032,8.54393],[-11.09029,8.54415],[-11.0903,8.54429],[-11.09038,8.54442],[-11.09046,8.54451],[-11.09057,8.54451],[-11.09061,8.54451]]},"properties":{"id":313034876,"cls":"service","hw":"service","tg":"na","name":"","ref":"","surface":"unpaved","sc":"unpaved","speed":null,"lit":"unk","km":0.121}},
{"type":"Feature","geometry":{"type":"LineString","coordinates":[[-13.20723,8.62488],[-13.20722,8.62472],[-13.20747,8.62393],[-13.20755,8.62361],[-13.20761,8.62336],[-13.20787,8.62263],[-13.20801,8.6221]]},"properties":{"id":313057001,"cls":"service","hw":"service","tg":"na","name":"","ref":"","surface":"","sc":"unknown","speed":null,"lit":"unk","km":0.322}},
{"type":"Feature","geometry":{"type":"LineString","coordinates":[[-13.20787,8.62263],[-13.20764,8.62257],[-13.20732,8.62244],[-13.20694,8.6223],[-13.20674,8.62235]]},"properties":{"id":313057002,"cls":"service","hw":"service","tg":"na","name":"","ref":"","surface":"","sc":"unknown","speed":null,"lit":"unk","km":0.131}},
{"type":"Feature","geometry":{"type":"LineString","coordinates":[[-11.15611,8.60082],[-11.1562,8.60087],[-11.15632,8.60092],[-11.15645,8.60098],[-11.15669,8.6011],[-11.15692,8.60122],[-11.15706,8.60129],[-11.1572,8.60131],[-11.15733,8.6013],[-11.15741,8.60129],[-11.15758,8.60132],[-11.15767,8.60136],[-11.15774,8.60141],[-11.15789,8.60169],[-11.15792,8.60182],[-11.15793,8.60192],[-11.15791,8.60195],[-11.15784,8.60197],[-11.15776,8.60199],[-11.15765,8.60205],[-11.15754,8.60209],[-11.15752,8.60209]]},"properties":{"id":313309987,"cls":"service","hw":"service","tg":"na","name":"","ref":"","surface":"unpaved","sc":"unpaved","speed":null,"lit":"unk","km":0.306}},
{"type":"Feature","geometry":{"type":"LineString","coordinates":[[-11.15304,8.5975],[-11.15293,8.59773],[-11.15274,8.59796],[-11.15265,8.59801],[-11.15264,8.59802],[-11.15261,8.59801],[-11.15252,8.59801],[-11.15221,8.59788],[-11.15218,8.59786],[-11.1521,8.59794]]},"properties":{"id":313310762,"cls":"service","hw":"service","tg":"na","name":"","ref":"","surface":"unpaved","sc":"unpaved","speed":null,"lit":"unk","km":0.141}},
{"type":"Feature","geometry":{"type":"LineString","coordinates":[[-11.15697,8.59899],[-11.15712,8.5991],[-11.15722,8.5992],[-11.15738,8.59926],[-11.15748,8.59929],[-11.15759,8.59936],[-11.15767,8.59949],[-11.1578,8.59957],[-11.15807,8.59965],[-11.15829,8.59983],[-11.15834,8.59987],[-11.15844,8.5999],[-11.15863,8.59991],[-11.1588,8.59996],[-11.15889,8.60001],[-11.15895,8.60009],[-11.159,8.60022],[-11.15897,8.60038],[-11.15885,8.6005],[-11.15878,8.60063],[-11.15874,8.6008],[-11.15875,8.60097],[-11.15878,8.60104],[-11.15865,8.60116],[-11.15846,8.60132],[-11.15827,8.60139],[-11.15821,8.60152],[-11.15818,8.60162],[-11.15805,8.60172],[-11.15792,8.60182]]},"properties":{"id":313323376,"cls":"service","hw":"service","tg":"na","name":"","ref":"","surface":"unpaved","sc":"unpaved","speed":null,"lit":"unk","km":0.507}},
{"type":"Feature","geometry":{"type":"LineString","coordinates":[[-13.18268,8.46576],[-13.18275,8.46556],[-13.18278,8.46551],[-13.1828,8.46543]]},"properties":{"id":314098583,"cls":"service","hw":"service","tg":"na","name":"","ref":"","surface":"","sc":"unknown","speed":null,"lit":"unk","km":0.039}},
{"type":"Feature","geometry":{"type":"LineString","coordinates":[[-13.27888,8.43323],[-13.27861,8.43332],[-13.27853,8.43333],[-13.27829,8.43334],[-13.27811,8.43333],[-13.27783,8.43329],[-13.27777,8.43329],[-13.27763,8.4333]]},"properties":{"id":314185214,"cls":"service","hw":"service","tg":"na","name":"","ref":"","surface":"","sc":"unknown","speed":null,"lit":"unk","km":0.14}},
{"type":"Feature","geometry":{"type":"LineString","coordinates":[[-13.27613,8.47127],[-13.27591,8.47149]]},"properties":{"id":314812178,"cls":"service","hw":"service","tg":"na","name":"","ref":"","surface":"","sc":"unknown","speed":null,"lit":"unk","km":0.034}},
{"type":"Feature","geometry":{"type":"LineString","coordinates":[[-13.25399,8.48046],[-13.25385,8.48044],[-13.25383,8.48044],[-13.25381,8.48045],[-13.25372,8.48064],[-13.25362,8.48069],[-13.25352,8.48078]]},"properties":{"id":315477213,"cls":"service","hw":"service","tg":"na","name":"","ref":"","surface":"","sc":"unknown","speed":null,"lit":"unk","km":0.071}},
{"type":"Feature","geometry":{"type":"LineString","coordinates":[[-10.92191,8.63836],[-10.92209,8.63831],[-10.92216,8.63825],[-10.92221,8.63819],[-10.92228,8.63815],[-10.92247,8.638],[-10.92259,8.63799],[-10.92314,8.63781]]},"properties":{"id":315953723,"cls":"service","hw":"service","tg":"na","name":"","ref":"","surface":"","sc":"unknown","speed":null,"lit":"unk","km":0.152}},
{"type":"Feature","geometry":{"type":"LineString","coordinates":[[-10.92078,8.6386],[-10.92095,8.63847],[-10.92109,8.63849],[-10.92116,8.63849],[-10.92154,8.63832],[-10.92174,8.63831],[-10.92191,8.63836],[-10.922,8.63839],[-10.92209,8.6384],[-10.92229,8.63842]]},"properties":{"id":315953726,"cls":"service","hw":"service","tg":"na","name":"","ref":"","surface":"","sc":"unknown","speed":null,"lit":"unk","km":0.177}},
{"type":"Feature","geometry":{"type":"LineString","coordinates":[[-12.9134,9.12533],[-12.91338,9.12532],[-12.91329,9.12517],[-12.91321,9.12508],[-12.91305,9.12512],[-12.91251,9.12435],[-12.91255,9.12425],[-12.91263,9.12415],[-12.91274,9.12409],[-12.91291,9.12406]]},"properties":{"id":318228115,"cls":"service","hw":"service","tg":"na","name":"","ref":"","surface":"","sc":"unknown","speed":null,"lit":"unk","km":0.216}},
{"type":"Feature","geometry":{"type":"LineString","coordinates":[[-13.276,8.47325],[-13.27553,8.47302]]},"properties":{"id":318737872,"cls":"service","hw":"service","tg":"na","name":"","ref":"","surface":"","sc":"unknown","speed":null,"lit":"unk","km":0.058}},
{"type":"Feature","geometry":{"type":"LineString","coordinates":[[-13.25885,8.48343],[-13.25895,8.48357],[-13.25902,8.48376],[-13.2591,8.4839],[-13.25924,8.48412]]},"properties":{"id":318738722,"cls":"service","hw":"service","tg":"na","name":"","ref":"","surface":"","sc":"unknown","speed":null,"lit":"unk","km":0.088}},
{"type":"Feature","geometry":{"type":"LineString","coordinates":[[-11.1885,7.62454],[-11.18877,7.62464],[-11.19052,7.62456]]},"properties":{"id":318933797,"cls":"service","hw":"service","tg":"na","name":"","ref":"","surface":"","sc":"unknown","speed":null,"lit":"unk","km":0.225}},
{"type":"Feature","geometry":{"type":"LineString","coordinates":[[-12.39626,7.77273],[-12.39657,7.77262],[-12.39702,7.7725],[-12.3974,7.77246],[-12.39787,7.77243],[-12.39814,7.77235],[-12.39833,7.77218],[-12.39847,7.77208],[-12.39861,7.77208],[-12.39869,7.77215],[-12.39869,7.77224],[-12.39866,7.77229],[-12.39859,7.7723],[-12.39845,7.77229],[-12.39824,7.77232],[-12.39814,7.77235]]},"properties":{"id":327016333,"cls":"service","hw":"service","tg":"na","name":"","ref":"","surface":"","sc":"unknown","speed":null,"lit":"unk","km":0.362}},
{"type":"Feature","geometry":{"type":"LineString","coordinates":[[-12.39626,7.77273],[-12.39672,7.77281],[-12.39691,7.77287],[-12.39718,7.77291],[-12.39749,7.77311],[-12.39781,7.77338],[-12.39798,7.77352],[-12.39817,7.77361],[-12.39843,7.77362]]},"properties":{"id":327016335,"cls":"service","hw":"service","tg":"na","name":"","ref":"","surface":"","sc":"unknown","speed":null,"lit":"unk","km":0.267}},
{"type":"Feature","geometry":{"type":"LineString","coordinates":[[-13.24343,8.47327],[-13.24363,8.47322],[-13.24369,8.4732],[-13.24371,8.4732],[-13.24374,8.47318]]},"properties":{"id":327424226,"cls":"service","hw":"service","tg":"na","name":"Sonkay Drive","ref":"","surface":"unpaved","sc":"unpaved","speed":null,"lit":"unk","km":0.036}},
{"type":"Feature","geometry":{"type":"LineString","coordinates":[[-11.37548,8.72543],[-11.37566,8.72543],[-11.3758,8.7254],[-11.37586,8.72542],[-11.37597,8.72538],[-11.37626,8.72549],[-11.37629,8.72557],[-11.37646,8.72564],[-11.37678,8.72558],[-11.37696,8.72553]]},"properties":{"id":327892870,"cls":"service","hw":"service","tg":"na","name":"","ref":"","surface":"","sc":"unknown","speed":null,"lit":"unk","km":0.176}},
{"type":"Feature","geometry":{"type":"LineString","coordinates":[[-11.37696,8.72553],[-11.37705,8.72542],[-11.37718,8.72536],[-11.37734,8.7253],[-11.37761,8.72536],[-11.37786,8.72533],[-11.37793,8.72516],[-11.37792,8.72494],[-11.37804,8.72469],[-11.37804,8.7246]]},"properties":{"id":327893137,"cls":"service","hw":"service","tg":"na","name":"","ref":"","surface":"","sc":"unknown","speed":null,"lit":"unk","km":0.194}},
{"type":"Feature","geometry":{"type":"LineString","coordinates":[[-11.85606,8.658],[-11.85608,8.65792],[-11.85614,8.65788],[-11.8562,8.65782],[-11.85621,8.65775],[-11.85618,8.65766],[-11.85617,8.65753],[-11.85616,8.65722],[-11.85619,8.65693],[-11.85626,8.65677]]},"properties":{"id":330158992,"cls":"service","hw":"service","tg":"na","name":"","ref":"","surface":"unpaved","sc":"unpaved","speed":null,"lit":"unk","km":0.146}},
{"type":"Feature","geometry":{"type":"LineString","coordinates":[[-11.85518,8.65744],[-11.85534,8.65741],[-11.85541,8.65742],[-11.85556,8.65737],[-11.85565,8.65738],[-11.85579,8.65746],[-11.85596,8.65752],[-11.85602,8.65758],[-11.85618,8.65766]]},"properties":{"id":330159003,"cls":"service","hw":"service","tg":"na","name":"","ref":"","surface":"unpaved","sc":"unpaved","speed":null,"lit":"unk","km":0.12}},
{"type":"Feature","geometry":{"type":"LineString","coordinates":[[-13.09497,8.37468],[-13.09514,8.37462],[-13.09524,8.37457],[-13.09543,8.37452],[-13.09566,8.37447],[-13.09578,8.37444],[-13.09589,8.37438],[-13.09632,8.374],[-13.09642,8.37392]]},"properties":{"id":330220210,"cls":"service","hw":"service","tg":"na","name":"Chinese Compound","ref":"","surface":"","sc":"unknown","speed":null,"lit":"unk","km":0.185}},
{"type":"Feature","geometry":{"type":"LineString","coordinates":[[-11.98197,8.59069],[-11.98185,8.59113],[-11.98182,8.59132],[-11.98182,8.59147]]},"properties":{"id":330221536,"cls":"service","hw":"service","tg":"na","name":"","ref":"","surface":"unpaved","sc":"unpaved","speed":null,"lit":"unk","km":0.089}},
{"type":"Feature","geometry":{"type":"LineString","coordinates":[[-12.96074,9.17375],[-12.96072,9.17372],[-12.96068,9.1737],[-12.96063,9.1737],[-12.96059,9.17371],[-12.96056,9.17374],[-12.96054,9.17378],[-12.96054,9.17382],[-12.96055,9.17386],[-12.96058,9.17389],[-12.96062,9.17391],[-12.96066,9.17391],[-12.9607,9.1739],[-12.96074,9.17387],[-12.96075,9.17383],[-12.96076,9.17379],[-12.96074,9.17375]]},"properties":{"id":330263628,"cls":"service","hw":"service","tg":"na","name":"","ref":"","surface":"","sc":"unknown","speed":null,"lit":"unk","km":0.076}},
{"type":"Feature","geometry":{"type":"LineString","coordinates":[[-12.95745,9.17259],[-12.95743,9.17256],[-12.95739,9.17255],[-12.95735,9.17254],[-12.95731,9.17256],[-12.95728,9.17259],[-12.95726,9.17262],[-12.95726,9.17266],[-12.95727,9.1727],[-12.9573,9.17273],[-12.95734,9.17275],[-12.95738,9.17275],[-12.95742,9.17274],[-12.95745,9.17271],[-12.95747,9.17267],[-12.95747,9.17263],[-12.95745,9.17259]]},"properties":{"id":330263629,"cls":"service","hw":"service","tg":"na","name":"","ref":"","surface":"","sc":"unknown","speed":null,"lit":"unk","km":0.073}},
{"type":"Feature","geometry":{"type":"LineString","coordinates":[[-12.96059,9.17371],[-12.9605,9.17372],[-12.95917,9.17327]]},"properties":{"id":330263631,"cls":"service","hw":"service","tg":"na","name":"","ref":"","surface":"","sc":"unknown","speed":null,"lit":"unk","km":0.164}},
{"type":"Feature","geometry":{"type":"LineString","coordinates":[[-12.95742,9.17274],[-12.95753,9.17275],[-12.95821,9.17301],[-12.95885,9.17323]]},"properties":{"id":330263632,"cls":"service","hw":"service","tg":"na","name":"","ref":"","surface":"","sc":"unknown","speed":null,"lit":"unk","km":0.167}},
{"type":"Feature","geometry":{"type":"LineString","coordinates":[[-12.95589,9.17239],[-12.95602,9.17223],[-12.95636,9.17228],[-12.95681,9.17248],[-12.95706,9.17266],[-12.95734,9.17298],[-12.95835,9.17347],[-12.95853,9.17348],[-12.95884,9.17338],[-12.95916,9.17347],[-12.9595,9.17389],[-12.96042,9.17421],[-12.96056,9.1742],[-12.96087,9.17408],[-12.96106,9.17406],[-12.96135,9.1742],[-12.96154,9.17437],[-12.96189,9.17492],[-12.96184,9.17503]]},"properties":{"id":330263633,"cls":"service","hw":"service","tg":"na","name":"","ref":"","surface":"","sc":"unknown","speed":null,"lit":"unk","km":0.8}},
{"type":"Feature","geometry":{"type":"LineString","coordinates":[[-12.9621,9.17511],[-12.96194,9.17487],[-12.96156,9.17431],[-12.96141,9.17417],[-12.96118,9.17401],[-12.96101,9.17379],[-12.96088,9.17347],[-12.9607,9.17334],[-12.95986,9.17304],[-12.95968,9.17302],[-12.95924,9.17315],[-12.95887,9.17302],[-12.95875,9.17277],[-12.95861,9.17265],[-12.95762,9.17232],[-12.95747,9.17231],[-12.95716,9.17246],[-12.95696,9.17245],[-12.95682,9.17243],[-12.95636,9.17223],[-12.95607,9.17217],[-12.9558,9.17217],[-12.95551,9.17224]]},"properties":{"id":330263634,"cls":"service","hw":"service","tg":"na","name":"","ref":"","surface":"","sc":"unknown","speed":null,"lit":"unk","km":0.873}},
{"type":"Feature","geometry":{"type":"LineString","coordinates":[[-13.2678,8.4785],[-13.26781,8.4784],[-13.26781,8.47824],[-13.26781,8.47819],[-13.26779,8.47817],[-13.26772,8.47814]]},"properties":{"id":331919864,"cls":"service","hw":"service","tg":"na","name":"","ref":"","surface":"","sc":"unknown","speed":null,"lit":"unk","km":0.046}},
{"type":"Feature","geometry":{"type":"LineString","coordinates":[[-12.68138,8.70717],[-12.6816,8.70719],[-12.68191,8.70727]]},"properties":{"id":331930477,"cls":"service","hw":"service","tg":"na","name":"","ref":"","surface":"","sc":"unknown","speed":null,"lit":"unk","km":0.059}},
{"type":"Feature","geometry":{"type":"LineString","coordinates":[[-12.6813,8.70743],[-12.68135,8.70725],[-12.68138,8.70717],[-12.68141,8.70708],[-12.68159,8.7071],[-12.6816,8.70719],[-12.68159,8.70727],[-12.68135,8.70725]]},"properties":{"id":331930478,"cls":"service","hw":"service","tg":"na","name":"","ref":"","surface":"","sc":"unknown","speed":null,"lit":"unk","km":0.106}},
{"type":"Feature","geometry":{"type":"LineString","coordinates":[[-12.78465,8.7651],[-12.78471,8.76522],[-12.78473,8.76535],[-12.78476,8.76551],[-12.78494,8.7656],[-12.785,8.76545],[-12.78473,8.76535]]},"properties":{"id":331939102,"cls":"service","hw":"service","tg":"na","name":"","ref":"","surface":"","sc":"unknown","speed":null,"lit":"unk","km":0.119}},
{"type":"Feature","geometry":{"type":"LineString","coordinates":[[-12.76092,8.77591],[-12.76095,8.77586],[-12.76101,8.77574],[-12.76207,8.77601],[-12.76215,8.77574]]},"properties":{"id":331939385,"cls":"service","hw":"service","tg":"na","name":"","ref":"","surface":"","sc":"unknown","speed":null,"lit":"unk","km":0.173}},
{"type":"Feature","geometry":{"type":"LineString","coordinates":[[-12.77688,8.76825],[-12.77692,8.76857],[-12.7773,8.76859],[-12.77845,8.76834]]},"properties":{"id":331939935,"cls":"service","hw":"service","tg":"na","name":"","ref":"","surface":"","sc":"unknown","speed":null,"lit":"unk","km":0.207}},
{"type":"Feature","geometry":{"type":"LineString","coordinates":[[-12.95726,9.17262],[-12.95711,9.17256]]},"properties":{"id":334093146,"cls":"service","hw":"service","tg":"na","name":"","ref":"","surface":"","sc":"unknown","speed":null,"lit":"unk","km":0.018}},
{"type":"Feature","geometry":{"type":"LineString","coordinates":[[-12.96075,9.17383],[-12.96096,9.17392]]},"properties":{"id":334093148,"cls":"service","hw":"service","tg":"na","name":"","ref":"","surface":"","sc":"unknown","speed":null,"lit":"unk","km":0.025}},
{"type":"Feature","geometry":{"type":"LineString","coordinates":[[-12.96087,9.17408],[-12.96096,9.17392],[-12.96101,9.17379]]},"properties":{"id":334093150,"cls":"service","hw":"service","tg":"na","name":"","ref":"","surface":"","sc":"unknown","speed":null,"lit":"unk","km":0.036}},
{"type":"Feature","geometry":{"type":"LineString","coordinates":[[-12.95706,9.17266],[-12.95711,9.17256],[-12.95716,9.17246]]},"properties":{"id":334093152,"cls":"service","hw":"service","tg":"na","name":"","ref":"","surface":"","sc":"unknown","speed":null,"lit":"unk","km":0.025}},
{"type":"Feature","geometry":{"type":"LineString","coordinates":[[-12.04098,8.88395],[-12.04097,8.88402],[-12.04096,8.88422]]},"properties":{"id":334831021,"cls":"service","hw":"service","tg":"na","name":"","ref":"","surface":"","sc":"unknown","speed":null,"lit":"unk","km":0.03}},
{"type":"Feature","geometry":{"type":"LineString","coordinates":[[-13.04081,8.92316],[-13.04078,8.92312],[-13.04075,8.92309],[-13.04069,8.92304],[-13.04065,8.92301],[-13.0406,8.92298],[-13.0406,8.92293],[-13.04062,8.92289],[-13.04065,8.92285],[-13.04067,8.92283],[-13.0407,8.9228]]},"properties":{"id":336613700,"cls":"service","hw":"service","tg":"na","name":"","ref":"","surface":"","sc":"unknown","speed":null,"lit":"unk","km":0.055}},
{"type":"Feature","geometry":{"type":"LineString","coordinates":[[-12.78561,9.10499],[-12.78561,9.10487],[-12.78561,9.10475],[-12.78562,9.10466],[-12.78561,9.10458],[-12.78561,9.10451],[-12.78561,9.10442],[-12.78562,9.10433],[-12.78563,9.10429]]},"properties":{"id":336626474,"cls":"service","hw":"service","tg":"na","name":"","ref":"","surface":"","sc":"unknown","speed":null,"lit":"unk","km":0.078}},
{"type":"Feature","geometry":{"type":"LineString","coordinates":[[-12.51634,7.52728],[-12.5164,7.52768]]},"properties":{"id":337682115,"cls":"service","hw":"service","tg":"na","name":"","ref":"","surface":"","sc":"unknown","speed":null,"lit":"unk","km":0.045}},
{"type":"Feature","geometry":{"type":"LineString","coordinates":[[-11.69417,7.94716],[-11.69413,7.94836],[-11.69419,7.94841],[-11.69424,7.94842],[-11.6943,7.94842]]},"properties":{"id":350983818,"cls":"service","hw":"service","tg":"na","name":"","ref":"","surface":"","sc":"unknown","speed":null,"lit":"unk","km":0.154}},
{"type":"Feature","geometry":{"type":"LineString","coordinates":[[-11.69521,7.94696],[-11.69625,7.94716],[-11.69625,7.94868]]},"properties":{"id":350983819,"cls":"service","hw":"service","tg":"na","name":"","ref":"","surface":"","sc":"unknown","speed":null,"lit":"unk","km":0.286}},
{"type":"Feature","geometry":{"type":"LineString","coordinates":[[-13.24592,8.49195],[-13.24606,8.49176]]},"properties":{"id":372786295,"cls":"service","hw":"service","tg":"na","name":"Garage Road","ref":"","surface":"gravel","sc":"unpaved","speed":null,"lit":"unk","km":0.026}},
{"type":"Feature","geometry":{"type":"LineString","coordinates":[[-13.28114,8.46867],[-13.28139,8.46869]]},"properties":{"id":373277999,"cls":"service","hw":"service","tg":"na","name":"","ref":"","surface":"asphalt","sc":"paved","speed":null,"lit":"unk","km":0.028}},
{"type":"Feature","geometry":{"type":"LineString","coordinates":[[-12.92985,9.11643],[-12.92991,9.1164],[-12.92996,9.11637],[-12.9301,9.1163],[-12.93022,9.11626],[-12.93035,9.11622]]},"properties":{"id":374384809,"cls":"service","hw":"service","tg":"na","name":"","ref":"","surface":"","sc":"unknown","speed":null,"lit":"unk","km":0.06}},
{"type":"Feature","geometry":{"type":"LineString","coordinates":[[-12.92996,9.11637],[-12.93029,9.11655],[-12.93054,9.1167]]},"properties":{"id":374384811,"cls":"service","hw":"service","tg":"na","name":"","ref":"","surface":"","sc":"unknown","speed":null,"lit":"unk","km":0.074}},
{"type":"Feature","geometry":{"type":"LineString","coordinates":[[-13.23309,8.48184],[-13.23309,8.48178],[-13.23312,8.48158],[-13.23314,8.48137],[-13.23315,8.48129],[-13.23315,8.48124],[-13.23315,8.4812],[-13.23315,8.48115],[-13.23315,8.48111],[-13.23315,8.48108],[-13.23308,8.481]]},"properties":{"id":381342735,"cls":"service","hw":"service","tg":"na","name":"Independence Avenue","ref":"","surface":"","sc":"unknown","speed":null,"lit":"unk","km":0.097}},
{"type":"Feature","geometry":{"type":"LineString","coordinates":[[-12.49657,8.68546],[-12.49673,8.68504],[-12.49688,8.68454],[-12.49691,8.68438],[-12.4969,8.68431],[-12.49687,8.68422],[-12.49686,8.68415],[-12.49688,8.68411],[-12.49695,8.68401],[-12.49703,8.68392],[-12.4972,8.68368],[-12.49732,8.6835],[-12.49739,8.68337],[-12.49761,8.68292],[-12.49788,8.68234],[-12.49799,8.68208],[-12.49811,8.68182],[-12.49813,8.68168],[-12.49817,8.68144]]},"properties":{"id":381379751,"cls":"service","hw":"service","tg":"na","name":"","ref":"","surface":"unpaved","sc":"unpaved","speed":null,"lit":"unk","km":0.489}},
{"type":"Feature","geometry":{"type":"LineString","coordinates":[[-12.50428,8.68217],[-12.50411,8.68181],[-12.50405,8.68139],[-12.50391,8.68017],[-12.50416,8.67868],[-12.50432,8.67785],[-12.50439,8.67742],[-12.50444,8.67698]]},"properties":{"id":381379754,"cls":"service","hw":"service","tg":"na","name":"","ref":"","surface":"","sc":"unknown","speed":null,"lit":"unk","km":0.587}},
{"type":"Feature","geometry":{"type":"LineString","coordinates":[[-12.50681,8.67593],[-12.50673,8.67596],[-12.50667,8.67598],[-12.50657,8.67598],[-12.50649,8.67598],[-12.50642,8.67595],[-12.50634,8.67589],[-12.50614,8.6757],[-12.50591,8.6755],[-12.50564,8.67528],[-12.50557,8.6752],[-12.50553,8.67511],[-12.50552,8.67502],[-12.50552,8.67481],[-12.50552,8.67465],[-12.50552,8.67455],[-12.50549,8.67439],[-12.5055,8.67433],[-12.50559,8.67414],[-12.5057,8.67396],[-12.50576,8.67391],[-12.50586,8.67384],[-12.50595,8.67375]]},"properties":{"id":381379757,"cls":"service","hw":"service","tg":"na","name":"","ref":"","surface":"","sc":"unknown","speed":null,"lit":"unk","km":0.351}},
{"type":"Feature","geometry":{"type":"LineString","coordinates":[[-12.49817,8.68144],[-12.49836,8.68142],[-12.49855,8.68141],[-12.4987,8.68141],[-12.49876,8.68143],[-12.49885,8.68144],[-12.49903,8.68147],[-12.49919,8.68148],[-12.49936,8.68149],[-12.49956,8.68148],[-12.49975,8.68147],[-12.49991,8.68146],[-12.50009,8.68144],[-12.50028,8.68142],[-12.50061,8.68143],[-12.50107,8.68142],[-12.50166,8.68143],[-12.50172,8.68142],[-12.5018,8.68139],[-12.50193,8.68132],[-12.50206,8.68128],[-12.50218,8.68125],[-12.50224,8.68122],[-12.50231,8.68119],[-12.50236,8.68116],[-12.5024,8.68114],[-12.5025,8.68109],[-12.50257,8.68105],[-12.50266,8.681],[-12.50277,8.68093],[-12.50287,8.68085],[-12.50294,8.68079],[-12.50299,8.68072],[-12.50301,8.68067],[-12.50304,8.68061],[-12.50309,8.68046],[-12.50313,8.68036],[-12.50315,8.68029],[-12.50319,8.68015],[-12.50323,8.68002],[-12.50326,8.67985],[-12.50328,8.67971],[-12.50328,8.67955],[-12.50328,8.67939],[-12.50329,8.67918],[-12.5033,8.67901],[-12.5033,8.6788],[-12.50331,8.67871],[-12.50331,8.67851],[-12.50331,8.67835],[-12.50332,8.67813],[-12.50332,8.67793],[-12.50333,8.67763],[-12.50334,8.67745],[-12.50334,8.67737],[-12.50334,8.67728],[-12.50334,8.67713],[-12.50334,8.67679]]},"properties":{"id":381379763,"cls":"service","hw":"service","tg":"na","name":"","ref":"","surface":"ground","sc":"unpaved","speed":null,"lit":"unk","km":0.996}},
{"type":"Feature","geometry":{"type":"LineString","coordinates":[[-12.50948,8.69505],[-12.50951,8.69489],[-12.50958,8.69456],[-12.5096,8.69415],[-12.50952,8.69371],[-12.50938,8.69311],[-12.50935,8.69268],[-12.50937,8.69223],[-12.50949,8.69192],[-12.50954,8.69169],[-12.50954,8.6915],[-12.50951,8.69137],[-12.5094,8.69123],[-12.50931,8.69117],[-12.5092,8.69112],[-12.50893,8.69105],[-12.50853,8.69094],[-12.50844,8.69092],[-12.50813,8.69083],[-12.50784,8.69071],[-12.50754,8.69058],[-12.50686,8.69034],[-12.50666,8.69027],[-12.5064,8.69019],[-12.50608,8.69006],[-12.50579,8.68989],[-12.50552,8.68968],[-12.50526,8.68944],[-12.5049,8.68898],[-12.50458,8.6885],[-12.50437,8.6882],[-12.50417,8.68797],[-12.50393,8.68768],[-12.50366,8.68741],[-12.50344,8.68723],[-12.5032,8.68705],[-12.50296,8.68685],[-12.50283,8.68668],[-12.50276,8.68656],[-12.5027,8.68637],[-12.50268,8.68622],[-12.50266,8.68602],[-12.50262,8.68583],[-12.50256,8.68565],[-12.50248,8.68544],[-12.50237,8.68525],[-12.50226,8.68505],[-12.50218,8.68489],[-12.50204,8.68471],[-12.50191,8.68453],[-12.50177,8.68439],[-12.50159,8.68428],[-12.50147,8.68424],[-12.50134,8.68417],[-12.50109,8.68404],[-12.50099,8.68399],[-12.50079,8.68386],[-12.50053,8.68371],[-12.50022,8.68356],[-12.49988,8.68337],[-12.49963,8.68321],[-12.49945,8.68309],[-12.49928,8.683],[-12.49905,8.6829],[-12.49877,8.68271],[-12.4985,8.68249],[-12.49828,8.6823],[-12.4982,8.68219],[-12.49816,8.68211],[-12.49815,8.68205],[-12.49813,8.68197],[-12.49811,8.68182]]},"properties":{"id":381379769,"cls":"service","hw":"service","tg":"na","name":"","ref":"","surface":"","sc":"unknown","speed":null,"lit":"unk","km":2.142}},
{"type":"Feature","geometry":{"type":"LineString","coordinates":[[-12.49945,8.67945],[-12.49937,8.67944]]},"properties":{"id":381379773,"cls":"service","hw":"service","tg":"na","name":"","ref":"","surface":"","sc":"unknown","speed":null,"lit":"unk","km":0.009}},
{"type":"Feature","geometry":{"type":"LineString","coordinates":[[-11.68672,8.98523],[-11.68822,8.98529],[-11.68904,8.98501],[-11.68961,8.98514],[-11.69043,8.98674],[-11.69072,8.98727],[-11.69095,8.98761],[-11.69157,8.98794],[-11.69174,8.988],[-11.69182,8.98786],[-11.69188,8.98733],[-11.69185,8.98687],[-11.692,8.98646],[-11.69254,8.98618],[-11.69311,8.98616],[-11.69365,8.98631],[-11.69417,8.98646],[-11.69574,8.98661]]},"properties":{"id":381383506,"cls":"service","hw":"service","tg":"na","name":"","ref":"","surface":"","sc":"unknown","speed":null,"lit":"unk","km":1.334}},
{"type":"Feature","geometry":{"type":"LineString","coordinates":[[-11.70298,8.99626],[-11.70191,8.99773]]},"properties":{"id":381383507,"cls":"service","hw":"service","tg":"na","name":"","ref":"","surface":"","sc":"unknown","speed":null,"lit":"unk","km":0.201}},
{"type":"Feature","geometry":{"type":"LineString","coordinates":[[-11.68772,8.98451],[-11.70054,8.98491],[-11.70099,8.98469],[-11.7014,8.98445]]},"properties":{"id":381383508,"cls":"service","hw":"service","tg":"na","name":"","ref":"","surface":"","sc":"unknown","speed":null,"lit":"unk","km":1.516}},
{"type":"Feature","geometry":{"type":"LineString","coordinates":[[-11.69948,8.9885],[-11.7003,8.98865],[-11.701,8.98872],[-11.70142,8.98879],[-11.70197,8.98892],[-11.70249,8.9891]]},"properties":{"id":381383510,"cls":"service","hw":"service","tg":"na","name":"","ref":"","surface":"","sc":"unknown","speed":null,"lit":"unk","km":0.338}},
{"type":"Feature","geometry":{"type":"LineString","coordinates":[[-11.70423,8.99802],[-11.70466,8.99823],[-11.70496,8.99833],[-11.70537,8.9985],[-11.70561,8.99861],[-11.70594,8.99832],[-11.7067,8.99778]]},"properties":{"id":381383512,"cls":"service","hw":"service","tg":"na","name":"","ref":"","surface":"","sc":"unknown","speed":null,"lit":"unk","km":0.317}},
{"type":"Feature","geometry":{"type":"LineString","coordinates":[[-11.69859,8.98688],[-11.69891,8.98681],[-11.6994,8.98696],[-11.69983,8.98702],[-11.70021,8.98696],[-11.70052,8.98686],[-11.70092,8.98674]]},"properties":{"id":381383513,"cls":"service","hw":"service","tg":"na","name":"","ref":"","surface":"","sc":"unknown","speed":null,"lit":"unk","km":0.264}},
{"type":"Feature","geometry":{"type":"LineString","coordinates":[[-11.69095,8.98761],[-11.69085,8.98847],[-11.69105,8.98949],[-11.69115,8.99002],[-11.69139,8.99025],[-11.69155,8.99017],[-11.69176,8.98998],[-11.692,8.98982]]},"properties":{"id":381383514,"cls":"service","hw":"service","tg":"na","name":"","ref":"","surface":"","sc":"unknown","speed":null,"lit":"unk","km":0.391}},
{"type":"Feature","geometry":{"type":"LineString","coordinates":[[-11.70111,8.99423],[-11.70085,8.99544],[-11.7007,8.99611],[-11.70094,8.9969],[-11.70164,8.99751],[-11.70191,8.99773],[-11.70228,8.99799],[-11.70268,8.99833],[-11.70349,8.99891]]},"properties":{"id":381383515,"cls":"service","hw":"service","tg":"na","name":"","ref":"","surface":"","sc":"unknown","speed":null,"lit":"unk","km":0.664}},
{"type":"Feature","geometry":{"type":"LineString","coordinates":[[-11.7013,8.98756],[-11.70102,8.98713],[-11.70092,8.98674],[-11.70081,8.98619],[-11.70085,8.98581],[-11.70095,8.98544],[-11.70115,8.985],[-11.7014,8.98445]]},"properties":{"id":381383516,"cls":"service","hw":"service","tg":"na","name":"","ref":"","surface":"","sc":"unknown","speed":null,"lit":"unk","km":0.37}},
{"type":"Feature","geometry":{"type":"LineString","coordinates":[[-12.29508,7.76543],[-12.2945,7.76553],[-12.29372,7.76568],[-12.2935,7.76579],[-12.29343,7.76594],[-12.29334,7.7663],[-12.29321,7.76646],[-12.29274,7.76667],[-12.29242,7.76677],[-12.2923,7.76686],[-12.29206,7.76712]]},"properties":{"id":381397364,"cls":"service","hw":"service","tg":"na","name":"","ref":"","surface":"unpaved","sc":"unpaved","speed":null,"lit":"unk","km":0.412}},
{"type":"Feature","geometry":{"type":"LineString","coordinates":[[-12.29446,7.76242],[-12.29234,7.76321],[-12.29178,7.7635],[-12.29154,7.76382],[-12.29144,7.76424],[-12.2914,7.76483],[-12.29139,7.76503],[-12.29139,7.7653],[-12.29147,7.76584],[-12.29172,7.76654],[-12.29186,7.76687],[-12.29199,7.76703],[-12.29206,7.76712],[-12.29213,7.7672],[-12.29223,7.76815]]},"properties":{"id":381397372,"cls":"service","hw":"service","tg":"na","name":"","ref":"","surface":"unpaved","sc":"unpaved","speed":null,"lit":"unk","km":0.866}},
{"type":"Feature","geometry":{"type":"LineString","coordinates":[[-12.29532,7.76416],[-12.29318,7.76473],[-12.29209,7.76498],[-12.29157,7.76502],[-12.29139,7.76503]]},"properties":{"id":381397376,"cls":"service","hw":"service","tg":"na","name":"","ref":"","surface":"unpaved","sc":"unpaved","speed":null,"lit":"unk","km":0.445}},
{"type":"Feature","geometry":{"type":"LineString","coordinates":[[-13.13666,8.21325],[-13.13659,8.21316]]},"properties":{"id":382359061,"cls":"service","hw":"service","tg":"na","name":"","ref":"","surface":"","sc":"unknown","speed":null,"lit":"unk","km":0.013}},
{"type":"Feature","geometry":{"type":"LineString","coordinates":[[-13.13659,8.21316],[-13.13628,8.21297],[-13.13614,8.21277],[-13.13597,8.21266],[-13.13584,8.21253],[-13.1358,8.21247],[-13.13569,8.21232],[-13.13558,8.21211],[-13.13547,8.21188]]},"properties":{"id":382359065,"cls":"service","hw":"service","tg":"na","name":"","ref":"","surface":"","sc":"unknown","speed":null,"lit":"unk","km":0.193}},
{"type":"Feature","geometry":{"type":"LineString","coordinates":[[-12.92689,9.1118],[-12.92706,9.11174],[-12.92715,9.11171],[-12.92725,9.11157],[-12.92727,9.11142],[-12.92719,9.11127],[-12.92709,9.11115]]},"properties":{"id":398429023,"cls":"service","hw":"service","tg":"na","name":"","ref":"","surface":"","sc":"unknown","speed":null,"lit":"unk","km":0.102}},
{"type":"Feature","geometry":{"type":"LineString","coordinates":[[-12.91719,9.13982],[-12.917,9.1396]]},"properties":{"id":398429034,"cls":"service","hw":"service","tg":"na","name":"","ref":"","surface":"","sc":"unknown","speed":null,"lit":"unk","km":0.032}},
{"type":"Feature","geometry":{"type":"LineString","coordinates":[[-12.90689,9.129],[-12.90668,9.12913],[-12.90639,9.12929],[-12.90621,9.12939]]},"properties":{"id":398429040,"cls":"service","hw":"service","tg":"na","name":"","ref":"","surface":"","sc":"unknown","speed":null,"lit":"unk","km":0.086}},
{"type":"Feature","geometry":{"type":"LineString","coordinates":[[-12.90668,9.12846],[-12.90659,9.12857],[-12.90613,9.1289],[-12.90587,9.12904],[-12.90556,9.1293]]},"properties":{"id":398429042,"cls":"service","hw":"service","tg":"na","name":"","ref":"","surface":"","sc":"unknown","speed":null,"lit":"unk","km":0.155}},
{"type":"Feature","geometry":{"type":"LineString","coordinates":[[-12.92167,9.12378],[-12.92186,9.12405],[-12.9221,9.12428],[-12.9222,9.1244],[-12.92226,9.12453]]},"properties":{"id":398429045,"cls":"service","hw":"service","tg":"na","name":"","ref":"","surface":"","sc":"unknown","speed":null,"lit":"unk","km":0.106}},
{"type":"Feature","geometry":{"type":"LineString","coordinates":[[-11.0409,9.66409],[-11.04104,9.6638],[-11.0411,9.66356]]},"properties":{"id":398617942,"cls":"service","hw":"service","tg":"na","name":"","ref":"","surface":"","sc":"unknown","speed":null,"lit":"unk","km":0.063}},
{"type":"Feature","geometry":{"type":"LineString","coordinates":[[-10.99901,9.63061],[-10.99915,9.63048],[-10.99949,9.63028],[-10.99966,9.63017]]},"properties":{"id":398755187,"cls":"service","hw":"service","tg":"na","name":"","ref":"","surface":"","sc":"unknown","speed":null,"lit":"unk","km":0.087}},
{"type":"Feature","geometry":{"type":"LineString","coordinates":[[-11.31047,7.31264],[-11.31049,7.31276],[-11.31044,7.31282],[-11.30979,7.31298]]},"properties":{"id":399549597,"cls":"service","hw":"service","tg":"na","name":"","ref":"","surface":"","sc":"unknown","speed":null,"lit":"unk","km":0.096}},
{"type":"Feature","geometry":{"type":"LineString","coordinates":[[-10.56481,8.29988],[-10.56509,8.29992],[-10.5655,8.3001],[-10.56564,8.30002],[-10.56601,8.29947]]},"properties":{"id":399691948,"cls":"service","hw":"service","tg":"na","name":"","ref":"","surface":"","sc":"unknown","speed":null,"lit":"unk","km":0.172}},
{"type":"Feature","geometry":{"type":"LineString","coordinates":[[-10.65105,9.06879],[-10.65127,9.06867],[-10.65133,9.06864]]},"properties":{"id":400277632,"cls":"service","hw":"service","tg":"na","name":"","ref":"","surface":"","sc":"unknown","speed":null,"lit":"unk","km":0.035}},
{"type":"Feature","geometry":{"type":"LineString","coordinates":[[-10.69182,9.07252],[-10.69163,9.07242]]},"properties":{"id":400278042,"cls":"service","hw":"service","tg":"na","name":"","ref":"","surface":"","sc":"unknown","speed":null,"lit":"unk","km":0.024}},
{"type":"Feature","geometry":{"type":"LineString","coordinates":[[-10.62012,9.07247],[-10.62017,9.07259],[-10.6202,9.07263],[-10.62027,9.07264],[-10.62034,9.0726],[-10.62038,9.07256],[-10.62037,9.07244]]},"properties":{"id":400279148,"cls":"service","hw":"service","tg":"na","name":"","ref":"","surface":"","sc":"unknown","speed":null,"lit":"unk","km":0.056}},
{"type":"Feature","geometry":{"type":"LineString","coordinates":[[-13.28796,8.48567],[-13.28819,8.48574],[-13.28845,8.48625],[-13.28838,8.48632],[-13.2883,8.48635]]},"properties":{"id":401149451,"cls":"service","hw":"service","tg":"na","name":"","ref":"","surface":"asphalt","sc":"paved","speed":null,"lit":"unk","km":0.11}},
{"type":"Feature","geometry":{"type":"LineString","coordinates":[[-13.29525,8.49557],[-13.29501,8.49571],[-13.29476,8.49581],[-13.29469,8.49585],[-13.29463,8.49587],[-13.2946,8.49615],[-13.29457,8.49636]]},"properties":{"id":401297525,"cls":"service","hw":"service","tg":"na","name":"","ref":"","surface":"paved","sc":"paved","speed":null,"lit":"unk","km":0.131}},
{"type":"Feature","geometry":{"type":"LineString","coordinates":[[-13.29457,8.49636],[-13.29466,8.49643],[-13.29478,8.4962],[-13.2948,8.49599],[-13.29476,8.49581]]},"properties":{"id":401297526,"cls":"service","hw":"service","tg":"na","name":"","ref":"","surface":"","sc":"unknown","speed":null,"lit":"unk","km":0.085}},
{"type":"Feature","geometry":{"type":"LineString","coordinates":[[-11.15291,7.58056],[-11.15255,7.58008],[-11.1523,7.57994],[-11.152,7.58013],[-11.1516,7.58026],[-11.1511,7.58034],[-11.15083,7.58039],[-11.15056,7.58043],[-11.15029,7.58048]]},"properties":{"id":408322587,"cls":"service","hw":"service","tg":"na","name":"","ref":"","surface":"","sc":"unknown","speed":null,"lit":"unk","km":0.33}},
{"type":"Feature","geometry":{"type":"LineString","coordinates":[[-11.87525,9.70781],[-11.87519,9.70776],[-11.87516,9.70778],[-11.87508,9.70781],[-11.87502,9.70783],[-11.87497,9.70783],[-11.8749,9.70782],[-11.87481,9.70783],[-11.87476,9.70783],[-11.87476,9.70786],[-11.87476,9.70787],[-11.8748,9.7079],[-11.87485,9.70793],[-11.87491,9.70796],[-11.87497,9.70801],[-11.87502,9.70804],[-11.87505,9.70806]]},"properties":{"id":408367236,"cls":"service","hw":"service","tg":"na","name":"","ref":"","surface":"","sc":"unknown","speed":null,"lit":"unk","km":0.1}},
{"type":"Feature","geometry":{"type":"LineString","coordinates":[[-11.87535,9.70805],[-11.87534,9.70802],[-11.87532,9.70797],[-11.87531,9.70796],[-11.87527,9.7079],[-11.87524,9.70787]]},"properties":{"id":408367730,"cls":"service","hw":"service","tg":"na","name":"","ref":"","surface":"","sc":"unknown","speed":null,"lit":"unk","km":0.024}},
{"type":"Feature","geometry":{"type":"LineString","coordinates":[[-10.88636,7.90366],[-10.88635,7.90305]]},"properties":{"id":408875879,"cls":"service","hw":"service","tg":"na","name":"","ref":"","surface":"","sc":"unknown","speed":null,"lit":"unk","km":0.068}},
{"type":"Feature","geometry":{"type":"LineString","coordinates":[[-10.89522,7.92545],[-10.89528,7.92561],[-10.89536,7.92561],[-10.8954,7.92573],[-10.8955,7.92579],[-10.89552,7.92585]]},"properties":{"id":408875880,"cls":"service","hw":"service","tg":"na","name":"","ref":"","surface":"","sc":"unknown","speed":null,"lit":"unk","km":0.062}},
{"type":"Feature","geometry":{"type":"LineString","coordinates":[[-10.81649,9.08763],[-10.81639,9.08772],[-10.81636,9.08777],[-10.8163,9.08778],[-10.81625,9.08784],[-10.81627,9.08791],[-10.81631,9.08795],[-10.81634,9.088],[-10.81636,9.08808],[-10.8163,9.08815],[-10.81625,9.08823],[-10.81619,9.0883],[-10.81614,9.08832],[-10.81609,9.08838],[-10.81609,9.08845],[-10.81603,9.08855],[-10.81599,9.08863],[-10.81597,9.08872],[-10.81592,9.08879],[-10.81583,9.08883],[-10.81577,9.08888],[-10.81569,9.08886],[-10.81563,9.08886],[-10.81557,9.0889],[-10.81546,9.08895],[-10.81529,9.08907],[-10.81518,9.08915],[-10.8151,9.08922],[-10.81501,9.08931],[-10.81493,9.08941],[-10.81489,9.0895],[-10.81487,9.08954],[-10.81481,9.0896],[-10.81471,9.0896],[-10.81465,9.0896],[-10.81459,9.08968],[-10.81452,9.08976],[-10.81441,9.08977],[-10.81418,9.08977],[-10.81392,9.08979],[-10.81379,9.08979],[-10.81367,9.0898],[-10.81357,9.08983],[-10.81348,9.0898]]},"properties":{"id":426111387,"cls":"service","hw":"service","tg":"na","name":"","ref":"","surface":"","sc":"unknown","speed":null,"lit":"unk","km":0.478}},
{"type":"Feature","geometry":{"type":"LineString","coordinates":[[-12.91836,9.10286],[-12.91845,9.10301],[-12.91846,9.10306],[-12.91844,9.10311],[-12.91845,9.10322],[-12.91841,9.10338],[-12.9184,9.10352],[-12.91838,9.10362]]},"properties":{"id":448383293,"cls":"service","hw":"service","tg":"na","name":"","ref":"","surface":"","sc":"unknown","speed":null,"lit":"unk","km":0.089}},
{"type":"Feature","geometry":{"type":"LineString","coordinates":[[-12.91786,9.10361],[-12.9178,9.10344],[-12.91775,9.10337],[-12.91766,9.10328],[-12.91765,9.10326],[-12.91762,9.10319],[-12.91758,9.10313],[-12.91751,9.10307],[-12.91743,9.10303],[-12.91729,9.10297],[-12.91718,9.10293],[-12.91731,9.10294],[-12.91746,9.10292],[-12.91763,9.10282],[-12.91774,9.10275],[-12.91788,9.10273],[-12.918,9.10273],[-12.91819,9.10276],[-12.91835,9.10276],[-12.91849,9.10272],[-12.91863,9.10271],[-12.91871,9.10268],[-12.91874,9.10264],[-12.91887,9.10262],[-12.91906,9.10252],[-12.91912,9.10249],[-12.91933,9.10242],[-12.91958,9.1023],[-12.91949,9.10219]]},"properties":{"id":448383295,"cls":"service","hw":"service","tg":"na","name":"","ref":"","surface":"","sc":"unknown","speed":null,"lit":"unk","km":0.409}},
{"type":"Feature","geometry":{"type":"LineString","coordinates":[[-13.18756,8.48139],[-13.18763,8.48131]]},"properties":{"id":462711241,"cls":"service","hw":"service","tg":"na","name":"","ref":"","surface":"","sc":"unknown","speed":null,"lit":"unk","km":0.012}},
{"type":"Feature","geometry":{"type":"LineString","coordinates":[[-13.18763,8.48131],[-13.18766,8.48125],[-13.18768,8.4812],[-13.18771,8.48114],[-13.18773,8.48105],[-13.18773,8.48097]]},"properties":{"id":462711243,"cls":"service","hw":"service","tg":"na","name":"","ref":"","surface":"","sc":"unknown","speed":null,"lit":"unk","km":0.04}},
{"type":"Feature","geometry":{"type":"LineString","coordinates":[[-13.20868,8.49252],[-13.20846,8.4923],[-13.20833,8.49222],[-13.20823,8.49216],[-13.20782,8.49182],[-13.20771,8.49176],[-13.20765,8.49173],[-13.20747,8.49169],[-13.20736,8.49166],[-13.20717,8.49165],[-13.20699,8.49159],[-13.20683,8.49148],[-13.20663,8.49133],[-13.20603,8.49091],[-13.20583,8.49076],[-13.20574,8.49071],[-13.20562,8.49066],[-13.20542,8.49058],[-13.20507,8.49043],[-13.20488,8.49039],[-13.20464,8.49035],[-13.20452,8.49035],[-13.20438,8.49036],[-13.20425,8.49035],[-13.2042,8.49033],[-13.20415,8.49031],[-13.20408,8.49027]]},"properties":{"id":463190489,"cls":"service","hw":"service","tg":"na","name":"","ref":"","surface":"","sc":"unknown","speed":null,"lit":"unk","km":0.579}},
{"type":"Feature","geometry":{"type":"LineString","coordinates":[[-13.20877,8.49258],[-13.20868,8.49252]]},"properties":{"id":463190490,"cls":"service","hw":"service","tg":"na","name":"","ref":"","surface":"","sc":"unknown","speed":null,"lit":"unk","km":0.012}},
{"type":"Feature","geometry":{"type":"LineString","coordinates":[[-12.95885,9.17323],[-12.95915,9.17334]]},"properties":{"id":463350038,"cls":"service","hw":"service","tg":"na","name":"","ref":"","surface":"","sc":"unknown","speed":null,"lit":"unk","km":0.035}},
{"type":"Feature","geometry":{"type":"LineString","coordinates":[[-12.95887,9.17317],[-12.95822,9.17295],[-12.95755,9.17269],[-12.95747,9.17263]]},"properties":{"id":463350039,"cls":"service","hw":"service","tg":"na","name":"","ref":"","surface":"","sc":"unknown","speed":null,"lit":"unk","km":0.165}},
{"type":"Feature","geometry":{"type":"LineString","coordinates":[[-12.95917,9.17327],[-12.95887,9.17317]]},"properties":{"id":463350040,"cls":"service","hw":"service","tg":"na","name":"","ref":"","surface":"","sc":"unknown","speed":null,"lit":"unk","km":0.035}},
{"type":"Feature","geometry":{"type":"LineString","coordinates":[[-12.95915,9.17334],[-12.96048,9.17379],[-12.96054,9.17382]]},"properties":{"id":463350041,"cls":"service","hw":"service","tg":"na","name":"","ref":"","surface":"","sc":"unknown","speed":null,"lit":"unk","km":0.162}},
{"type":"Feature","geometry":{"type":"LineString","coordinates":[[-12.91817,9.10211],[-12.9182,9.10222],[-12.91827,9.10234],[-12.91834,9.10249],[-12.91836,9.10261],[-12.91835,9.10276],[-12.91836,9.10286]]},"properties":{"id":464116799,"cls":"service","hw":"service","tg":"na","name":"","ref":"","surface":"","sc":"unknown","speed":null,"lit":"unk","km":0.088}},
{"type":"Feature","geometry":{"type":"LineString","coordinates":[[-11.13942,9.48075],[-11.13934,9.48045],[-11.13936,9.4803],[-11.13933,9.48007],[-11.13921,9.47988],[-11.13908,9.47969],[-11.13904,9.47944],[-11.13901,9.47932],[-11.13877,9.47936],[-11.13865,9.47916],[-11.13847,9.4789],[-11.13853,9.47845],[-11.13843,9.47829],[-11.13839,9.47819],[-11.13849,9.47812],[-11.13855,9.47798],[-11.13851,9.47783],[-11.13847,9.47778]]},"properties":{"id":474873731,"cls":"service","hw":"service","tg":"na","name":"","ref":"","surface":"","sc":"unknown","speed":null,"lit":"unk","km":0.395}},
{"type":"Feature","geometry":{"type":"LineString","coordinates":[[-11.13935,9.48504],[-11.13864,9.48437],[-11.13815,9.48383],[-11.13802,9.48367],[-11.13785,9.4835],[-11.13776,9.48321],[-11.13768,9.48297],[-11.13764,9.48288],[-11.13752,9.48284],[-11.13743,9.48269],[-11.13743,9.48267]]},"properties":{"id":474874108,"cls":"service","hw":"service","tg":"na","name":"","ref":"","surface":"","sc":"unknown","speed":null,"lit":"unk","km":0.346}},
{"type":"Feature","geometry":{"type":"LineString","coordinates":[[-11.13785,9.4835],[-11.13751,9.48347],[-11.13724,9.48356],[-11.13701,9.48358],[-11.13687,9.48362],[-11.13671,9.48369],[-11.13632,9.48404],[-11.1361,9.48434],[-11.13595,9.4845],[-11.13583,9.48453],[-11.13582,9.48451],[-11.13567,9.48436],[-11.13547,9.48427],[-11.1352,9.48412],[-11.13504,9.48397],[-11.13497,9.4839]]},"properties":{"id":474874302,"cls":"service","hw":"service","tg":"na","name":"","ref":"","surface":"","sc":"unknown","speed":null,"lit":"unk","km":0.385}},
{"type":"Feature","geometry":{"type":"LineString","coordinates":[[-13.22181,8.4778],[-13.22181,8.47789],[-13.22177,8.47796],[-13.22173,8.47803],[-13.2217,8.47811],[-13.2217,8.47815],[-13.22171,8.47822],[-13.22173,8.47832],[-13.22176,8.4784],[-13.22181,8.47847],[-13.22184,8.47853],[-13.22187,8.47862],[-13.22189,8.47867],[-13.2219,8.4787],[-13.22186,8.47892]]},"properties":{"id":476144425,"cls":"service","hw":"service","tg":"na","name":"","ref":"","surface":"","sc":"unknown","speed":null,"lit":"unk","km":0.132}},
{"type":"Feature","geometry":{"type":"LineString","coordinates":[[-13.22181,8.4778],[-13.22186,8.4778],[-13.22191,8.47781],[-13.22205,8.4778],[-13.22216,8.47777],[-13.2223,8.47775],[-13.22244,8.47773],[-13.22246,8.47777],[-13.22247,8.47784],[-13.22247,8.4779],[-13.22247,8.47795],[-13.22249,8.4781],[-13.2225,8.47822],[-13.22248,8.47832],[-13.22239,8.47845],[-13.2224,8.47853],[-13.2224,8.47859],[-13.22241,8.47879],[-13.22245,8.47893],[-13.22249,8.47901],[-13.22256,8.47911],[-13.22263,8.47919],[-13.22267,8.47931],[-13.2227,8.47945],[-13.22269,8.47955],[-13.22264,8.47967],[-13.22259,8.47979],[-13.22251,8.47992],[-13.22236,8.48],[-13.22229,8.48005]]},"properties":{"id":476144427,"cls":"service","hw":"service","tg":"na","name":"","ref":"","surface":"paved","sc":"paved","speed":null,"lit":"unk","km":0.359}},
{"type":"Feature","geometry":{"type":"LineString","coordinates":[[-13.2228,8.47978],[-13.22268,8.47996],[-13.2226,8.48004],[-13.22252,8.48014],[-13.22243,8.48024]]},"properties":{"id":476144978,"cls":"service","hw":"service","tg":"na","name":"","ref":"","surface":"paved","sc":"paved","speed":null,"lit":"unk","km":0.066}},
{"type":"Feature","geometry":{"type":"LineString","coordinates":[[-13.22137,8.47714],[-13.22115,8.47686],[-13.22117,8.47686],[-13.22128,8.47684],[-13.22136,8.47681],[-13.22145,8.4768],[-13.22158,8.4768],[-13.22168,8.4768],[-13.22182,8.47681],[-13.22193,8.4768],[-13.22203,8.47679],[-13.22208,8.47679],[-13.22212,8.47678],[-13.22236,8.47674]]},"properties":{"id":476148909,"cls":"service","hw":"service","tg":"na","name":"","ref":"","surface":"concrete","sc":"paved","speed":null,"lit":"unk","km":0.174}},
{"type":"Feature","geometry":{"type":"LineString","coordinates":[[-11.48418,8.43022],[-11.48427,8.43021],[-11.48443,8.43019],[-11.48451,8.43017],[-11.48454,8.43018],[-11.48461,8.43016],[-11.48466,8.43018],[-11.4848,8.43016],[-11.4849,8.43007],[-11.48496,8.43005],[-11.48498,8.43006],[-11.48509,8.43001],[-11.48535,8.42996],[-11.48537,8.42995],[-11.48552,8.42993],[-11.48564,8.4298],[-11.48572,8.42978],[-11.48599,8.42956],[-11.48633,8.42948],[-11.48638,8.42939],[-11.48644,8.42937],[-11.48647,8.42934],[-11.48647,8.42929],[-11.4865,8.42925],[-11.48643,8.4292],[-11.48642,8.42907],[-11.48649,8.42906],[-11.4867,8.4289],[-11.48667,8.42885],[-11.4867,8.42883],[-11.48675,8.42882],[-11.48684,8.42876],[-11.48701,8.42872],[-11.48708,8.42871],[-11.48716,8.42866],[-11.48722,8.42858],[-11.48727,8.42853],[-11.48732,8.42851],[-11.48738,8.4285],[-11.48743,8.42847],[-11.48747,8.42843],[-11.48754,8.42837],[-11.48754,8.42836],[-11.48759,8.42833],[-11.4876,8.42834],[-11.48765,8.42834],[-11.48765,8.42835],[-11.48771,8.42836],[-11.48772,8.42834],[-11.48774,8.42835],[-11.48777,8.42833],[-11.48781,8.42833],[-11.48782,8.4283]]},"properties":{"id":482605708,"cls":"service","hw":"service","tg":"na","name":"","ref":"","surface":"","sc":"unknown","speed":null,"lit":"unk","km":0.515}},
{"type":"Feature","geometry":{"type":"LineString","coordinates":[[-11.48781,8.42833],[-11.48784,8.42835],[-11.48788,8.42839],[-11.48795,8.42839],[-11.48792,8.4285],[-11.48788,8.42855],[-11.4879,8.42859],[-11.48787,8.42863],[-11.48785,8.42867],[-11.48785,8.42872],[-11.48787,8.42877],[-11.48791,8.42878]]},"properties":{"id":482605709,"cls":"service","hw":"service","tg":"na","name":"","ref":"","surface":"","sc":"unknown","speed":null,"lit":"unk","km":0.069}},
{"type":"Feature","geometry":{"type":"LineString","coordinates":[[-13.28971,8.49277],[-13.28914,8.49276],[-13.28901,8.49278],[-13.28894,8.49281]]},"properties":{"id":513161608,"cls":"service","hw":"service","tg":"na","name":"","ref":"","surface":"","sc":"unknown","speed":null,"lit":"unk","km":0.086}},
{"type":"Feature","geometry":{"type":"LineString","coordinates":[[-13.16409,8.60939],[-13.1641,8.60933],[-13.16414,8.60914],[-13.16415,8.60902],[-13.16415,8.60895],[-13.16417,8.60883],[-13.16418,8.60875],[-13.16419,8.60868],[-13.1642,8.60861]]},"properties":{"id":521628965,"cls":"service","hw":"service","tg":"na","name":"","ref":"","surface":"","sc":"unknown","speed":null,"lit":"unk","km":0.088}},
{"type":"Feature","geometry":{"type":"LineString","coordinates":[[-13.27077,8.47993],[-13.27032,8.47969],[-13.2699,8.47955]]},"properties":{"id":529711575,"cls":"service","hw":"service","tg":"na","name":"","ref":"","surface":"asphalt","sc":"paved","speed":null,"lit":"unk","km":0.105}},
{"type":"Feature","geometry":{"type":"LineString","coordinates":[[-12.06843,8.11508],[-12.06822,8.1151],[-12.06802,8.11517],[-12.06801,8.11512]]},"properties":{"id":536510636,"cls":"service","hw":"service","tg":"na","name":"","ref":"","surface":"","sc":"unknown","speed":20,"lit":"unk","km":0.052}},
{"type":"Feature","geometry":{"type":"LineString","coordinates":[[-11.55698,9.59743],[-11.55705,9.59749],[-11.55709,9.59761],[-11.5571,9.59775],[-11.55711,9.59783],[-11.55714,9.59787],[-11.55721,9.59794]]},"properties":{"id":541593827,"cls":"service","hw":"service","tg":"na","name":"","ref":"","surface":"unpaved","sc":"unpaved","speed":null,"lit":"unk","km":0.065}},
{"type":"Feature","geometry":{"type":"LineString","coordinates":[[-11.55088,9.59693],[-11.55084,9.59678],[-11.55086,9.59665],[-11.55093,9.59654],[-11.55105,9.59633],[-11.55117,9.59622],[-11.55131,9.5961],[-11.55139,9.59601],[-11.55149,9.59593],[-11.55159,9.59587],[-11.55171,9.59581],[-11.5518,9.5957]]},"properties":{"id":541603973,"cls":"service","hw":"service","tg":"na","name":"","ref":"","surface":"unpaved","sc":"unpaved","speed":null,"lit":"unk","km":0.182}},
{"type":"Feature","geometry":{"type":"LineString","coordinates":[[-11.56066,9.56546],[-11.56074,9.56542],[-11.56083,9.5654],[-11.56094,9.56538],[-11.56104,9.5654],[-11.56111,9.56541],[-11.56117,9.56542]]},"properties":{"id":541950295,"cls":"service","hw":"service","tg":"na","name":"","ref":"","surface":"unpaved","sc":"unpaved","speed":null,"lit":"unk","km":0.058}},
{"type":"Feature","geometry":{"type":"LineString","coordinates":[[-13.23545,8.47369],[-13.23526,8.4736]]},"properties":{"id":542409361,"cls":"service","hw":"service","tg":"na","name":"","ref":"","surface":"","sc":"unknown","speed":null,"lit":"unk","km":0.023}},
{"type":"Feature","geometry":{"type":"LineString","coordinates":[[-12.06961,8.12181],[-12.06978,8.12254],[-12.06994,8.12326],[-12.0705,8.12326],[-12.07063,8.12326]]},"properties":{"id":544942407,"cls":"service","hw":"service","tg":"na","name":"","ref":"","surface":"","sc":"unknown","speed":null,"lit":"unk","km":0.241}},
{"type":"Feature","geometry":{"type":"LineString","coordinates":[[-12.06907,8.11927],[-12.06918,8.11976],[-12.06939,8.12078],[-12.06961,8.12181]]},"properties":{"id":544942784,"cls":"service","hw":"service","tg":"na","name":"","ref":"","surface":"","sc":"unknown","speed":null,"lit":"unk","km":0.289}},
{"type":"Feature","geometry":{"type":"LineString","coordinates":[[-13.2964,8.4981],[-13.29638,8.49814],[-13.29637,8.49815],[-13.29636,8.49816],[-13.2963,8.49816],[-13.29619,8.49825],[-13.29614,8.49859]]},"properties":{"id":545208204,"cls":"service","hw":"service","tg":"na","name":"","ref":"","surface":"unpaved","sc":"unpaved","speed":null,"lit":"unk","km":0.069}},
{"type":"Feature","geometry":{"type":"LineString","coordinates":[[-12.98684,8.34061],[-12.98614,8.33901],[-12.98593,8.33883],[-12.9858,8.33879],[-12.98564,8.33878],[-12.98509,8.33894],[-12.98435,8.33916],[-12.98414,8.33919],[-12.98335,8.33737]]},"properties":{"id":573659654,"cls":"service","hw":"service","tg":"na","name":"","ref":"","surface":"","sc":"unknown","speed":null,"lit":"unk","km":0.649}},
{"type":"Feature","geometry":{"type":"LineString","coordinates":[[-13.15649,8.38554],[-13.15642,8.38546],[-13.15633,8.38549],[-13.15627,8.38552],[-13.15618,8.38552],[-13.1561,8.38549],[-13.15596,8.38541],[-13.15591,8.38537],[-13.15585,8.38535],[-13.15581,8.38531],[-13.15572,8.38523],[-13.15569,8.38514],[-13.15565,8.3851],[-13.15562,8.38505],[-13.1556,8.38495],[-13.15561,8.38493]]},"properties":{"id":581858776,"cls":"service","hw":"service","tg":"na","name":"","ref":"","surface":"","sc":"unknown","speed":null,"lit":"unk","km":0.137}},
{"type":"Feature","geometry":{"type":"LineString","coordinates":[[-12.91093,9.04425],[-12.91103,9.04418],[-12.91131,9.04405]]},"properties":{"id":609271099,"cls":"service","hw":"service","tg":"na","name":"","ref":"","surface":"","sc":"unknown","speed":null,"lit":"unk","km":0.047}},
{"type":"Feature","geometry":{"type":"LineString","coordinates":[[-12.29508,7.76543],[-12.2952,7.76544],[-12.29539,7.76545]]},"properties":{"id":647472891,"cls":"service","hw":"service","tg":"na","name":"","ref":"","surface":"unpaved","sc":"unpaved","speed":null,"lit":"unk","km":0.034}},
{"type":"Feature","geometry":{"type":"LineString","coordinates":[[-12.29536,7.76533],[-12.29522,7.76537],[-12.29508,7.76543]]},"properties":{"id":647472893,"cls":"service","hw":"service","tg":"na","name":"","ref":"","surface":"unpaved","sc":"unpaved","speed":null,"lit":"unk","km":0.033}},
{"type":"Feature","geometry":{"type":"LineString","coordinates":[[-12.05764,8.88782],[-12.05686,8.88701],[-12.05671,8.88685],[-12.05661,8.88678],[-12.05654,8.88677],[-12.05647,8.88678],[-12.0564,8.88683],[-12.05573,8.88738]]},"properties":{"id":667217886,"cls":"service","hw":"service","tg":"na","name":"UNIMAK Avenue","ref":"","surface":"dirt","sc":"unpaved","speed":null,"lit":"unk","km":0.283}},
{"type":"Feature","geometry":{"type":"LineString","coordinates":[[-12.05261,8.88024],[-12.05271,8.87997],[-12.05289,8.87936],[-12.05304,8.87881]]},"properties":{"id":667257115,"cls":"service","hw":"service","tg":"na","name":"","ref":"","surface":"","sc":"unknown","speed":null,"lit":"unk","km":0.166}},
{"type":"Feature","geometry":{"type":"LineString","coordinates":[[-12.0522,8.87394],[-12.05216,8.87399],[-12.05212,8.87401],[-12.05206,8.87401],[-12.05198,8.87398],[-12.05183,8.87388],[-12.05181,8.87384],[-12.05181,8.8738],[-12.05182,8.87374],[-12.05192,8.87355]]},"properties":{"id":667408868,"cls":"service","hw":"service","tg":"na","name":"","ref":"","surface":"","sc":"unknown","speed":null,"lit":"unk","km":0.088}},
{"type":"Feature","geometry":{"type":"LineString","coordinates":[[-12.05365,8.87659],[-12.05341,8.87653]]},"properties":{"id":667408869,"cls":"service","hw":"service","tg":"na","name":"","ref":"","surface":"","sc":"unknown","speed":null,"lit":"unk","km":0.027}},
{"type":"Feature","geometry":{"type":"LineString","coordinates":[[-12.05331,8.87742],[-12.05328,8.87727]]},"properties":{"id":667408872,"cls":"service","hw":"service","tg":"na","name":"","ref":"","surface":"","sc":"unknown","speed":null,"lit":"unk","km":0.017}},
{"type":"Feature","geometry":{"type":"LineString","coordinates":[[-12.05607,8.87154],[-12.05633,8.87155]]},"properties":{"id":667411470,"cls":"service","hw":"service","tg":"na","name":"Aggienold Road","ref":"","surface":"","sc":"unknown","speed":null,"lit":"unk","km":0.029}},
{"type":"Feature","geometry":{"type":"LineString","coordinates":[[-13.07761,8.31414],[-13.07802,8.31415],[-13.07891,8.31417],[-13.07893,8.31396]]},"properties":{"id":667437563,"cls":"service","hw":"service","tg":"na","name":"","ref":"","surface":"","sc":"unknown","speed":null,"lit":"unk","km":0.167}},
{"type":"Feature","geometry":{"type":"LineString","coordinates":[[-13.07891,8.31417],[-13.07887,8.31476],[-13.07887,8.31477],[-13.07888,8.31477],[-13.07888,8.31477],[-13.07899,8.31478],[-13.0793,8.31481],[-13.07939,8.31482]]},"properties":{"id":667437564,"cls":"service","hw":"service","tg":"na","name":"","ref":"","surface":"","sc":"unknown","speed":null,"lit":"unk","km":0.124}},
{"type":"Feature","geometry":{"type":"LineString","coordinates":[[-13.07618,8.31018],[-13.07626,8.31045],[-13.0763,8.31059],[-13.07641,8.31096],[-13.07646,8.3112]]},"properties":{"id":667437565,"cls":"service","hw":"service","tg":"na","name":"","ref":"","surface":"","sc":"unknown","speed":null,"lit":"unk","km":0.118}},
{"type":"Feature","geometry":{"type":"LineString","coordinates":[[-13.26589,8.39684],[-13.26589,8.39675],[-13.2659,8.39666],[-13.26594,8.39659],[-13.26603,8.39649]]},"properties":{"id":667464653,"cls":"service","hw":"service","tg":"na","name":"Lakka Beach Road","ref":"","surface":"","sc":"unknown","speed":null,"lit":"unk","km":0.044}},
{"type":"Feature","geometry":{"type":"LineString","coordinates":[[-13.07817,8.30902],[-13.07808,8.30873],[-13.07801,8.30845],[-13.07796,8.3082],[-13.07795,8.30806],[-13.07796,8.30787],[-13.07798,8.30779],[-13.07802,8.30771],[-13.07808,8.30765],[-13.07814,8.3076]]},"properties":{"id":667468857,"cls":"service","hw":"service","tg":"na","name":"","ref":"","surface":"","sc":"unknown","speed":null,"lit":"unk","km":0.168}},
{"type":"Feature","geometry":{"type":"LineString","coordinates":[[-13.0775,8.31078],[-13.07746,8.31054],[-13.07742,8.31032],[-13.07738,8.31013],[-13.07739,8.30998],[-13.07743,8.30985],[-13.07749,8.30973],[-13.07755,8.30964],[-13.07763,8.30953],[-13.07767,8.30946],[-13.07771,8.30939],[-13.07774,8.30933],[-13.07779,8.30924],[-13.07795,8.30914],[-13.07817,8.30902]]},"properties":{"id":667468858,"cls":"service","hw":"service","tg":"na","name":"","ref":"","surface":"","sc":"unknown","speed":null,"lit":"unk","km":0.232}},
{"type":"Feature","geometry":{"type":"LineString","coordinates":[[-12.02435,8.8759],[-12.02451,8.876],[-12.02466,8.87614],[-12.02485,8.87637],[-12.02495,8.87653],[-12.02524,8.87693],[-12.02563,8.87714],[-12.02603,8.87748],[-12.02613,8.8777],[-12.02631,8.87794],[-12.02665,8.87841],[-12.02693,8.87871],[-12.02711,8.87882],[-12.02736,8.879],[-12.02747,8.87913],[-12.02752,8.87921]]},"properties":{"id":667468860,"cls":"service","hw":"service","tg":"na","name":"","ref":"","surface":"","sc":"unknown","speed":null,"lit":"unk","km":0.515}},
{"type":"Feature","geometry":{"type":"LineString","coordinates":[[-13.22394,8.44991],[-13.2239,8.44987],[-13.22383,8.44976],[-13.2238,8.44967],[-13.22376,8.44954]]},"properties":{"id":667476312,"cls":"service","hw":"service","tg":"na","name":"","ref":"","surface":"","sc":"unknown","speed":null,"lit":"unk","km":0.046}},
{"type":"Feature","geometry":{"type":"LineString","coordinates":[[-13.2637,8.39803],[-13.26352,8.39761],[-13.26345,8.39749],[-13.26341,8.39745],[-13.26336,8.39743],[-13.26333,8.39744],[-13.26328,8.39745],[-13.26292,8.39758]]},"properties":{"id":667499665,"cls":"service","hw":"service","tg":"na","name":"","ref":"","surface":"","sc":"unknown","speed":null,"lit":"unk","km":0.13}},
{"type":"Feature","geometry":{"type":"LineString","coordinates":[[-13.07861,8.31034],[-13.0789,8.3105],[-13.07898,8.31056],[-13.07903,8.31062],[-13.07906,8.31071],[-13.07906,8.3118],[-13.079,8.31277],[-13.07893,8.31396]]},"properties":{"id":667507638,"cls":"service","hw":"service","tg":"na","name":"","ref":"","surface":"","sc":"unknown","speed":null,"lit":"unk","km":0.429}},
{"type":"Feature","geometry":{"type":"LineString","coordinates":[[-13.07646,8.3112],[-13.07672,8.31111],[-13.07704,8.311],[-13.07739,8.31083],[-13.0775,8.31078],[-13.07784,8.31064],[-13.07822,8.31049],[-13.07861,8.31034]]},"properties":{"id":667507639,"cls":"service","hw":"service","tg":"na","name":"","ref":"","surface":"","sc":"unknown","speed":null,"lit":"unk","km":0.255}},
{"type":"Feature","geometry":{"type":"LineString","coordinates":[[-13.0814,8.30738],[-13.08131,8.30749],[-13.08124,8.30756],[-13.08113,8.30761],[-13.08094,8.30766],[-13.08058,8.30771],[-13.08038,8.30776],[-13.08014,8.30784],[-13.07982,8.30797],[-13.07967,8.30802],[-13.07962,8.30804],[-13.07961,8.30807],[-13.0796,8.3081]]},"properties":{"id":667507640,"cls":"service","hw":"service","tg":"na","name":"","ref":"","surface":"","sc":"unknown","speed":null,"lit":"unk","km":0.221}},
{"type":"Feature","geometry":{"type":"LineString","coordinates":[[-11.1933,7.88011],[-11.19342,7.88022],[-11.19357,7.88033],[-11.1938,7.88045],[-11.19398,7.88052],[-11.19418,7.8806],[-11.19431,7.88064],[-11.19446,7.88067],[-11.1946,7.8807],[-11.19475,7.88076],[-11.19486,7.88077],[-11.1949,7.88076],[-11.19496,7.88073],[-11.19501,7.88067]]},"properties":{"id":667519113,"cls":"service","hw":"service","tg":"na","name":"","ref":"","surface":"","sc":"unknown","speed":null,"lit":"unk","km":0.21}},
{"type":"Feature","geometry":{"type":"LineString","coordinates":[[-12.04958,8.87104],[-12.04961,8.87087],[-12.04963,8.87062],[-12.04967,8.87027]]},"properties":{"id":667647145,"cls":"service","hw":"service","tg":"na","name":"","ref":"","surface":"","sc":"unknown","speed":null,"lit":"unk","km":0.086}},
{"type":"Feature","geometry":{"type":"LineString","coordinates":[[-11.19112,7.87569],[-11.19135,7.87589],[-11.19159,7.87609],[-11.19179,7.87626],[-11.19199,7.87642]]},"properties":{"id":667647461,"cls":"service","hw":"service","tg":"na","name":"Tumba Street","ref":"","surface":"unpaved","sc":"unpaved","speed":null,"lit":"unk","km":0.126}},
{"type":"Feature","geometry":{"type":"LineString","coordinates":[[-13.27026,8.42734],[-13.26997,8.42734],[-13.26966,8.42731],[-13.2696,8.42732],[-13.26954,8.42735],[-13.2695,8.4274],[-13.26945,8.42748],[-13.26946,8.42753],[-13.2695,8.4276],[-13.2696,8.42769],[-13.2697,8.42777],[-13.26981,8.42783],[-13.27017,8.42802],[-13.27032,8.4281],[-13.27047,8.42816],[-13.27066,8.42824],[-13.27076,8.42829],[-13.27084,8.42834],[-13.27103,8.42843],[-13.27119,8.42849],[-13.27149,8.42862],[-13.27152,8.42863]]},"properties":{"id":667653091,"cls":"service","hw":"service","tg":"na","name":"Jerusalem Avenue","ref":"","surface":"","sc":"unknown","speed":null,"lit":"unk","km":0.364}},
{"type":"Feature","geometry":{"type":"LineString","coordinates":[[-13.03501,8.33831],[-13.03478,8.33864],[-13.03468,8.33882],[-13.03465,8.33894],[-13.03464,8.33907],[-13.0347,8.33953],[-13.03476,8.33977],[-13.0348,8.33984],[-13.03485,8.33992],[-13.03492,8.33999]]},"properties":{"id":667665888,"cls":"service","hw":"service","tg":"na","name":"","ref":"","surface":"","sc":"unknown","speed":null,"lit":"unk","km":0.205}},
{"type":"Feature","geometry":{"type":"LineString","coordinates":[[-10.96534,8.64869],[-10.96539,8.64869],[-10.96547,8.6487],[-10.96552,8.64867],[-10.96549,8.64861],[-10.96543,8.64854]]},"properties":{"id":667674079,"cls":"service","hw":"service","tg":"na","name":"","ref":"","surface":"","sc":"unknown","speed":null,"lit":"unk","km":0.038}},
{"type":"Feature","geometry":{"type":"LineString","coordinates":[[-10.96543,8.64854],[-10.9654,8.64857],[-10.96535,8.64862],[-10.96533,8.64865],[-10.96532,8.64867],[-10.96534,8.64869]]},"properties":{"id":667674080,"cls":"service","hw":"service","tg":"na","name":"","ref":"","surface":"","sc":"unknown","speed":null,"lit":"unk","km":0.022}},
{"type":"Feature","geometry":{"type":"LineString","coordinates":[[-10.96071,8.62675],[-10.96066,8.62675],[-10.96037,8.62678],[-10.96028,8.62682],[-10.96019,8.62688],[-10.95996,8.62702],[-10.95982,8.62711],[-10.95973,8.62719],[-10.95957,8.62729],[-10.95947,8.62735],[-10.95938,8.62742],[-10.95918,8.62759]]},"properties":{"id":667688396,"cls":"service","hw":"service","tg":"na","name":"","ref":"","surface":"","sc":"unknown","speed":null,"lit":"unk","km":0.197}},
{"type":"Feature","geometry":{"type":"LineString","coordinates":[[-11.19071,7.87674],[-11.1906,7.87667],[-11.1905,7.87662],[-11.19043,7.87659]]},"properties":{"id":667690706,"cls":"service","hw":"service","tg":"na","name":"Main Street","ref":"","surface":"unpaved","sc":"unpaved","speed":null,"lit":"unk","km":0.035}},
{"type":"Feature","geometry":{"type":"LineString","coordinates":[[-10.96459,8.64508],[-10.9646,8.64529],[-10.96462,8.64534],[-10.96468,8.6454],[-10.96495,8.64561],[-10.96498,8.64567],[-10.965,8.64572],[-10.96505,8.64591],[-10.96507,8.64601]]},"properties":{"id":667703276,"cls":"service","hw":"service","tg":"na","name":"","ref":"","surface":"","sc":"unknown","speed":null,"lit":"unk","km":0.123}},
{"type":"Feature","geometry":{"type":"LineString","coordinates":[[-10.97792,8.62991],[-10.97793,8.62993],[-10.97794,8.62998],[-10.97798,8.63008]]},"properties":{"id":668241571,"cls":"service","hw":"service","tg":"na","name":"","ref":"","surface":"","sc":"unknown","speed":null,"lit":"unk","km":0.02}},
{"type":"Feature","geometry":{"type":"LineString","coordinates":[[-10.97798,8.63008],[-10.97802,8.62999],[-10.97803,8.62993],[-10.97803,8.62992]]},"properties":{"id":668241574,"cls":"service","hw":"service","tg":"na","name":"","ref":"","surface":"","sc":"unknown","speed":null,"lit":"unk","km":0.019}},
{"type":"Feature","geometry":{"type":"LineString","coordinates":[[-10.97799,8.62945],[-10.97796,8.62952],[-10.97794,8.6296],[-10.97792,8.62976]]},"properties":{"id":668241576,"cls":"service","hw":"service","tg":"na","name":"","ref":"","surface":"paved","sc":"paved","speed":null,"lit":"unk","km":0.036}},
{"type":"Feature","geometry":{"type":"LineString","coordinates":[[-10.97803,8.62975],[-10.97802,8.62961],[-10.97801,8.62953],[-10.97799,8.62945]]},"properties":{"id":668241579,"cls":"service","hw":"service","tg":"na","name":"","ref":"","surface":"paved","sc":"paved","speed":null,"lit":"unk","km":0.034}},
{"type":"Feature","geometry":{"type":"LineString","coordinates":[[-10.97807,8.6298],[-10.9782,8.62969],[-10.9783,8.62962],[-10.97841,8.62952],[-10.97866,8.62922],[-10.979,8.62888],[-10.97917,8.62876],[-10.9796,8.62849],[-10.97981,8.62837],[-10.98012,8.62827],[-10.98062,8.62817],[-10.98132,8.62801],[-10.98125,8.62757],[-10.98123,8.62747],[-10.98126,8.62739],[-10.98161,8.62726],[-10.98179,8.62719],[-10.98242,8.62697],[-10.98371,8.62651],[-10.98387,8.62645],[-10.98405,8.62635],[-10.98424,8.62628]]},"properties":{"id":668241581,"cls":"service","hw":"service","tg":"na","name":"","ref":"","surface":"","sc":"unknown","speed":null,"lit":"unk","km":0.842}},
{"type":"Feature","geometry":{"type":"LineString","coordinates":[[-10.97808,8.62982],[-10.97807,8.6298],[-10.97805,8.62977],[-10.97803,8.62975],[-10.97799,8.62974],[-10.97795,8.62974],[-10.97792,8.62976],[-10.9779,8.62979],[-10.97789,8.62982],[-10.97789,8.62986],[-10.9779,8.62988],[-10.97792,8.62991],[-10.97796,8.62992],[-10.97799,8.62993],[-10.97803,8.62992],[-10.97805,8.6299],[-10.97807,8.62988],[-10.97808,8.62985],[-10.97808,8.62982]]},"properties":{"id":668241583,"cls":"service","hw":"service","tg":"na","name":"","ref":"","surface":"","sc":"unknown","speed":null,"lit":"unk","km":0.067}},
{"type":"Feature","geometry":{"type":"LineString","coordinates":[[-10.97917,8.62876],[-10.97928,8.62897],[-10.97927,8.62905]]},"properties":{"id":668242305,"cls":"service","hw":"service","tg":"na","name":"","ref":"","surface":"","sc":"unknown","speed":null,"lit":"unk","km":0.035}},
{"type":"Feature","geometry":{"type":"LineString","coordinates":[[-11.21689,7.85069],[-11.21688,7.85064]]},"properties":{"id":668248460,"cls":"service","hw":"service","tg":"na","name":"","ref":"","surface":"unpaved","sc":"unpaved","speed":null,"lit":"unk","km":0.006}},
{"type":"Feature","geometry":{"type":"LineString","coordinates":[[-10.96629,8.62647],[-10.9665,8.62651]]},"properties":{"id":668249545,"cls":"service","hw":"service","tg":"na","name":"","ref":"","surface":"unpaved","sc":"unpaved","speed":null,"lit":"unk","km":0.024}},
{"type":"Feature","geometry":{"type":"LineString","coordinates":[[-10.9665,8.62651],[-10.96637,8.62636]]},"properties":{"id":668249546,"cls":"service","hw":"service","tg":"na","name":"","ref":"","surface":"unpaved","sc":"unpaved","speed":null,"lit":"unk","km":0.022}},
{"type":"Feature","geometry":{"type":"LineString","coordinates":[[-10.96603,8.62654],[-10.96613,8.62652],[-10.96621,8.62648]]},"properties":{"id":668249547,"cls":"service","hw":"service","tg":"na","name":"","ref":"","surface":"","sc":"unknown","speed":null,"lit":"unk","km":0.021}},
{"type":"Feature","geometry":{"type":"LineString","coordinates":[[-10.96616,8.62626],[-10.96605,8.62622],[-10.96596,8.62621]]},"properties":{"id":668249548,"cls":"service","hw":"service","tg":"na","name":"","ref":"","surface":"unpaved","sc":"unpaved","speed":null,"lit":"unk","km":0.023}},
{"type":"Feature","geometry":{"type":"LineString","coordinates":[[-10.96622,8.62607],[-10.96619,8.62624]]},"properties":{"id":668249549,"cls":"service","hw":"service","tg":"na","name":"","ref":"","surface":"","sc":"unknown","speed":null,"lit":"unk","km":0.019}},
{"type":"Feature","geometry":{"type":"LineString","coordinates":[[-10.96613,8.62642],[-10.96609,8.62647],[-10.96603,8.62654]]},"properties":{"id":668249550,"cls":"service","hw":"service","tg":"na","name":"","ref":"","surface":"","sc":"unknown","speed":null,"lit":"unk","km":0.017}},
{"type":"Feature","geometry":{"type":"LineString","coordinates":[[-10.96596,8.62621],[-10.96601,8.62629],[-10.96611,8.62636]]},"properties":{"id":668249551,"cls":"service","hw":"service","tg":"na","name":"","ref":"","surface":"unpaved","sc":"unpaved","speed":null,"lit":"unk","km":0.024}},
{"type":"Feature","geometry":{"type":"LineString","coordinates":[[-10.96629,8.62624],[-10.96622,8.62607]]},"properties":{"id":668249552,"cls":"service","hw":"service","tg":"na","name":"","ref":"","surface":"","sc":"unknown","speed":null,"lit":"unk","km":0.02}},
{"type":"Feature","geometry":{"type":"LineString","coordinates":[[-10.96637,8.62636],[-10.96636,8.62632],[-10.96635,8.62629],[-10.96632,8.62626],[-10.96629,8.62624],[-10.96626,8.62623],[-10.96622,8.62623],[-10.96619,8.62624],[-10.96616,8.62626],[-10.96613,8.62629],[-10.96612,8.62632],[-10.96611,8.62636],[-10.96612,8.62639],[-10.96613,8.62642],[-10.96617,8.62646],[-10.96621,8.62648],[-10.96624,8.62648],[-10.96627,8.62648],[-10.96629,8.62647],[-10.96632,8.62645],[-10.96635,8.62642],[-10.96636,8.62639],[-10.96637,8.62636]]},"properties":{"id":668249553,"cls":"service","hw":"service","tg":"na","name":"","ref":"","surface":"","sc":"unknown","speed":null,"lit":"unk","km":0.088}},
{"type":"Feature","geometry":{"type":"LineString","coordinates":[[-10.96596,8.62621],[-10.96588,8.62614],[-10.96551,8.6258],[-10.96453,8.62481],[-10.96404,8.62438]]},"properties":{"id":668249555,"cls":"service","hw":"service","tg":"na","name":"","ref":"","surface":"unpaved","sc":"unpaved","speed":null,"lit":"unk","km":0.293}},
{"type":"Feature","geometry":{"type":"LineString","coordinates":[[-10.96071,8.62675],[-10.9607,8.62725],[-10.9607,8.62773]]},"properties":{"id":668250411,"cls":"service","hw":"service","tg":"na","name":"","ref":"","surface":"","sc":"unknown","speed":null,"lit":"unk","km":0.109}},
{"type":"Feature","geometry":{"type":"LineString","coordinates":[[-10.96632,8.62916],[-10.96639,8.62946],[-10.96653,8.63001],[-10.96666,8.63026]]},"properties":{"id":668250413,"cls":"service","hw":"service","tg":"na","name":"","ref":"","surface":"","sc":"unknown","speed":null,"lit":"unk","km":0.129}},
{"type":"Feature","geometry":{"type":"LineString","coordinates":[[-10.96896,8.63155],[-10.96868,8.63161],[-10.96848,8.63159],[-10.9683,8.63154],[-10.96792,8.63136],[-10.96761,8.63117],[-10.96739,8.63106],[-10.967,8.63091]]},"properties":{"id":668252525,"cls":"service","hw":"service","tg":"na","name":"","ref":"","surface":"","sc":"unknown","speed":null,"lit":"unk","km":0.234}},
{"type":"Feature","geometry":{"type":"LineString","coordinates":[[-10.9607,8.62773],[-10.96074,8.62889],[-10.96071,8.6295],[-10.96071,8.6302],[-10.96063,8.6314]]},"properties":{"id":668284774,"cls":"service","hw":"service","tg":"na","name":"","ref":"","surface":"","sc":"unknown","speed":null,"lit":"unk","km":0.409}},
{"type":"Feature","geometry":{"type":"LineString","coordinates":[[-11.18268,7.8754],[-11.18269,7.87567]]},"properties":{"id":668448954,"cls":"service","hw":"service","tg":"na","name":"","ref":"","surface":"unpaved","sc":"unpaved","speed":null,"lit":"unk","km":0.03}},
{"type":"Feature","geometry":{"type":"LineString","coordinates":[[-11.1832,7.87569],[-11.18319,7.87606],[-11.18316,7.87646],[-11.18316,7.8765],[-11.18316,7.87654],[-11.18313,7.87687],[-11.18311,7.87722],[-11.18309,7.87726]]},"properties":{"id":668452289,"cls":"service","hw":"service","tg":"na","name":"","ref":"","surface":"unpaved","sc":"unpaved","speed":null,"lit":"unk","km":0.175}},
{"type":"Feature","geometry":{"type":"LineString","coordinates":[[-11.19886,7.88141],[-11.19897,7.88145],[-11.19914,7.88156],[-11.19935,7.88174],[-11.19952,7.88196],[-11.19967,7.88223],[-11.19971,7.88234],[-11.19963,7.88254]]},"properties":{"id":668460649,"cls":"service","hw":"service","tg":"na","name":"","ref":"","surface":"unpaved","sc":"unpaved","speed":null,"lit":"unk","km":0.168}},
{"type":"Feature","geometry":{"type":"LineString","coordinates":[[-11.19196,7.88345],[-11.19218,7.88328],[-11.19239,7.88314]]},"properties":{"id":668460651,"cls":"service","hw":"service","tg":"na","name":"","ref":"","surface":"","sc":"unknown","speed":null,"lit":"unk","km":0.059}},
{"type":"Feature","geometry":{"type":"LineString","coordinates":[[-11.19963,7.88254],[-11.19957,7.88264],[-11.1995,7.88271],[-11.19939,7.88276],[-11.19926,7.88279],[-11.19909,7.8828],[-11.19894,7.88276],[-11.1988,7.88268],[-11.1987,7.88259],[-11.19864,7.88247],[-11.19861,7.8824],[-11.19859,7.88228],[-11.19864,7.88221],[-11.19869,7.88223],[-11.19886,7.88245]]},"properties":{"id":668460652,"cls":"service","hw":"service","tg":"na","name":"","ref":"","surface":"unpaved","sc":"unpaved","speed":null,"lit":"unk","km":0.204}},
{"type":"Feature","geometry":{"type":"LineString","coordinates":[[-11.19646,7.88239],[-11.19669,7.88267],[-11.19676,7.88278],[-11.19681,7.88291],[-11.19682,7.88307],[-11.19681,7.88321],[-11.19648,7.88421],[-11.19634,7.88468]]},"properties":{"id":668460654,"cls":"service","hw":"service","tg":"na","name":"","ref":"","surface":"unpaved","sc":"unpaved","speed":null,"lit":"unk","km":0.275}},
{"type":"Feature","geometry":{"type":"LineString","coordinates":[[-11.19441,7.87811],[-11.19455,7.87828],[-11.19467,7.87844],[-11.19477,7.87857],[-11.19484,7.87862]]},"properties":{"id":668466530,"cls":"service","hw":"service","tg":"na","name":"","ref":"","surface":"unpaved","sc":"unpaved","speed":null,"lit":"unk","km":0.074}},
{"type":"Feature","geometry":{"type":"LineString","coordinates":[[-11.19565,7.88082],[-11.19569,7.88093],[-11.19575,7.88101],[-11.19582,7.88106],[-11.19615,7.88122]]},"properties":{"id":668466531,"cls":"service","hw":"service","tg":"na","name":"","ref":"","surface":"","sc":"unknown","speed":null,"lit":"unk","km":0.074}},
{"type":"Feature","geometry":{"type":"LineString","coordinates":[[-11.19674,7.88878],[-11.19672,7.88867],[-11.19667,7.88854],[-11.19661,7.88843],[-11.19648,7.88825],[-11.19637,7.88814],[-11.19629,7.88809],[-11.1962,7.88808],[-11.19612,7.8881],[-11.19603,7.88815]]},"properties":{"id":668466532,"cls":"service","hw":"service","tg":"na","name":"","ref":"","surface":"","sc":"unknown","speed":null,"lit":"unk","km":0.124}},
{"type":"Feature","geometry":{"type":"LineString","coordinates":[[-10.97455,8.63028],[-10.97459,8.63037]]},"properties":{"id":668470825,"cls":"service","hw":"service","tg":"na","name":"","ref":"","surface":"","sc":"unknown","speed":null,"lit":"unk","km":0.011}},
{"type":"Feature","geometry":{"type":"LineString","coordinates":[[-10.97459,8.63037],[-10.97463,8.63063],[-10.97466,8.63076],[-10.97464,8.63087]]},"properties":{"id":668470827,"cls":"service","hw":"service","tg":"na","name":"","ref":"","surface":"","sc":"unknown","speed":null,"lit":"unk","km":0.056}},
{"type":"Feature","geometry":{"type":"LineString","coordinates":[[-13.2816,8.46932],[-13.28141,8.46957]]},"properties":{"id":669676475,"cls":"service","hw":"service","tg":"na","name":"","ref":"","surface":"asphalt","sc":"paved","speed":null,"lit":"unk","km":0.035}},
{"type":"Feature","geometry":{"type":"LineString","coordinates":[[-13.28139,8.46869],[-13.2816,8.46932]]},"properties":{"id":669676476,"cls":"service","hw":"service","tg":"na","name":"","ref":"","surface":"asphalt","sc":"paved","speed":null,"lit":"unk","km":0.074}},
{"type":"Feature","geometry":{"type":"LineString","coordinates":[[-13.24119,8.47075],[-13.24124,8.47059],[-13.24145,8.47049],[-13.2415,8.47047],[-13.24157,8.47045],[-13.24158,8.47044],[-13.24166,8.47041],[-13.24182,8.47035]]},"properties":{"id":669680930,"cls":"service","hw":"service","tg":"na","name":"","ref":"","surface":"paved","sc":"paved","speed":null,"lit":"unk","km":0.088}},
{"type":"Feature","geometry":{"type":"LineString","coordinates":[[-13.25333,8.4785],[-13.25335,8.47843],[-13.25335,8.47837],[-13.25335,8.47832],[-13.25333,8.47816],[-13.25332,8.47799],[-13.25332,8.47786]]},"properties":{"id":669709945,"cls":"service","hw":"service","tg":"na","name":"","ref":"","surface":"ground","sc":"unpaved","speed":null,"lit":"unk","km":0.072}},
{"type":"Feature","geometry":{"type":"LineString","coordinates":[[-13.1854,8.48064],[-13.18542,8.48057],[-13.1855,8.48038],[-13.18556,8.48025],[-13.18567,8.48005],[-13.18584,8.47966],[-13.18589,8.47959],[-13.18594,8.47952],[-13.18607,8.47936]]},"properties":{"id":669759912,"cls":"service","hw":"service","tg":"na","name":"South Road","ref":"","surface":"unpaved","sc":"unpaved","speed":null,"lit":"unk","km":0.161}},
{"type":"Feature","geometry":{"type":"LineString","coordinates":[[-13.18785,8.48197],[-13.18778,8.48198],[-13.18742,8.48195],[-13.18726,8.48193],[-13.18699,8.48183],[-13.18675,8.48174],[-13.18648,8.48161],[-13.18625,8.48149],[-13.18604,8.4814],[-13.18594,8.48136],[-13.18584,8.48128],[-13.18573,8.48119],[-13.18563,8.48108],[-13.18555,8.48097],[-13.18542,8.4807],[-13.1854,8.48064]]},"properties":{"id":669759913,"cls":"service","hw":"service","tg":"na","name":"South Road","ref":"","surface":"unpaved","sc":"unpaved","speed":null,"lit":"unk","km":0.325}},
{"type":"Feature","geometry":{"type":"LineString","coordinates":[[-13.18699,8.48039],[-13.18707,8.48043],[-13.18712,8.48045],[-13.18723,8.48045]]},"properties":{"id":669759914,"cls":"service","hw":"service","tg":"na","name":"","ref":"","surface":"","sc":"unknown","speed":null,"lit":"unk","km":0.028}},
{"type":"Feature","geometry":{"type":"LineString","coordinates":[[-13.1878,8.47717],[-13.1877,8.47726],[-13.18755,8.4773],[-13.18749,8.47732],[-13.18739,8.47734],[-13.18729,8.47736],[-13.18722,8.4774],[-13.18659,8.47811],[-13.18646,8.4783],[-13.1864,8.47846],[-13.18617,8.47903],[-13.18608,8.47929],[-13.18607,8.47936]]},"properties":{"id":669759915,"cls":"service","hw":"service","tg":"na","name":"South Road","ref":"","surface":"unpaved","sc":"unpaved","speed":null,"lit":"unk","km":0.326}},
{"type":"Feature","geometry":{"type":"LineString","coordinates":[[-13.18743,8.48002],[-13.18735,8.47997],[-13.18728,8.47998],[-13.18723,8.48003],[-13.1872,8.4801],[-13.1872,8.48021],[-13.18723,8.48045],[-13.18739,8.48037],[-13.18743,8.48034],[-13.18744,8.48029],[-13.18746,8.48024],[-13.18746,8.48017],[-13.18745,8.4801],[-13.18743,8.48002]]},"properties":{"id":669760771,"cls":"service","hw":"service","tg":"na","name":"","ref":"","surface":"","sc":"unknown","speed":null,"lit":"unk","km":0.135}},
{"type":"Feature","geometry":{"type":"LineString","coordinates":[[-13.18727,8.48067],[-13.18737,8.48074],[-13.18751,8.48078],[-13.18767,8.48084],[-13.18771,8.48091],[-13.18773,8.48097]]},"properties":{"id":669760774,"cls":"service","hw":"service","tg":"na","name":"","ref":"","surface":"","sc":"unknown","speed":null,"lit":"unk","km":0.064}},
{"type":"Feature","geometry":{"type":"LineString","coordinates":[[-13.23316,8.49221],[-13.23324,8.49223],[-13.23334,8.49223],[-13.23346,8.49219],[-13.23361,8.49209],[-13.23384,8.49191],[-13.23454,8.4914],[-13.23483,8.49122],[-13.23505,8.49107]]},"properties":{"id":669957486,"cls":"service","hw":"service","tg":"na","name":"","ref":"","surface":"","sc":"unknown","speed":null,"lit":"unk","km":0.249}},
{"type":"Feature","geometry":{"type":"LineString","coordinates":[[-13.24534,8.49202],[-13.24535,8.49198],[-13.24537,8.49194],[-13.2454,8.49191],[-13.24546,8.49187],[-13.24551,8.49185],[-13.24558,8.49185],[-13.24572,8.4919],[-13.24585,8.49195],[-13.24592,8.49195]]},"properties":{"id":669979453,"cls":"service","hw":"service","tg":"na","name":"Gadrage Road Kingtom","ref":"","surface":"unpaved","sc":"unpaved","speed":null,"lit":"unk","km":0.075}},
{"type":"Feature","geometry":{"type":"LineString","coordinates":[[-13.19559,8.48068],[-13.19569,8.48062],[-13.19577,8.48057]]},"properties":{"id":670002755,"cls":"service","hw":"service","tg":"na","name":"","ref":"","surface":"","sc":"unknown","speed":null,"lit":"unk","km":0.023}},
{"type":"Feature","geometry":{"type":"LineString","coordinates":[[-13.20932,8.48812],[-13.20916,8.48812],[-13.209,8.4881],[-13.20891,8.48802],[-13.20883,8.4879],[-13.20884,8.48782],[-13.20909,8.48752],[-13.20923,8.48731],[-13.20932,8.48711],[-13.2094,8.48694],[-13.20949,8.48672]]},"properties":{"id":670196371,"cls":"service","hw":"service","tg":"na","name":"","ref":"","surface":"","sc":"unknown","speed":null,"lit":"unk","km":0.216}},
{"type":"Feature","geometry":{"type":"LineString","coordinates":[[-13.29551,8.49485],[-13.2954,8.49519],[-13.29535,8.49533],[-13.29525,8.49557]]},"properties":{"id":670198913,"cls":"service","hw":"service","tg":"na","name":"Cape Road","ref":"","surface":"paved","sc":"paved","speed":null,"lit":"unk","km":0.085}},
{"type":"Feature","geometry":{"type":"LineString","coordinates":[[-13.28812,8.4966],[-13.28805,8.49651],[-13.28797,8.49633],[-13.28793,8.49627],[-13.28776,8.49592]]},"properties":{"id":670198914,"cls":"service","hw":"service","tg":"na","name":"","ref":"","surface":"asphalt","sc":"paved","speed":null,"lit":"unk","km":0.086}},
{"type":"Feature","geometry":{"type":"LineString","coordinates":[[-13.28776,8.49592],[-13.28762,8.49561],[-13.28752,8.4954]]},"properties":{"id":670219597,"cls":"service","hw":"service","tg":"na","name":"","ref":"","surface":"asphalt","sc":"paved","speed":null,"lit":"unk","km":0.064}},
{"type":"Feature","geometry":{"type":"LineString","coordinates":[[-13.24677,8.3891],[-13.2467,8.38962],[-13.24668,8.38966],[-13.24664,8.3897],[-13.24654,8.38977],[-13.24643,8.3898],[-13.24632,8.3898]]},"properties":{"id":670223256,"cls":"service","hw":"service","tg":"na","name":"","ref":"","surface":"","sc":"unknown","speed":null,"lit":"unk","km":0.108}},
{"type":"Feature","geometry":{"type":"LineString","coordinates":[[-13.24632,8.3898],[-13.24621,8.38977],[-13.24605,8.38966],[-13.24597,8.38961],[-13.24588,8.38957],[-13.24576,8.38953],[-13.24554,8.38941],[-13.24536,8.38932],[-13.24531,8.38928],[-13.24529,8.38923],[-13.24529,8.38916],[-13.2453,8.38911],[-13.24532,8.38906],[-13.24537,8.38899],[-13.24545,8.38892],[-13.24552,8.3889]]},"properties":{"id":670223257,"cls":"service","hw":"service","tg":"na","name":"","ref":"","surface":"","sc":"unknown","speed":null,"lit":"unk","km":0.181}},
{"type":"Feature","geometry":{"type":"LineString","coordinates":[[-13.24661,8.38667],[-13.24659,8.38679],[-13.24654,8.38695],[-13.24652,8.38701],[-13.24649,8.38717],[-13.24651,8.38737],[-13.24657,8.38748],[-13.24666,8.38757],[-13.24677,8.38764],[-13.24679,8.38764],[-13.24681,8.38765],[-13.24698,8.38765],[-13.247,8.38766],[-13.24701,8.38768],[-13.24699,8.38797],[-13.24693,8.38828],[-13.24693,8.38851],[-13.24692,8.38868],[-13.2469,8.38881],[-13.24684,8.38907],[-13.2468,8.38909],[-13.24677,8.3891]]},"properties":{"id":670223258,"cls":"service","hw":"service","tg":"na","name":"","ref":"","surface":"","sc":"unknown","speed":null,"lit":"unk","km":0.315}},
{"type":"Feature","geometry":{"type":"LineString","coordinates":[[-13.26156,8.48772],[-13.26158,8.48774],[-13.26162,8.48773],[-13.26185,8.48763]]},"properties":{"id":670237914,"cls":"service","hw":"service","tg":"na","name":"","ref":"","surface":"","sc":"unknown","speed":null,"lit":"unk","km":0.035}},
{"type":"Feature","geometry":{"type":"LineString","coordinates":[[-13.1877,8.47726],[-13.18762,8.47738],[-13.18755,8.47747]]},"properties":{"id":670247978,"cls":"service","hw":"service","tg":"na","name":"","ref":"","surface":"","sc":"unknown","speed":null,"lit":"unk","km":0.029}},
{"type":"Feature","geometry":{"type":"LineString","coordinates":[[-13.26585,8.4826],[-13.26599,8.48279],[-13.26605,8.48283],[-13.26614,8.48285],[-13.26626,8.48284],[-13.26642,8.48277],[-13.26646,8.48268],[-13.26648,8.4826],[-13.26653,8.48225]]},"properties":{"id":670278037,"cls":"service","hw":"service","tg":"na","name":"","ref":"","surface":"","sc":"unknown","speed":null,"lit":"unk","km":0.136}},
{"type":"Feature","geometry":{"type":"LineString","coordinates":[[-13.27107,8.44825],[-13.27096,8.4482],[-13.27063,8.44808],[-13.27032,8.44794],[-13.27014,8.44791]]},"properties":{"id":670429706,"cls":"service","hw":"service","tg":"na","name":"","ref":"","surface":"","sc":"unknown","speed":null,"lit":"unk","km":0.11}},
{"type":"Feature","geometry":{"type":"LineString","coordinates":[[-13.27582,8.47356],[-13.27587,8.47356]]},"properties":{"id":670465514,"cls":"service","hw":"service","tg":"na","name":"","ref":"","surface":"","sc":"unknown","speed":null,"lit":"unk","km":0.005}},
{"type":"Feature","geometry":{"type":"LineString","coordinates":[[-13.27895,8.4428],[-13.27887,8.44282],[-13.2786,8.44288]]},"properties":{"id":670467742,"cls":"service","hw":"service","tg":"na","name":"","ref":"","surface":"","sc":"unknown","speed":null,"lit":"unk","km":0.04}},
{"type":"Feature","geometry":{"type":"LineString","coordinates":[[-13.27067,8.45962],[-13.27066,8.45967]]},"properties":{"id":670691676,"cls":"service","hw":"service","tg":"na","name":"","ref":"","surface":"","sc":"unknown","speed":null,"lit":"unk","km":0.006}},
{"type":"Feature","geometry":{"type":"LineString","coordinates":[[-13.23574,8.47105],[-13.23632,8.47132],[-13.23648,8.47142],[-13.2366,8.47152],[-13.23681,8.47155]]},"properties":{"id":670693412,"cls":"service","hw":"service","tg":"na","name":"","ref":"","surface":"paved","sc":"paved","speed":null,"lit":"unk","km":0.132}},
{"type":"Feature","geometry":{"type":"LineString","coordinates":[[-13.20657,8.47941],[-13.20647,8.47946],[-13.20642,8.47949],[-13.20637,8.4795],[-13.20621,8.4795]]},"properties":{"id":670709744,"cls":"service","hw":"service","tg":"na","name":"","ref":"","surface":"","sc":"unknown","speed":null,"lit":"unk","km":0.042}},
{"type":"Feature","geometry":{"type":"LineString","coordinates":[[-13.23648,8.47563],[-13.2353,8.47544],[-13.23527,8.47541],[-13.23526,8.47537],[-13.2352,8.47514],[-13.23512,8.47496],[-13.23505,8.4748],[-13.23502,8.47471],[-13.23496,8.47464],[-13.23484,8.47455]]},"properties":{"id":670712131,"cls":"service","hw":"service","tg":"na","name":"","ref":"","surface":"unpaved","sc":"unpaved","speed":null,"lit":"unk","km":0.246}},
{"type":"Feature","geometry":{"type":"LineString","coordinates":[[-13.24256,8.48631],[-13.24251,8.4863],[-13.24241,8.48629],[-13.24229,8.48629],[-13.24219,8.48628],[-13.24204,8.48625]]},"properties":{"id":670716527,"cls":"service","hw":"service","tg":"na","name":"","ref":"","surface":"unpaved","sc":"unpaved","speed":null,"lit":"unk","km":0.058}},
{"type":"Feature","geometry":{"type":"LineString","coordinates":[[-13.2475,8.4753],[-13.24771,8.47553]]},"properties":{"id":670735446,"cls":"service","hw":"service","tg":"na","name":"","ref":"","surface":"paved","sc":"paved","speed":null,"lit":"unk","km":0.034}},
{"type":"Feature","geometry":{"type":"LineString","coordinates":[[-13.24896,8.47608],[-13.24896,8.47604],[-13.24891,8.47598],[-13.24877,8.47576],[-13.24862,8.47562],[-13.24842,8.47552],[-13.24827,8.47546],[-13.24801,8.47543],[-13.24791,8.47546],[-13.24771,8.47553]]},"properties":{"id":670736976,"cls":"service","hw":"service","tg":"na","name":"","ref":"","surface":"paved","sc":"paved","speed":null,"lit":"unk","km":0.171}},
{"type":"Feature","geometry":{"type":"LineString","coordinates":[[-13.24813,8.47687],[-13.24815,8.47686],[-13.24826,8.47675],[-13.24839,8.47667],[-13.24844,8.47666],[-13.24846,8.47666],[-13.24849,8.47665],[-13.24862,8.47656],[-13.24874,8.47641],[-13.24875,8.47638],[-13.24875,8.47634],[-13.2488,8.47626],[-13.24888,8.47617],[-13.24895,8.47612],[-13.24896,8.47608]]},"properties":{"id":670736977,"cls":"service","hw":"service","tg":"na","name":"","ref":"","surface":"","sc":"unknown","speed":null,"lit":"unk","km":0.132}},
{"type":"Feature","geometry":{"type":"LineString","coordinates":[[-13.2383,8.47005],[-13.23822,8.47016],[-13.23817,8.47025],[-13.23818,8.47034],[-13.23822,8.47039],[-13.23869,8.47062],[-13.23938,8.47101],[-13.23945,8.47105],[-13.23949,8.47111],[-13.23953,8.4712],[-13.23959,8.47125],[-13.23965,8.47125]]},"properties":{"id":670739737,"cls":"service","hw":"service","tg":"na","name":"","ref":"","surface":"asphalt","sc":"paved","speed":null,"lit":"unk","km":0.232}},
{"type":"Feature","geometry":{"type":"LineString","coordinates":[[-13.19252,8.47464],[-13.19249,8.47472]]},"properties":{"id":670742665,"cls":"service","hw":"service","tg":"na","name":"","ref":"","surface":"","sc":"unknown","speed":null,"lit":"unk","km":0.009}},
{"type":"Feature","geometry":{"type":"LineString","coordinates":[[-13.20657,8.47941],[-13.20669,8.47936],[-13.20693,8.47923],[-13.20699,8.4792],[-13.20704,8.47917],[-13.2071,8.47916],[-13.20718,8.47914],[-13.20728,8.47914],[-13.20743,8.47912],[-13.20755,8.47907],[-13.20762,8.47906],[-13.20769,8.47907],[-13.20773,8.47907],[-13.20777,8.47904]]},"properties":{"id":670756582,"cls":"service","hw":"service","tg":"na","name":"","ref":"","surface":"unpaved","sc":"unpaved","speed":null,"lit":"unk","km":0.141}},
{"type":"Feature","geometry":{"type":"LineString","coordinates":[[-13.23148,8.48],[-13.23133,8.48037],[-13.23128,8.48041],[-13.23123,8.48043],[-13.23119,8.48044],[-13.23115,8.48044],[-13.23112,8.48044],[-13.23109,8.48042],[-13.23103,8.48041],[-13.23095,8.4804]]},"properties":{"id":671234455,"cls":"service","hw":"service","tg":"na","name":"","ref":"","surface":"","sc":"unknown","speed":null,"lit":"unk","km":0.089}},
{"type":"Feature","geometry":{"type":"LineString","coordinates":[[-13.23048,8.48016],[-13.23055,8.4802],[-13.23059,8.48023],[-13.23067,8.48029],[-13.23068,8.48036],[-13.23068,8.48052],[-13.23068,8.48076]]},"properties":{"id":671234456,"cls":"service","hw":"service","tg":"na","name":"","ref":"","surface":"","sc":"unknown","speed":null,"lit":"unk","km":0.078}},
{"type":"Feature","geometry":{"type":"LineString","coordinates":[[-13.23045,8.48108],[-13.23043,8.48103],[-13.23045,8.48065],[-13.23046,8.48048],[-13.23048,8.48016]]},"properties":{"id":671234457,"cls":"service","hw":"service","tg":"na","name":"","ref":"","surface":"","sc":"unknown","speed":null,"lit":"unk","km":0.103}},
{"type":"Feature","geometry":{"type":"LineString","coordinates":[[-13.23528,8.4868],[-13.23523,8.48685],[-13.23492,8.48716]]},"properties":{"id":671261691,"cls":"service","hw":"service","tg":"na","name":"","ref":"","surface":"","sc":"unknown","speed":null,"lit":"unk","km":0.056}},
{"type":"Feature","geometry":{"type":"LineString","coordinates":[[-13.19128,8.47874],[-13.19114,8.47878],[-13.19097,8.47883],[-13.19074,8.47889]]},"properties":{"id":671268671,"cls":"service","hw":"service","tg":"na","name":"","ref":"","surface":"unpaved","sc":"unpaved","speed":null,"lit":"unk","km":0.062}},
{"type":"Feature","geometry":{"type":"LineString","coordinates":[[-13.24113,8.47207],[-13.24106,8.47209],[-13.24101,8.47212],[-13.24095,8.47216],[-13.24088,8.4722]]},"properties":{"id":671290483,"cls":"service","hw":"service","tg":"na","name":"","ref":"","surface":"paved","sc":"paved","speed":null,"lit":"unk","km":0.031}},
{"type":"Feature","geometry":{"type":"LineString","coordinates":[[-13.2417,8.47185],[-13.24147,8.47195],[-13.24113,8.47207]]},"properties":{"id":671290484,"cls":"service","hw":"service","tg":"na","name":"","ref":"","surface":"paved","sc":"paved","speed":null,"lit":"unk","km":0.067}},
{"type":"Feature","geometry":{"type":"LineString","coordinates":[[-12.66812,9.29411],[-12.66844,9.2939],[-12.66867,9.29368],[-12.66877,9.29357],[-12.66886,9.29346],[-12.6689,9.29341],[-12.669,9.29328],[-12.66905,9.29319],[-12.66914,9.29303],[-12.66921,9.2929],[-12.6694,9.29253],[-12.66943,9.29244],[-12.66944,9.29241],[-12.66953,9.29231],[-12.66954,9.29231],[-12.6696,9.29224],[-12.66967,9.29217]]},"properties":{"id":673668412,"cls":"service","hw":"service","tg":"na","name":"","ref":"","surface":"","sc":"unknown","speed":null,"lit":"unk","km":0.28}},
{"type":"Feature","geometry":{"type":"LineString","coordinates":[[-12.03652,8.89218],[-12.03646,8.89222],[-12.03632,8.89228]]},"properties":{"id":674076533,"cls":"service","hw":"service","tg":"na","name":"","ref":"","surface":"","sc":"unknown","speed":null,"lit":"unk","km":0.025}},
{"type":"Feature","geometry":{"type":"LineString","coordinates":[[-12.03634,8.89193],[-12.03615,8.89176],[-12.03607,8.89174],[-12.03599,8.89176],[-12.03587,8.89178]]},"properties":{"id":674076535,"cls":"service","hw":"service","tg":"na","name":"","ref":"","surface":"unpaved","sc":"unpaved","speed":null,"lit":"unk","km":0.06}},
{"type":"Feature","geometry":{"type":"LineString","coordinates":[[-12.0338,8.88097],[-12.03359,8.88045]]},"properties":{"id":674076536,"cls":"service","hw":"service","tg":"na","name":"","ref":"","surface":"paved","sc":"paved","speed":null,"lit":"unk","km":0.062}},
{"type":"Feature","geometry":{"type":"LineString","coordinates":[[-13.17902,8.60326],[-13.17893,8.60338],[-13.17877,8.60348]]},"properties":{"id":674225321,"cls":"service","hw":"service","tg":"na","name":"","ref":"","surface":"","sc":"unknown","speed":null,"lit":"unk","km":0.037}},
{"type":"Feature","geometry":{"type":"LineString","coordinates":[[-13.17821,8.60261],[-13.17812,8.60267],[-13.17793,8.60281],[-13.17779,8.60294]]},"properties":{"id":674225322,"cls":"service","hw":"service","tg":"na","name":"","ref":"","surface":"","sc":"unknown","speed":null,"lit":"unk","km":0.059}},
{"type":"Feature","geometry":{"type":"LineString","coordinates":[[-13.18261,8.60635],[-13.18266,8.60628],[-13.18273,8.60623],[-13.18284,8.60623]]},"properties":{"id":674225323,"cls":"service","hw":"service","tg":"na","name":"","ref":"","surface":"","sc":"unknown","speed":null,"lit":"unk","km":0.031}},
{"type":"Feature","geometry":{"type":"LineString","coordinates":[[-13.18357,8.60715],[-13.18365,8.60703],[-13.18372,8.60689],[-13.18382,8.6068],[-13.18393,8.60673]]},"properties":{"id":674225324,"cls":"service","hw":"service","tg":"na","name":"","ref":"","surface":"","sc":"unknown","speed":null,"lit":"unk","km":0.063}},
{"type":"Feature","geometry":{"type":"LineString","coordinates":[[-13.18572,8.60897],[-13.18561,8.60908],[-13.18543,8.60924],[-13.18531,8.60923],[-13.18519,8.6092]]},"properties":{"id":674225325,"cls":"service","hw":"service","tg":"na","name":"","ref":"","surface":"","sc":"unknown","speed":null,"lit":"unk","km":0.071}},
{"type":"Feature","geometry":{"type":"LineString","coordinates":[[-13.18648,8.6096],[-13.18638,8.60963],[-13.18625,8.60969]]},"properties":{"id":674225326,"cls":"service","hw":"service","tg":"na","name":"","ref":"","surface":"","sc":"unknown","speed":null,"lit":"unk","km":0.027}},
{"type":"Feature","geometry":{"type":"LineString","coordinates":[[-13.19487,8.61265],[-13.19491,8.61253],[-13.19495,8.61242],[-13.19499,8.61229],[-13.19506,8.61224],[-13.19515,8.61221],[-13.19527,8.61213],[-13.19534,8.61203]]},"properties":{"id":674225327,"cls":"service","hw":"service","tg":"na","name":"","ref":"","surface":"","sc":"unknown","speed":null,"lit":"unk","km":0.092}},
{"type":"Feature","geometry":{"type":"LineString","coordinates":[[-13.10076,9.04094],[-13.10084,9.04094],[-13.10089,9.041],[-13.10091,9.04106]]},"properties":{"id":676061753,"cls":"service","hw":"service","tg":"na","name":"","ref":"","surface":"","sc":"unknown","speed":null,"lit":"unk","km":0.024}},
{"type":"Feature","geometry":{"type":"LineString","coordinates":[[-13.10076,9.04084],[-13.10067,9.04098],[-13.10064,9.04101],[-13.10062,9.04105]]},"properties":{"id":676061754,"cls":"service","hw":"service","tg":"na","name":"","ref":"","surface":"","sc":"unknown","speed":null,"lit":"unk","km":0.028}},
{"type":"Feature","geometry":{"type":"LineString","coordinates":[[-13.13819,8.92662],[-13.13811,8.92669],[-13.13805,8.92675],[-13.138,8.92679],[-13.13793,8.92684],[-13.13788,8.92689]]},"properties":{"id":676097636,"cls":"service","hw":"service","tg":"na","name":"","ref":"","surface":"","sc":"unknown","speed":null,"lit":"unk","km":0.045}},
{"type":"Feature","geometry":{"type":"LineString","coordinates":[[-13.13804,8.92785],[-13.13808,8.92783],[-13.13816,8.92784],[-13.1382,8.92786],[-13.13824,8.92792],[-13.13827,8.92796],[-13.1383,8.928],[-13.13835,8.92803],[-13.13839,8.92804],[-13.13845,8.92804],[-13.13847,8.92804],[-13.13857,8.92803],[-13.13869,8.92801],[-13.13877,8.92802],[-13.13883,8.92802],[-13.13889,8.92805],[-13.13893,8.9281],[-13.13896,8.92814],[-13.13901,8.92818],[-13.13906,8.92823],[-13.13913,8.92828],[-13.1392,8.92831],[-13.13927,8.92833],[-13.13931,8.92836],[-13.13935,8.92839],[-13.13947,8.92846]]},"properties":{"id":676116941,"cls":"service","hw":"service","tg":"na","name":"","ref":"","surface":"","sc":"unknown","speed":null,"lit":"unk","km":0.184}},
{"type":"Feature","geometry":{"type":"LineString","coordinates":[[-13.14155,8.92845],[-13.14147,8.92849],[-13.14142,8.92851],[-13.14138,8.9285],[-13.14134,8.92848],[-13.1413,8.92845],[-13.14126,8.92841],[-13.1412,8.92837],[-13.14115,8.92831],[-13.14109,8.92827],[-13.14104,8.92822],[-13.141,8.92818],[-13.14097,8.92814],[-13.14096,8.9281],[-13.14095,8.92804]]},"properties":{"id":676180142,"cls":"service","hw":"service","tg":"na","name":"","ref":"","surface":"","sc":"unknown","speed":null,"lit":"unk","km":0.092}},
{"type":"Feature","geometry":{"type":"LineString","coordinates":[[-13.14379,8.93704],[-13.14365,8.93706],[-13.14353,8.93709],[-13.14348,8.93712]]},"properties":{"id":676928008,"cls":"service","hw":"service","tg":"na","name":"","ref":"","surface":"","sc":"unknown","speed":null,"lit":"unk","km":0.036}},
{"type":"Feature","geometry":{"type":"LineString","coordinates":[[-13.13943,8.94221],[-13.13947,8.94231],[-13.13945,8.94237],[-13.13947,8.94244],[-13.13953,8.94246],[-13.13956,8.94251],[-13.13957,8.9426],[-13.13958,8.94266],[-13.13961,8.94271],[-13.13966,8.94272]]},"properties":{"id":676931933,"cls":"service","hw":"service","tg":"na","name":"","ref":"","surface":"","sc":"unknown","speed":null,"lit":"unk","km":0.069}},
{"type":"Feature","geometry":{"type":"LineString","coordinates":[[-13.14182,8.92601],[-13.14167,8.92583],[-13.14165,8.92579],[-13.14154,8.92566]]},"properties":{"id":677298941,"cls":"service","hw":"service","tg":"na","name":"","ref":"","surface":"","sc":"unknown","speed":null,"lit":"unk","km":0.05}},
{"type":"Feature","geometry":{"type":"LineString","coordinates":[[-13.14458,8.92814],[-13.14454,8.92803],[-13.1445,8.92794],[-13.14446,8.92787],[-13.1444,8.9278],[-13.14435,8.92773],[-13.14431,8.92766],[-13.14425,8.92759],[-13.14419,8.92745]]},"properties":{"id":677315552,"cls":"service","hw":"service","tg":"na","name":"","ref":"","surface":"","sc":"unknown","speed":null,"lit":"unk","km":0.089}},
{"type":"Feature","geometry":{"type":"LineString","coordinates":[[-12.03933,8.65299],[-12.04253,8.64696],[-12.04359,8.64502]]},"properties":{"id":688588884,"cls":"service","hw":"service","tg":"na","name":"","ref":"","surface":"unpaved","sc":"unpaved","speed":null,"lit":"unk","km":1.002}},
{"type":"Feature","geometry":{"type":"LineString","coordinates":[[-11.71894,7.9019],[-11.71875,7.90187],[-11.71871,7.90185],[-11.71866,7.9018],[-11.7186,7.90165],[-11.71851,7.90124],[-11.71849,7.90115],[-11.7184,7.90109],[-11.71834,7.90109],[-11.7182,7.90113],[-11.71794,7.90123],[-11.71687,7.9016]]},"properties":{"id":690589789,"cls":"service","hw":"service","tg":"na","name":"","ref":"","surface":"","sc":"unknown","speed":null,"lit":"unk","km":0.299}},
{"type":"Feature","geometry":{"type":"LineString","coordinates":[[-11.71115,7.88966],[-11.71101,7.88974],[-11.71081,7.88979],[-11.71062,7.88983],[-11.71046,7.88985],[-11.71027,7.8899],[-11.71012,7.88994],[-11.71003,7.89001],[-11.70984,7.89014],[-11.70968,7.89019],[-11.7095,7.89017],[-11.70881,7.88998]]},"properties":{"id":690589790,"cls":"service","hw":"service","tg":"na","name":"","ref":"","surface":"","sc":"unknown","speed":null,"lit":"unk","km":0.274}},
{"type":"Feature","geometry":{"type":"LineString","coordinates":[[-13.26241,8.4818],[-13.26243,8.48142],[-13.26243,8.48131]]},"properties":{"id":708482254,"cls":"service","hw":"service","tg":"na","name":"","ref":"","surface":"","sc":"unknown","speed":null,"lit":"unk","km":0.055}},
{"type":"Feature","geometry":{"type":"LineString","coordinates":[[-13.2645,8.46993],[-13.26406,8.47015],[-13.26398,8.47022],[-13.26399,8.47031],[-13.26411,8.47048]]},"properties":{"id":722932896,"cls":"service","hw":"service","tg":"na","name":"","ref":"","surface":"","sc":"unknown","speed":null,"lit":"unk","km":0.099}},
{"type":"Feature","geometry":{"type":"LineString","coordinates":[[-12.95132,8.38666],[-12.95113,8.38639],[-12.95096,8.38615],[-12.95097,8.3861],[-12.95146,8.38578]]},"properties":{"id":723068297,"cls":"service","hw":"service","tg":"na","name":"","ref":"","surface":"","sc":"unknown","speed":null,"lit":"unk","km":0.139}},
{"type":"Feature","geometry":{"type":"LineString","coordinates":[[-12.95332,8.38525],[-12.95316,8.38504],[-12.95215,8.38354]]},"properties":{"id":723068300,"cls":"service","hw":"service","tg":"na","name":"","ref":"","surface":"","sc":"unknown","speed":null,"lit":"unk","km":0.23}},
{"type":"Feature","geometry":{"type":"LineString","coordinates":[[-11.65776,7.56486],[-11.65721,7.56543]]},"properties":{"id":729771678,"cls":"service","hw":"service","tg":"na","name":"","ref":"","surface":"","sc":"unknown","speed":null,"lit":"unk","km":0.088}},
{"type":"Feature","geometry":{"type":"LineString","coordinates":[[-11.65757,7.56469],[-11.65701,7.56529]]},"properties":{"id":729771679,"cls":"service","hw":"service","tg":"na","name":"","ref":"","surface":"","sc":"unknown","speed":null,"lit":"unk","km":0.091}},
{"type":"Feature","geometry":{"type":"LineString","coordinates":[[-11.65798,7.56507],[-11.65776,7.56486],[-11.65757,7.56469],[-11.65749,7.56461]]},"properties":{"id":729771680,"cls":"service","hw":"service","tg":"na","name":"","ref":"","surface":"","sc":"unknown","speed":null,"lit":"unk","km":0.074}},
{"type":"Feature","geometry":{"type":"LineString","coordinates":[[-13.18656,8.34436],[-13.18694,8.34363],[-13.18679,8.34346]]},"properties":{"id":746020820,"cls":"service","hw":"service","tg":"na","name":"","ref":"","surface":"unpaved","sc":"unpaved","speed":null,"lit":"unk","km":0.116}},
{"type":"Feature","geometry":{"type":"LineString","coordinates":[[-13.27014,8.44717],[-13.27035,8.44732],[-13.27045,8.44742],[-13.27048,8.44747],[-13.27047,8.44751],[-13.27032,8.44773],[-13.27022,8.44785],[-13.27014,8.44791]]},"properties":{"id":746020824,"cls":"service","hw":"service","tg":"na","name":"","ref":"","surface":"unpaved","sc":"unpaved","speed":null,"lit":"unk","km":0.113}},
{"type":"Feature","geometry":{"type":"LineString","coordinates":[[-13.26898,8.44669],[-13.26905,8.44659],[-13.26912,8.44652],[-13.26919,8.44646],[-13.26929,8.44645],[-13.2694,8.44647],[-13.2695,8.44656],[-13.26957,8.44664],[-13.26965,8.44671],[-13.26979,8.44683],[-13.26999,8.44706],[-13.27014,8.44717]]},"properties":{"id":746020825,"cls":"service","hw":"service","tg":"na","name":"","ref":"","surface":"paved","sc":"paved","speed":null,"lit":"unk","km":0.171}},
{"type":"Feature","geometry":{"type":"LineString","coordinates":[[-10.96666,8.63026],[-10.96681,8.6305],[-10.96697,8.6307],[-10.96716,8.63086],[-10.96739,8.63106]]},"properties":{"id":763119585,"cls":"service","hw":"service","tg":"na","name":"","ref":"","surface":"","sc":"unknown","speed":null,"lit":"unk","km":0.121}},
{"type":"Feature","geometry":{"type":"LineString","coordinates":[[-10.96625,8.62871],[-10.96632,8.62916]]},"properties":{"id":763119586,"cls":"service","hw":"service","tg":"na","name":"","ref":"","surface":"","sc":"unknown","speed":null,"lit":"unk","km":0.051}},
{"type":"Feature","geometry":{"type":"LineString","coordinates":[[-13.19922,8.61306],[-13.19935,8.61285]]},"properties":{"id":772336619,"cls":"service","hw":"service","tg":"na","name":"","ref":"","surface":"gravel","sc":"unpaved","speed":null,"lit":"unk","km":0.027}},
{"type":"Feature","geometry":{"type":"LineString","coordinates":[[-13.20255,8.61563],[-13.20248,8.61583]]},"properties":{"id":772336620,"cls":"service","hw":"service","tg":"na","name":"","ref":"","surface":"","sc":"unknown","speed":null,"lit":"unk","km":0.024}},
{"type":"Feature","geometry":{"type":"LineString","coordinates":[[-13.19553,8.61643],[-13.19574,8.61581],[-13.19581,8.6156],[-13.19616,8.61457]]},"properties":{"id":772336621,"cls":"service","hw":"service","tg":"na","name":"","ref":"","surface":"","sc":"unknown","speed":null,"lit":"unk","km":0.218}},
{"type":"Feature","geometry":{"type":"LineString","coordinates":[[-13.20151,8.61601],[-13.20136,8.61604]]},"properties":{"id":772336622,"cls":"service","hw":"service","tg":"na","name":"","ref":"","surface":"","sc":"unknown","speed":null,"lit":"unk","km":0.017}},
{"type":"Feature","geometry":{"type":"LineString","coordinates":[[-13.19963,8.61538],[-13.19959,8.6155]]},"properties":{"id":772336623,"cls":"service","hw":"service","tg":"na","name":"","ref":"","surface":"","sc":"unknown","speed":null,"lit":"unk","km":0.014}},
{"type":"Feature","geometry":{"type":"LineString","coordinates":[[-13.20509,8.61653],[-13.20528,8.61675]]},"properties":{"id":772336624,"cls":"service","hw":"service","tg":"na","name":"","ref":"","surface":"","sc":"unknown","speed":null,"lit":"unk","km":0.032}},
{"type":"Feature","geometry":{"type":"LineString","coordinates":[[-13.21159,8.62039],[-13.21152,8.62043]]},"properties":{"id":772336625,"cls":"service","hw":"service","tg":"na","name":"","ref":"","surface":"","sc":"unknown","speed":null,"lit":"unk","km":0.009}},
{"type":"Feature","geometry":{"type":"LineString","coordinates":[[-12.0514,7.79506],[-12.05117,7.79508],[-12.05112,7.79514],[-12.05112,7.79524],[-12.05112,7.79533],[-12.05105,7.79547],[-12.05099,7.79563],[-12.05088,7.79572],[-12.05085,7.79583],[-12.05074,7.79596]]},"properties":{"id":780579420,"cls":"service","hw":"service","tg":"na","name":"","ref":"","surface":"","sc":"unknown","speed":null,"lit":"unk","km":0.139}},
{"type":"Feature","geometry":{"type":"LineString","coordinates":[[-12.05091,7.7959],[-12.05093,7.79593],[-12.05099,7.79602]]},"properties":{"id":780579421,"cls":"service","hw":"service","tg":"na","name":"","ref":"","surface":"","sc":"unknown","speed":null,"lit":"unk","km":0.016}},
{"type":"Feature","geometry":{"type":"LineString","coordinates":[[-12.05085,7.79583],[-12.05091,7.7959],[-12.05099,7.79596],[-12.05107,7.796],[-12.05131,7.79605],[-12.05138,7.79604],[-12.05137,7.79585],[-12.05139,7.7956],[-12.05153,7.79538],[-12.05162,7.79531]]},"properties":{"id":780579422,"cls":"service","hw":"service","tg":"na","name":"","ref":"","surface":"dirt","sc":"unpaved","speed":null,"lit":"unk","km":0.157}},
{"type":"Feature","geometry":{"type":"LineString","coordinates":[[-12.57675,8.70006],[-12.57689,8.70002],[-12.57731,8.69998],[-12.57785,8.69994],[-12.57787,8.69993],[-12.57787,8.6999],[-12.57785,8.69976],[-12.57776,8.69889],[-12.57684,8.69894],[-12.57679,8.69892],[-12.57674,8.69888],[-12.57663,8.69869]]},"properties":{"id":785852297,"cls":"service","hw":"service","tg":"na","name":"","ref":"","surface":"","sc":"unknown","speed":null,"lit":"unk","km":0.379}},
{"type":"Feature","geometry":{"type":"LineString","coordinates":[[-12.57675,8.70006],[-12.57668,8.70006],[-12.57664,8.70005],[-12.57659,8.70003]]},"properties":{"id":785879768,"cls":"service","hw":"service","tg":"na","name":"","ref":"","surface":"","sc":"unknown","speed":null,"lit":"unk","km":0.018}},
{"type":"Feature","geometry":{"type":"LineString","coordinates":[[-12.55047,8.69082],[-12.55056,8.69088],[-12.55068,8.69098]]},"properties":{"id":786972883,"cls":"service","hw":"service","tg":"na","name":"","ref":"","surface":"","sc":"unknown","speed":null,"lit":"unk","km":0.029}},
{"type":"Feature","geometry":{"type":"LineString","coordinates":[[-12.5273,8.66998],[-12.52732,8.67004],[-12.52733,8.6701],[-12.52732,8.67027],[-12.5273,8.67034],[-12.52725,8.6704],[-12.52724,8.67045],[-12.52724,8.6705],[-12.52725,8.6706],[-12.52726,8.6707],[-12.52733,8.67085],[-12.52733,8.67089],[-12.52733,8.671],[-12.52735,8.67111],[-12.52737,8.67123],[-12.52738,8.67132],[-12.52737,8.67136],[-12.52734,8.67139]]},"properties":{"id":788649859,"cls":"service","hw":"service","tg":"na","name":"","ref":"","surface":"","sc":"unknown","speed":null,"lit":"unk","km":0.163}},
{"type":"Feature","geometry":{"type":"LineString","coordinates":[[-12.52935,8.67129],[-12.52934,8.6711],[-12.52933,8.67084],[-12.52932,8.67073],[-12.52928,8.67061],[-12.5292,8.6705],[-12.52915,8.67044],[-12.52909,8.67039]]},"properties":{"id":792711741,"cls":"service","hw":"service","tg":"na","name":"","ref":"","surface":"","sc":"unknown","speed":null,"lit":"unk","km":0.109}},
{"type":"Feature","geometry":{"type":"LineString","coordinates":[[-12.50743,8.67588],[-12.50739,8.67582],[-12.50735,8.67577],[-12.50733,8.67574],[-12.50734,8.67569],[-12.50737,8.67542],[-12.50739,8.67532],[-12.50752,8.67493],[-12.50763,8.67461],[-12.50777,8.67426]]},"properties":{"id":792744287,"cls":"service","hw":"service","tg":"na","name":"","ref":"","surface":"","sc":"unknown","speed":null,"lit":"unk","km":0.191}},
{"type":"Feature","geometry":{"type":"LineString","coordinates":[[-12.50685,8.67601],[-12.50681,8.67593],[-12.50677,8.67582],[-12.50676,8.67578],[-12.50677,8.67573],[-12.5068,8.6756],[-12.50687,8.67545],[-12.50707,8.67505],[-12.50719,8.67478],[-12.50752,8.67493]]},"properties":{"id":792747459,"cls":"service","hw":"service","tg":"na","name":"","ref":"","surface":"","sc":"unknown","speed":null,"lit":"unk","km":0.189}},
{"type":"Feature","geometry":{"type":"LineString","coordinates":[[-12.50719,8.67478],[-12.50723,8.6747],[-12.50733,8.67459],[-12.50743,8.6745],[-12.50754,8.6744],[-12.5076,8.67433],[-12.50763,8.67423],[-12.50764,8.67413],[-12.50763,8.67405],[-12.50761,8.67399],[-12.50732,8.67366],[-12.50721,8.67356],[-12.50715,8.67351],[-12.50712,8.6735],[-12.50707,8.6735],[-12.50702,8.6735],[-12.50699,8.67349],[-12.50692,8.67343],[-12.50688,8.6734],[-12.50684,8.67339],[-12.50679,8.6734],[-12.50676,8.67341],[-12.50666,8.67353],[-12.50651,8.67365]]},"properties":{"id":792749088,"cls":"service","hw":"service","tg":"na","name":"","ref":"","surface":"","sc":"unknown","speed":null,"lit":"unk","km":0.266}},
{"type":"Feature","geometry":{"type":"LineString","coordinates":[[-12.50444,8.67698],[-12.50436,8.677],[-12.50426,8.67701],[-12.50407,8.67705],[-12.50397,8.6771],[-12.50388,8.67716],[-12.5038,8.67722],[-12.50364,8.67728],[-12.50349,8.67733],[-12.50337,8.67736],[-12.50334,8.67737]]},"properties":{"id":792749092,"cls":"service","hw":"service","tg":"na","name":"","ref":"","surface":"","sc":"unknown","speed":null,"lit":"unk","km":0.13}},
{"type":"Feature","geometry":{"type":"LineString","coordinates":[[-12.50346,8.67659],[-12.50342,8.67663],[-12.50338,8.67668],[-12.50336,8.67673],[-12.50334,8.67679]]},"properties":{"id":792751059,"cls":"service","hw":"service","tg":"na","name":"","ref":"","surface":"ground","sc":"unpaved","speed":null,"lit":"unk","km":0.026}},
{"type":"Feature","geometry":{"type":"LineString","coordinates":[[-12.50808,8.67581],[-12.50822,8.67588],[-12.50851,8.67594],[-12.50877,8.67596],[-12.50901,8.67599],[-12.50928,8.67601],[-12.50942,8.67599],[-12.50954,8.67593],[-12.50976,8.67577],[-12.51007,8.67557],[-12.51042,8.6754],[-12.51069,8.67523],[-12.51088,8.67509],[-12.51103,8.675],[-12.5112,8.67488]]},"properties":{"id":792965414,"cls":"service","hw":"service","tg":"na","name":"","ref":"","surface":"","sc":"unknown","speed":null,"lit":"unk","km":0.382}},
{"type":"Feature","geometry":{"type":"LineString","coordinates":[[-12.50872,8.67563],[-12.50865,8.67537],[-12.5086,8.67524],[-12.50858,8.67519],[-12.50854,8.67517],[-12.50848,8.67515],[-12.50835,8.67513]]},"properties":{"id":792965416,"cls":"service","hw":"service","tg":"na","name":"","ref":"","surface":"","sc":"unknown","speed":null,"lit":"unk","km":0.078}},
{"type":"Feature","geometry":{"type":"LineString","coordinates":[[-12.50892,8.67557],[-12.50883,8.67529],[-12.50882,8.67521],[-12.50882,8.67513],[-12.50885,8.67502],[-12.50889,8.67488],[-12.50889,8.6748],[-12.50888,8.67469],[-12.50884,8.67451],[-12.50879,8.67439],[-12.50874,8.67433],[-12.50868,8.6743],[-12.50861,8.6743],[-12.50855,8.67432],[-12.50845,8.67439],[-12.50837,8.67447],[-12.50827,8.67456],[-12.50825,8.6746],[-12.50821,8.6747],[-12.50819,8.6748],[-12.50819,8.67491],[-12.50821,8.675],[-12.50826,8.67508],[-12.50829,8.67511],[-12.50835,8.67513]]},"properties":{"id":792965417,"cls":"service","hw":"service","tg":"na","name":"","ref":"","surface":"","sc":"unknown","speed":null,"lit":"unk","km":0.28}},
{"type":"Feature","geometry":{"type":"LineString","coordinates":[[-12.5113,8.67966],[-12.51138,8.67967],[-12.51147,8.67966],[-12.51161,8.67962],[-12.51182,8.67953],[-12.51198,8.67945],[-12.51207,8.67938],[-12.51216,8.67936],[-12.51222,8.67936],[-12.51231,8.67939],[-12.51237,8.67941],[-12.5125,8.67948],[-12.51262,8.67957],[-12.51268,8.67966]]},"properties":{"id":792980050,"cls":"service","hw":"service","tg":"na","name":"","ref":"","surface":"","sc":"unknown","speed":null,"lit":"unk","km":0.171}},
{"type":"Feature","geometry":{"type":"LineString","coordinates":[[-12.49875,8.68111],[-12.49854,8.68105],[-12.49869,8.68033]]},"properties":{"id":792981824,"cls":"service","hw":"service","tg":"na","name":"","ref":"","surface":"","sc":"unknown","speed":null,"lit":"unk","km":0.106}},
{"type":"Feature","geometry":{"type":"LineString","coordinates":[[-12.49876,8.68143],[-12.49875,8.68129],[-12.49875,8.68115],[-12.49875,8.68111],[-12.49876,8.68109],[-12.49882,8.68094],[-12.49891,8.6808],[-12.499,8.68066],[-12.49906,8.68055],[-12.49915,8.68046]]},"properties":{"id":792981825,"cls":"service","hw":"service","tg":"na","name":"","ref":"","surface":"","sc":"unknown","speed":null,"lit":"unk","km":0.121}},
{"type":"Feature","geometry":{"type":"LineString","coordinates":[[-12.49499,8.68016],[-12.49505,8.68023],[-12.49505,8.68029],[-12.49503,8.68035],[-12.49497,8.68042],[-12.49492,8.68049],[-12.49492,8.68057],[-12.49494,8.68062],[-12.495,8.68065],[-12.49507,8.68067],[-12.49511,8.6807],[-12.49514,8.68073],[-12.49519,8.68081],[-12.49526,8.6809],[-12.49532,8.68096]]},"properties":{"id":792981830,"cls":"service","hw":"service","tg":"na","name":"","ref":"","surface":"unpaved","sc":"unpaved","speed":null,"lit":"unk","km":0.117}},
{"type":"Feature","geometry":{"type":"LineString","coordinates":[[-12.50299,8.68072],[-12.50293,8.68091],[-12.5029,8.68102],[-12.50286,8.68113],[-12.50279,8.68125],[-12.50279,8.68126],[-12.50276,8.68131],[-12.50271,8.68143],[-12.50267,8.68152],[-12.50264,8.68159],[-12.50255,8.68173],[-12.5025,8.68181],[-12.50246,8.68191],[-12.50244,8.68201],[-12.50243,8.68205],[-12.5024,8.68221],[-12.50235,8.68234],[-12.5022,8.6827],[-12.50212,8.68294],[-12.502,8.68319],[-12.5019,8.68349],[-12.50178,8.68379],[-12.50169,8.68405],[-12.50159,8.68428]]},"properties":{"id":792996325,"cls":"service","hw":"service","tg":"na","name":"","ref":"","surface":"","sc":"unknown","speed":null,"lit":"unk","km":0.426}},
{"type":"Feature","geometry":{"type":"LineString","coordinates":[[-12.50313,8.68036],[-12.50329,8.68015],[-12.50335,8.68006],[-12.50337,8.67998],[-12.50339,8.67963],[-12.5034,8.67914],[-12.50337,8.67899],[-12.5033,8.6788]]},"properties":{"id":792996329,"cls":"service","hw":"service","tg":"na","name":"","ref":"","surface":"","sc":"unknown","speed":null,"lit":"unk","km":0.183}},
{"type":"Feature","geometry":{"type":"LineString","coordinates":[[-12.50175,8.67654],[-12.50173,8.67696],[-12.50166,8.67784],[-12.50172,8.67884],[-12.50176,8.67884],[-12.5018,8.67886],[-12.50184,8.67889],[-12.50185,8.67893],[-12.50186,8.67897],[-12.50185,8.67903],[-12.50182,8.67907],[-12.50176,8.67909],[-12.50171,8.6791],[-12.50165,8.6791]]},"properties":{"id":792996332,"cls":"service","hw":"service","tg":"na","name":"","ref":"","surface":"","sc":"unknown","speed":null,"lit":"unk","km":0.312}},
{"type":"Feature","geometry":{"type":"LineString","coordinates":[[-12.50331,8.67835],[-12.50328,8.67837],[-12.50322,8.67837],[-12.50318,8.67836],[-12.5031,8.67831],[-12.50304,8.67828],[-12.50298,8.67825],[-12.50293,8.67824],[-12.50284,8.67824],[-12.50281,8.67825],[-12.50276,8.67826],[-12.50268,8.67829],[-12.50261,8.67833],[-12.50253,8.67839],[-12.50248,8.67846],[-12.50246,8.67852],[-12.50245,8.67861],[-12.50245,8.67886],[-12.50246,8.679],[-12.50241,8.67914],[-12.50238,8.67925],[-12.50239,8.67935],[-12.50247,8.67969],[-12.50248,8.67983],[-12.50245,8.67997],[-12.50242,8.68005],[-12.50236,8.68014],[-12.50233,8.6802],[-12.50232,8.68027],[-12.50233,8.68033]]},"properties":{"id":792996334,"cls":"service","hw":"service","tg":"na","name":"","ref":"","surface":"","sc":"unknown","speed":null,"lit":"unk","km":0.318}},
{"type":"Feature","geometry":{"type":"LineString","coordinates":[[-12.49945,8.67945],[-12.49938,8.67954],[-12.49934,8.6796],[-12.49935,8.67967],[-12.4994,8.67976],[-12.49949,8.67985],[-12.49951,8.67993],[-12.49949,8.68003],[-12.49945,8.68014],[-12.49942,8.68019],[-12.49937,8.68026],[-12.49915,8.68046]]},"properties":{"id":792996337,"cls":"service","hw":"service","tg":"na","name":"","ref":"","surface":"","sc":"unknown","speed":null,"lit":"unk","km":0.136}},
{"type":"Feature","geometry":{"type":"LineString","coordinates":[[-12.50099,8.68399],[-12.50088,8.68399],[-12.5008,8.68402],[-12.50075,8.68406],[-12.50073,8.68411],[-12.50071,8.6842],[-12.5007,8.68435],[-12.50069,8.68446],[-12.50067,8.68454],[-12.5006,8.6846],[-12.50051,8.68465],[-12.50041,8.68466],[-12.50023,8.68466],[-12.50002,8.68463],[-12.49986,8.68463],[-12.49961,8.68463],[-12.49932,8.6846],[-12.49922,8.68459],[-12.49915,8.6846],[-12.49906,8.68463],[-12.499,8.68465],[-12.49889,8.68463],[-12.49853,8.68455],[-12.49827,8.68451],[-12.49809,8.68449],[-12.49788,8.68452],[-12.49767,8.68454],[-12.49746,8.68453],[-12.4969,8.68431],[-12.49674,8.68425],[-12.49657,8.6842],[-12.49646,8.68419],[-12.49635,8.6842],[-12.49631,8.68421],[-12.49606,8.68428],[-12.4956,8.68441],[-12.49512,8.68452],[-12.4948,8.6846]]},"properties":{"id":792997441,"cls":"service","hw":"service","tg":"na","name":"","ref":"","surface":"","sc":"unknown","speed":null,"lit":"unk","km":0.748}},
{"type":"Feature","geometry":{"type":"LineString","coordinates":[[-12.50813,8.69083],[-12.50822,8.6903],[-12.50739,8.6894],[-12.50701,8.68887],[-12.50666,8.68819],[-12.50655,8.68788]]},"properties":{"id":792999773,"cls":"service","hw":"service","tg":"na","name":"","ref":"","surface":"","sc":"unknown","speed":null,"lit":"unk","km":0.389}},
{"type":"Feature","geometry":{"type":"LineString","coordinates":[[-12.50923,8.68224],[-12.50928,8.68189],[-12.50932,8.68161],[-12.50934,8.68153],[-12.50935,8.68148],[-12.50938,8.68143],[-12.50947,8.68129],[-12.50955,8.68118],[-12.50968,8.68101]]},"properties":{"id":793001099,"cls":"service","hw":"service","tg":"na","name":"","ref":"","surface":"","sc":"unknown","speed":null,"lit":"unk","km":0.149}},
{"type":"Feature","geometry":{"type":"LineString","coordinates":[[-12.55762,8.68907],[-12.55755,8.68913],[-12.55755,8.68917],[-12.55755,8.68921],[-12.55755,8.68923],[-12.55747,8.68933],[-12.55745,8.68934],[-12.55738,8.6894],[-12.55731,8.68945],[-12.55727,8.68948],[-12.55721,8.68951],[-12.55714,8.68953],[-12.55711,8.68954],[-12.55708,8.68956],[-12.55704,8.68959],[-12.55699,8.68962],[-12.55695,8.68963],[-12.55681,8.6896]]},"properties":{"id":793296862,"cls":"service","hw":"service","tg":"na","name":"","ref":"","surface":"","sc":"unknown","speed":null,"lit":"unk","km":0.118}},
{"type":"Feature","geometry":{"type":"LineString","coordinates":[[-12.55739,8.68885],[-12.55745,8.68883],[-12.5575,8.68882],[-12.55755,8.68882],[-12.5576,8.68883],[-12.5578,8.68893],[-12.5579,8.68901],[-12.55791,8.68902],[-12.55791,8.68904],[-12.55789,8.68907],[-12.55784,8.68912],[-12.55775,8.68918]]},"properties":{"id":793296863,"cls":"service","hw":"service","tg":"na","name":"","ref":"","surface":"","sc":"unknown","speed":null,"lit":"unk","km":0.09}},
{"type":"Feature","geometry":{"type":"LineString","coordinates":[[-12.55713,8.69121],[-12.5572,8.69126],[-12.55726,8.69134],[-12.55728,8.69142],[-12.55782,8.69137],[-12.55788,8.69142],[-12.55804,8.69143],[-12.55817,8.69145],[-12.55823,8.69144],[-12.55826,8.69141],[-12.55831,8.6914],[-12.55835,8.69133],[-12.55841,8.69127]]},"properties":{"id":793296907,"cls":"service","hw":"service","tg":"na","name":"","ref":"","surface":"","sc":"unknown","speed":null,"lit":"unk","km":0.165}},
{"type":"Feature","geometry":{"type":"LineString","coordinates":[[-12.55548,8.69836],[-12.55538,8.6985],[-12.55528,8.69865],[-12.55512,8.6989],[-12.55507,8.69895],[-12.55501,8.69901]]},"properties":{"id":793299487,"cls":"service","hw":"service","tg":"na","name":"","ref":"","surface":"","sc":"unknown","speed":null,"lit":"unk","km":0.089}},
{"type":"Feature","geometry":{"type":"LineString","coordinates":[[-12.55306,8.69545],[-12.55303,8.69552],[-12.553,8.69567],[-12.55299,8.69573],[-12.55299,8.6958],[-12.55298,8.69584],[-12.55296,8.69595],[-12.5529,8.69602]]},"properties":{"id":793300967,"cls":"service","hw":"service","tg":"na","name":"","ref":"","surface":"","sc":"unknown","speed":null,"lit":"unk","km":0.067}},
{"type":"Feature","geometry":{"type":"LineString","coordinates":[[-12.5205,8.70663],[-12.52057,8.70675],[-12.52071,8.70691],[-12.5208,8.70702],[-12.52087,8.70709],[-12.52096,8.70716],[-12.52097,8.70716]]},"properties":{"id":793310662,"cls":"service","hw":"service","tg":"na","name":"","ref":"","surface":"unpaved","sc":"unpaved","speed":null,"lit":"unk","km":0.079}},
{"type":"Feature","geometry":{"type":"LineString","coordinates":[[-12.52063,8.70645],[-12.52056,8.7064],[-12.52049,8.70637],[-12.52036,8.70633]]},"properties":{"id":793311203,"cls":"service","hw":"service","tg":"na","name":"","ref":"","surface":"unpaved","sc":"unpaved","speed":null,"lit":"unk","km":0.033}},
{"type":"Feature","geometry":{"type":"LineString","coordinates":[[-12.52264,8.70937],[-12.52274,8.70948],[-12.52278,8.70957],[-12.52279,8.70963],[-12.52277,8.70972],[-12.52276,8.70985],[-12.52277,8.70989]]},"properties":{"id":793311644,"cls":"service","hw":"service","tg":"na","name":"","ref":"","surface":"unpaved","sc":"unpaved","speed":null,"lit":"unk","km":0.063}},
{"type":"Feature","geometry":{"type":"LineString","coordinates":[[-12.52862,8.70224],[-12.52848,8.70226],[-12.52824,8.70229],[-12.52814,8.7023],[-12.52807,8.70228],[-12.52802,8.70225]]},"properties":{"id":793609183,"cls":"service","hw":"service","tg":"na","name":"","ref":"","surface":"","sc":"unknown","speed":null,"lit":"unk","km":0.068}},
{"type":"Feature","geometry":{"type":"LineString","coordinates":[[-12.52817,8.70287],[-12.5286,8.70252],[-12.52861,8.70243],[-12.52862,8.70224],[-12.52863,8.70213],[-12.52864,8.70198],[-12.52863,8.70187]]},"properties":{"id":794589988,"cls":"service","hw":"service","tg":"na","name":"","ref":"","surface":"","sc":"unknown","speed":null,"lit":"unk","km":0.134}},
{"type":"Feature","geometry":{"type":"LineString","coordinates":[[-12.54334,8.69762],[-12.54328,8.69765],[-12.54322,8.69767],[-12.54316,8.69767],[-12.54307,8.69767],[-12.543,8.69765],[-12.54293,8.69763]]},"properties":{"id":794595933,"cls":"service","hw":"service","tg":"na","name":"","ref":"","surface":"","sc":"unknown","speed":null,"lit":"unk","km":0.047}},
{"type":"Feature","geometry":{"type":"LineString","coordinates":[[-12.52477,8.70636],[-12.52447,8.70627]]},"properties":{"id":794625821,"cls":"service","hw":"service","tg":"na","name":"","ref":"","surface":"","sc":"unknown","speed":null,"lit":"unk","km":0.034}},
{"type":"Feature","geometry":{"type":"LineString","coordinates":[[-12.52034,8.70167],[-12.52032,8.70156],[-12.5203,8.7015],[-12.52026,8.70144]]},"properties":{"id":794634930,"cls":"service","hw":"service","tg":"na","name":"","ref":"","surface":"","sc":"unknown","speed":null,"lit":"unk","km":0.027}},
{"type":"Feature","geometry":{"type":"LineString","coordinates":[[-12.55716,8.69239],[-12.55727,8.69239],[-12.55733,8.69236],[-12.55748,8.69236],[-12.55754,8.69226],[-12.55757,8.69221],[-12.5576,8.69218],[-12.55766,8.69213],[-12.5577,8.69211],[-12.55776,8.69208],[-12.55785,8.692]]},"properties":{"id":794859464,"cls":"service","hw":"service","tg":"na","name":"","ref":"","surface":"","sc":"unknown","speed":null,"lit":"unk","km":0.094}},
{"type":"Feature","geometry":{"type":"LineString","coordinates":[[-12.55708,8.69297],[-12.55674,8.69295],[-12.55664,8.69294],[-12.55657,8.69291]]},"properties":{"id":794859466,"cls":"service","hw":"service","tg":"na","name":"","ref":"","surface":"","sc":"unknown","speed":null,"lit":"unk","km":0.057}},
{"type":"Feature","geometry":{"type":"LineString","coordinates":[[-12.55701,8.69056],[-12.55695,8.69061],[-12.55679,8.69067],[-12.55665,8.69067],[-12.55641,8.69065]]},"properties":{"id":794869457,"cls":"service","hw":"service","tg":"na","name":"","ref":"","surface":"","sc":"unknown","speed":null,"lit":"unk","km":0.069}},
{"type":"Feature","geometry":{"type":"LineString","coordinates":[[-12.52439,8.69794],[-12.52435,8.69802],[-12.52428,8.69809],[-12.52423,8.69811],[-12.52408,8.69812]]},"properties":{"id":794896619,"cls":"service","hw":"service","tg":"na","name":"","ref":"","surface":"","sc":"unknown","speed":null,"lit":"unk","km":0.043}},
{"type":"Feature","geometry":{"type":"LineString","coordinates":[[-12.52027,8.69691],[-12.52055,8.69664],[-12.52073,8.69642]]},"properties":{"id":794945643,"cls":"service","hw":"service","tg":"na","name":"","ref":"","surface":"","sc":"unknown","speed":null,"lit":"unk","km":0.074}},
{"type":"Feature","geometry":{"type":"LineString","coordinates":[[-12.51016,8.69875],[-12.51029,8.69875],[-12.51038,8.69875],[-12.51043,8.69876],[-12.51046,8.69877],[-12.51046,8.69881],[-12.51047,8.69892]]},"properties":{"id":794989700,"cls":"service","hw":"service","tg":"na","name":"","ref":"","surface":"","sc":"unknown","speed":null,"lit":"unk","km":0.05}},
{"type":"Feature","geometry":{"type":"LineString","coordinates":[[-12.50959,8.69555],[-12.50948,8.69505],[-12.50945,8.69492],[-12.50924,8.69418],[-12.50889,8.69356],[-12.50846,8.69286],[-12.50814,8.69241]]},"properties":{"id":794994195,"cls":"service","hw":"service","tg":"na","name":"","ref":"","surface":"","sc":"unknown","speed":null,"lit":"unk","km":0.388}},
{"type":"Feature","geometry":{"type":"LineString","coordinates":[[-12.50844,8.69092],[-12.50871,8.69119],[-12.50899,8.69138],[-12.50923,8.69153],[-12.50931,8.69157],[-12.50954,8.69169]]},"properties":{"id":795005779,"cls":"service","hw":"service","tg":"na","name":"","ref":"","surface":"","sc":"unknown","speed":null,"lit":"unk","km":0.149}},
{"type":"Feature","geometry":{"type":"LineString","coordinates":[[-12.50666,8.69027],[-12.50723,8.69095],[-12.5077,8.69163],[-12.50808,8.69231],[-12.50811,8.69236],[-12.50814,8.69241]]},"properties":{"id":795006497,"cls":"service","hw":"service","tg":"na","name":"","ref":"","surface":"","sc":"unknown","speed":null,"lit":"unk","km":0.289}},
{"type":"Feature","geometry":{"type":"LineString","coordinates":[[-12.50811,8.69236],[-12.50828,8.69219],[-12.50847,8.69203],[-12.50865,8.69191],[-12.50915,8.69166],[-12.50931,8.69157]]},"properties":{"id":795006698,"cls":"service","hw":"service","tg":"na","name":"","ref":"","surface":"","sc":"unknown","speed":null,"lit":"unk","km":0.16}},
{"type":"Feature","geometry":{"type":"LineString","coordinates":[[-12.51471,8.69499],[-12.51473,8.69493],[-12.51474,8.69491],[-12.51474,8.69488],[-12.51473,8.69485],[-12.51471,8.69482],[-12.51468,8.6948],[-12.51465,8.69478],[-12.51459,8.69474],[-12.51456,8.69473],[-12.51454,8.69474]]},"properties":{"id":795008810,"cls":"service","hw":"service","tg":"na","name":"","ref":"","surface":"","sc":"unknown","speed":null,"lit":"unk","km":0.042}},
{"type":"Feature","geometry":{"type":"LineString","coordinates":[[-12.51403,8.69453],[-12.51384,8.69472],[-12.51368,8.69489],[-12.51359,8.69502],[-12.51353,8.69511],[-12.5135,8.69517]]},"properties":{"id":795008811,"cls":"service","hw":"service","tg":"na","name":"","ref":"","surface":"","sc":"unknown","speed":null,"lit":"unk","km":0.092}},
{"type":"Feature","geometry":{"type":"LineString","coordinates":[[-12.51395,8.68539],[-12.51389,8.68547],[-12.51381,8.68555],[-12.51373,8.68559],[-12.51345,8.68584],[-12.51338,8.6859]]},"properties":{"id":795011246,"cls":"service","hw":"service","tg":"na","name":"","ref":"","surface":"","sc":"unknown","speed":null,"lit":"unk","km":0.085}},
{"type":"Feature","geometry":{"type":"LineString","coordinates":[[-12.51028,8.67876],[-12.50987,8.67964],[-12.50978,8.67976]]},"properties":{"id":795014666,"cls":"service","hw":"service","tg":"na","name":"","ref":"","surface":"","sc":"unknown","speed":null,"lit":"unk","km":0.124}},
{"type":"Feature","geometry":{"type":"LineString","coordinates":[[-12.51181,8.681],[-12.51203,8.68116],[-12.51211,8.68128],[-12.51216,8.68146],[-12.51234,8.68171],[-12.51242,8.68188],[-12.51254,8.68224]]},"properties":{"id":795014667,"cls":"service","hw":"service","tg":"na","name":"","ref":"","surface":"","sc":"unknown","speed":null,"lit":"unk","km":0.164}},
{"type":"Feature","geometry":{"type":"LineString","coordinates":[[-12.50894,8.6792],[-12.50888,8.67929],[-12.50883,8.67942],[-12.50881,8.67951],[-12.50877,8.67969]]},"properties":{"id":795029653,"cls":"service","hw":"service","tg":"na","name":"","ref":"","surface":"","sc":"unknown","speed":null,"lit":"unk","km":0.058}},
{"type":"Feature","geometry":{"type":"LineString","coordinates":[[-12.50962,8.67997],[-12.5095,8.67984],[-12.50942,8.67977],[-12.50933,8.67972],[-12.50925,8.67971],[-12.50907,8.6797],[-12.50894,8.67969],[-12.50883,8.67969],[-12.50877,8.67969],[-12.50866,8.6797],[-12.50847,8.67973],[-12.50841,8.67973],[-12.50837,8.67971],[-12.50834,8.67967],[-12.50827,8.67934],[-12.50821,8.67905],[-12.50826,8.67903],[-12.5083,8.67901],[-12.50833,8.67898],[-12.50837,8.67897],[-12.50846,8.67896],[-12.50854,8.67897],[-12.5086,8.67897],[-12.50864,8.67897],[-12.50867,8.67898],[-12.5087,8.67899],[-12.50875,8.67907],[-12.50881,8.67916],[-12.50883,8.67919],[-12.50886,8.67921],[-12.50889,8.67921],[-12.50894,8.6792]]},"properties":{"id":795029655,"cls":"service","hw":"service","tg":"na","name":"","ref":"","surface":"","sc":"unknown","speed":null,"lit":"unk","km":0.321}},
{"type":"Feature","geometry":{"type":"LineString","coordinates":[[-12.50821,8.67905],[-12.50818,8.67903],[-12.50816,8.67902],[-12.50812,8.67903],[-12.50811,8.67903],[-12.50809,8.67902],[-12.50808,8.67902],[-12.50806,8.67899],[-12.50801,8.67893],[-12.50799,8.67891],[-12.50797,8.6789],[-12.50795,8.67889],[-12.50792,8.67887],[-12.50791,8.67884],[-12.50789,8.67879],[-12.50786,8.67857],[-12.50784,8.67836]]},"properties":{"id":795034271,"cls":"service","hw":"service","tg":"na","name":"","ref":"","surface":"","sc":"unknown","speed":null,"lit":"unk","km":0.098}},
{"type":"Feature","geometry":{"type":"LineString","coordinates":[[-12.50673,8.67801],[-12.50674,8.67818],[-12.50676,8.67822],[-12.50681,8.67834],[-12.50687,8.67846],[-12.5069,8.67857],[-12.50691,8.67871],[-12.50694,8.67888],[-12.50694,8.67893],[-12.50696,8.67896],[-12.50698,8.67898],[-12.50702,8.679],[-12.5071,8.67901],[-12.50745,8.67895],[-12.50749,8.67894],[-12.50752,8.67891],[-12.50754,8.67885],[-12.50754,8.6788],[-12.50754,8.67876],[-12.50752,8.67864],[-12.50736,8.67799],[-12.50734,8.67796],[-12.5073,8.67795],[-12.50673,8.67801]]},"properties":{"id":795034278,"cls":"service","hw":"service","tg":"na","name":"","ref":"","surface":"","sc":"unknown","speed":null,"lit":"unk","km":0.352}},
{"type":"Feature","geometry":{"type":"LineString","coordinates":[[-12.49631,8.68421],[-12.49636,8.6844],[-12.49638,8.68454],[-12.49637,8.68474],[-12.49625,8.68522],[-12.49619,8.68538],[-12.49617,8.68575]]},"properties":{"id":795040894,"cls":"service","hw":"service","tg":"na","name":"","ref":"","surface":"","sc":"unknown","speed":null,"lit":"unk","km":0.175}},
{"type":"Feature","geometry":{"type":"LineString","coordinates":[[-12.50938,8.6827],[-12.50904,8.68251],[-12.50875,8.68238],[-12.50858,8.68229],[-12.50852,8.68224],[-12.50844,8.68217],[-12.50828,8.68202]]},"properties":{"id":795041689,"cls":"service","hw":"service","tg":"na","name":"","ref":"","surface":"","sc":"unknown","speed":null,"lit":"unk","km":0.144}},
{"type":"Feature","geometry":{"type":"LineString","coordinates":[[-12.50878,8.68213],[-12.50861,8.68212],[-12.50849,8.68209],[-12.50828,8.68202],[-12.50805,8.68182],[-12.50785,8.68164]]},"properties":{"id":795041690,"cls":"service","hw":"service","tg":"na","name":"","ref":"","surface":"","sc":"unknown","speed":null,"lit":"unk","km":0.12}},
{"type":"Feature","geometry":{"type":"LineString","coordinates":[[-12.51355,8.68502],[-12.51334,8.68495],[-12.51305,8.68485],[-12.51287,8.68483],[-12.51259,8.68482]]},"properties":{"id":795041691,"cls":"service","hw":"service","tg":"na","name":"","ref":"","surface":"","sc":"unknown","speed":null,"lit":"unk","km":0.109}},
{"type":"Feature","geometry":{"type":"LineString","coordinates":[[-12.50959,8.6827],[-12.50961,8.68228],[-12.50963,8.68196],[-12.50965,8.68156],[-12.50966,8.68129],[-12.50968,8.68101],[-12.50968,8.68089],[-12.50968,8.68073],[-12.50967,8.68069],[-12.50965,8.6804],[-12.50964,8.68019],[-12.50962,8.67997],[-12.5096,8.67981],[-12.50957,8.67966],[-12.50954,8.67956],[-12.50948,8.67948],[-12.50938,8.67939],[-12.50926,8.67931],[-12.5091,8.67925],[-12.50894,8.6792],[-12.50889,8.67916],[-12.50885,8.6791],[-12.50881,8.679],[-12.50864,8.6787],[-12.50851,8.6783],[-12.50843,8.67805],[-12.50831,8.67788],[-12.50824,8.67777]]},"properties":{"id":795041692,"cls":"service","hw":"service","tg":"na","name":"","ref":"","surface":"","sc":"unknown","speed":null,"lit":"unk","km":0.608}},
{"type":"Feature","geometry":{"type":"LineString","coordinates":[[-12.50159,8.68428],[-12.50156,8.68438],[-12.50156,8.68449],[-12.50162,8.68485],[-12.50179,8.68541],[-12.5019,8.68578],[-12.50194,8.68614],[-12.50199,8.6867]]},"properties":{"id":795049280,"cls":"service","hw":"service","tg":"na","name":"","ref":"","surface":"","sc":"unknown","speed":null,"lit":"unk","km":0.275}},
{"type":"Feature","geometry":{"type":"LineString","coordinates":[[-12.49945,8.67945],[-12.49987,8.67945],[-12.50049,8.67944],[-12.501,8.67944],[-12.5013,8.67943],[-12.50146,8.67941],[-12.50154,8.67937],[-12.50159,8.67931],[-12.50164,8.67922],[-12.50165,8.6791],[-12.50166,8.67906],[-12.50168,8.67892],[-12.50169,8.67888],[-12.50172,8.67884]]},"properties":{"id":795049282,"cls":"service","hw":"service","tg":"na","name":"","ref":"","surface":"","sc":"unknown","speed":null,"lit":"unk","km":0.295}},
{"type":"Feature","geometry":{"type":"LineString","coordinates":[[-12.49906,8.67946],[-12.49916,8.67944],[-12.4993,8.67944],[-12.49937,8.67944]]},"properties":{"id":795049283,"cls":"service","hw":"service","tg":"na","name":"","ref":"","surface":"ground","sc":"unpaved","speed":null,"lit":"unk","km":0.034}},
{"type":"Feature","geometry":{"type":"LineString","coordinates":[[-12.50243,8.68205],[-12.50236,8.68201],[-12.50226,8.68197],[-12.50212,8.68194],[-12.50203,8.68193],[-12.50193,8.68188],[-12.50186,8.68181],[-12.50182,8.68171],[-12.50181,8.68164],[-12.50181,8.68156],[-12.50181,8.6815],[-12.5018,8.68139]]},"properties":{"id":795049284,"cls":"service","hw":"service","tg":"na","name":"","ref":"","surface":"","sc":"unknown","speed":null,"lit":"unk","km":0.117}},
{"type":"Feature","geometry":{"type":"LineString","coordinates":[[-12.50279,8.68126],[-12.50257,8.68105]]},"properties":{"id":795049285,"cls":"service","hw":"service","tg":"na","name":"","ref":"","surface":"","sc":"unknown","speed":null,"lit":"unk","km":0.034}},
{"type":"Feature","geometry":{"type":"LineString","coordinates":[[-12.50322,8.67667],[-12.50289,8.67704],[-12.50284,8.67711],[-12.50283,8.67718],[-12.50284,8.6776],[-12.50284,8.67789],[-12.50282,8.67805],[-12.50281,8.67825]]},"properties":{"id":795386566,"cls":"service","hw":"service","tg":"na","name":"","ref":"","surface":"","sc":"unknown","speed":null,"lit":"unk","km":0.191}},
{"type":"Feature","geometry":{"type":"LineString","coordinates":[[-12.50304,8.67651],[-12.50317,8.67662],[-12.50322,8.67667],[-12.50326,8.67671],[-12.50334,8.67679]]},"properties":{"id":795386570,"cls":"service","hw":"service","tg":"na","name":"","ref":"","surface":"","sc":"unknown","speed":null,"lit":"unk","km":0.045}},
{"type":"Feature","geometry":{"type":"LineString","coordinates":[[-12.50746,8.67598],[-12.50745,8.67593],[-12.50743,8.67588]]},"properties":{"id":795400094,"cls":"service","hw":"service","tg":"na","name":"","ref":"","surface":"","sc":"unknown","speed":null,"lit":"unk","km":0.012}},
{"type":"Feature","geometry":{"type":"LineString","coordinates":[[-12.50777,8.67426],[-12.50784,8.67408],[-12.50789,8.674],[-12.50796,8.67395],[-12.50799,8.67393],[-12.50806,8.67391]]},"properties":{"id":795400095,"cls":"service","hw":"service","tg":"na","name":"","ref":"","surface":"ground","sc":"unpaved","speed":null,"lit":"unk","km":0.053}},
{"type":"Feature","geometry":{"type":"LineString","coordinates":[[-12.50689,8.67614],[-12.50687,8.67607],[-12.50685,8.67601]]},"properties":{"id":795400098,"cls":"service","hw":"service","tg":"na","name":"","ref":"","surface":"","sc":"unknown","speed":null,"lit":"unk","km":0.015}},
{"type":"Feature","geometry":{"type":"LineString","coordinates":[[-12.50444,8.67698],[-12.50453,8.67696]]},"properties":{"id":795400099,"cls":"service","hw":"service","tg":"na","name":"","ref":"","surface":"","sc":"unknown","speed":null,"lit":"unk","km":0.01}},
{"type":"Feature","geometry":{"type":"LineString","coordinates":[[-12.55567,8.68423],[-12.5557,8.6842],[-12.55574,8.68417],[-12.55581,8.68415],[-12.55586,8.68413],[-12.55595,8.68413],[-12.55606,8.68415],[-12.55614,8.68416],[-12.55621,8.6842],[-12.55626,8.68423],[-12.55631,8.68423]]},"properties":{"id":795471327,"cls":"service","hw":"service","tg":"na","name":"","ref":"","surface":"","sc":"unknown","speed":null,"lit":"unk","km":0.076}},
{"type":"Feature","geometry":{"type":"LineString","coordinates":[[-12.51091,8.72079],[-12.51098,8.72087],[-12.51108,8.72102],[-12.51112,8.72114],[-12.51115,8.72119],[-12.51129,8.72125],[-12.51166,8.72145],[-12.51216,8.72171]]},"properties":{"id":795753926,"cls":"service","hw":"service","tg":"na","name":"","ref":"","surface":"","sc":"unknown","speed":null,"lit":"unk","km":0.177}},
{"type":"Feature","geometry":{"type":"LineString","coordinates":[[-12.55494,8.69783],[-12.55511,8.69778],[-12.55524,8.69775],[-12.5554,8.69774],[-12.55555,8.69777],[-12.55564,8.69778],[-12.5557,8.69777],[-12.55583,8.69771],[-12.5559,8.69768],[-12.55594,8.69767],[-12.55605,8.69772]]},"properties":{"id":795779304,"cls":"service","hw":"service","tg":"na","name":"","ref":"","surface":"","sc":"unknown","speed":null,"lit":"unk","km":0.127}},
{"type":"Feature","geometry":{"type":"LineString","coordinates":[[-12.5257,8.68629],[-12.52576,8.68631],[-12.52603,8.68645],[-12.52624,8.68673]]},"properties":{"id":795790095,"cls":"service","hw":"service","tg":"na","name":"","ref":"","surface":"","sc":"unknown","speed":null,"lit":"unk","km":0.079}},
{"type":"Feature","geometry":{"type":"LineString","coordinates":[[-12.55674,8.68469],[-12.55667,8.68461],[-12.55662,8.68458],[-12.55653,8.68455],[-12.55649,8.68454],[-12.55647,8.68452],[-12.55644,8.68435]]},"properties":{"id":795793275,"cls":"service","hw":"service","tg":"na","name":"","ref":"","surface":"","sc":"unknown","speed":null,"lit":"unk","km":0.055}},
{"type":"Feature","geometry":{"type":"LineString","coordinates":[[-12.57714,8.70669],[-12.57726,8.70674],[-12.57824,8.70747],[-12.57893,8.70796],[-12.57911,8.70798],[-12.57916,8.70798],[-12.57922,8.70794],[-12.57927,8.70793],[-12.57933,8.70792],[-12.57942,8.70789],[-12.5795,8.70786],[-12.57958,8.70785],[-12.57969,8.70785],[-12.5798,8.70788],[-12.57993,8.70794],[-12.58005,8.70809],[-12.58013,8.70819],[-12.58018,8.70835],[-12.58032,8.70854],[-12.5804,8.70857],[-12.58044,8.70862]]},"properties":{"id":795806763,"cls":"service","hw":"service","tg":"na","name":"","ref":"","surface":"","sc":"unknown","speed":null,"lit":"unk","km":0.454}},
{"type":"Feature","geometry":{"type":"LineString","coordinates":[[-12.5583,8.7015],[-12.55844,8.70151],[-12.55858,8.7015],[-12.55864,8.70148],[-12.55867,8.70145],[-12.55877,8.70123]]},"properties":{"id":795811907,"cls":"service","hw":"service","tg":"na","name":"","ref":"","surface":"","sc":"unknown","speed":null,"lit":"unk","km":0.069}},
{"type":"Feature","geometry":{"type":"LineString","coordinates":[[-12.57852,8.70096],[-12.57857,8.70092],[-12.57859,8.70089],[-12.57861,8.70083],[-12.57865,8.70073],[-12.57874,8.7005],[-12.57875,8.70044],[-12.57874,8.70032],[-12.57867,8.69989],[-12.5786,8.69953],[-12.57852,8.69936],[-12.57841,8.69922],[-12.57828,8.69908],[-12.57812,8.69895],[-12.57798,8.69891],[-12.57776,8.69889]]},"properties":{"id":795820778,"cls":"service","hw":"service","tg":"na","name":"","ref":"","surface":"","sc":"unknown","speed":null,"lit":"unk","km":0.292}},
{"type":"Feature","geometry":{"type":"LineString","coordinates":[[-12.56512,8.69226],[-12.56534,8.69214],[-12.56556,8.69216]]},"properties":{"id":795823944,"cls":"service","hw":"service","tg":"na","name":"","ref":"","surface":"","sc":"unknown","speed":null,"lit":"unk","km":0.052}},
{"type":"Feature","geometry":{"type":"LineString","coordinates":[[-12.55031,8.69501],[-12.55043,8.69507],[-12.55055,8.69519],[-12.55065,8.69532],[-12.55071,8.69549],[-12.55073,8.6956],[-12.55074,8.69566],[-12.55111,8.6958],[-12.55109,8.69592],[-12.55108,8.69606],[-12.55104,8.69628],[-12.55097,8.69636],[-12.5509,8.6964],[-12.55077,8.6964],[-12.55063,8.69638],[-12.55052,8.69637]]},"properties":{"id":800044131,"cls":"service","hw":"service","tg":"na","name":"","ref":"","surface":"","sc":"unknown","speed":null,"lit":"unk","km":0.251}},
{"type":"Feature","geometry":{"type":"LineString","coordinates":[[-11.67596,7.94498],[-11.67589,7.94526],[-11.67565,7.94601],[-11.67552,7.94669],[-11.67541,7.9469],[-11.67542,7.94696],[-11.67544,7.947],[-11.67576,7.94716],[-11.67587,7.94726]]},"properties":{"id":800678097,"cls":"service","hw":"service","tg":"na","name":"","ref":"","surface":"","sc":"unknown","speed":null,"lit":"unk","km":0.29}},
{"type":"Feature","geometry":{"type":"LineString","coordinates":[[-11.67479,7.94584],[-11.67476,7.94559],[-11.67485,7.94529],[-11.67493,7.94508],[-11.67505,7.9449],[-11.67512,7.94479]]},"properties":{"id":800678112,"cls":"service","hw":"service","tg":"na","name":"","ref":"","surface":"","sc":"unknown","speed":null,"lit":"unk","km":0.126}},
{"type":"Feature","geometry":{"type":"LineString","coordinates":[[-11.76922,7.9616],[-11.76923,7.96165],[-11.76924,7.96169],[-11.76922,7.96174],[-11.76917,7.96183],[-11.76911,7.96198],[-11.76904,7.9622],[-11.76896,7.9624],[-11.76887,7.96262],[-11.76883,7.96274],[-11.76882,7.96282],[-11.76872,7.96305],[-11.76869,7.96309],[-11.76867,7.9631],[-11.76864,7.96311],[-11.76859,7.96311],[-11.76855,7.96309],[-11.76819,7.96294]]},"properties":{"id":800755103,"cls":"service","hw":"service","tg":"na","name":"","ref":"","surface":"","sc":"unknown","speed":null,"lit":"unk","km":0.237}},
{"type":"Feature","geometry":{"type":"LineString","coordinates":[[-11.76944,7.95556],[-11.76952,7.95554],[-11.76958,7.95551],[-11.76962,7.95546],[-11.76967,7.95541],[-11.76974,7.95533],[-11.76977,7.95529]]},"properties":{"id":800768591,"cls":"service","hw":"service","tg":"na","name":"","ref":"","surface":"","sc":"unknown","speed":null,"lit":"unk","km":0.049}},
{"type":"Feature","geometry":{"type":"LineString","coordinates":[[-12.99778,9.06916],[-12.99821,9.06938],[-12.99835,9.06959]]},"properties":{"id":800808274,"cls":"service","hw":"service","tg":"na","name":"","ref":"","surface":"","sc":"unknown","speed":null,"lit":"unk","km":0.081}},
{"type":"Feature","geometry":{"type":"LineString","coordinates":[[-12.99847,9.06984],[-12.99841,9.07004],[-12.99839,9.07029],[-12.99839,9.07032],[-12.99835,9.07034]]},"properties":{"id":800808275,"cls":"service","hw":"service","tg":"na","name":"","ref":"","surface":"","sc":"unknown","speed":null,"lit":"unk","km":0.059}},
{"type":"Feature","geometry":{"type":"LineString","coordinates":[[-12.99841,9.07004],[-12.99837,9.06988]]},"properties":{"id":800808276,"cls":"service","hw":"service","tg":"na","name":"","ref":"","surface":"","sc":"unknown","speed":null,"lit":"unk","km":0.018}},
{"type":"Feature","geometry":{"type":"LineString","coordinates":[[-12.54133,8.68863],[-12.54156,8.6892]]},"properties":{"id":800826523,"cls":"service","hw":"service","tg":"na","name":"","ref":"","surface":"","sc":"unknown","speed":null,"lit":"unk","km":0.068}},
{"type":"Feature","geometry":{"type":"LineString","coordinates":[[-12.54014,8.69013],[-12.54,8.69014],[-12.53965,8.69006],[-12.53946,8.68971]]},"properties":{"id":800826528,"cls":"service","hw":"service","tg":"na","name":"","ref":"","surface":"","sc":"unknown","speed":null,"lit":"unk","km":0.099}},
{"type":"Feature","geometry":{"type":"LineString","coordinates":[[-11.76776,7.95909],[-11.76753,7.95893],[-11.7674,7.95888],[-11.76724,7.95885],[-11.76711,7.95883],[-11.76702,7.95883],[-11.76692,7.95884]]},"properties":{"id":807565931,"cls":"service","hw":"service","tg":"na","name":"","ref":"","surface":"","sc":"unknown","speed":null,"lit":"unk","km":0.1}},
{"type":"Feature","geometry":{"type":"LineString","coordinates":[[-13.19715,8.61383],[-13.1972,8.61404],[-13.19723,8.61411],[-13.19729,8.61419],[-13.19737,8.61425],[-13.1975,8.61428],[-13.19764,8.61431],[-13.19775,8.61432],[-13.1979,8.61434],[-13.19799,8.61437],[-13.19806,8.61443],[-13.19813,8.6145],[-13.19821,8.6146],[-13.1983,8.61466],[-13.19843,8.61472]]},"properties":{"id":809335834,"cls":"service","hw":"service","tg":"na","name":"","ref":"","surface":"","sc":"unknown","speed":null,"lit":"unk","km":0.187}},
{"type":"Feature","geometry":{"type":"LineString","coordinates":[[-11.84923,9.05771],[-11.84928,9.05752],[-11.84929,9.05724],[-11.8493,9.05692],[-11.8494,9.05671],[-11.84948,9.05641],[-11.84938,9.05613],[-11.84927,9.056],[-11.8491,9.05592],[-11.84896,9.05578],[-11.84891,9.05557],[-11.84895,9.05543],[-11.84904,9.05535],[-11.8491,9.05525],[-11.84902,9.05517],[-11.84897,9.0551],[-11.84896,9.05502],[-11.84901,9.05499],[-11.84909,9.05495],[-11.84909,9.05486],[-11.84906,9.05471],[-11.84901,9.05452],[-11.849,9.05437],[-11.84902,9.05417],[-11.84902,9.05402],[-11.84891,9.05409],[-11.84874,9.05425],[-11.84864,9.05429],[-11.84851,9.05423],[-11.84847,9.05412],[-11.84843,9.05396],[-11.84839,9.05377],[-11.84826,9.05366],[-11.84814,9.05359],[-11.84807,9.05347],[-11.84802,9.05338],[-11.84795,9.05333],[-11.8478,9.05325],[-11.8477,9.05311],[-11.84756,9.05303],[-11.84738,9.05287],[-11.84725,9.05281],[-11.84719,9.05276],[-11.84714,9.05266],[-11.84713,9.05254],[-11.84708,9.05246],[-11.84696,9.05244],[-11.84681,9.05244],[-11.84668,9.05251],[-11.84651,9.05256],[-11.8465,9.05238],[-11.84651,9.05229],[-11.84651,9.0522],[-11.84635,9.05228],[-11.84614,9.05233],[-11.84589,9.05239],[-11.84579,9.0524],[-11.84571,9.05231],[-11.84564,9.05226],[-11.84554,9.05219],[-11.84547,9.05205],[-11.84537,9.05188],[-11.84525,9.05176],[-11.84513,9.05161],[-11.84494,9.05145],[-11.84474,9.0513],[-11.8445,9.05124],[-11.84432,9.05102],[-11.84419,9.05091]]},"properties":{"id":821291022,"cls":"service","hw":"service","tg":"na","name":"","ref":"","surface":"dirt","sc":"unpaved","speed":null,"lit":"unk","km":1.232}},
{"type":"Feature","geometry":{"type":"LineString","coordinates":[[-11.84081,9.05313],[-11.84099,9.05291],[-11.84104,9.05271],[-11.84106,9.05237],[-11.84103,9.052],[-11.84097,9.05177],[-11.84093,9.05151],[-11.84099,9.05121],[-11.84113,9.05087],[-11.84121,9.05064],[-11.84121,9.05044],[-11.84117,9.05025],[-11.84126,9.04996],[-11.84147,9.04969],[-11.84157,9.04938],[-11.84167,9.04915],[-11.84177,9.04897],[-11.84171,9.04883],[-11.84153,9.04868],[-11.84126,9.04857],[-11.84082,9.04852],[-11.84065,9.04842],[-11.84057,9.04839],[-11.8405,9.04857],[-11.84042,9.04861],[-11.84025,9.0486],[-11.84018,9.04856],[-11.84024,9.04843],[-11.84033,9.04835],[-11.84033,9.04823],[-11.84025,9.04811],[-11.84015,9.04801],[-11.84007,9.04798],[-11.84019,9.04786],[-11.84024,9.04778],[-11.84021,9.04769],[-11.84017,9.04759],[-11.84006,9.04756],[-11.83987,9.04751],[-11.83977,9.04746],[-11.83968,9.04731],[-11.83967,9.04721],[-11.83962,9.0471],[-11.83952,9.04706],[-11.83956,9.04694],[-11.83952,9.04686],[-11.83937,9.04688],[-11.83932,9.04679],[-11.83926,9.04675],[-11.83904,9.04671],[-11.83886,9.04678],[-11.83871,9.04677],[-11.83862,9.04676],[-11.83815,9.04643],[-11.8381,9.04625],[-11.83801,9.0461],[-11.8379,9.04595],[-11.8376,9.0458],[-11.8373,9.0457],[-11.83665,9.04515],[-11.836,9.04475],[-11.83433,9.04347],[-11.83423,9.04336],[-11.83411,9.04322],[-11.83392,9.04317],[-11.83364,9.04334],[-11.83343,9.04337],[-11.83318,9.04326],[-11.83282,9.04286],[-11.83253,9.04259],[-11.8324,9.04246],[-11.83233,9.0424]]},"properties":{"id":821291023,"cls":"service","hw":"service","tg":"na","name":"","ref":"","surface":"dirt","sc":"unpaved","speed":null,"lit":"unk","km":1.964}},
{"type":"Feature","geometry":{"type":"LineString","coordinates":[[-11.83233,9.04209],[-11.83223,9.042],[-11.83187,9.04175],[-11.8315,9.04142],[-11.83122,9.04122],[-11.83087,9.04099],[-11.83048,9.04076],[-11.83031,9.04065],[-11.83016,9.04048],[-11.83001,9.04032],[-11.82968,9.04014],[-11.82924,9.03979],[-11.82899,9.03961],[-11.82836,9.03911],[-11.8279,9.03879],[-11.82739,9.03845],[-11.82715,9.0383],[-11.827,9.03824],[-11.82689,9.03809]]},"properties":{"id":821291024,"cls":"service","hw":"service","tg":"na","name":"","ref":"","surface":"dirt","sc":"unpaved","speed":null,"lit":"unk","km":0.749}},
{"type":"Feature","geometry":{"type":"LineString","coordinates":[[-11.75921,7.94708],[-11.75909,7.94714],[-11.75897,7.94716],[-11.75871,7.94718],[-11.75853,7.94717],[-11.75843,7.94716],[-11.75833,7.94715],[-11.75826,7.94715],[-11.75819,7.94715],[-11.75813,7.94714],[-11.75806,7.94714],[-11.75802,7.94713]]},"properties":{"id":829461637,"cls":"service","hw":"service","tg":"na","name":"","ref":"","surface":"","sc":"unknown","speed":null,"lit":"unk","km":0.133}},
{"type":"Feature","geometry":{"type":"LineString","coordinates":[[-11.74744,7.9374],[-11.74734,7.93737],[-11.74725,7.93733],[-11.74717,7.93727],[-11.74712,7.93717],[-11.7471,7.93707],[-11.74708,7.93704],[-11.74672,7.93687],[-11.74632,7.9367],[-11.74654,7.93625]]},"properties":{"id":830428343,"cls":"service","hw":"service","tg":"na","name":"","ref":"","surface":"","sc":"unknown","speed":null,"lit":"unk","km":0.209}},
{"type":"Feature","geometry":{"type":"LineString","coordinates":[[-11.74055,7.93744],[-11.74055,7.93718]]},"properties":{"id":830465494,"cls":"service","hw":"service","tg":"na","name":"","ref":"","surface":"","sc":"unknown","speed":null,"lit":"unk","km":0.029}},
{"type":"Feature","geometry":{"type":"LineString","coordinates":[[-11.74492,7.93745],[-11.74505,7.93719]]},"properties":{"id":830465514,"cls":"service","hw":"service","tg":"na","name":"","ref":"","surface":"","sc":"unknown","speed":null,"lit":"unk","km":0.032}},
{"type":"Feature","geometry":{"type":"LineString","coordinates":[[-11.74241,7.93734],[-11.74223,7.93727]]},"properties":{"id":830465562,"cls":"service","hw":"service","tg":"na","name":"","ref":"","surface":"","sc":"unknown","speed":null,"lit":"unk","km":0.021}},
{"type":"Feature","geometry":{"type":"LineString","coordinates":[[-11.74287,7.93754],[-11.74259,7.93743],[-11.74241,7.93734]]},"properties":{"id":830465563,"cls":"service","hw":"service","tg":"na","name":"","ref":"","surface":"","sc":"unknown","speed":null,"lit":"unk","km":0.055}},
{"type":"Feature","geometry":{"type":"LineString","coordinates":[[-11.74271,7.93691],[-11.74257,7.93716],[-11.74248,7.93725],[-11.74241,7.93734]]},"properties":{"id":830465567,"cls":"service","hw":"service","tg":"na","name":"","ref":"","surface":"","sc":"unknown","speed":null,"lit":"unk","km":0.059}},
{"type":"Feature","geometry":{"type":"LineString","coordinates":[[-11.17176,7.89838],[-11.17171,7.89834],[-11.17166,7.89829],[-11.1716,7.89823],[-11.17157,7.89819],[-11.17154,7.89811]]},"properties":{"id":830569919,"cls":"service","hw":"service","tg":"na","name":"","ref":"","surface":"","sc":"unknown","speed":null,"lit":"unk","km":0.039}},
{"type":"Feature","geometry":{"type":"LineString","coordinates":[[-11.17473,7.8975],[-11.17454,7.89733],[-11.1741,7.89703],[-11.17382,7.89683],[-11.17356,7.89664],[-11.17341,7.89651],[-11.17329,7.89638]]},"properties":{"id":830569922,"cls":"service","hw":"service","tg":"na","name":"Burma 2 Road","ref":"","surface":"unpaved","sc":"unpaved","speed":null,"lit":"unk","km":0.202}},
{"type":"Feature","geometry":{"type":"LineString","coordinates":[[-11.17309,7.89794],[-11.17292,7.89795],[-11.17284,7.89794],[-11.17273,7.89794],[-11.17256,7.89793],[-11.17251,7.89792],[-11.17231,7.89791]]},"properties":{"id":830569923,"cls":"service","hw":"service","tg":"na","name":"","ref":"","surface":"unpaved","sc":"unpaved","speed":null,"lit":"unk","km":0.086}},
{"type":"Feature","geometry":{"type":"LineString","coordinates":[[-11.1733,7.89861],[-11.17308,7.89853],[-11.1729,7.89846],[-11.17276,7.89845],[-11.17258,7.89842],[-11.17245,7.89841],[-11.17233,7.89839],[-11.17223,7.89838],[-11.17211,7.89836],[-11.17204,7.89835]]},"properties":{"id":830569925,"cls":"service","hw":"service","tg":"na","name":"","ref":"","surface":"unpaved","sc":"unpaved","speed":null,"lit":"unk","km":0.143}},
{"type":"Feature","geometry":{"type":"LineString","coordinates":[[-11.17371,7.89782],[-11.17368,7.89791],[-11.17358,7.89801],[-11.17346,7.89813],[-11.17339,7.89824],[-11.17333,7.89842]]},"properties":{"id":830569927,"cls":"service","hw":"service","tg":"na","name":"","ref":"","surface":"unpaved","sc":"unpaved","speed":null,"lit":"unk","km":0.081}},
{"type":"Feature","geometry":{"type":"LineString","coordinates":[[-11.17337,7.89871],[-11.17346,7.89885],[-11.17355,7.89899],[-11.17361,7.89905],[-11.17369,7.89913],[-11.17379,7.89919],[-11.17389,7.89922]]},"properties":{"id":830569928,"cls":"service","hw":"service","tg":"na","name":"","ref":"","surface":"unpaved","sc":"unpaved","speed":null,"lit":"unk","km":0.083}},
{"type":"Feature","geometry":{"type":"LineString","coordinates":[[-11.17271,7.89814],[-11.17302,7.89805],[-11.17315,7.89801],[-11.17344,7.8979],[-11.17365,7.89784],[-11.17371,7.89782],[-11.17403,7.89772],[-11.17442,7.89759],[-11.17473,7.8975]]},"properties":{"id":830569929,"cls":"service","hw":"service","tg":"na","name":"","ref":"","surface":"unpaved","sc":"unpaved","speed":null,"lit":"unk","km":0.234}},
{"type":"Feature","geometry":{"type":"LineString","coordinates":[[-11.76977,7.95529],[-11.7698,7.95528],[-11.76983,7.95526],[-11.76987,7.95527],[-11.76992,7.95528],[-11.76997,7.95531]]},"properties":{"id":835577259,"cls":"service","hw":"service","tg":"na","name":"","ref":"","surface":"","sc":"unknown","speed":null,"lit":"unk","km":0.024}},
{"type":"Feature","geometry":{"type":"LineString","coordinates":[[-11.76953,7.95518],[-11.76977,7.95529]]},"properties":{"id":835577260,"cls":"service","hw":"service","tg":"na","name":"","ref":"","surface":"","sc":"unknown","speed":null,"lit":"unk","km":0.029}},
{"type":"Feature","geometry":{"type":"LineString","coordinates":[[-11.76942,7.95562],[-11.769,7.95548],[-11.76894,7.95547],[-11.76888,7.95547],[-11.76883,7.95549],[-11.76881,7.95552],[-11.76868,7.9559]]},"properties":{"id":835598192,"cls":"service","hw":"service","tg":"na","name":"","ref":"","surface":"","sc":"unknown","speed":null,"lit":"unk","km":0.117}},
{"type":"Feature","geometry":{"type":"LineString","coordinates":[[-11.77015,7.96056],[-11.77006,7.96052],[-11.76995,7.9605],[-11.7699,7.96049],[-11.76985,7.96046],[-11.76982,7.96041],[-11.76979,7.9604],[-11.76975,7.96039],[-11.7696,7.96039],[-11.76945,7.96037],[-11.76931,7.96032],[-11.7692,7.96028],[-11.7691,7.96022],[-11.76901,7.96015],[-11.76892,7.96011],[-11.76875,7.96004],[-11.76868,7.95999],[-11.76861,7.95991],[-11.76856,7.95988],[-11.76848,7.95984],[-11.76843,7.95978],[-11.76838,7.95973],[-11.76832,7.95968]]},"properties":{"id":835605815,"cls":"service","hw":"service","tg":"na","name":"","ref":"","surface":"","sc":"unknown","speed":null,"lit":"unk","km":0.232}},
{"type":"Feature","geometry":{"type":"LineString","coordinates":[[-11.76971,7.96179],[-11.76917,7.96331],[-11.76897,7.96387],[-11.76892,7.9639],[-11.76885,7.96395],[-11.7688,7.96401]]},"properties":{"id":835605827,"cls":"service","hw":"service","tg":"na","name":"","ref":"","surface":"","sc":"unknown","speed":null,"lit":"unk","km":0.27}},
{"type":"Feature","geometry":{"type":"LineString","coordinates":[[-11.76802,7.95908],[-11.7681,7.95903],[-11.76814,7.95899],[-11.76816,7.95897],[-11.7682,7.95891],[-11.76831,7.95886],[-11.76845,7.95884]]},"properties":{"id":835605831,"cls":"service","hw":"service","tg":"na","name":"","ref":"","surface":"","sc":"unknown","speed":null,"lit":"unk","km":0.057}},
{"type":"Feature","geometry":{"type":"LineString","coordinates":[[-12.05159,7.794],[-12.05171,7.79432]]},"properties":{"id":844374936,"cls":"service","hw":"service","tg":"na","name":"","ref":"","surface":"","sc":"unknown","speed":null,"lit":"unk","km":0.038}},
{"type":"Feature","geometry":{"type":"LineString","coordinates":[[-12.05057,7.7942],[-12.0505,7.79418],[-12.05016,7.79412]]},"properties":{"id":844375177,"cls":"service","hw":"service","tg":"na","name":"","ref":"","surface":"","sc":"unknown","speed":null,"lit":"unk","km":0.046}},
{"type":"Feature","geometry":{"type":"LineString","coordinates":[[-13.21639,8.49348],[-13.21659,8.49348],[-13.21884,8.49345],[-13.21884,8.49306],[-13.21884,8.49242],[-13.21657,8.49246],[-13.21658,8.49309],[-13.21659,8.49348]]},"properties":{"id":862778609,"cls":"service","hw":"service","tg":"na","name":"","ref":"","surface":"","sc":"unknown","speed":null,"lit":"unk","km":0.747}},
{"type":"Feature","geometry":{"type":"LineString","coordinates":[[-13.21884,8.49306],[-13.21658,8.49309]]},"properties":{"id":862778610,"cls":"service","hw":"service","tg":"na","name":"","ref":"","surface":"","sc":"unknown","speed":null,"lit":"unk","km":0.249}},
{"type":"Feature","geometry":{"type":"LineString","coordinates":[[-13.21506,8.49324],[-13.21489,8.49277],[-13.21491,8.49223],[-13.21493,8.49204],[-13.21485,8.49191],[-13.21471,8.49179],[-13.21453,8.49168],[-13.21431,8.49163],[-13.21244,8.49163],[-13.21231,8.49163],[-13.21225,8.49174],[-13.21225,8.49187],[-13.21218,8.4928],[-13.21218,8.49306]]},"properties":{"id":862778611,"cls":"service","hw":"service","tg":"na","name":"","ref":"","surface":"","sc":"unknown","speed":null,"lit":"unk","km":0.603}},
{"type":"Feature","geometry":{"type":"LineString","coordinates":[[-12.05723,8.88882],[-12.05721,8.88873],[-12.0572,8.88868],[-12.05717,8.88858],[-12.05713,8.88851],[-12.05707,8.88846]]},"properties":{"id":863298411,"cls":"service","hw":"service","tg":"na","name":"","ref":"","surface":"","sc":"unknown","speed":null,"lit":"unk","km":0.045}},
{"type":"Feature","geometry":{"type":"LineString","coordinates":[[-13.21218,8.49306],[-13.2118,8.49305],[-13.21172,8.49305],[-13.21166,8.49301],[-13.21167,8.4928],[-13.21163,8.49149],[-13.21162,8.49142],[-13.21164,8.49053]]},"properties":{"id":863796512,"cls":"service","hw":"service","tg":"na","name":"","ref":"","surface":"","sc":"unknown","speed":null,"lit":"unk","km":0.335}},
{"type":"Feature","geometry":{"type":"LineString","coordinates":[[-13.13153,8.39062],[-13.13184,8.39053],[-13.13197,8.39049],[-13.13212,8.39049],[-13.13226,8.39051],[-13.13239,8.39058],[-13.13258,8.39066]]},"properties":{"id":906224513,"cls":"service","hw":"service","tg":"na","name":"","ref":"","surface":"","sc":"unknown","speed":null,"lit":"unk","km":0.122}},
{"type":"Feature","geometry":{"type":"LineString","coordinates":[[-13.14837,8.52082],[-13.14855,8.5208],[-13.14903,8.52086],[-13.14916,8.52089]]},"properties":{"id":909214427,"cls":"service","hw":"service","tg":"na","name":"","ref":"","surface":"","sc":"unknown","speed":null,"lit":"unk","km":0.088}},
{"type":"Feature","geometry":{"type":"LineString","coordinates":[[-10.33205,8.45944],[-10.33174,8.45938],[-10.33148,8.45894],[-10.3315,8.45878]]},"properties":{"id":939118101,"cls":"service","hw":"service","tg":"na","name":"","ref":"","surface":"","sc":"unknown","speed":null,"lit":"unk","km":0.109}},
{"type":"Feature","geometry":{"type":"LineString","coordinates":[[-10.33002,8.46085],[-10.32983,8.46032],[-10.32969,8.4601],[-10.32952,8.46021],[-10.32946,8.4604],[-10.32952,8.46062],[-10.32958,8.4609]]},"properties":{"id":939118102,"cls":"service","hw":"service","tg":"na","name":"","ref":"","surface":"","sc":"unknown","speed":null,"lit":"unk","km":0.193}},
{"type":"Feature","geometry":{"type":"LineString","coordinates":[[-12.92604,8.40215],[-12.92568,8.40163],[-12.9253,8.40059],[-12.92517,8.40048],[-12.92401,8.40007],[-12.9237,8.39985],[-12.92319,8.39993],[-12.92269,8.39972]]},"properties":{"id":941475844,"cls":"service","hw":"service","tg":"na","name":"","ref":"","surface":"unpaved","sc":"unpaved","speed":null,"lit":"unk","km":0.506}},
{"type":"Feature","geometry":{"type":"LineString","coordinates":[[-12.92604,8.40215],[-12.92609,8.40242]]},"properties":{"id":941475845,"cls":"service","hw":"service","tg":"na","name":"","ref":"","surface":"unpaved","sc":"unpaved","speed":null,"lit":"unk","km":0.031}},
{"type":"Feature","geometry":{"type":"LineString","coordinates":[[-11.70422,8.99722],[-11.70414,8.99731],[-11.70412,8.99737],[-11.70412,8.99744],[-11.70416,8.99753],[-11.70421,8.99763],[-11.70424,8.99769],[-11.70426,8.99777],[-11.70425,8.99784],[-11.70422,8.99789],[-11.70417,8.99795],[-11.7041,8.99801],[-11.70403,8.99804],[-11.70397,8.99804],[-11.70391,8.99802],[-11.70378,8.99793],[-11.70339,8.99757]]},"properties":{"id":944187514,"cls":"service","hw":"service","tg":"na","name":"","ref":"","surface":"","sc":"unknown","speed":null,"lit":"unk","km":0.199}},
{"type":"Feature","geometry":{"type":"LineString","coordinates":[[-11.70414,8.99731],[-11.70397,8.99722],[-11.70389,8.99721],[-11.70385,8.99721],[-11.7038,8.99721],[-11.70375,8.99723],[-11.70371,8.99724],[-11.7036,8.99735],[-11.70339,8.99757],[-11.70305,8.99794],[-11.70268,8.99833]]},"properties":{"id":944187831,"cls":"service","hw":"service","tg":"na","name":"","ref":"","surface":"","sc":"unknown","speed":null,"lit":"unk","km":0.216}},
{"type":"Feature","geometry":{"type":"LineString","coordinates":[[-11.70868,8.99656],[-11.70861,8.99642],[-11.70853,8.99636],[-11.70837,8.99632],[-11.7082,8.99631],[-11.70779,8.99628],[-11.70747,8.99628],[-11.70708,8.99632],[-11.70668,8.99637],[-11.70638,8.99644],[-11.70612,8.99651],[-11.70569,8.99676]]},"properties":{"id":944188909,"cls":"service","hw":"service","tg":"na","name":"","ref":"","surface":"","sc":"unknown","speed":null,"lit":"unk","km":0.351}},
{"type":"Feature","geometry":{"type":"LineString","coordinates":[[-11.70561,8.99662],[-11.70569,8.99676],[-11.70578,8.99694],[-11.7058,8.99706],[-11.70583,8.9971],[-11.70599,8.99716],[-11.70635,8.99725],[-11.70652,8.99727],[-11.70661,8.99727],[-11.70666,8.99728],[-11.70669,8.9973],[-11.70675,8.99736],[-11.70681,8.99744],[-11.70682,8.9975],[-11.70681,8.99764],[-11.70679,8.99767],[-11.70675,8.99773],[-11.7067,8.99778]]},"properties":{"id":944189589,"cls":"service","hw":"service","tg":"na","name":"","ref":"","surface":"","sc":"unknown","speed":null,"lit":"unk","km":0.22}},
{"type":"Feature","geometry":{"type":"LineString","coordinates":[[-11.70509,8.99705],[-11.70557,8.99765],[-11.70561,8.99772],[-11.70561,8.99776],[-11.7056,8.99778],[-11.70544,8.9979],[-11.70505,8.9982],[-11.70496,8.99833]]},"properties":{"id":944189815,"cls":"service","hw":"service","tg":"na","name":"","ref":"","surface":"","sc":"unknown","speed":null,"lit":"unk","km":0.195}},
{"type":"Feature","geometry":{"type":"LineString","coordinates":[[-11.71065,8.98266],[-11.71024,8.98265],[-11.71006,8.98265],[-11.70989,8.9827],[-11.7098,8.9828],[-11.70967,8.98283],[-11.70885,8.98283],[-11.70853,8.98283],[-11.70824,8.98283],[-11.7081,8.98285],[-11.70797,8.98288],[-11.70769,8.98293],[-11.70754,8.98299],[-11.70737,8.983],[-11.70704,8.98302],[-11.70669,8.98303],[-11.70654,8.98304],[-11.70649,8.98306],[-11.70647,8.9831],[-11.70646,8.98312],[-11.70648,8.98318],[-11.70649,8.98336]]},"properties":{"id":944190452,"cls":"service","hw":"service","tg":"na","name":"","ref":"","surface":"","sc":"unknown","speed":null,"lit":"unk","km":0.501}},
{"type":"Feature","geometry":{"type":"LineString","coordinates":[[-11.70649,8.98336],[-11.70643,8.98363],[-11.70635,8.9838],[-11.70628,8.98408],[-11.70624,8.98425],[-11.70624,8.98437],[-11.70629,8.98468],[-11.70635,8.98494]]},"properties":{"id":944190862,"cls":"service","hw":"service","tg":"na","name":"","ref":"","surface":"","sc":"unknown","speed":null,"lit":"unk","km":0.181}},
{"type":"Feature","geometry":{"type":"LineString","coordinates":[[-11.71434,8.99209],[-11.71365,8.99197],[-11.71307,8.99191],[-11.71285,8.9919],[-11.71257,8.99196],[-11.71237,8.99207]]},"properties":{"id":944192886,"cls":"service","hw":"service","tg":"na","name":"","ref":"","surface":"","sc":"unknown","speed":null,"lit":"unk","km":0.222}},
{"type":"Feature","geometry":{"type":"LineString","coordinates":[[-11.71462,8.98976],[-11.71441,8.98984]]},"properties":{"id":944192887,"cls":"service","hw":"service","tg":"na","name":"","ref":"","surface":"","sc":"unknown","speed":null,"lit":"unk","km":0.025}},
{"type":"Feature","geometry":{"type":"LineString","coordinates":[[-11.71433,8.99273],[-11.71436,8.99244],[-11.71436,8.99231],[-11.71434,8.99209],[-11.71431,8.99121],[-11.71433,8.99053],[-11.71441,8.98984],[-11.7145,8.98964]]},"properties":{"id":944192888,"cls":"service","hw":"service","tg":"na","name":"","ref":"","surface":"","sc":"unknown","speed":null,"lit":"unk","km":0.347}},
{"type":"Feature","geometry":{"type":"LineString","coordinates":[[-11.7145,8.98964],[-11.71457,8.98952],[-11.71464,8.98948],[-11.71471,8.98947],[-11.71478,8.98947],[-11.71481,8.98949],[-11.71483,8.98953],[-11.71484,8.98959],[-11.71481,8.98963],[-11.71476,8.98968],[-11.71462,8.98976]]},"properties":{"id":944192889,"cls":"service","hw":"service","tg":"na","name":"","ref":"","surface":"","sc":"unknown","speed":null,"lit":"unk","km":0.087}},
{"type":"Feature","geometry":{"type":"LineString","coordinates":[[-13.21411,8.48213],[-13.21403,8.48235],[-13.21394,8.4826],[-13.21361,8.48352]]},"properties":{"id":944211320,"cls":"service","hw":"service","tg":"na","name":"Cemetery Access Road","ref":"","surface":"ground","sc":"unpaved","speed":null,"lit":"unk","km":0.164}},
{"type":"Feature","geometry":{"type":"LineString","coordinates":[[-13.21371,8.48531],[-13.21353,8.48568],[-13.21346,8.48584],[-13.21343,8.4859],[-13.21341,8.48594],[-13.21336,8.48596],[-13.21319,8.48598],[-13.21313,8.48598],[-13.213,8.48598],[-13.21289,8.48596],[-13.21212,8.48567]]},"properties":{"id":944211321,"cls":"service","hw":"service","tg":"na","name":"","ref":"","surface":"ground","sc":"unpaved","speed":null,"lit":"unk","km":0.226}},
{"type":"Feature","geometry":{"type":"LineString","coordinates":[[-13.24954,8.47104],[-13.24946,8.47187],[-13.24943,8.4721],[-13.24942,8.47215],[-13.24938,8.47219],[-13.24932,8.47221],[-13.24898,8.47228],[-13.24883,8.47232]]},"properties":{"id":944502429,"cls":"service","hw":"service","tg":"na","name":"","ref":"","surface":"unpaved","sc":"unpaved","speed":null,"lit":"unk","km":0.193}},
{"type":"Feature","geometry":{"type":"LineString","coordinates":[[-13.24931,8.47003],[-13.24961,8.47021],[-13.24979,8.47031],[-13.24987,8.47038],[-13.24992,8.47047],[-13.24994,8.47059],[-13.24996,8.47069],[-13.24994,8.47077],[-13.24984,8.47083],[-13.24978,8.4709],[-13.2497,8.47105]]},"properties":{"id":944502430,"cls":"service","hw":"service","tg":"na","name":"","ref":"","surface":"unpaved","sc":"unpaved","speed":null,"lit":"unk","km":0.16}},
{"type":"Feature","geometry":{"type":"LineString","coordinates":[[-11.83814,8.55005],[-11.83823,8.54989],[-11.83836,8.54953],[-11.83842,8.54934],[-11.83845,8.5492],[-11.8384,8.54896],[-11.83834,8.54879],[-11.83833,8.54859],[-11.83832,8.54833],[-11.83829,8.54819],[-11.83827,8.54804],[-11.83829,8.54795],[-11.8384,8.54778],[-11.83872,8.54727],[-11.83882,8.54708],[-11.83891,8.54689],[-11.83893,8.54669],[-11.83893,8.54631],[-11.8389,8.54608],[-11.83885,8.54585],[-11.83874,8.54564],[-11.83869,8.54554],[-11.83864,8.54546],[-11.83863,8.54541],[-11.83861,8.54535],[-11.8386,8.54524]]},"properties":{"id":944537947,"cls":"service","hw":"service","tg":"na","name":"","ref":"","surface":"","sc":"unknown","speed":null,"lit":"unk","km":0.569}},
{"type":"Feature","geometry":{"type":"LineString","coordinates":[[-11.8386,8.54524],[-11.83859,8.54502],[-11.83859,8.54486],[-11.83856,8.54467],[-11.83848,8.54435],[-11.8384,8.544],[-11.83833,8.54374],[-11.83824,8.54354],[-11.83816,8.54336],[-11.83799,8.54315],[-11.83778,8.54284],[-11.83764,8.54259],[-11.83746,8.54228],[-11.83722,8.54193],[-11.837,8.54164],[-11.83696,8.54152],[-11.83695,8.54144],[-11.83702,8.54091]]},"properties":{"id":944538265,"cls":"service","hw":"service","tg":"na","name":"","ref":"","surface":"","sc":"unknown","speed":null,"lit":"unk","km":0.529}},
{"type":"Feature","geometry":{"type":"LineString","coordinates":[[-11.69863,8.25409],[-11.69878,8.25483],[-11.6989,8.25528],[-11.699,8.25556],[-11.69917,8.25606]]},"properties":{"id":944630434,"cls":"service","hw":"service","tg":"na","name":"","ref":"","surface":"","sc":"unknown","speed":null,"lit":"unk","km":0.227}},
{"type":"Feature","geometry":{"type":"LineString","coordinates":[[-11.69863,8.25409],[-11.69849,8.25367],[-11.69849,8.25359],[-11.69853,8.25339],[-11.69856,8.25331],[-11.69862,8.25325],[-11.69873,8.25317]]},"properties":{"id":944630435,"cls":"service","hw":"service","tg":"na","name":"","ref":"","surface":"","sc":"unknown","speed":null,"lit":"unk","km":0.115}},
{"type":"Feature","geometry":{"type":"LineString","coordinates":[[-11.69901,8.25401],[-11.69863,8.25409]]},"properties":{"id":944630436,"cls":"service","hw":"service","tg":"na","name":"","ref":"","surface":"","sc":"unknown","speed":null,"lit":"unk","km":0.043}},
{"type":"Feature","geometry":{"type":"LineString","coordinates":[[-11.70085,8.25406],[-11.70043,8.25418],[-11.70032,8.2542],[-11.70022,8.2542],[-11.69985,8.25417],[-11.69932,8.25411],[-11.69919,8.25409],[-11.69901,8.25401],[-11.69873,8.25317],[-11.69834,8.25193]]},"properties":{"id":944630437,"cls":"service","hw":"service","tg":"na","name":"","ref":"","surface":"","sc":"unknown","speed":null,"lit":"unk","km":0.45}},
{"type":"Feature","geometry":{"type":"LineString","coordinates":[[-11.70036,8.25267],[-11.69873,8.25317]]},"properties":{"id":944630438,"cls":"service","hw":"service","tg":"na","name":"","ref":"","surface":"","sc":"unknown","speed":null,"lit":"unk","km":0.188}},
{"type":"Feature","geometry":{"type":"LineString","coordinates":[[-11.4819,9.18081],[-11.48196,9.18089],[-11.48199,9.181],[-11.48201,9.18112],[-11.48203,9.18124],[-11.48202,9.18133],[-11.48203,9.18142],[-11.48208,9.18163],[-11.48212,9.18189],[-11.48216,9.18216],[-11.48219,9.18226],[-11.48228,9.18237],[-11.48234,9.18245],[-11.48244,9.18254],[-11.48252,9.18262],[-11.48257,9.18272],[-11.48272,9.18289],[-11.48281,9.18303],[-11.48292,9.18312],[-11.48307,9.18315],[-11.48325,9.18315],[-11.4834,9.18311],[-11.48348,9.1831],[-11.48362,9.18311],[-11.48375,9.1831],[-11.48388,9.18305],[-11.48405,9.18298],[-11.48416,9.18292],[-11.48422,9.1829],[-11.48428,9.18289],[-11.48436,9.18287],[-11.48446,9.18282],[-11.48452,9.18278],[-11.48455,9.18278],[-11.48458,9.1828],[-11.48458,9.18285],[-11.4846,9.18295],[-11.48463,9.18299],[-11.48467,9.18301],[-11.4848,9.18304],[-11.48487,9.18304],[-11.48492,9.18302],[-11.48494,9.18297],[-11.48498,9.18294],[-11.48504,9.18294],[-11.48509,9.183],[-11.48513,9.18305],[-11.48518,9.1831],[-11.48523,9.18315],[-11.48525,9.1832],[-11.48528,9.18325],[-11.48533,9.18329],[-11.48546,9.18334],[-11.48561,9.18336],[-11.4857,9.18338],[-11.48578,9.18341],[-11.48585,9.18348],[-11.48604,9.18362],[-11.48615,9.18369],[-11.48624,9.18378],[-11.48646,9.18401],[-11.48657,9.1841],[-11.48672,9.18417],[-11.48685,9.18424],[-11.48697,9.18428],[-11.48708,9.1843],[-11.48716,9.18435],[-11.48721,9.18444],[-11.48725,9.18453],[-11.48731,9.18463],[-11.48739,9.18475],[-11.48744,9.18483],[-11.48751,9.18495],[-11.48758,9.18505],[-11.48764,9.18517],[-11.48766,9.18528],[-11.48771,9.18534],[-11.48778,9.18535],[-11.48789,9.18532],[-11.48808,9.18528],[-11.48819,9.1853],[-11.4883,9.18534],[-11.48837,9.18541],[-11.48837,9.18551]]},"properties":{"id":944955856,"cls":"service","hw":"service","tg":"na","name":"","ref":"","surface":"","sc":"unknown","speed":null,"lit":"unk","km":1.062}},
{"type":"Feature","geometry":{"type":"LineString","coordinates":[[-12.29139,7.7653],[-12.29101,7.76548],[-12.29086,7.76555],[-12.29073,7.76571],[-12.29053,7.76611],[-12.29038,7.76638],[-12.29032,7.76654],[-12.29034,7.76678],[-12.29035,7.76689],[-12.29034,7.76708],[-12.29036,7.76712],[-12.29042,7.76721],[-12.29068,7.76754],[-12.29078,7.76767],[-12.29085,7.76778],[-12.29086,7.76787],[-12.29082,7.76807],[-12.29072,7.76831],[-12.29064,7.76858],[-12.29057,7.76879],[-12.29053,7.76898],[-12.29051,7.76923]]},"properties":{"id":945061881,"cls":"service","hw":"service","tg":"na","name":"","ref":"","surface":"","sc":"unknown","speed":null,"lit":"unk","km":0.514}},
{"type":"Feature","geometry":{"type":"LineString","coordinates":[[-11.67173,8.42002],[-11.6718,8.42032],[-11.6718,8.42046],[-11.67174,8.42058],[-11.67153,8.42081],[-11.67139,8.421],[-11.67124,8.42119],[-11.67115,8.42137],[-11.67108,8.42158],[-11.67103,8.4217]]},"properties":{"id":945322604,"cls":"service","hw":"service","tg":"na","name":"","ref":"","surface":"","sc":"unknown","speed":null,"lit":"unk","km":0.213}},
{"type":"Feature","geometry":{"type":"LineString","coordinates":[[-12.33156,7.72681],[-12.33124,7.72707],[-12.33074,7.72752],[-12.33038,7.72789],[-12.33018,7.72808],[-12.33,7.72821],[-12.32985,7.72827],[-12.32969,7.72829],[-12.32935,7.7283],[-12.32913,7.72827],[-12.32885,7.72813],[-12.32862,7.72804],[-12.3285,7.728],[-12.32845,7.728],[-12.32833,7.72802],[-12.32814,7.72808],[-12.328,7.7281],[-12.32778,7.7281],[-12.32773,7.72811],[-12.32768,7.72816],[-12.32764,7.72832],[-12.3275,7.7289],[-12.32744,7.72943],[-12.32733,7.73001],[-12.32729,7.73027],[-12.32731,7.73051],[-12.32735,7.73082],[-12.32743,7.731],[-12.32747,7.73112],[-12.32747,7.73118],[-12.32747,7.73122],[-12.32741,7.73129],[-12.32717,7.73141],[-12.32709,7.73145],[-12.32706,7.7315],[-12.32706,7.73156],[-12.32708,7.73171],[-12.32726,7.73203],[-12.32746,7.73242],[-12.32761,7.73268]]},"properties":{"id":945392574,"cls":"service","hw":"service","tg":"na","name":"","ref":"","surface":"","sc":"unknown","speed":null,"lit":"unk","km":1.049}},
{"type":"Feature","geometry":{"type":"LineString","coordinates":[[-13.17563,8.40712],[-13.17558,8.40695],[-13.17553,8.40674],[-13.17549,8.40665],[-13.17544,8.40661],[-13.17539,8.40663],[-13.17515,8.40679]]},"properties":{"id":946212678,"cls":"service","hw":"service","tg":"na","name":"","ref":"","surface":"","sc":"unknown","speed":null,"lit":"unk","km":0.099}},
{"type":"Feature","geometry":{"type":"LineString","coordinates":[[-13.17665,8.40677],[-13.17649,8.40683]]},"properties":{"id":946212679,"cls":"service","hw":"service","tg":"na","name":"","ref":"","surface":"","sc":"unknown","speed":null,"lit":"unk","km":0.019}},
{"type":"Feature","geometry":{"type":"LineString","coordinates":[[-13.17654,8.40665],[-13.17652,8.40677],[-13.17649,8.40683],[-13.17642,8.40695],[-13.17641,8.40698],[-13.17642,8.40702],[-13.17649,8.40714]]},"properties":{"id":946212680,"cls":"service","hw":"service","tg":"na","name":"","ref":"","surface":"","sc":"unknown","speed":null,"lit":"unk","km":0.06}},
{"type":"Feature","geometry":{"type":"LineString","coordinates":[[-13.17545,8.40788],[-13.17554,8.40756],[-13.17562,8.40716],[-13.17563,8.40712],[-13.17567,8.40707],[-13.17578,8.407],[-13.17599,8.40694],[-13.17615,8.40688],[-13.17643,8.40666],[-13.17649,8.40665],[-13.17654,8.40665],[-13.17659,8.40669],[-13.17665,8.40677],[-13.17674,8.40691]]},"properties":{"id":946212681,"cls":"service","hw":"service","tg":"na","name":"","ref":"","surface":"","sc":"unknown","speed":null,"lit":"unk","km":0.239}},
{"type":"Feature","geometry":{"type":"LineString","coordinates":[[-13.17544,8.40809],[-13.17545,8.40788]]},"properties":{"id":946212682,"cls":"service","hw":"service","tg":"na","name":"","ref":"","surface":"","sc":"unknown","speed":null,"lit":"unk","km":0.023}},
{"type":"Feature","geometry":{"type":"LineString","coordinates":[[-13.17522,8.40787],[-13.17545,8.40788]]},"properties":{"id":946212683,"cls":"service","hw":"service","tg":"na","name":"","ref":"","surface":"","sc":"unknown","speed":null,"lit":"unk","km":0.025}},
{"type":"Feature","geometry":{"type":"LineString","coordinates":[[-10.83624,8.14849],[-10.83646,8.14826],[-10.83655,8.14817],[-10.83663,8.14809],[-10.83674,8.14802],[-10.83687,8.14793],[-10.83693,8.14788],[-10.83698,8.14782],[-10.83705,8.14768],[-10.83714,8.14756],[-10.83719,8.14751],[-10.83727,8.14745],[-10.83741,8.14738],[-10.83745,8.14736],[-10.83751,8.14731],[-10.83759,8.14727],[-10.8377,8.14722],[-10.83783,8.14718],[-10.83793,8.14714],[-10.83798,8.14709],[-10.83805,8.14701],[-10.83823,8.1468]]},"properties":{"id":946225282,"cls":"service","hw":"service","tg":"na","name":"","ref":"","surface":"","sc":"unknown","speed":null,"lit":"unk","km":0.295}},
{"type":"Feature","geometry":{"type":"LineString","coordinates":[[-13.16826,8.40211],[-13.16806,8.40241],[-13.16784,8.40275]]},"properties":{"id":946372312,"cls":"service","hw":"service","tg":"na","name":"","ref":"","surface":"","sc":"unknown","speed":null,"lit":"unk","km":0.085}},
{"type":"Feature","geometry":{"type":"LineString","coordinates":[[-13.23702,8.38325],[-13.23719,8.38341],[-13.2373,8.38358],[-13.23743,8.38376],[-13.23758,8.38402]]},"properties":{"id":946407379,"cls":"service","hw":"service","tg":"na","name":"","ref":"","surface":"","sc":"unknown","speed":null,"lit":"unk","km":0.106}},
{"type":"Feature","geometry":{"type":"LineString","coordinates":[[-11.8429,8.74507],[-11.84258,8.74479],[-11.84228,8.74451],[-11.842,8.74421],[-11.84184,8.74403],[-11.84175,8.74393],[-11.84165,8.74389],[-11.8414,8.74376],[-11.84109,8.74366],[-11.84098,8.74354],[-11.84083,8.74335],[-11.84069,8.74306],[-11.8406,8.74277],[-11.83995,8.74226],[-11.83963,8.74228],[-11.83903,8.74211]]},"properties":{"id":972083714,"cls":"service","hw":"service","tg":"na","name":"","ref":"","surface":"","sc":"unknown","speed":null,"lit":"unk","km":0.567}},
{"type":"Feature","geometry":{"type":"LineString","coordinates":[[-11.83995,8.74226],[-11.83984,8.74215],[-11.83975,8.742],[-11.83966,8.74187],[-11.83953,8.74167],[-11.83932,8.74141],[-11.83913,8.74129],[-11.83901,8.7411],[-11.83891,8.74091],[-11.83886,8.74081],[-11.8387,8.74076],[-11.83807,8.74107],[-11.83802,8.74124],[-11.83787,8.74133],[-11.83768,8.74139]]},"properties":{"id":972083715,"cls":"service","hw":"service","tg":"na","name":"","ref":"","surface":"","sc":"unknown","speed":null,"lit":"unk","km":0.36}},
{"type":"Feature","geometry":{"type":"LineString","coordinates":[[-10.75781,8.00308],[-10.75696,8.00264]]},"properties":{"id":980410428,"cls":"service","hw":"service","tg":"na","name":"","ref":"","surface":"unpaved","sc":"unpaved","speed":null,"lit":"unk","km":0.106}},
{"type":"Feature","geometry":{"type":"LineString","coordinates":[[-11.76232,9.0316],[-11.76276,9.03203],[-11.76302,9.03237],[-11.76318,9.0326],[-11.76328,9.03284],[-11.76395,9.03351],[-11.76408,9.03365]]},"properties":{"id":993087191,"cls":"service","hw":"service","tg":"na","name":"","ref":"","surface":"","sc":"unknown","speed":null,"lit":"unk","km":0.301}},
{"type":"Feature","geometry":{"type":"LineString","coordinates":[[-11.76529,9.03412],[-11.76471,9.03345],[-11.76464,9.03339],[-11.76438,9.03363],[-11.7642,9.03379]]},"properties":{"id":993087192,"cls":"service","hw":"service","tg":"na","name":"","ref":"","surface":"","sc":"unknown","speed":null,"lit":"unk","km":0.174}},
{"type":"Feature","geometry":{"type":"LineString","coordinates":[[-11.76425,9.03384],[-11.76368,9.03429]]},"properties":{"id":993087193,"cls":"service","hw":"service","tg":"na","name":"","ref":"","surface":"","sc":"unknown","speed":null,"lit":"unk","km":0.08}},
{"type":"Feature","geometry":{"type":"LineString","coordinates":[[-10.85227,8.17273],[-10.85256,8.17357]]},"properties":{"id":993200697,"cls":"service","hw":"service","tg":"na","name":"","ref":"","surface":"unpaved","sc":"unpaved","speed":null,"lit":"unk","km":0.099}},
{"type":"Feature","geometry":{"type":"LineString","coordinates":[[-10.8516,8.17188],[-10.8516,8.17194],[-10.85163,8.17301],[-10.85158,8.1731],[-10.8515,8.17321],[-10.85164,8.17337],[-10.85166,8.1735],[-10.85164,8.17372]]},"properties":{"id":993200698,"cls":"service","hw":"service","tg":"na","name":"","ref":"","surface":"unpaved","sc":"unpaved","speed":null,"lit":"unk","km":0.215}},
{"type":"Feature","geometry":{"type":"LineString","coordinates":[[-10.967,8.63091],[-10.9664,8.63069],[-10.96627,8.63064],[-10.96566,8.63037],[-10.96526,8.63026],[-10.96483,8.63016],[-10.96464,8.63012],[-10.96438,8.63006],[-10.96371,8.63004]]},"properties":{"id":998804684,"cls":"service","hw":"service","tg":"na","name":"","ref":"","surface":"","sc":"unknown","speed":null,"lit":"unk","km":0.378}},
{"type":"Feature","geometry":{"type":"LineString","coordinates":[[-10.96896,8.63155],[-10.9692,8.63148],[-10.96923,8.63062],[-10.96929,8.63044],[-10.96944,8.63012],[-10.96968,8.62965],[-10.96969,8.62955],[-10.96968,8.62944],[-10.96963,8.6293],[-10.96948,8.62912],[-10.96887,8.62852],[-10.96805,8.62783],[-10.96794,8.62774],[-10.96785,8.62767],[-10.96778,8.62761],[-10.96755,8.62741],[-10.96716,8.62709],[-10.9665,8.62651]]},"properties":{"id":998804685,"cls":"service","hw":"service","tg":"na","name":"","ref":"","surface":"unpaved","sc":"unpaved","speed":null,"lit":"unk","km":0.746}},
{"type":"Feature","geometry":{"type":"LineString","coordinates":[[-10.97431,8.63036],[-10.97452,8.63057],[-10.97464,8.63087],[-10.97465,8.63099],[-10.97465,8.63116],[-10.97466,8.63137],[-10.97462,8.63166],[-10.97449,8.63198],[-10.97439,8.63229],[-10.97425,8.63274],[-10.97421,8.63292],[-10.97418,8.63307],[-10.97435,8.63353],[-10.97436,8.63366],[-10.97405,8.6337],[-10.97367,8.63375],[-10.9731,8.63385],[-10.97243,8.63394],[-10.97207,8.63396],[-10.97177,8.63401],[-10.97147,8.63406],[-10.97129,8.63398],[-10.97115,8.63383]]},"properties":{"id":998804686,"cls":"service","hw":"service","tg":"na","name":"","ref":"","surface":"unpaved","sc":"unpaved","speed":null,"lit":"unk","km":0.756}},
{"type":"Feature","geometry":{"type":"LineString","coordinates":[[-13.00018,8.32795],[-13.00011,8.32802],[-12.99991,8.32816],[-12.99977,8.32831],[-12.99959,8.32848],[-12.99938,8.32866],[-12.99932,8.32871],[-12.99931,8.32874],[-12.9993,8.32877],[-12.9993,8.3288],[-12.99931,8.32882],[-12.99945,8.3289],[-12.99962,8.32892],[-12.99973,8.32896],[-12.99981,8.32902]]},"properties":{"id":1001249102,"cls":"service","hw":"service","tg":"na","name":"","ref":"","surface":"","sc":"unknown","speed":null,"lit":"unk","km":0.201}},
{"type":"Feature","geometry":{"type":"LineString","coordinates":[[-13.01937,8.33641],[-13.01949,8.33643]]},"properties":{"id":1001250150,"cls":"service","hw":"service","tg":"na","name":"","ref":"","surface":"","sc":"unknown","speed":null,"lit":"unk","km":0.013}},
{"type":"Feature","geometry":{"type":"LineString","coordinates":[[-13.02581,8.32486],[-13.02572,8.32493],[-13.02565,8.32498],[-13.02559,8.32504],[-13.02553,8.32513],[-13.02549,8.32516],[-13.02543,8.32517],[-13.02531,8.3252],[-13.02524,8.32524],[-13.0252,8.32527],[-13.02511,8.32531]]},"properties":{"id":1001251077,"cls":"service","hw":"service","tg":"na","name":"","ref":"","surface":"","sc":"unknown","speed":null,"lit":"unk","km":0.095}},
{"type":"Feature","geometry":{"type":"LineString","coordinates":[[-13.13214,8.39326],[-13.13212,8.39299],[-13.13212,8.39287],[-13.13214,8.39273],[-13.13216,8.3925],[-13.1322,8.39225],[-13.13223,8.39212],[-13.13229,8.39198],[-13.13237,8.39186],[-13.13277,8.39154],[-13.13293,8.39139],[-13.13304,8.39121]]},"properties":{"id":1001263028,"cls":"service","hw":"service","tg":"na","name":"","ref":"","surface":"","sc":"unknown","speed":null,"lit":"unk","km":0.265}},
{"type":"Feature","geometry":{"type":"LineString","coordinates":[[-10.96716,8.63086],[-10.96706,8.63044],[-10.96712,8.62997],[-10.96735,8.62955],[-10.96755,8.62896],[-10.9678,8.62848],[-10.96805,8.62783]]},"properties":{"id":1001524182,"cls":"service","hw":"service","tg":"na","name":"","ref":"","surface":"","sc":"unknown","speed":null,"lit":"unk","km":0.36}},
{"type":"Feature","geometry":{"type":"LineString","coordinates":[[-12.99967,8.32273],[-12.99959,8.32276],[-12.99941,8.32287],[-12.99926,8.32296],[-12.99914,8.32304],[-12.99903,8.32316],[-12.99881,8.32328],[-12.9986,8.32338],[-12.99857,8.3234]]},"properties":{"id":1001894368,"cls":"service","hw":"service","tg":"na","name":"","ref":"","surface":"","sc":"unknown","speed":null,"lit":"unk","km":0.143}},
{"type":"Feature","geometry":{"type":"LineString","coordinates":[[-13.00013,8.32318],[-13.00003,8.32316],[-12.99984,8.32305],[-12.99974,8.32299],[-12.99967,8.32273],[-12.99958,8.32264],[-12.99945,8.32257],[-12.99935,8.32243],[-12.99921,8.32232],[-12.99893,8.32216],[-12.99849,8.32203],[-12.99832,8.322],[-12.9982,8.32192]]},"properties":{"id":1001894369,"cls":"service","hw":"service","tg":"na","name":"","ref":"","surface":"","sc":"unknown","speed":null,"lit":"unk","km":0.268}},
{"type":"Feature","geometry":{"type":"LineString","coordinates":[[-13.24673,8.48419],[-13.24676,8.4843]]},"properties":{"id":1002867602,"cls":"service","hw":"service","tg":"na","name":"","ref":"","surface":"","sc":"unknown","speed":null,"lit":"unk","km":0.013}},
{"type":"Feature","geometry":{"type":"LineString","coordinates":[[-13.24672,8.48413],[-13.24673,8.48419]]},"properties":{"id":1002867603,"cls":"service","hw":"service","tg":"na","name":"","ref":"","surface":"","sc":"unknown","speed":null,"lit":"unk","km":0.007}},
{"type":"Feature","geometry":{"type":"LineString","coordinates":[[-13.24676,8.4843],[-13.24677,8.48431],[-13.24678,8.48437]]},"properties":{"id":1002867604,"cls":"service","hw":"service","tg":"na","name":"","ref":"","surface":"","sc":"unknown","speed":null,"lit":"unk","km":0.008}},
{"type":"Feature","geometry":{"type":"LineString","coordinates":[[-11.74856,7.9503],[-11.74862,7.95036],[-11.74867,7.95039],[-11.74877,7.95045],[-11.74884,7.95049],[-11.74889,7.95053],[-11.74902,7.95064]]},"properties":{"id":1002962959,"cls":"service","hw":"service","tg":"na","name":"","ref":"","surface":"","sc":"unknown","speed":null,"lit":"unk","km":0.064}},
{"type":"Feature","geometry":{"type":"LineString","coordinates":[[-13.23887,8.48896],[-13.23856,8.48897],[-13.23829,8.48901],[-13.23814,8.48902],[-13.23809,8.48904],[-13.23803,8.489],[-13.23798,8.48899],[-13.23786,8.48883],[-13.2378,8.48877]]},"properties":{"id":1002990167,"cls":"service","hw":"service","tg":"na","name":"","ref":"","surface":"","sc":"unknown","speed":null,"lit":"unk","km":0.132}},
{"type":"Feature","geometry":{"type":"LineString","coordinates":[[-13.23799,8.48863],[-13.23806,8.48867],[-13.23803,8.48873]]},"properties":{"id":1002990168,"cls":"service","hw":"service","tg":"na","name":"","ref":"","surface":"","sc":"unknown","speed":null,"lit":"unk","km":0.016}},
{"type":"Feature","geometry":{"type":"LineString","coordinates":[[-13.13385,8.39045],[-13.13368,8.39063],[-13.13343,8.39083]]},"properties":{"id":1009818773,"cls":"service","hw":"service","tg":"na","name":"","ref":"","surface":"","sc":"unknown","speed":null,"lit":"unk","km":0.063}},
{"type":"Feature","geometry":{"type":"LineString","coordinates":[[-11.04615,8.61311],[-11.04611,8.61302],[-11.04599,8.61263],[-11.04591,8.61239],[-11.04579,8.61219],[-11.04566,8.6121],[-11.04542,8.61201]]},"properties":{"id":1009846501,"cls":"service","hw":"service","tg":"na","name":"","ref":"","surface":"","sc":"unknown","speed":null,"lit":"unk","km":0.156}},
{"type":"Feature","geometry":{"type":"LineString","coordinates":[[-11.04983,8.61741],[-11.04937,8.61738]]},"properties":{"id":1009846502,"cls":"service","hw":"service","tg":"na","name":"","ref":"","surface":"","sc":"unknown","speed":null,"lit":"unk","km":0.051}},
{"type":"Feature","geometry":{"type":"LineString","coordinates":[[-11.05136,8.61988],[-11.05159,8.6197],[-11.0517,8.61957],[-11.05173,8.61943],[-11.05171,8.61921],[-11.05087,8.61838]]},"properties":{"id":1009846503,"cls":"service","hw":"service","tg":"na","name":"","ref":"","surface":"","sc":"unknown","speed":null,"lit":"unk","km":0.222}},
{"type":"Feature","geometry":{"type":"LineString","coordinates":[[-11.17241,7.90019],[-11.17242,7.89967],[-11.17248,7.89946],[-11.17256,7.89926],[-11.17271,7.89901],[-11.17281,7.89878],[-11.17286,7.89861],[-11.1729,7.89846],[-11.17315,7.89801]]},"properties":{"id":1009851076,"cls":"service","hw":"service","tg":"na","name":"","ref":"","surface":"unpaved","sc":"unpaved","speed":null,"lit":"unk","km":0.26}},
{"type":"Feature","geometry":{"type":"LineString","coordinates":[[-11.17076,7.90296],[-11.17066,7.90287],[-11.17059,7.90281]]},"properties":{"id":1009856384,"cls":"service","hw":"service","tg":"na","name":"","ref":"","surface":"","sc":"unknown","speed":null,"lit":"unk","km":0.025}},
{"type":"Feature","geometry":{"type":"LineString","coordinates":[[-11.17059,7.90281],[-11.17044,7.90271]]},"properties":{"id":1009856385,"cls":"service","hw":"service","tg":"na","name":"","ref":"","surface":"","sc":"unknown","speed":null,"lit":"unk","km":0.02}},
{"type":"Feature","geometry":{"type":"LineString","coordinates":[[-11.17073,7.90211],[-11.17079,7.90172],[-11.1708,7.90152],[-11.17081,7.90147],[-11.17084,7.9014],[-11.17098,7.90117]]},"properties":{"id":1009856386,"cls":"service","hw":"service","tg":"na","name":"","ref":"","surface":"","sc":"unknown","speed":null,"lit":"unk","km":0.11}},
{"type":"Feature","geometry":{"type":"LineString","coordinates":[[-11.17271,7.89814],[-11.17254,7.89819],[-11.17197,7.89834]]},"properties":{"id":1009856391,"cls":"service","hw":"service","tg":"na","name":"","ref":"","surface":"unpaved","sc":"unpaved","speed":null,"lit":"unk","km":0.084}},
{"type":"Feature","geometry":{"type":"LineString","coordinates":[[-11.17333,7.89842],[-11.1733,7.89861]]},"properties":{"id":1009856392,"cls":"service","hw":"service","tg":"na","name":"","ref":"","surface":"","sc":"unknown","speed":null,"lit":"unk","km":0.021}},
{"type":"Feature","geometry":{"type":"LineString","coordinates":[[-11.175,7.89763],[-11.17511,7.89769],[-11.17526,7.89778],[-11.17537,7.89785],[-11.1755,7.89792],[-11.17571,7.89797]]},"properties":{"id":1009856393,"cls":"service","hw":"service","tg":"na","name":"Burma 2 Road","ref":"","surface":"unpaved","sc":"unpaved","speed":null,"lit":"unk","km":0.088}},
{"type":"Feature","geometry":{"type":"LineString","coordinates":[[-11.17241,7.90019],[-11.17261,7.90039]]},"properties":{"id":1009856394,"cls":"service","hw":"service","tg":"na","name":"","ref":"","surface":"unpaved","sc":"unpaved","speed":null,"lit":"unk","km":0.031}},
{"type":"Feature","geometry":{"type":"LineString","coordinates":[[-11.76354,7.93956],[-11.76352,7.93971]]},"properties":{"id":1009881703,"cls":"service","hw":"service","tg":"na","name":"","ref":"","surface":"","sc":"unknown","speed":null,"lit":"unk","km":0.017}},
{"type":"Feature","geometry":{"type":"LineString","coordinates":[[-11.75812,7.9502],[-11.75808,7.95066],[-11.75813,7.95077]]},"properties":{"id":1009881708,"cls":"service","hw":"service","tg":"na","name":"","ref":"","surface":"","sc":"unknown","speed":null,"lit":"unk","km":0.065}},
{"type":"Feature","geometry":{"type":"LineString","coordinates":[[-11.17329,7.89638],[-11.17315,7.89617]]},"properties":{"id":1009884966,"cls":"service","hw":"service","tg":"na","name":"","ref":"","surface":"","sc":"unknown","speed":null,"lit":"unk","km":0.028}},
{"type":"Feature","geometry":{"type":"LineString","coordinates":[[-11.17231,7.89791],[-11.17223,7.8979],[-11.17213,7.89788],[-11.17194,7.8978],[-11.17188,7.89777]]},"properties":{"id":1009884967,"cls":"service","hw":"service","tg":"na","name":"","ref":"","surface":"unpaved","sc":"unpaved","speed":null,"lit":"unk","km":0.05}},
{"type":"Feature","geometry":{"type":"LineString","coordinates":[[-11.17059,7.90281],[-11.17066,7.90252],[-11.1707,7.90225],[-11.17073,7.90211]]},"properties":{"id":1009884969,"cls":"service","hw":"service","tg":"na","name":"","ref":"","surface":"","sc":"unknown","speed":null,"lit":"unk","km":0.079}},
{"type":"Feature","geometry":{"type":"LineString","coordinates":[[-11.1733,7.89861],[-11.17337,7.89871]]},"properties":{"id":1009884970,"cls":"service","hw":"service","tg":"na","name":"","ref":"","surface":"","sc":"unknown","speed":null,"lit":"unk","km":0.014}},
{"type":"Feature","geometry":{"type":"LineString","coordinates":[[-11.17473,7.8975],[-11.175,7.89763]]},"properties":{"id":1009884971,"cls":"service","hw":"service","tg":"na","name":"Burma 2 Road","ref":"","surface":"unpaved","sc":"unpaved","speed":null,"lit":"unk","km":0.033}},
{"type":"Feature","geometry":{"type":"LineString","coordinates":[[-11.17642,7.89413],[-11.17646,7.89412],[-11.1765,7.89411],[-11.17656,7.89409],[-11.17661,7.89408]]},"properties":{"id":1009884973,"cls":"service","hw":"service","tg":"na","name":"","ref":"","surface":"unpaved","sc":"unpaved","speed":null,"lit":"unk","km":0.022}},
{"type":"Feature","geometry":{"type":"LineString","coordinates":[[-11.04914,8.62012],[-11.04935,8.61971],[-11.04943,8.61959],[-11.04961,8.61941],[-11.04989,8.61915],[-11.05046,8.61871],[-11.05076,8.61848]]},"properties":{"id":1010122244,"cls":"service","hw":"service","tg":"na","name":"","ref":"","surface":"","sc":"unknown","speed":null,"lit":"unk","km":0.259}},
{"type":"Feature","geometry":{"type":"LineString","coordinates":[[-13.27619,8.42185],[-13.27652,8.4223],[-13.27642,8.42236],[-13.27639,8.42238],[-13.27627,8.42219]]},"properties":{"id":1010188634,"cls":"service","hw":"service","tg":"na","name":"","ref":"","surface":"","sc":"unknown","speed":null,"lit":"unk","km":0.104}},
{"type":"Feature","geometry":{"type":"LineString","coordinates":[[-13.27648,8.42244],[-13.27642,8.42236]]},"properties":{"id":1010188635,"cls":"service","hw":"service","tg":"na","name":"","ref":"","surface":"","sc":"unknown","speed":null,"lit":"unk","km":0.011}},
{"type":"Feature","geometry":{"type":"LineString","coordinates":[[-13.20214,8.61508],[-13.20216,8.61497],[-13.20216,8.61489],[-13.20215,8.61484],[-13.20206,8.61478],[-13.20164,8.61467]]},"properties":{"id":1010198206,"cls":"service","hw":"service","tg":"na","name":"","ref":"","surface":"","sc":"unknown","speed":null,"lit":"unk","km":0.087}},
{"type":"Feature","geometry":{"type":"LineString","coordinates":[[-13.20654,8.61625],[-13.20643,8.61642]]},"properties":{"id":1010198207,"cls":"service","hw":"service","tg":"na","name":"","ref":"","surface":"","sc":"unknown","speed":null,"lit":"unk","km":0.022}},
{"type":"Feature","geometry":{"type":"LineString","coordinates":[[-13.20643,8.61642],[-13.20631,8.61657],[-13.20601,8.61691]]},"properties":{"id":1010198208,"cls":"service","hw":"service","tg":"na","name":"","ref":"","surface":"","sc":"unknown","speed":null,"lit":"unk","km":0.071}},
{"type":"Feature","geometry":{"type":"LineString","coordinates":[[-13.20366,8.61582],[-13.20365,8.61588],[-13.20363,8.61592],[-13.20356,8.61595],[-13.20345,8.61596],[-13.20308,8.61584]]},"properties":{"id":1010198209,"cls":"service","hw":"service","tg":"na","name":"","ref":"","surface":"","sc":"unknown","speed":null,"lit":"unk","km":0.075}},
{"type":"Feature","geometry":{"type":"LineString","coordinates":[[-13.20346,8.61576],[-13.20379,8.61482]]},"properties":{"id":1010198210,"cls":"service","hw":"service","tg":"na","name":"","ref":"","surface":"","sc":"unknown","speed":null,"lit":"unk","km":0.111}},
{"type":"Feature","geometry":{"type":"LineString","coordinates":[[-10.84586,8.18755],[-10.84574,8.18755],[-10.84571,8.18756],[-10.84568,8.18758],[-10.84565,8.18759],[-10.84562,8.1876],[-10.84549,8.18761]]},"properties":{"id":1014993699,"cls":"service","hw":"service","tg":"na","name":"","ref":"","surface":"","sc":"unknown","speed":null,"lit":"unk","km":0.042}},
{"type":"Feature","geometry":{"type":"LineString","coordinates":[[-10.8466,8.17685],[-10.84649,8.1764]]},"properties":{"id":1014998580,"cls":"service","hw":"service","tg":"na","name":"","ref":"","surface":"","sc":"unknown","speed":null,"lit":"unk","km":0.051}},
{"type":"Feature","geometry":{"type":"LineString","coordinates":[[-10.92295,8.03134],[-10.92309,8.03182]]},"properties":{"id":1019947003,"cls":"service","hw":"service","tg":"na","name":"","ref":"","surface":"","sc":"unknown","speed":null,"lit":"unk","km":0.056}},
{"type":"Feature","geometry":{"type":"LineString","coordinates":[[-10.81287,7.75844],[-10.81277,7.75856]]},"properties":{"id":1020185949,"cls":"service","hw":"service","tg":"na","name":"","ref":"","surface":"","sc":"unknown","speed":null,"lit":"unk","km":0.017}},
{"type":"Feature","geometry":{"type":"LineString","coordinates":[[-10.82053,7.77593],[-10.82034,7.77581]]},"properties":{"id":1020185951,"cls":"service","hw":"service","tg":"na","name":"","ref":"","surface":"","sc":"unknown","speed":null,"lit":"unk","km":0.025}},
{"type":"Feature","geometry":{"type":"LineString","coordinates":[[-10.30392,8.20852],[-10.30321,8.20836]]},"properties":{"id":1020444317,"cls":"service","hw":"service","tg":"na","name":"","ref":"","surface":"","sc":"unknown","speed":null,"lit":"unk","km":0.08}},
{"type":"Feature","geometry":{"type":"LineString","coordinates":[[-13.231,8.44634],[-13.23097,8.44641]]},"properties":{"id":1028870629,"cls":"service","hw":"service","tg":"na","name":"","ref":"","surface":"","sc":"unknown","speed":null,"lit":"unk","km":0.008}},
{"type":"Feature","geometry":{"type":"LineString","coordinates":[[-13.23106,8.44643],[-13.23108,8.44636]]},"properties":{"id":1028870630,"cls":"service","hw":"service","tg":"na","name":"","ref":"","surface":"","sc":"unknown","speed":null,"lit":"unk","km":0.008}},
{"type":"Feature","geometry":{"type":"LineString","coordinates":[[-11.30848,7.30373],[-11.30843,7.30339]]},"properties":{"id":1051107971,"cls":"service","hw":"service","tg":"na","name":"","ref":"","surface":"","sc":"unknown","speed":null,"lit":"unk","km":0.038}},
{"type":"Feature","geometry":{"type":"LineString","coordinates":[[-11.30771,7.30382],[-11.30767,7.30348]]},"properties":{"id":1051107972,"cls":"service","hw":"service","tg":"na","name":"","ref":"","surface":"","sc":"unknown","speed":null,"lit":"unk","km":0.038}},
{"type":"Feature","geometry":{"type":"LineString","coordinates":[[-11.30802,7.30378],[-11.30797,7.30345]]},"properties":{"id":1051107973,"cls":"service","hw":"service","tg":"na","name":"","ref":"","surface":"","sc":"unknown","speed":null,"lit":"unk","km":0.037}},
{"type":"Feature","geometry":{"type":"LineString","coordinates":[[-11.30863,7.30371],[-11.30848,7.30373],[-11.30802,7.30378],[-11.30771,7.30382],[-11.30741,7.30385]]},"properties":{"id":1051107974,"cls":"service","hw":"service","tg":"na","name":"","ref":"","surface":"","sc":"unknown","speed":null,"lit":"unk","km":0.135}},
{"type":"Feature","geometry":{"type":"LineString","coordinates":[[-11.30871,7.30335],[-11.30843,7.30339],[-11.30811,7.30343],[-11.30797,7.30345],[-11.30767,7.30348],[-11.30729,7.30353]]},"properties":{"id":1051107975,"cls":"service","hw":"service","tg":"na","name":"","ref":"","surface":"","sc":"unknown","speed":null,"lit":"unk","km":0.158}},
{"type":"Feature","geometry":{"type":"LineString","coordinates":[[-11.30813,7.30215],[-11.30807,7.30324],[-11.30811,7.30343]]},"properties":{"id":1051107976,"cls":"service","hw":"service","tg":"na","name":"","ref":"","surface":"","sc":"unknown","speed":null,"lit":"unk","km":0.143}},
{"type":"Feature","geometry":{"type":"LineString","coordinates":[[-11.30711,7.30215],[-11.30813,7.30215],[-11.30838,7.30215]]},"properties":{"id":1051107977,"cls":"service","hw":"service","tg":"na","name":"","ref":"","surface":"","sc":"unknown","speed":null,"lit":"unk","km":0.14}},
{"type":"Feature","geometry":{"type":"LineString","coordinates":[[-11.30805,7.31285],[-11.30763,7.313],[-11.30746,7.31312],[-11.30735,7.31316],[-11.30732,7.31322],[-11.30737,7.31338]]},"properties":{"id":1051107978,"cls":"service","hw":"service","tg":"na","name":"","ref":"","surface":"unpaved","sc":"unpaved","speed":null,"lit":"unk","km":0.111}},
{"type":"Feature","geometry":{"type":"LineString","coordinates":[[-11.30805,7.31285],[-11.30809,7.31299],[-11.30817,7.31306],[-11.30821,7.31316]]},"properties":{"id":1051107979,"cls":"service","hw":"service","tg":"na","name":"","ref":"","surface":"","sc":"unknown","speed":null,"lit":"unk","km":0.04}},
{"type":"Feature","geometry":{"type":"LineString","coordinates":[[-11.31188,7.31229],[-11.31203,7.31271],[-11.31214,7.31304],[-11.31246,7.31396],[-11.31253,7.31413]]},"properties":{"id":1051107982,"cls":"service","hw":"service","tg":"na","name":"","ref":"","surface":"","sc":"unknown","speed":null,"lit":"unk","km":0.217}},
{"type":"Feature","geometry":{"type":"LineString","coordinates":[[-11.30427,7.31495],[-11.30477,7.31476],[-11.30468,7.31446],[-11.30471,7.31443]]},"properties":{"id":1051107983,"cls":"service","hw":"service","tg":"na","name":"","ref":"","surface":"","sc":"unknown","speed":null,"lit":"unk","km":0.099}},
{"type":"Feature","geometry":{"type":"LineString","coordinates":[[-11.34647,7.33256],[-11.34634,7.33328],[-11.34639,7.33416],[-11.34621,7.33535],[-11.34634,7.33566]]},"properties":{"id":1051107984,"cls":"service","hw":"service","tg":"na","name":"","ref":"","surface":"","sc":"unknown","speed":null,"lit":"unk","km":0.35}},
{"type":"Feature","geometry":{"type":"LineString","coordinates":[[-11.40474,7.09346],[-11.40496,7.09355],[-11.40545,7.0937],[-11.40602,7.0938],[-11.40621,7.09387],[-11.40644,7.09404],[-11.40658,7.094],[-11.40674,7.09399],[-11.40701,7.09401],[-11.40742,7.09424]]},"properties":{"id":1052226345,"cls":"service","hw":"service","tg":"na","name":"","ref":"","surface":"unpaved","sc":"unpaved","speed":null,"lit":"unk","km":0.316}},
{"type":"Feature","geometry":{"type":"LineString","coordinates":[[-10.9975,8.64652],[-10.99751,8.64673],[-10.99749,8.64686],[-10.99735,8.64712],[-10.9972,8.64735],[-10.99711,8.64753],[-10.9972,8.64766],[-10.99738,8.6477],[-10.99744,8.64766]]},"properties":{"id":1071047681,"cls":"service","hw":"service","tg":"na","name":"","ref":"","surface":"","sc":"unknown","speed":null,"lit":"unk","km":0.169}},
{"type":"Feature","geometry":{"type":"LineString","coordinates":[[-10.96463,8.62018],[-10.96483,8.61984],[-10.96512,8.61935],[-10.96531,8.61892],[-10.96569,8.61841],[-10.96601,8.61833],[-10.96689,8.61832],[-10.96825,8.6183],[-10.96868,8.61828],[-10.96989,8.61831],[-10.9712,8.61833],[-10.97141,8.61825],[-10.97163,8.61815],[-10.97202,8.61796],[-10.97242,8.61779],[-10.97266,8.61779],[-10.97377,8.61776],[-10.97459,8.61779],[-10.97489,8.61786],[-10.97544,8.61806],[-10.9768,8.61878],[-10.97832,8.61947],[-10.97868,8.61966],[-10.97877,8.61985],[-10.97875,8.6209],[-10.97883,8.62288],[-10.97883,8.62308],[-10.97883,8.62345],[-10.97878,8.62367],[-10.97865,8.62416],[-10.97854,8.62485],[-10.97844,8.62549],[-10.97839,8.62575],[-10.97834,8.62595],[-10.97835,8.62609],[-10.97842,8.62626],[-10.97848,8.62631],[-10.97854,8.62636],[-10.97865,8.6265],[-10.97871,8.62657],[-10.97875,8.62662],[-10.97879,8.62667],[-10.97886,8.62676],[-10.97895,8.62691],[-10.97913,8.62721],[-10.9792,8.62734],[-10.97925,8.62744],[-10.97928,8.62754],[-10.97929,8.62766],[-10.97915,8.62792],[-10.97897,8.62814],[-10.97879,8.62833],[-10.97832,8.62879],[-10.97822,8.62891],[-10.97813,8.62907],[-10.97806,8.62925],[-10.97801,8.62937],[-10.97799,8.62945]]},"properties":{"id":1073193988,"cls":"service","hw":"service","tg":"na","name":"","ref":"","surface":"paved","sc":"paved","speed":null,"lit":"unk","km":2.897}},
{"type":"Feature","geometry":{"type":"LineString","coordinates":[[-10.9754,8.62672],[-10.97545,8.62669],[-10.97556,8.62672],[-10.97562,8.6267],[-10.9757,8.62662],[-10.97575,8.62655],[-10.97579,8.62652],[-10.97587,8.62657],[-10.97591,8.62654],[-10.97595,8.6265],[-10.97598,8.62639]]},"properties":{"id":1073415873,"cls":"service","hw":"service","tg":"na","name":"","ref":"","surface":"","sc":"unknown","speed":null,"lit":"unk","km":0.088}},
{"type":"Feature","geometry":{"type":"LineString","coordinates":[[-10.97544,8.62678],[-10.9754,8.62672],[-10.9753,8.6265]]},"properties":{"id":1073415874,"cls":"service","hw":"service","tg":"na","name":"","ref":"","surface":"","sc":"unknown","speed":null,"lit":"unk","km":0.035}},
{"type":"Feature","geometry":{"type":"LineString","coordinates":[[-10.97544,8.62678],[-10.97541,8.6268],[-10.97537,8.62685],[-10.97536,8.62691],[-10.97539,8.62695],[-10.97549,8.62703],[-10.97554,8.62707],[-10.97557,8.62706],[-10.97563,8.62703],[-10.97563,8.62699],[-10.97558,8.62693],[-10.97551,8.62685],[-10.97544,8.62678]]},"properties":{"id":1073415875,"cls":"service","hw":"service","tg":"na","name":"","ref":"","surface":"","sc":"unknown","speed":null,"lit":"unk","km":0.091}},
{"type":"Feature","geometry":{"type":"LineString","coordinates":[[-10.97557,8.626],[-10.9757,8.62619],[-10.9759,8.62634],[-10.97598,8.62639],[-10.97609,8.62647],[-10.97627,8.62665],[-10.97636,8.62673],[-10.97642,8.62673],[-10.97647,8.62668],[-10.97645,8.62659],[-10.9764,8.62649],[-10.97632,8.62645],[-10.97628,8.62643],[-10.97617,8.6263],[-10.97603,8.62617],[-10.97591,8.62613],[-10.97579,8.62608],[-10.97575,8.62602]]},"properties":{"id":1073415876,"cls":"service","hw":"service","tg":"na","name":"","ref":"","surface":"","sc":"unknown","speed":null,"lit":"unk","km":0.248}},
{"type":"Feature","geometry":{"type":"LineString","coordinates":[[-10.97648,8.62608],[-10.97655,8.62618],[-10.97671,8.62637],[-10.97683,8.62664],[-10.97686,8.62687]]},"properties":{"id":1073415877,"cls":"service","hw":"service","tg":"na","name":"","ref":"","surface":"","sc":"unknown","speed":null,"lit":"unk","km":0.1}},
{"type":"Feature","geometry":{"type":"LineString","coordinates":[[-10.9796,8.62785],[-10.98018,8.62765],[-10.98082,8.62745]]},"properties":{"id":1073416148,"cls":"service","hw":"service","tg":"na","name":"","ref":"","surface":"","sc":"unknown","speed":null,"lit":"unk","km":0.141}},
{"type":"Feature","geometry":{"type":"LineString","coordinates":[[-10.97806,8.62619],[-10.97812,8.62636],[-10.97819,8.62655],[-10.97819,8.62671],[-10.97815,8.6269],[-10.97806,8.62703],[-10.97805,8.62712],[-10.97808,8.62717],[-10.97818,8.62724],[-10.97835,8.62734],[-10.97846,8.62738],[-10.97867,8.62738],[-10.97888,8.62734],[-10.97903,8.62726],[-10.97913,8.62721]]},"properties":{"id":1073416149,"cls":"service","hw":"service","tg":"na","name":"","ref":"","surface":"","sc":"unknown","speed":null,"lit":"unk","km":0.242}},
{"type":"Feature","geometry":{"type":"LineString","coordinates":[[-11.93808,8.71804],[-11.93798,8.71808],[-11.93793,8.71809],[-11.93755,8.71781]]},"properties":{"id":1078551333,"cls":"service","hw":"service","tg":"na","name":"","ref":"","surface":"","sc":"unknown","speed":null,"lit":"unk","km":0.07}},
{"type":"Feature","geometry":{"type":"LineString","coordinates":[[-13.14466,8.39602],[-13.14467,8.39632],[-13.14477,8.39741],[-13.1446,8.39811]]},"properties":{"id":1081929075,"cls":"service","hw":"service","tg":"na","name":"","ref":"","surface":"unpaved","sc":"unpaved","speed":null,"lit":"unk","km":0.235}},
{"type":"Feature","geometry":{"type":"LineString","coordinates":[[-11.92846,8.72137],[-11.92833,8.72154],[-11.92821,8.72171],[-11.92813,8.7218]]},"properties":{"id":1081942150,"cls":"service","hw":"service","tg":"na","name":"","ref":"","surface":"","sc":"unknown","speed":null,"lit":"unk","km":0.06}},
{"type":"Feature","geometry":{"type":"LineString","coordinates":[[-11.92716,8.72172],[-11.92709,8.72168],[-11.92676,8.72145],[-11.92674,8.72141],[-11.92674,8.72136]]},"properties":{"id":1081943169,"cls":"service","hw":"service","tg":"na","name":"","ref":"","surface":"","sc":"unknown","speed":null,"lit":"unk","km":0.064}},
{"type":"Feature","geometry":{"type":"LineString","coordinates":[[-13.27599,8.42408],[-13.27625,8.42462]]},"properties":{"id":1086865044,"cls":"service","hw":"service","tg":"na","name":"","ref":"","surface":"","sc":"unknown","speed":null,"lit":"unk","km":0.067}},
{"type":"Feature","geometry":{"type":"LineString","coordinates":[[-13.23434,8.4865],[-13.23434,8.48639],[-13.23433,8.48636],[-13.23434,8.48632],[-13.23437,8.48628],[-13.23447,8.48614]]},"properties":{"id":1086889452,"cls":"service","hw":"service","tg":"na","name":"","ref":"","surface":"","sc":"unknown","speed":null,"lit":"unk","km":0.045}},
{"type":"Feature","geometry":{"type":"LineString","coordinates":[[-13.23434,8.48632],[-13.23421,8.48626]]},"properties":{"id":1086889454,"cls":"service","hw":"service","tg":"na","name":"","ref":"","surface":"","sc":"unknown","speed":null,"lit":"unk","km":0.016}},
{"type":"Feature","geometry":{"type":"LineString","coordinates":[[-13.23404,8.48622],[-13.23385,8.48629],[-13.23339,8.48645],[-13.23336,8.48647],[-13.23334,8.48649],[-13.23333,8.4865],[-13.23334,8.48656],[-13.23335,8.48663],[-13.23358,8.48706],[-13.23367,8.48715],[-13.23372,8.48715],[-13.23377,8.48716],[-13.23384,8.48716],[-13.23437,8.48707],[-13.23442,8.48705],[-13.23446,8.48701],[-13.23449,8.48696],[-13.23441,8.48673]]},"properties":{"id":1086889455,"cls":"service","hw":"service","tg":"na","name":"","ref":"","surface":"","sc":"unknown","speed":null,"lit":"unk","km":0.291}},
{"type":"Feature","geometry":{"type":"LineString","coordinates":[[-13.23421,8.48626],[-13.23423,8.4862],[-13.23422,8.48617],[-13.23419,8.48614],[-13.23402,8.48604],[-13.23396,8.48601]]},"properties":{"id":1086889456,"cls":"service","hw":"service","tg":"na","name":"","ref":"","surface":"","sc":"unknown","speed":null,"lit":"unk","km":0.044}},
{"type":"Feature","geometry":{"type":"LineString","coordinates":[[-13.23392,8.48575],[-13.23392,8.48584],[-13.23393,8.4859],[-13.23394,8.48592],[-13.23396,8.48601]]},"properties":{"id":1086889457,"cls":"service","hw":"service","tg":"na","name":"","ref":"","surface":"","sc":"unknown","speed":null,"lit":"unk","km":0.029}},
{"type":"Feature","geometry":{"type":"LineString","coordinates":[[-13.23396,8.48601],[-13.23404,8.48622],[-13.23413,8.48628],[-13.23417,8.48628],[-13.23421,8.48626]]},"properties":{"id":1086889458,"cls":"service","hw":"service","tg":"na","name":"","ref":"","surface":"","sc":"unknown","speed":null,"lit":"unk","km":0.046}},
{"type":"Feature","geometry":{"type":"LineString","coordinates":[[-13.23334,8.48656],[-13.2334,8.48662],[-13.23348,8.48668],[-13.23351,8.48672],[-13.23362,8.48705],[-13.23365,8.48706],[-13.23367,8.48715]]},"properties":{"id":1086889727,"cls":"service","hw":"service","tg":"na","name":"","ref":"","surface":"","sc":"unknown","speed":null,"lit":"unk","km":0.078}},
{"type":"Feature","geometry":{"type":"LineString","coordinates":[[-13.24007,8.46953],[-13.23945,8.46935]]},"properties":{"id":1086899699,"cls":"service","hw":"service","tg":"na","name":"","ref":"","surface":"","sc":"unknown","speed":null,"lit":"unk","km":0.071}},
{"type":"Feature","geometry":{"type":"LineString","coordinates":[[-13.24088,8.47111],[-13.24087,8.47106],[-13.24084,8.47101]]},"properties":{"id":1086899700,"cls":"service","hw":"service","tg":"na","name":"","ref":"","surface":"","sc":"unknown","speed":null,"lit":"unk","km":0.012}},
{"type":"Feature","geometry":{"type":"LineString","coordinates":[[-13.23859,8.46962],[-13.23807,8.4694]]},"properties":{"id":1086899701,"cls":"service","hw":"service","tg":"na","name":"","ref":"","surface":"","sc":"unknown","speed":null,"lit":"unk","km":0.062}},
{"type":"Feature","geometry":{"type":"LineString","coordinates":[[-13.23967,8.47005],[-13.23968,8.46996],[-13.23965,8.4699],[-13.23949,8.46972],[-13.23948,8.4697],[-13.23929,8.46952],[-13.23902,8.46942],[-13.23886,8.46936],[-13.2388,8.46939],[-13.23869,8.46945],[-13.23863,8.46949]]},"properties":{"id":1086899702,"cls":"service","hw":"service","tg":"na","name":"","ref":"","surface":"paved","sc":"paved","speed":null,"lit":"unk","km":0.155}},
{"type":"Feature","geometry":{"type":"LineString","coordinates":[[-11.73238,7.9578],[-11.73259,7.95782]]},"properties":{"id":1090908874,"cls":"service","hw":"service","tg":"na","name":"","ref":"","surface":"","sc":"unknown","speed":null,"lit":"unk","km":0.023}},
{"type":"Feature","geometry":{"type":"LineString","coordinates":[[-11.73253,7.95754],[-11.73235,7.9576],[-11.73234,7.95762],[-11.73235,7.95765],[-11.73238,7.9578],[-11.73241,7.95794]]},"properties":{"id":1090908875,"cls":"service","hw":"service","tg":"na","name":"","ref":"","surface":"","sc":"unknown","speed":null,"lit":"unk","km":0.06}},
{"type":"Feature","geometry":{"type":"LineString","coordinates":[[-13.24759,8.48084],[-13.24739,8.48105],[-13.24739,8.4812],[-13.24739,8.48128]]},"properties":{"id":1101669455,"cls":"service","hw":"service","tg":"na","name":"","ref":"","surface":"paved","sc":"paved","speed":null,"lit":"unk","km":0.058}},
{"type":"Feature","geometry":{"type":"LineString","coordinates":[[-13.15523,8.42955],[-13.15524,8.42969],[-13.15521,8.42975],[-13.15501,8.42979]]},"properties":{"id":1103782423,"cls":"service","hw":"service","tg":"na","name":"","ref":"","surface":"unpaved","sc":"unpaved","speed":null,"lit":"unk","km":0.045}},
{"type":"Feature","geometry":{"type":"LineString","coordinates":[[-13.17236,8.45891],[-13.17177,8.45912]]},"properties":{"id":1103786484,"cls":"service","hw":"service","tg":"na","name":"","ref":"","surface":"","sc":"unknown","speed":null,"lit":"unk","km":0.069}},
{"type":"Feature","geometry":{"type":"LineString","coordinates":[[-13.02135,8.33434],[-13.02133,8.33422],[-13.02129,8.33415],[-13.02125,8.33409],[-13.02116,8.334],[-13.02107,8.33396],[-13.02101,8.33392],[-13.02099,8.33389],[-13.02098,8.33383],[-13.02097,8.3337],[-13.02096,8.33368],[-13.02096,8.33365],[-13.02097,8.33336]]},"properties":{"id":1112848135,"cls":"service","hw":"service","tg":"na","name":"","ref":"","surface":"","sc":"unknown","speed":null,"lit":"unk","km":0.127}},
{"type":"Feature","geometry":{"type":"LineString","coordinates":[[-13.13766,8.38459],[-13.13775,8.38493],[-13.13779,8.38532],[-13.13782,8.38567]]},"properties":{"id":1115683466,"cls":"service","hw":"service","tg":"na","name":"","ref":"","surface":"","sc":"unknown","speed":null,"lit":"unk","km":0.122}},
{"type":"Feature","geometry":{"type":"LineString","coordinates":[[-13.2815,8.49208],[-13.28146,8.49165]]},"properties":{"id":1115987519,"cls":"service","hw":"service","tg":"na","name":"","ref":"","surface":"","sc":"unknown","speed":null,"lit":"unk","km":0.048}},
{"type":"Feature","geometry":{"type":"LineString","coordinates":[[-13.28507,8.49266],[-13.28467,8.49242]]},"properties":{"id":1115987521,"cls":"service","hw":"service","tg":"na","name":"","ref":"","surface":"","sc":"unknown","speed":null,"lit":"unk","km":0.051}},
{"type":"Feature","geometry":{"type":"LineString","coordinates":[[-13.26976,8.4784],[-13.2697,8.47854],[-13.26964,8.47858],[-13.26961,8.47859],[-13.26958,8.4786],[-13.26946,8.47896],[-13.26943,8.47899],[-13.26939,8.47902],[-13.26937,8.47903]]},"properties":{"id":1116177877,"cls":"service","hw":"service","tg":"na","name":"","ref":"","surface":"","sc":"unknown","speed":null,"lit":"unk","km":0.087}},
{"type":"Feature","geometry":{"type":"LineString","coordinates":[[-13.26984,8.48103],[-13.26946,8.48078]]},"properties":{"id":1116177878,"cls":"service","hw":"service","tg":"na","name":"","ref":"","surface":"","sc":"unknown","speed":null,"lit":"unk","km":0.05}},
{"type":"Feature","geometry":{"type":"LineString","coordinates":[[-13.24941,8.47565],[-13.24938,8.47581],[-13.24934,8.47588],[-13.24922,8.47602],[-13.24921,8.47605],[-13.24926,8.47613],[-13.2493,8.47619]]},"properties":{"id":1116238785,"cls":"service","hw":"service","tg":"na","name":"","ref":"","surface":"paved","sc":"paved","speed":null,"lit":"unk","km":0.069}},
{"type":"Feature","geometry":{"type":"LineString","coordinates":[[-13.28189,8.4953],[-13.28191,8.49531],[-13.282,8.49536],[-13.28224,8.49547],[-13.28234,8.49556]]},"properties":{"id":1116943002,"cls":"service","hw":"service","tg":"na","name":"","ref":"","surface":"paved","sc":"paved","speed":null,"lit":"unk","km":0.058}},
{"type":"Feature","geometry":{"type":"LineString","coordinates":[[-13.19398,8.47552],[-13.19389,8.47563],[-13.19365,8.47585],[-13.19346,8.47613]]},"properties":{"id":1118323898,"cls":"service","hw":"service","tg":"na","name":"","ref":"","surface":"","sc":"unknown","speed":null,"lit":"unk","km":0.089}},
{"type":"Feature","geometry":{"type":"LineString","coordinates":[[-13.19416,8.47539],[-13.19421,8.47544],[-13.19426,8.47557]]},"properties":{"id":1118323899,"cls":"service","hw":"service","tg":"na","name":"","ref":"","surface":"","sc":"unknown","speed":null,"lit":"unk","km":0.023}},
{"type":"Feature","geometry":{"type":"LineString","coordinates":[[-13.1941,8.47537],[-13.19416,8.47539]]},"properties":{"id":1118323900,"cls":"service","hw":"service","tg":"na","name":"","ref":"","surface":"","sc":"unknown","speed":null,"lit":"unk","km":0.007}},
{"type":"Feature","geometry":{"type":"LineString","coordinates":[[-13.19381,8.47532],[-13.19396,8.47531],[-13.1941,8.47537]]},"properties":{"id":1118323901,"cls":"service","hw":"service","tg":"na","name":"","ref":"","surface":"","sc":"unknown","speed":null,"lit":"unk","km":0.033}},
{"type":"Feature","geometry":{"type":"LineString","coordinates":[[-13.19785,8.47624],[-13.19785,8.47617],[-13.19791,8.4761],[-13.19795,8.476]]},"properties":{"id":1118323903,"cls":"service","hw":"service","tg":"na","name":"","ref":"","surface":"","sc":"unknown","speed":null,"lit":"unk","km":0.03}},
{"type":"Feature","geometry":{"type":"LineString","coordinates":[[-13.19814,8.47617],[-13.19805,8.47623],[-13.19797,8.47627],[-13.19792,8.47629],[-13.19788,8.47627],[-13.19785,8.47624]]},"properties":{"id":1118323905,"cls":"service","hw":"service","tg":"na","name":"","ref":"","surface":"","sc":"unknown","speed":null,"lit":"unk","km":0.037}},
{"type":"Feature","geometry":{"type":"LineString","coordinates":[[-13.19849,8.47683],[-13.19848,8.47665],[-13.1985,8.47642]]},"properties":{"id":1118323906,"cls":"service","hw":"service","tg":"na","name":"","ref":"","surface":"","sc":"unknown","speed":null,"lit":"unk","km":0.046}},
{"type":"Feature","geometry":{"type":"LineString","coordinates":[[-13.19476,8.47587],[-13.1951,8.47534],[-13.19518,8.47528],[-13.19536,8.47523]]},"properties":{"id":1118324351,"cls":"service","hw":"service","tg":"na","name":"","ref":"","surface":"unpaved","sc":"unpaved","speed":null,"lit":"unk","km":0.101}},
{"type":"Feature","geometry":{"type":"LineString","coordinates":[[-13.19215,8.4684],[-13.19215,8.46869]]},"properties":{"id":1120247567,"cls":"service","hw":"service","tg":"na","name":"","ref":"","surface":"","sc":"unknown","speed":null,"lit":"unk","km":0.032}},
{"type":"Feature","geometry":{"type":"LineString","coordinates":[[-13.18824,8.46745],[-13.18834,8.46809],[-13.18834,8.46834],[-13.18832,8.46857],[-13.18824,8.46884],[-13.18817,8.46913]]},"properties":{"id":1120247573,"cls":"service","hw":"service","tg":"na","name":"","ref":"","surface":"","sc":"unknown","speed":null,"lit":"unk","km":0.19}},
{"type":"Feature","geometry":{"type":"LineString","coordinates":[[-11.18469,7.87578],[-11.18478,7.87557],[-11.18478,7.87556],[-11.18477,7.87555],[-11.18439,7.8754]]},"properties":{"id":1124375138,"cls":"service","hw":"service","tg":"na","name":"","ref":"","surface":"unpaved","sc":"unpaved","speed":null,"lit":"unk","km":0.073}},
{"type":"Feature","geometry":{"type":"LineString","coordinates":[[-13.26334,8.46825],[-13.2634,8.46819],[-13.26343,8.46817],[-13.26347,8.46818],[-13.26371,8.46842]]},"properties":{"id":1125123158,"cls":"service","hw":"service","tg":"na","name":"","ref":"","surface":"unpaved","sc":"unpaved","speed":null,"lit":"unk","km":0.055}},
{"type":"Feature","geometry":{"type":"LineString","coordinates":[[-13.2631,8.46851],[-13.26325,8.46838],[-13.26331,8.4683],[-13.26333,8.46828],[-13.26334,8.46825]]},"properties":{"id":1125123159,"cls":"service","hw":"service","tg":"na","name":"","ref":"","surface":"","sc":"unknown","speed":null,"lit":"unk","km":0.04}},
{"type":"Feature","geometry":{"type":"LineString","coordinates":[[-13.22585,8.48735],[-13.22603,8.48742],[-13.22607,8.48745],[-13.22609,8.48749],[-13.22608,8.48755],[-13.22605,8.48757],[-13.22599,8.48759],[-13.22581,8.48756]]},"properties":{"id":1125803026,"cls":"service","hw":"service","tg":"na","name":"","ref":"","surface":"","sc":"unknown","speed":null,"lit":"unk","km":0.07}},
{"type":"Feature","geometry":{"type":"LineString","coordinates":[[-13.22596,8.48687],[-13.22591,8.48679],[-13.22589,8.48673],[-13.2259,8.48668],[-13.22591,8.48664],[-13.22594,8.4866],[-13.22598,8.48659],[-13.22604,8.48659],[-13.22608,8.4866],[-13.22612,8.48664]]},"properties":{"id":1125803027,"cls":"service","hw":"service","tg":"na","name":"","ref":"","surface":"","sc":"unknown","speed":null,"lit":"unk","km":0.055}},
{"type":"Feature","geometry":{"type":"LineString","coordinates":[[-13.22612,8.48664],[-13.22612,8.48671],[-13.22611,8.48674],[-13.22608,8.48679],[-13.22604,8.48682],[-13.22596,8.48687]]},"properties":{"id":1125803028,"cls":"service","hw":"service","tg":"na","name":"","ref":"","surface":"","sc":"unknown","speed":null,"lit":"unk","km":0.034}},
{"type":"Feature","geometry":{"type":"LineString","coordinates":[[-13.26352,8.41158],[-13.26317,8.41186],[-13.26312,8.41192],[-13.26308,8.41201],[-13.26308,8.41211],[-13.26309,8.41232]]},"properties":{"id":1130578424,"cls":"service","hw":"service","tg":"na","name":"","ref":"","surface":"","sc":"unknown","speed":null,"lit":"unk","km":0.104}},
{"type":"Feature","geometry":{"type":"LineString","coordinates":[[-13.23269,8.48153],[-13.23292,8.48165],[-13.23298,8.48169],[-13.23309,8.48178]]},"properties":{"id":1133042284,"cls":"service","hw":"service","tg":"na","name":"","ref":"","surface":"","sc":"unknown","speed":null,"lit":"unk","km":0.052}},
{"type":"Feature","geometry":{"type":"LineString","coordinates":[[-13.23095,8.4804],[-13.23089,8.48036],[-13.23085,8.48034],[-13.23076,8.48031],[-13.23071,8.48029],[-13.23067,8.48029]]},"properties":{"id":1133042285,"cls":"service","hw":"service","tg":"na","name":"","ref":"","surface":"","sc":"unknown","speed":null,"lit":"unk","km":0.034}},
{"type":"Feature","geometry":{"type":"LineString","coordinates":[[-13.23268,8.48432],[-13.23287,8.48434],[-13.23293,8.48431],[-13.23299,8.4843],[-13.233,8.48426],[-13.23301,8.48423],[-13.23302,8.48419],[-13.23307,8.48406],[-13.23312,8.484],[-13.23312,8.48392],[-13.23306,8.4839],[-13.23301,8.48385],[-13.23296,8.48384]]},"properties":{"id":1133042286,"cls":"service","hw":"service","tg":"na","name":"","ref":"","surface":"","sc":"unknown","speed":null,"lit":"unk","km":0.101}},
{"type":"Feature","geometry":{"type":"LineString","coordinates":[[-13.23449,8.47969],[-13.23456,8.47971],[-13.23459,8.47971],[-13.23462,8.47967],[-13.23464,8.47961],[-13.23469,8.47948],[-13.23473,8.47944],[-13.2348,8.47942],[-13.23494,8.47942],[-13.23507,8.47941]]},"properties":{"id":1133042287,"cls":"service","hw":"service","tg":"na","name":"","ref":"","surface":"","sc":"unknown","speed":null,"lit":"unk","km":0.083}},
{"type":"Feature","geometry":{"type":"LineString","coordinates":[[-13.23045,8.4827],[-13.23045,8.48264],[-13.23045,8.48261],[-13.23047,8.48259],[-13.23051,8.48255],[-13.23059,8.48251],[-13.23081,8.48241]]},"properties":{"id":1133042288,"cls":"service","hw":"service","tg":"na","name":"","ref":"","surface":"","sc":"unknown","speed":null,"lit":"unk","km":0.056}},
{"type":"Feature","geometry":{"type":"LineString","coordinates":[[-13.23274,8.48206],[-13.23241,8.48191],[-13.23238,8.48189],[-13.23237,8.48189],[-13.23233,8.4819],[-13.23221,8.48216]]},"properties":{"id":1133042289,"cls":"service","hw":"service","tg":"na","name":"","ref":"","surface":"","sc":"unknown","speed":null,"lit":"unk","km":0.081}},
{"type":"Feature","geometry":{"type":"LineString","coordinates":[[-13.23243,8.48011],[-13.2324,8.48013],[-13.23239,8.48014],[-13.23238,8.48019],[-13.23238,8.48025],[-13.23258,8.48035]]},"properties":{"id":1133042290,"cls":"service","hw":"service","tg":"na","name":"","ref":"","surface":"","sc":"unknown","speed":null,"lit":"unk","km":0.043}},
{"type":"Feature","geometry":{"type":"LineString","coordinates":[[-13.23258,8.48035],[-13.23262,8.48034],[-13.23265,8.48032],[-13.23265,8.48027],[-13.23265,8.48024],[-13.23262,8.48021],[-13.23248,8.48012],[-13.23243,8.48011]]},"properties":{"id":1133042291,"cls":"service","hw":"service","tg":"na","name":"","ref":"","surface":"","sc":"unknown","speed":null,"lit":"unk","km":0.046}},
{"type":"Feature","geometry":{"type":"LineString","coordinates":[[-13.23254,8.48066],[-13.23251,8.4806],[-13.23247,8.48054],[-13.23238,8.48025]]},"properties":{"id":1133042292,"cls":"service","hw":"service","tg":"na","name":"","ref":"","surface":"","sc":"unknown","speed":null,"lit":"unk","km":0.049}},
{"type":"Feature","geometry":{"type":"LineString","coordinates":[[-13.23312,8.48158],[-13.23277,8.48133],[-13.23258,8.48116],[-13.23245,8.48104],[-13.23242,8.48096],[-13.23241,8.48088],[-13.23251,8.48073],[-13.23254,8.48066]]},"properties":{"id":1133042293,"cls":"service","hw":"service","tg":"na","name":"","ref":"","surface":"","sc":"unknown","speed":null,"lit":"unk","km":0.142}},
{"type":"Feature","geometry":{"type":"LineString","coordinates":[[-13.23331,8.4808],[-13.23337,8.481],[-13.23338,8.48118],[-13.23337,8.48133],[-13.2333,8.48152],[-13.23321,8.48171],[-13.23315,8.48186],[-13.23307,8.48199]]},"properties":{"id":1133042294,"cls":"service","hw":"service","tg":"na","name":"","ref":"","surface":"","sc":"unknown","speed":null,"lit":"unk","km":0.141}},
{"type":"Feature","geometry":{"type":"LineString","coordinates":[[-13.23241,8.48266],[-13.23271,8.48216],[-13.23271,8.4821],[-13.23274,8.48206],[-13.23277,8.48199]]},"properties":{"id":1133042295,"cls":"service","hw":"service","tg":"na","name":"","ref":"","surface":"","sc":"unknown","speed":null,"lit":"unk","km":0.085}},
{"type":"Feature","geometry":{"type":"LineString","coordinates":[[-13.23291,8.48505],[-13.23286,8.4849],[-13.23268,8.48453],[-13.23268,8.48432],[-13.23269,8.48413],[-13.23269,8.48406],[-13.23272,8.48399],[-13.23276,8.48396],[-13.23281,8.48392],[-13.23291,8.48385],[-13.23296,8.48384]]},"properties":{"id":1133042296,"cls":"service","hw":"service","tg":"na","name":"","ref":"","surface":"","sc":"unknown","speed":null,"lit":"unk","km":0.156}},
{"type":"Feature","geometry":{"type":"LineString","coordinates":[[-13.23306,8.48449],[-13.23296,8.48452],[-13.23292,8.48453],[-13.23291,8.48455],[-13.23291,8.4846],[-13.23297,8.48483],[-13.23298,8.48486],[-13.23299,8.4849],[-13.23306,8.48496],[-13.23312,8.48502],[-13.23321,8.48514],[-13.23333,8.48518]]},"properties":{"id":1133042297,"cls":"service","hw":"service","tg":"na","name":"","ref":"","surface":"","sc":"unknown","speed":null,"lit":"unk","km":0.109}},
{"type":"Feature","geometry":{"type":"LineString","coordinates":[[-13.23344,8.48316],[-13.23388,8.48317]]},"properties":{"id":1133042298,"cls":"service","hw":"service","tg":"na","name":"","ref":"","surface":"","sc":"unknown","speed":null,"lit":"unk","km":0.048}},
{"type":"Feature","geometry":{"type":"LineString","coordinates":[[-13.23312,8.48301],[-13.23332,8.48284],[-13.23338,8.48283],[-13.23342,8.48284],[-13.2335,8.48288],[-13.23375,8.48307],[-13.23388,8.48317],[-13.23396,8.48321],[-13.23409,8.48324]]},"properties":{"id":1133042299,"cls":"service","hw":"service","tg":"na","name":"","ref":"","surface":"","sc":"unknown","speed":null,"lit":"unk","km":0.127}},
{"type":"Feature","geometry":{"type":"LineString","coordinates":[[-13.26786,8.46773],[-13.26763,8.46784],[-13.26755,8.46785],[-13.26749,8.46784],[-13.26731,8.46777]]},"properties":{"id":1137177572,"cls":"service","hw":"service","tg":"na","name":"","ref":"","surface":"","sc":"unknown","speed":null,"lit":"unk","km":0.065}},
{"type":"Feature","geometry":{"type":"LineString","coordinates":[[-13.26628,8.46873],[-13.26581,8.46847]]},"properties":{"id":1137177574,"cls":"service","hw":"service","tg":"na","name":"","ref":"","surface":"","sc":"unknown","speed":null,"lit":"unk","km":0.059}},
{"type":"Feature","geometry":{"type":"LineString","coordinates":[[-10.33148,8.45894],[-10.33135,8.45876]]},"properties":{"id":1143078849,"cls":"service","hw":"service","tg":"na","name":"","ref":"","surface":"","sc":"unknown","speed":null,"lit":"unk","km":0.025}},
{"type":"Feature","geometry":{"type":"LineString","coordinates":[[-13.27382,8.47526],[-13.27401,8.47502],[-13.27404,8.47499],[-13.27407,8.47499],[-13.27413,8.47501]]},"properties":{"id":1146318810,"cls":"service","hw":"service","tg":"na","name":"","ref":"","surface":"","sc":"unknown","speed":null,"lit":"unk","km":0.049}},
{"type":"Feature","geometry":{"type":"LineString","coordinates":[[-13.27533,8.47423],[-13.27506,8.47399]]},"properties":{"id":1146318811,"cls":"service","hw":"service","tg":"na","name":"","ref":"","surface":"","sc":"unknown","speed":null,"lit":"unk","km":0.04}},
{"type":"Feature","geometry":{"type":"LineString","coordinates":[[-12.21437,8.46639],[-12.21444,8.46627],[-12.21447,8.46626],[-12.21463,8.46632],[-12.21465,8.46636],[-12.21456,8.46651]]},"properties":{"id":1146984481,"cls":"service","hw":"service","tg":"na","name":"","ref":"","surface":"","sc":"unknown","speed":null,"lit":"unk","km":0.062}},
{"type":"Feature","geometry":{"type":"LineString","coordinates":[[-12.21371,8.46596],[-12.21385,8.46596],[-12.21387,8.46597],[-12.21405,8.46615],[-12.21437,8.46639],[-12.21448,8.46645],[-12.21456,8.46651],[-12.21456,8.46665]]},"properties":{"id":1146984482,"cls":"service","hw":"service","tg":"na","name":"","ref":"","surface":"","sc":"unknown","speed":null,"lit":"unk","km":0.131}},
{"type":"Feature","geometry":{"type":"LineString","coordinates":[[-13.21006,8.48913],[-13.20996,8.48849]]},"properties":{"id":1148450725,"cls":"service","hw":"service","tg":"na","name":"","ref":"","surface":"","sc":"unknown","speed":null,"lit":"unk","km":0.072}},
{"type":"Feature","geometry":{"type":"LineString","coordinates":[[-13.25096,8.45139],[-13.25137,8.45143],[-13.25164,8.45151]]},"properties":{"id":1150073115,"cls":"service","hw":"service","tg":"na","name":"","ref":"","surface":"ground","sc":"unpaved","speed":null,"lit":"unk","km":0.076}},
{"type":"Feature","geometry":{"type":"LineString","coordinates":[[-13.27035,8.4588],[-13.26989,8.45857],[-13.26977,8.45851],[-13.26953,8.45833]]},"properties":{"id":1150087255,"cls":"service","hw":"service","tg":"na","name":"","ref":"","surface":"","sc":"unknown","speed":null,"lit":"unk","km":0.105}},
{"type":"Feature","geometry":{"type":"LineString","coordinates":[[-13.2702,8.45916],[-13.26969,8.45891]]},"properties":{"id":1150087256,"cls":"service","hw":"service","tg":"na","name":"","ref":"","surface":"","sc":"unknown","speed":null,"lit":"unk","km":0.063}},
{"type":"Feature","geometry":{"type":"LineString","coordinates":[[-13.27149,8.45799],[-13.27131,8.45796],[-13.27085,8.4579]]},"properties":{"id":1150087260,"cls":"service","hw":"service","tg":"na","name":"","ref":"","surface":"","sc":"unknown","speed":null,"lit":"unk","km":0.071}},
{"type":"Feature","geometry":{"type":"LineString","coordinates":[[-13.27175,8.45802],[-13.27149,8.45799]]},"properties":{"id":1150087261,"cls":"service","hw":"service","tg":"na","name":"","ref":"","surface":"","sc":"unknown","speed":null,"lit":"unk","km":0.029}},
{"type":"Feature","geometry":{"type":"LineString","coordinates":[[-13.27281,8.4583],[-13.27279,8.45831],[-13.27248,8.45827],[-13.27204,8.45809],[-13.27187,8.45804],[-13.27175,8.45802]]},"properties":{"id":1150087262,"cls":"service","hw":"service","tg":"na","name":"","ref":"","surface":"paved","sc":"paved","speed":null,"lit":"unk","km":0.122}},
{"type":"Feature","geometry":{"type":"LineString","coordinates":[[-13.27223,8.45683],[-13.2722,8.45693],[-13.27215,8.45698],[-13.27212,8.457],[-13.27204,8.45704],[-13.27194,8.45704],[-13.27187,8.45694],[-13.27175,8.45682]]},"properties":{"id":1150087263,"cls":"service","hw":"service","tg":"na","name":"","ref":"","surface":"","sc":"unknown","speed":null,"lit":"unk","km":0.077}},
{"type":"Feature","geometry":{"type":"LineString","coordinates":[[-13.24838,8.47775],[-13.24856,8.47806]]},"properties":{"id":1151687611,"cls":"service","hw":"service","tg":"na","name":"","ref":"","surface":"unpaved","sc":"unpaved","speed":null,"lit":"unk","km":0.04}},
{"type":"Feature","geometry":{"type":"LineString","coordinates":[[-13.24826,8.47765],[-13.24828,8.47769],[-13.24833,8.47772],[-13.24838,8.47775],[-13.24845,8.47772],[-13.24856,8.47773]]},"properties":{"id":1151687612,"cls":"service","hw":"service","tg":"na","name":"","ref":"","surface":"unpaved","sc":"unpaved","speed":null,"lit":"unk","km":0.038}},
{"type":"Feature","geometry":{"type":"LineString","coordinates":[[-13.2479,8.47768],[-13.24799,8.47804],[-13.24804,8.47853]]},"properties":{"id":1151687613,"cls":"service","hw":"service","tg":"na","name":"","ref":"","surface":"unpaved","sc":"unpaved","speed":null,"lit":"unk","km":0.096}},
{"type":"Feature","geometry":{"type":"LineString","coordinates":[[-13.2478,8.47776],[-13.24786,8.47789],[-13.24786,8.47791],[-13.24785,8.47793],[-13.24773,8.47801],[-13.2477,8.47803],[-13.24768,8.47803],[-13.2476,8.47795]]},"properties":{"id":1151687614,"cls":"service","hw":"service","tg":"na","name":"","ref":"","surface":"paved","sc":"paved","speed":null,"lit":"unk","km":0.055}},
{"type":"Feature","geometry":{"type":"LineString","coordinates":[[-13.24814,8.47767],[-13.24841,8.47815]]},"properties":{"id":1151687615,"cls":"service","hw":"service","tg":"na","name":"","ref":"","surface":"unpaved","sc":"unpaved","speed":null,"lit":"unk","km":0.061}},
{"type":"Feature","geometry":{"type":"LineString","coordinates":[[-13.24797,8.47675],[-13.24815,8.47657],[-13.24817,8.47657],[-13.24819,8.47658],[-13.24822,8.47659],[-13.24823,8.47659],[-13.24827,8.47657],[-13.24891,8.47598]]},"properties":{"id":1151687616,"cls":"service","hw":"service","tg":"na","name":"","ref":"","surface":"","sc":"unknown","speed":null,"lit":"unk","km":0.139}},
{"type":"Feature","geometry":{"type":"LineString","coordinates":[[-13.24758,8.47574],[-13.24802,8.47618]]},"properties":{"id":1151687617,"cls":"service","hw":"service","tg":"na","name":"","ref":"","surface":"","sc":"unknown","speed":null,"lit":"unk","km":0.069}},
{"type":"Feature","geometry":{"type":"LineString","coordinates":[[-13.27968,8.43095],[-13.27981,8.4304],[-13.2798,8.43035],[-13.27979,8.43032],[-13.27977,8.43029]]},"properties":{"id":1152826629,"cls":"service","hw":"service","tg":"na","name":"","ref":"","surface":"","sc":"unknown","speed":null,"lit":"unk","km":0.076}},
{"type":"Feature","geometry":{"type":"LineString","coordinates":[[-13.19905,8.42849],[-13.19922,8.4286],[-13.19928,8.42859],[-13.19932,8.42856],[-13.19941,8.4284],[-13.19942,8.42833],[-13.19941,8.42827],[-13.19935,8.42811]]},"properties":{"id":1154673148,"cls":"service","hw":"service","tg":"na","name":"","ref":"","surface":"","sc":"unknown","speed":null,"lit":"unk","km":0.089}},
{"type":"Feature","geometry":{"type":"LineString","coordinates":[[-13.19943,8.42802],[-13.19935,8.42811],[-13.19905,8.42849],[-13.1988,8.42844]]},"properties":{"id":1154673149,"cls":"service","hw":"service","tg":"na","name":"","ref":"","surface":"","sc":"unknown","speed":null,"lit":"unk","km":0.095}},
{"type":"Feature","geometry":{"type":"LineString","coordinates":[[-13.16995,8.45979],[-13.16959,8.45986]]},"properties":{"id":1158601482,"cls":"service","hw":"service","tg":"na","name":"","ref":"","surface":"","sc":"unknown","speed":null,"lit":"unk","km":0.04}},
{"type":"Feature","geometry":{"type":"LineString","coordinates":[[-13.16732,8.40235],[-13.16735,8.4021],[-13.16735,8.40206],[-13.16735,8.40204],[-13.1672,8.40189],[-13.16717,8.40187],[-13.16712,8.40188],[-13.16685,8.40199]]},"properties":{"id":1162382490,"cls":"service","hw":"service","tg":"na","name":"","ref":"","surface":"","sc":"unknown","speed":null,"lit":"unk","km":0.1}},
{"type":"Feature","geometry":{"type":"LineString","coordinates":[[-13.16096,8.39783],[-13.16013,8.39718],[-13.16011,8.39714],[-13.16014,8.39705],[-13.16026,8.39688]]},"properties":{"id":1162385480,"cls":"service","hw":"service","tg":"na","name":"","ref":"","surface":"","sc":"unknown","speed":null,"lit":"unk","km":0.155}},
{"type":"Feature","geometry":{"type":"LineString","coordinates":[[-13.16116,8.39758],[-13.16096,8.39783],[-13.16039,8.39855],[-13.16034,8.39859],[-13.16026,8.39857],[-13.1602,8.39853],[-13.15949,8.39797]]},"properties":{"id":1162385481,"cls":"service","hw":"service","tg":"na","name":"","ref":"","surface":"","sc":"unknown","speed":null,"lit":"unk","km":0.261}},
{"type":"Feature","geometry":{"type":"LineString","coordinates":[[-13.23448,8.48987],[-13.23459,8.4898],[-13.23463,8.48979],[-13.23465,8.4898],[-13.23469,8.48981],[-13.23476,8.4899]]},"properties":{"id":1164058840,"cls":"service","hw":"service","tg":"na","name":"","ref":"","surface":"","sc":"unknown","speed":null,"lit":"unk","km":0.039}},
{"type":"Feature","geometry":{"type":"LineString","coordinates":[[-13.23598,8.49087],[-13.23616,8.49115],[-13.2362,8.49128],[-13.23606,8.49137],[-13.23615,8.49146]]},"properties":{"id":1164058841,"cls":"service","hw":"service","tg":"na","name":"","ref":"","surface":"","sc":"unknown","speed":null,"lit":"unk","km":0.084}},
{"type":"Feature","geometry":{"type":"LineString","coordinates":[[-13.23626,8.48795],[-13.23603,8.48809]]},"properties":{"id":1164058845,"cls":"service","hw":"service","tg":"na","name":"","ref":"","surface":"","sc":"unknown","speed":null,"lit":"unk","km":0.03}},
{"type":"Feature","geometry":{"type":"LineString","coordinates":[[-13.236,8.48756],[-13.23596,8.48757],[-13.23592,8.48757],[-13.23584,8.48747],[-13.23584,8.48744],[-13.23588,8.48738]]},"properties":{"id":1164058846,"cls":"service","hw":"service","tg":"na","name":"","ref":"","surface":"","sc":"unknown","speed":null,"lit":"unk","km":0.034}},
{"type":"Feature","geometry":{"type":"LineString","coordinates":[[-13.23569,8.48721],[-13.2356,8.48747],[-13.23559,8.48755],[-13.23559,8.48764],[-13.23559,8.48767],[-13.23557,8.48771],[-13.23549,8.48774],[-13.23536,8.48777]]},"properties":{"id":1164058847,"cls":"service","hw":"service","tg":"na","name":"","ref":"","surface":"","sc":"unknown","speed":null,"lit":"unk","km":0.082}},
{"type":"Feature","geometry":{"type":"LineString","coordinates":[[-12.2371,9.51416],[-12.23651,9.51321]]},"properties":{"id":1165430786,"cls":"service","hw":"service","tg":"na","name":"","ref":"","surface":"","sc":"unknown","speed":null,"lit":"unk","km":0.124}},
{"type":"Feature","geometry":{"type":"LineString","coordinates":[[-12.23718,9.51429],[-12.2371,9.51416]]},"properties":{"id":1165430787,"cls":"service","hw":"service","tg":"na","name":"","ref":"","surface":"","sc":"unknown","speed":null,"lit":"unk","km":0.017}},
{"type":"Feature","geometry":{"type":"LineString","coordinates":[[-11.76408,9.03365],[-11.7642,9.03379],[-11.76425,9.03384],[-11.76436,9.03397],[-11.76522,9.03495],[-11.7654,9.03481],[-11.76438,9.03363]]},"properties":{"id":1165433297,"cls":"service","hw":"service","tg":"na","name":"","ref":"","surface":"","sc":"unknown","speed":null,"lit":"unk","km":0.389}},
{"type":"Feature","geometry":{"type":"LineString","coordinates":[[-11.07697,8.59627],[-11.07682,8.59613]]},"properties":{"id":1165454556,"cls":"service","hw":"service","tg":"na","name":"","ref":"","surface":"","sc":"unknown","speed":null,"lit":"unk","km":0.023}},
{"type":"Feature","geometry":{"type":"LineString","coordinates":[[-11.07717,8.59647],[-11.07733,8.59632],[-11.0783,8.59729],[-11.07814,8.59743],[-11.07717,8.59647],[-11.07697,8.59627]]},"properties":{"id":1165454557,"cls":"service","hw":"service","tg":"na","name":"","ref":"","surface":"","sc":"unknown","speed":null,"lit":"unk","km":0.382}},
{"type":"Feature","geometry":{"type":"LineString","coordinates":[[-11.17952,7.8212],[-11.18132,7.82069],[-11.18127,7.82052]]},"properties":{"id":1165461643,"cls":"service","hw":"service","tg":"na","name":"","ref":"","surface":"","sc":"unknown","speed":null,"lit":"unk","km":0.226}},
{"type":"Feature","geometry":{"type":"LineString","coordinates":[[-11.18127,7.82052],[-11.18121,7.82031],[-11.18089,7.81925],[-11.18068,7.81931],[-11.181,7.82037],[-11.18121,7.82031]]},"properties":{"id":1165461644,"cls":"service","hw":"service","tg":"na","name":"","ref":"","surface":"","sc":"unknown","speed":null,"lit":"unk","km":0.318}},
{"type":"Feature","geometry":{"type":"LineString","coordinates":[[-13.26849,8.4712],[-13.26835,8.47117],[-13.26833,8.47115],[-13.26831,8.47113],[-13.2683,8.4711],[-13.26833,8.47073]]},"properties":{"id":1166011302,"cls":"service","hw":"service","tg":"na","name":"","ref":"","surface":"","sc":"unknown","speed":null,"lit":"unk","km":0.067}},
{"type":"Feature","geometry":{"type":"LineString","coordinates":[[-13.15839,8.39481],[-13.15952,8.39525]]},"properties":{"id":1167917854,"cls":"service","hw":"service","tg":"na","name":"","ref":"","surface":"","sc":"unknown","speed":null,"lit":"unk","km":0.134}},
{"type":"Feature","geometry":{"type":"LineString","coordinates":[[-13.23541,8.4673],[-13.23568,8.4675],[-13.23592,8.46767]]},"properties":{"id":1168193575,"cls":"service","hw":"service","tg":"na","name":"","ref":"","surface":"","sc":"unknown","speed":null,"lit":"unk","km":0.07}},
{"type":"Feature","geometry":{"type":"LineString","coordinates":[[-13.24905,8.47469],[-13.24918,8.47494],[-13.24913,8.47497],[-13.24913,8.47501],[-13.24916,8.47505],[-13.24927,8.47514]]},"properties":{"id":1168435066,"cls":"service","hw":"service","tg":"na","name":"","ref":"","surface":"","sc":"unknown","speed":null,"lit":"unk","km":0.063}},
{"type":"Feature","geometry":{"type":"LineString","coordinates":[[-13.2481,8.47475],[-13.24818,8.47489],[-13.24822,8.47495],[-13.24834,8.47506]]},"properties":{"id":1168435067,"cls":"service","hw":"service","tg":"na","name":"","ref":"","surface":"","sc":"unknown","speed":null,"lit":"unk","km":0.044}},
{"type":"Feature","geometry":{"type":"LineString","coordinates":[[-13.24927,8.47781],[-13.24939,8.47807],[-13.24939,8.47811],[-13.24939,8.47816],[-13.24931,8.4782],[-13.24927,8.47819],[-13.24923,8.47816],[-13.2491,8.47789]]},"properties":{"id":1168435068,"cls":"service","hw":"service","tg":"na","name":"","ref":"","surface":"paved","sc":"paved","speed":null,"lit":"unk","km":0.095}},
{"type":"Feature","geometry":{"type":"LineString","coordinates":[[-13.24812,8.47467],[-13.24784,8.47437]]},"properties":{"id":1168435069,"cls":"service","hw":"service","tg":"na","name":"","ref":"","surface":"","sc":"unknown","speed":null,"lit":"unk","km":0.045}},
{"type":"Feature","geometry":{"type":"LineString","coordinates":[[-13.24981,8.47615],[-13.24998,8.47601]]},"properties":{"id":1168435070,"cls":"service","hw":"service","tg":"na","name":"","ref":"","surface":"unpaved","sc":"unpaved","speed":null,"lit":"unk","km":0.024}},
{"type":"Feature","geometry":{"type":"LineString","coordinates":[[-13.28105,8.46843],[-13.28062,8.46859]]},"properties":{"id":1168435834,"cls":"service","hw":"service","tg":"na","name":"","ref":"","surface":"","sc":"unknown","speed":null,"lit":"unk","km":0.051}},
{"type":"Feature","geometry":{"type":"LineString","coordinates":[[-13.2812,8.46886],[-13.28081,8.46899]]},"properties":{"id":1168435835,"cls":"service","hw":"service","tg":"na","name":"","ref":"","surface":"","sc":"unknown","speed":null,"lit":"unk","km":0.045}},
{"type":"Feature","geometry":{"type":"LineString","coordinates":[[-13.26891,8.46839],[-13.26949,8.46796],[-13.26952,8.46795],[-13.26955,8.46796],[-13.26978,8.46818]]},"properties":{"id":1168436276,"cls":"service","hw":"service","tg":"na","name":"","ref":"","surface":"","sc":"unknown","speed":null,"lit":"unk","km":0.122}},
{"type":"Feature","geometry":{"type":"LineString","coordinates":[[-13.1805,8.61689],[-13.18066,8.61632],[-13.18076,8.61597],[-13.18084,8.61589],[-13.18137,8.61604],[-13.18137,8.61612],[-13.18129,8.61636],[-13.18081,8.61621],[-13.18075,8.61623],[-13.18066,8.61632]]},"properties":{"id":1169830851,"cls":"service","hw":"service","tg":"na","name":"","ref":"","surface":"","sc":"unknown","speed":null,"lit":"unk","km":0.293}},
{"type":"Feature","geometry":{"type":"LineString","coordinates":[[-13.18069,8.61545],[-13.1893,8.61808],[-13.19028,8.61838]]},"properties":{"id":1169830852,"cls":"service","hw":"service","tg":"na","name":"","ref":"","surface":"","sc":"unknown","speed":null,"lit":"unk","km":1.104}},
{"type":"Feature","geometry":{"type":"LineString","coordinates":[[-13.18752,8.61899],[-13.1876,8.6187],[-13.18763,8.61859],[-13.18759,8.61853],[-13.18755,8.61849],[-13.18693,8.61831],[-13.18641,8.61815],[-13.18595,8.618],[-13.18589,8.61802],[-13.18585,8.61805],[-13.18581,8.61815],[-13.18572,8.61844]]},"properties":{"id":1169830853,"cls":"service","hw":"service","tg":"na","name":"","ref":"","surface":"","sc":"unknown","speed":null,"lit":"unk","km":0.303}},
{"type":"Feature","geometry":{"type":"LineString","coordinates":[[-13.1876,8.6187],[-13.18581,8.61815]]},"properties":{"id":1169830854,"cls":"service","hw":"service","tg":"na","name":"","ref":"","surface":"","sc":"unknown","speed":null,"lit":"unk","km":0.206}},
{"type":"Feature","geometry":{"type":"LineString","coordinates":[[-13.18763,8.61859],[-13.18775,8.61852],[-13.1878,8.61846],[-13.18792,8.61813]]},"properties":{"id":1169830860,"cls":"service","hw":"service","tg":"na","name":"","ref":"","surface":"","sc":"unknown","speed":null,"lit":"unk","km":0.063}},
{"type":"Feature","geometry":{"type":"LineString","coordinates":[[-13.18868,8.61836],[-13.18792,8.61813],[-13.18782,8.61809]]},"properties":{"id":1169830861,"cls":"service","hw":"service","tg":"na","name":"","ref":"","surface":"","sc":"unknown","speed":null,"lit":"unk","km":0.099}},
{"type":"Feature","geometry":{"type":"LineString","coordinates":[[-13.1893,8.61808],[-13.18916,8.61853],[-13.18918,8.6186],[-13.18915,8.6187],[-13.18908,8.6188]]},"properties":{"id":1169863448,"cls":"service","hw":"service","tg":"na","name":"","ref":"","surface":"","sc":"unknown","speed":null,"lit":"unk","km":0.086}},
{"type":"Feature","geometry":{"type":"LineString","coordinates":[[-13.18916,8.61853],[-13.1891,8.61857],[-13.18906,8.61868],[-13.18908,8.6188]]},"properties":{"id":1169863449,"cls":"service","hw":"service","tg":"na","name":"","ref":"","surface":"","sc":"unknown","speed":null,"lit":"unk","km":0.034}},
{"type":"Feature","geometry":{"type":"LineString","coordinates":[[-13.22497,8.45472],[-13.22467,8.45453]]},"properties":{"id":1170453898,"cls":"service","hw":"service","tg":"na","name":"","ref":"","surface":"","sc":"unknown","speed":null,"lit":"unk","km":0.039}},
{"type":"Feature","geometry":{"type":"LineString","coordinates":[[-13.12744,8.20274],[-13.12733,8.20293],[-13.12734,8.20302],[-13.12737,8.20316],[-13.12739,8.2033],[-13.12739,8.20341]]},"properties":{"id":1171902262,"cls":"service","hw":"service","tg":"na","name":"","ref":"","surface":"","sc":"unknown","speed":null,"lit":"unk","km":0.078}},
{"type":"Feature","geometry":{"type":"LineString","coordinates":[[-13.12914,8.2063],[-13.12974,8.20625],[-13.13016,8.20615],[-13.13047,8.20611],[-13.13064,8.20608]]},"properties":{"id":1171910546,"cls":"service","hw":"service","tg":"na","name":"","ref":"","surface":"","sc":"unknown","speed":null,"lit":"unk","km":0.167}},
{"type":"Feature","geometry":{"type":"LineString","coordinates":[[-13.26196,8.47465],[-13.26201,8.47483]]},"properties":{"id":1182166335,"cls":"service","hw":"service","tg":"na","name":"","ref":"","surface":"","sc":"unknown","speed":null,"lit":"unk","km":0.021}},
{"type":"Feature","geometry":{"type":"LineString","coordinates":[[-13.26135,8.4746],[-13.26189,8.47466],[-13.26196,8.47465],[-13.26204,8.47465],[-13.26206,8.47466],[-13.26214,8.47481]]},"properties":{"id":1182166336,"cls":"service","hw":"service","tg":"na","name":"","ref":"","surface":"","sc":"unknown","speed":null,"lit":"unk","km":0.098}},
{"type":"Feature","geometry":{"type":"LineString","coordinates":[[-13.26287,8.47538],[-13.2628,8.47527],[-13.26278,8.47524],[-13.26275,8.47523],[-13.26268,8.47524],[-13.26247,8.47531]]},"properties":{"id":1182166337,"cls":"service","hw":"service","tg":"na","name":"","ref":"","surface":"","sc":"unknown","speed":null,"lit":"unk","km":0.054}},
{"type":"Feature","geometry":{"type":"LineString","coordinates":[[-13.23518,8.4887],[-13.23507,8.48883],[-13.23504,8.48884],[-13.23501,8.48883],[-13.23481,8.48861]]},"properties":{"id":1184960110,"cls":"service","hw":"service","tg":"na","name":"","ref":"","surface":"","sc":"unknown","speed":null,"lit":"unk","km":0.059}},
{"type":"Feature","geometry":{"type":"LineString","coordinates":[[-13.23574,8.48833],[-13.23535,8.48859]]},"properties":{"id":1184960111,"cls":"service","hw":"service","tg":"na","name":"","ref":"","surface":"","sc":"unknown","speed":null,"lit":"unk","km":0.052}},
{"type":"Feature","geometry":{"type":"LineString","coordinates":[[-11.19179,7.87499],[-11.19204,7.87514],[-11.19214,7.87519],[-11.1923,7.87518],[-11.19238,7.87513]]},"properties":{"id":1185915013,"cls":"service","hw":"service","tg":"na","name":"","ref":"","surface":"","sc":"unknown","speed":null,"lit":"unk","km":0.073}},
{"type":"Feature","geometry":{"type":"LineString","coordinates":[[-11.19238,7.87513],[-11.19238,7.87503],[-11.19235,7.87499],[-11.19227,7.87499],[-11.1922,7.87503],[-11.19204,7.87514]]},"properties":{"id":1185915014,"cls":"service","hw":"service","tg":"na","name":"","ref":"","surface":"","sc":"unknown","speed":null,"lit":"unk","km":0.056}},
{"type":"Feature","geometry":{"type":"LineString","coordinates":[[-11.19366,7.87425],[-11.19391,7.87448],[-11.19392,7.87457],[-11.19382,7.87469],[-11.19364,7.87486]]},"properties":{"id":1185915015,"cls":"service","hw":"service","tg":"na","name":"","ref":"","surface":"","sc":"unknown","speed":null,"lit":"unk","km":0.092}},
{"type":"Feature","geometry":{"type":"LineString","coordinates":[[-11.19346,7.87454],[-11.19364,7.87486],[-11.19368,7.87493],[-11.19373,7.87511],[-11.19376,7.87523],[-11.19392,7.8756]]},"properties":{"id":1185915016,"cls":"service","hw":"service","tg":"na","name":"","ref":"","surface":"","sc":"unknown","speed":null,"lit":"unk","km":0.129}},
{"type":"Feature","geometry":{"type":"LineString","coordinates":[[-13.21836,8.48962],[-13.21839,8.48979],[-13.21839,8.4898],[-13.2184,8.48981],[-13.21842,8.48981],[-13.21874,8.48977]]},"properties":{"id":1186703483,"cls":"service","hw":"service","tg":"na","name":"","ref":"","surface":"","sc":"unknown","speed":null,"lit":"unk","km":0.06}},
{"type":"Feature","geometry":{"type":"LineString","coordinates":[[-13.19843,8.47684],[-13.19842,8.4769],[-13.19837,8.47693],[-13.19834,8.47696],[-13.1983,8.47697],[-13.1981,8.47702]]},"properties":{"id":1186705518,"cls":"service","hw":"service","tg":"na","name":"","ref":"","surface":"","sc":"unknown","speed":null,"lit":"unk","km":0.045}},
{"type":"Feature","geometry":{"type":"LineString","coordinates":[[-13.27044,8.45972],[-13.27066,8.45967]]},"properties":{"id":1187193599,"cls":"service","hw":"service","tg":"na","name":"","ref":"","surface":"","sc":"unknown","speed":null,"lit":"unk","km":0.025}},
{"type":"Feature","geometry":{"type":"LineString","coordinates":[[-13.27061,8.45995],[-13.27044,8.45972],[-13.27033,8.45956]]},"properties":{"id":1187193600,"cls":"service","hw":"service","tg":"na","name":"","ref":"","surface":"","sc":"unknown","speed":null,"lit":"unk","km":0.053}},
{"type":"Feature","geometry":{"type":"LineString","coordinates":[[-13.05604,8.31537],[-13.05626,8.31519]]},"properties":{"id":1190737901,"cls":"service","hw":"service","tg":"na","name":"","ref":"","surface":"","sc":"unknown","speed":null,"lit":"unk","km":0.031}},
{"type":"Feature","geometry":{"type":"LineString","coordinates":[[-13.05667,8.31841],[-13.05657,8.31835],[-13.05652,8.3183],[-13.05646,8.31824],[-13.05642,8.31821],[-13.05632,8.31817]]},"properties":{"id":1190737902,"cls":"service","hw":"service","tg":"na","name":"","ref":"","surface":"","sc":"unknown","speed":null,"lit":"unk","km":0.047}},
{"type":"Feature","geometry":{"type":"LineString","coordinates":[[-13.17736,8.46366],[-13.17741,8.46369],[-13.17747,8.46375],[-13.17747,8.4638],[-13.17744,8.46387],[-13.17745,8.46395],[-13.17745,8.46403],[-13.17752,8.46409],[-13.17763,8.46418],[-13.17767,8.46432],[-13.17769,8.46443],[-13.17765,8.46459],[-13.17757,8.46469]]},"properties":{"id":1193501990,"cls":"service","hw":"service","tg":"na","name":"","ref":"","surface":"","sc":"unknown","speed":null,"lit":"unk","km":0.135}},
{"type":"Feature","geometry":{"type":"LineString","coordinates":[[-11.93148,8.7178],[-11.93124,8.71819]]},"properties":{"id":1193907886,"cls":"service","hw":"service","tg":"na","name":"","ref":"","surface":"","sc":"unknown","speed":null,"lit":"unk","km":0.051}},
{"type":"Feature","geometry":{"type":"LineString","coordinates":[[-11.93089,8.71786],[-11.93073,8.71802],[-11.93055,8.71823]]},"properties":{"id":1193907887,"cls":"service","hw":"service","tg":"na","name":"","ref":"","surface":"","sc":"unknown","speed":null,"lit":"unk","km":0.056}},
{"type":"Feature","geometry":{"type":"LineString","coordinates":[[-13.25289,8.47387],[-13.25269,8.4741]]},"properties":{"id":1195400481,"cls":"service","hw":"service","tg":"na","name":"","ref":"","surface":"","sc":"unknown","speed":null,"lit":"unk","km":0.034}},
{"type":"Feature","geometry":{"type":"LineString","coordinates":[[-12.24231,8.46827],[-12.24248,8.46831],[-12.24273,8.46839],[-12.24292,8.46846],[-12.24311,8.46851],[-12.24322,8.46855]]},"properties":{"id":1198731929,"cls":"service","hw":"service","tg":"na","name":"","ref":"","surface":"concrete","sc":"paved","speed":null,"lit":"unk","km":0.105}},
{"type":"Feature","geometry":{"type":"LineString","coordinates":[[-13.15881,8.44443],[-13.15905,8.44476]]},"properties":{"id":1199345583,"cls":"service","hw":"service","tg":"na","name":"","ref":"","surface":"unpaved","sc":"unpaved","speed":null,"lit":"unk","km":0.045}},
{"type":"Feature","geometry":{"type":"LineString","coordinates":[[-13.16099,8.44218],[-13.16127,8.44217]]},"properties":{"id":1199345584,"cls":"service","hw":"service","tg":"na","name":"","ref":"","surface":"unpaved","sc":"unpaved","speed":null,"lit":"unk","km":0.031}},
{"type":"Feature","geometry":{"type":"LineString","coordinates":[[-13.16124,8.44182],[-13.16127,8.44217],[-13.16129,8.44239]]},"properties":{"id":1199345585,"cls":"service","hw":"service","tg":"na","name":"","ref":"","surface":"unpaved","sc":"unpaved","speed":null,"lit":"unk","km":0.064}},
{"type":"Feature","geometry":{"type":"LineString","coordinates":[[-13.16097,8.44184],[-13.16124,8.44182],[-13.16148,8.4418],[-13.1615,8.44181],[-13.16153,8.44183],[-13.16156,8.44212]]},"properties":{"id":1199345586,"cls":"service","hw":"service","tg":"na","name":"","ref":"","surface":"unpaved","sc":"unpaved","speed":null,"lit":"unk","km":0.095}},
{"type":"Feature","geometry":{"type":"LineString","coordinates":[[-13.16037,8.44213],[-13.16031,8.44216],[-13.1603,8.44218],[-13.16036,8.44247]]},"properties":{"id":1199345587,"cls":"service","hw":"service","tg":"na","name":"","ref":"","surface":"paved","sc":"paved","speed":null,"lit":"unk","km":0.043}},
{"type":"Feature","geometry":{"type":"LineString","coordinates":[[-13.24866,8.45327],[-13.24886,8.45283]]},"properties":{"id":1204786532,"cls":"service","hw":"service","tg":"na","name":"","ref":"","surface":"paved","sc":"paved","speed":null,"lit":"unk","km":0.054}},
{"type":"Feature","geometry":{"type":"LineString","coordinates":[[-13.1578,8.43564],[-13.15785,8.43592],[-13.15784,8.43597],[-13.15773,8.43602],[-13.15728,8.43615]]},"properties":{"id":1207910880,"cls":"service","hw":"service","tg":"na","name":"","ref":"","surface":"unpaved","sc":"unpaved","speed":null,"lit":"unk","km":0.102}},
{"type":"Feature","geometry":{"type":"LineString","coordinates":[[-13.15481,8.43461],[-13.15489,8.43491],[-13.1549,8.43494],[-13.15489,8.43496],[-13.15475,8.43505]]},"properties":{"id":1207910881,"cls":"service","hw":"service","tg":"na","name":"","ref":"","surface":"","sc":"unknown","speed":null,"lit":"unk","km":0.059}},
{"type":"Feature","geometry":{"type":"LineString","coordinates":[[-13.23048,8.48142],[-13.23056,8.48149]]},"properties":{"id":1211164453,"cls":"service","hw":"service","tg":"na","name":"","ref":"","surface":"","sc":"unknown","speed":null,"lit":"unk","km":0.012}},
{"type":"Feature","geometry":{"type":"LineString","coordinates":[[-13.23231,8.48545],[-13.23291,8.48505]]},"properties":{"id":1211164454,"cls":"service","hw":"service","tg":"na","name":"","ref":"","surface":"","sc":"unknown","speed":null,"lit":"unk","km":0.08}},
{"type":"Feature","geometry":{"type":"LineString","coordinates":[[-13.23031,8.48178],[-13.23031,8.48168],[-13.23034,8.48155],[-13.23037,8.4815],[-13.23048,8.48142],[-13.23062,8.48138],[-13.23077,8.48137]]},"properties":{"id":1211164455,"cls":"service","hw":"service","tg":"na","name":"","ref":"","surface":"","sc":"unknown","speed":null,"lit":"unk","km":0.08}},
{"type":"Feature","geometry":{"type":"LineString","coordinates":[[-13.2761,8.43848],[-13.27622,8.43849],[-13.27634,8.43848],[-13.27643,8.43845],[-13.27652,8.4384]]},"properties":{"id":1211745668,"cls":"service","hw":"service","tg":"na","name":"","ref":"","surface":"","sc":"unknown","speed":null,"lit":"unk","km":0.048}},
{"type":"Feature","geometry":{"type":"LineString","coordinates":[[-13.27603,8.43842],[-13.2761,8.43848],[-13.27613,8.43856],[-13.27617,8.43875]]},"properties":{"id":1211745669,"cls":"service","hw":"service","tg":"na","name":"","ref":"","surface":"","sc":"unknown","speed":null,"lit":"unk","km":0.041}},
{"type":"Feature","geometry":{"type":"LineString","coordinates":[[-13.22048,8.4784],[-13.22019,8.47814]]},"properties":{"id":1226636279,"cls":"service","hw":"service","tg":"na","name":"","ref":"","surface":"compacted","sc":"unpaved","speed":null,"lit":"unk","km":0.043}},
{"type":"Feature","geometry":{"type":"LineString","coordinates":[[-13.21779,8.48216],[-13.21833,8.48251]]},"properties":{"id":1226636280,"cls":"service","hw":"service","tg":"na","name":"","ref":"","surface":"","sc":"unknown","speed":null,"lit":"unk","km":0.071}},
{"type":"Feature","geometry":{"type":"LineString","coordinates":[[-13.17369,8.46399],[-13.17406,8.46395],[-13.17417,8.46392],[-13.17427,8.46389]]},"properties":{"id":1226663960,"cls":"service","hw":"service","tg":"na","name":"","ref":"","surface":"","sc":"unknown","speed":null,"lit":"unk","km":0.065}},
{"type":"Feature","geometry":{"type":"LineString","coordinates":[[-13.20728,8.47753],[-13.20744,8.47789]]},"properties":{"id":1227101954,"cls":"service","hw":"service","tg":"na","name":"","ref":"","surface":"","sc":"unknown","speed":null,"lit":"unk","km":0.044}},
{"type":"Feature","geometry":{"type":"LineString","coordinates":[[-13.208,8.4774],[-13.20859,8.47721],[-13.20864,8.47723],[-13.20867,8.47726],[-13.20897,8.47764]]},"properties":{"id":1227101955,"cls":"service","hw":"service","tg":"na","name":"","ref":"","surface":"","sc":"unknown","speed":null,"lit":"unk","km":0.132}},
{"type":"Feature","geometry":{"type":"LineString","coordinates":[[-13.21159,8.47927],[-13.21171,8.47924],[-13.21195,8.47918]]},"properties":{"id":1227101956,"cls":"service","hw":"service","tg":"na","name":"","ref":"","surface":"","sc":"unknown","speed":null,"lit":"unk","km":0.041}},
{"type":"Feature","geometry":{"type":"LineString","coordinates":[[-13.21173,8.47979],[-13.21189,8.47974],[-13.21216,8.47965],[-13.21222,8.47963],[-13.21227,8.47973],[-13.21229,8.47986],[-13.2123,8.47989],[-13.21221,8.47993]]},"properties":{"id":1227101957,"cls":"service","hw":"service","tg":"na","name":"","ref":"","surface":"","sc":"unknown","speed":null,"lit":"unk","km":0.098}},
{"type":"Feature","geometry":{"type":"LineString","coordinates":[[-13.21189,8.47974],[-13.21171,8.47924],[-13.21167,8.47912],[-13.21197,8.47904],[-13.21202,8.4791],[-13.21226,8.47902]]},"properties":{"id":1227101958,"cls":"service","hw":"service","tg":"na","name":"","ref":"","surface":"","sc":"unknown","speed":null,"lit":"unk","km":0.144}},
{"type":"Feature","geometry":{"type":"LineString","coordinates":[[-13.20572,8.47776],[-13.20573,8.47811],[-13.20573,8.47832]]},"properties":{"id":1227255863,"cls":"service","hw":"service","tg":"na","name":"","ref":"","surface":"","sc":"unknown","speed":null,"lit":"unk","km":0.062}},
{"type":"Feature","geometry":{"type":"LineString","coordinates":[[-13.20406,8.47772],[-13.204,8.4773]]},"properties":{"id":1227255864,"cls":"service","hw":"service","tg":"na","name":"","ref":"","surface":"","sc":"unknown","speed":null,"lit":"unk","km":0.047}},
{"type":"Feature","geometry":{"type":"LineString","coordinates":[[-13.20233,8.47752],[-13.20233,8.47716]]},"properties":{"id":1227255865,"cls":"service","hw":"service","tg":"na","name":"","ref":"","surface":"","sc":"unknown","speed":null,"lit":"unk","km":0.04}},
{"type":"Feature","geometry":{"type":"LineString","coordinates":[[-13.20583,8.47733],[-13.20572,8.47704],[-13.20562,8.47675],[-13.20557,8.47666],[-13.20552,8.47655]]},"properties":{"id":1227255866,"cls":"service","hw":"service","tg":"na","name":"","ref":"","surface":"","sc":"unknown","speed":null,"lit":"unk","km":0.093}},
{"type":"Feature","geometry":{"type":"LineString","coordinates":[[-13.20647,8.47716],[-13.20639,8.47688]]},"properties":{"id":1227255867,"cls":"service","hw":"service","tg":"na","name":"","ref":"","surface":"","sc":"unknown","speed":null,"lit":"unk","km":0.032}},
{"type":"Feature","geometry":{"type":"LineString","coordinates":[[-13.2043,8.47947],[-13.20437,8.47913],[-13.20439,8.47911],[-13.20442,8.47911],[-13.20457,8.47913]]},"properties":{"id":1227255868,"cls":"service","hw":"service","tg":"na","name":"","ref":"","surface":"","sc":"unknown","speed":null,"lit":"unk","km":0.062}},
{"type":"Feature","geometry":{"type":"LineString","coordinates":[[-13.20616,8.47928],[-13.20588,8.4793],[-13.2058,8.47929],[-13.20578,8.47926],[-13.20575,8.47916],[-13.20573,8.47911],[-13.20569,8.47909],[-13.20538,8.47912]]},"properties":{"id":1227255869,"cls":"service","hw":"service","tg":"na","name":"","ref":"","surface":"","sc":"unknown","speed":null,"lit":"unk","km":0.101}},
{"type":"Feature","geometry":{"type":"LineString","coordinates":[[-13.20408,8.47943],[-13.20417,8.47903],[-13.20416,8.479],[-13.20413,8.47898],[-13.2041,8.47896],[-13.20408,8.47892],[-13.20405,8.47889],[-13.20331,8.47875]]},"properties":{"id":1227255870,"cls":"service","hw":"service","tg":"na","name":"","ref":"","surface":"","sc":"unknown","speed":null,"lit":"unk","km":0.15}},
{"type":"Feature","geometry":{"type":"LineString","coordinates":[[-13.20264,8.48009],[-13.20263,8.48005],[-13.20259,8.48],[-13.20259,8.47994],[-13.20268,8.47973]]},"properties":{"id":1227255871,"cls":"service","hw":"service","tg":"na","name":"","ref":"","surface":"","sc":"unknown","speed":null,"lit":"unk","km":0.044}},
{"type":"Feature","geometry":{"type":"LineString","coordinates":[[-13.20318,8.48008],[-13.20307,8.48018],[-13.20303,8.48018],[-13.20298,8.48017],[-13.20289,8.48009],[-13.20289,8.48006],[-13.2029,8.48002],[-13.20302,8.47996]]},"properties":{"id":1227255872,"cls":"service","hw":"service","tg":"na","name":"","ref":"","surface":"","sc":"unknown","speed":null,"lit":"unk","km":0.062}},
{"type":"Feature","geometry":{"type":"LineString","coordinates":[[-13.20361,8.48042],[-13.20349,8.48067],[-13.20345,8.4807],[-13.20335,8.48076]]},"properties":{"id":1227255873,"cls":"service","hw":"service","tg":"na","name":"","ref":"","surface":"","sc":"unknown","speed":null,"lit":"unk","km":0.049}},
{"type":"Feature","geometry":{"type":"LineString","coordinates":[[-13.20485,8.4807],[-13.20486,8.4804],[-13.20485,8.48024],[-13.20482,8.48021],[-13.20479,8.4802],[-13.20424,8.48015]]},"properties":{"id":1227255874,"cls":"service","hw":"service","tg":"na","name":"","ref":"","surface":"","sc":"unknown","speed":null,"lit":"unk","km":0.12}},
{"type":"Feature","geometry":{"type":"LineString","coordinates":[[-13.20468,8.48198],[-13.20429,8.48181]]},"properties":{"id":1227255875,"cls":"service","hw":"service","tg":"na","name":"","ref":"","surface":"","sc":"unknown","speed":null,"lit":"unk","km":0.047}},
{"type":"Feature","geometry":{"type":"LineString","coordinates":[[-13.21259,8.48756],[-13.21318,8.48772]]},"properties":{"id":1229590993,"cls":"service","hw":"service","tg":"na","name":"","ref":"","surface":"","sc":"unknown","speed":null,"lit":"unk","km":0.067}},
{"type":"Feature","geometry":{"type":"LineString","coordinates":[[-13.19172,8.47438],[-13.19178,8.47426],[-13.1918,8.47424],[-13.19183,8.47424],[-13.19193,8.47426]]},"properties":{"id":1230769799,"cls":"service","hw":"service","tg":"na","name":"","ref":"","surface":"","sc":"unknown","speed":null,"lit":"unk","km":0.033}},
{"type":"Feature","geometry":{"type":"LineString","coordinates":[[-13.19103,8.47395],[-13.19106,8.47387],[-13.1911,8.47373],[-13.19119,8.47371],[-13.19133,8.47376],[-13.19134,8.47378],[-13.19133,8.47382],[-13.19133,8.47394],[-13.19141,8.4741],[-13.19146,8.47416],[-13.1915,8.47422],[-13.1915,8.47433]]},"properties":{"id":1230769800,"cls":"service","hw":"service","tg":"na","name":"","ref":"","surface":"","sc":"unknown","speed":null,"lit":"unk","km":0.121}},
{"type":"Feature","geometry":{"type":"LineString","coordinates":[[-13.19147,8.47432],[-13.19133,8.47408],[-13.19121,8.47401],[-13.19114,8.47399],[-13.19103,8.47395],[-13.19101,8.47396],[-13.191,8.47396],[-13.19094,8.47401]]},"properties":{"id":1230769802,"cls":"service","hw":"service","tg":"na","name":"","ref":"","surface":"","sc":"unknown","speed":null,"lit":"unk","km":0.079}},
{"type":"Feature","geometry":{"type":"LineString","coordinates":[[-13.19003,8.47443],[-13.19033,8.47473],[-13.19041,8.4748],[-13.19067,8.47489],[-13.19097,8.47487]]},"properties":{"id":1230769804,"cls":"service","hw":"service","tg":"na","name":"","ref":"","surface":"","sc":"unknown","speed":null,"lit":"unk","km":0.122}},
{"type":"Feature","geometry":{"type":"LineString","coordinates":[[-13.18982,8.47473],[-13.19013,8.47508],[-13.19018,8.47513],[-13.19017,8.47518],[-13.19002,8.47529],[-13.18999,8.47535],[-13.19,8.47567]]},"properties":{"id":1230769805,"cls":"service","hw":"service","tg":"na","name":"","ref":"","surface":"","sc":"unknown","speed":null,"lit":"unk","km":0.129}},
{"type":"Feature","geometry":{"type":"LineString","coordinates":[[-13.19128,8.47436],[-13.19125,8.47449],[-13.19119,8.4745],[-13.19114,8.47451],[-13.19103,8.47447],[-13.191,8.47446],[-13.19099,8.47442],[-13.19094,8.47429]]},"properties":{"id":1230769841,"cls":"service","hw":"service","tg":"na","name":"","ref":"","surface":"","sc":"unknown","speed":null,"lit":"unk","km":0.064}},
{"type":"Feature","geometry":{"type":"LineString","coordinates":[[-13.1819,8.47177],[-13.18067,8.47106]]},"properties":{"id":1236492613,"cls":"service","hw":"service","tg":"na","name":"","ref":"","surface":"","sc":"unknown","speed":null,"lit":"unk","km":0.157}},
{"type":"Feature","geometry":{"type":"LineString","coordinates":[[-13.18307,8.47184],[-13.18262,8.47166]]},"properties":{"id":1236492614,"cls":"service","hw":"service","tg":"na","name":"","ref":"","surface":"","sc":"unknown","speed":null,"lit":"unk","km":0.053}},
{"type":"Feature","geometry":{"type":"LineString","coordinates":[[-13.18234,8.47088],[-13.18299,8.47115]]},"properties":{"id":1236492615,"cls":"service","hw":"service","tg":"na","name":"","ref":"","surface":"","sc":"unknown","speed":null,"lit":"unk","km":0.078}},
{"type":"Feature","geometry":{"type":"LineString","coordinates":[[-12.06595,8.88983],[-12.06587,8.88989]]},"properties":{"id":1236528902,"cls":"service","hw":"service","tg":"na","name":"","ref":"","surface":"","sc":"unknown","speed":null,"lit":"unk","km":0.011}},
{"type":"Feature","geometry":{"type":"LineString","coordinates":[[-12.06603,8.88976],[-12.06595,8.88983]]},"properties":{"id":1236528903,"cls":"service","hw":"service","tg":"na","name":"","ref":"","surface":"","sc":"unknown","speed":null,"lit":"unk","km":0.012}},
{"type":"Feature","geometry":{"type":"LineString","coordinates":[[-12.06587,8.88989],[-12.06585,8.88991],[-12.06584,8.88993],[-12.06587,8.89007]]},"properties":{"id":1236528904,"cls":"service","hw":"service","tg":"na","name":"","ref":"","surface":"","sc":"unknown","speed":null,"lit":"unk","km":0.022}},
{"type":"Feature","geometry":{"type":"LineString","coordinates":[[-12.06234,8.89054],[-12.0626,8.89137]]},"properties":{"id":1236528905,"cls":"service","hw":"service","tg":"na","name":"","ref":"","surface":"","sc":"unknown","speed":null,"lit":"unk","km":0.097}},
{"type":"Feature","geometry":{"type":"LineString","coordinates":[[-12.05147,8.8748],[-12.05165,8.87436]]},"properties":{"id":1244504753,"cls":"service","hw":"service","tg":"na","name":"","ref":"","surface":"","sc":"unknown","speed":null,"lit":"unk","km":0.053}},
{"type":"Feature","geometry":{"type":"LineString","coordinates":[[-12.05167,8.87488],[-12.05147,8.8748],[-12.05132,8.87474]]},"properties":{"id":1244504754,"cls":"service","hw":"service","tg":"na","name":"","ref":"","surface":"","sc":"unknown","speed":null,"lit":"unk","km":0.041}},
{"type":"Feature","geometry":{"type":"LineString","coordinates":[[-12.05212,8.87523],[-12.05161,8.87504],[-12.05125,8.8749]]},"properties":{"id":1244504755,"cls":"service","hw":"service","tg":"na","name":"","ref":"","surface":"","sc":"unknown","speed":null,"lit":"unk","km":0.102}},
{"type":"Feature","geometry":{"type":"LineString","coordinates":[[-12.05149,8.87431],[-12.05132,8.87474],[-12.05125,8.8749],[-12.05119,8.87506]]},"properties":{"id":1244504756,"cls":"service","hw":"service","tg":"na","name":"","ref":"","surface":"","sc":"unknown","speed":null,"lit":"unk","km":0.09}},
{"type":"Feature","geometry":{"type":"LineString","coordinates":[[-12.05176,8.87527],[-12.05155,8.87519],[-12.05119,8.87506],[-12.05096,8.87497]]},"properties":{"id":1244504757,"cls":"service","hw":"service","tg":"na","name":"","ref":"","surface":"","sc":"unknown","speed":null,"lit":"unk","km":0.094}},
{"type":"Feature","geometry":{"type":"LineString","coordinates":[[-12.05131,8.87425],[-12.05149,8.87431],[-12.05165,8.87436],[-12.0518,8.87441],[-12.05184,8.87446],[-12.05167,8.87488],[-12.05161,8.87504],[-12.05155,8.87519]]},"properties":{"id":1244504758,"cls":"service","hw":"service","tg":"na","name":"","ref":"","surface":"","sc":"unknown","speed":null,"lit":"unk","km":0.151}},
{"type":"Feature","geometry":{"type":"LineString","coordinates":[[-13.19381,8.31504],[-13.19461,8.31487],[-13.19554,8.31484]]},"properties":{"id":1246413863,"cls":"service","hw":"service","tg":"na","name":"","ref":"","surface":"","sc":"unknown","speed":null,"lit":"unk","km":0.192}},
{"type":"Feature","geometry":{"type":"LineString","coordinates":[[-13.22128,8.47684],[-13.22117,8.47671],[-13.22114,8.47662],[-13.22108,8.47644],[-13.22107,8.4763],[-13.22103,8.47586]]},"properties":{"id":1246754178,"cls":"service","hw":"service","tg":"na","name":"","ref":"","surface":"concrete","sc":"paved","speed":null,"lit":"unk","km":0.115}},
{"type":"Feature","geometry":{"type":"LineString","coordinates":[[-13.23015,8.36954],[-13.23,8.3694],[-13.22983,8.36919],[-13.22978,8.36918],[-13.22974,8.36919],[-13.22956,8.36928],[-13.22931,8.36939],[-13.22917,8.36944],[-13.22898,8.36951]]},"properties":{"id":1247672475,"cls":"service","hw":"service","tg":"na","name":"","ref":"","surface":"unpaved","sc":"unpaved","speed":null,"lit":"unk","km":0.154}},
{"type":"Feature","geometry":{"type":"LineString","coordinates":[[-13.22716,8.36463],[-13.22675,8.36476],[-13.22634,8.36493],[-13.22608,8.36505],[-13.22589,8.36517],[-13.22583,8.36523],[-13.22573,8.3653],[-13.22546,8.36545],[-13.22521,8.36562],[-13.22497,8.36575],[-13.22474,8.36592],[-13.22471,8.36594],[-13.22467,8.36596],[-13.22463,8.36597],[-13.22459,8.36598],[-13.22455,8.36598],[-13.22451,8.36597],[-13.22392,8.36587],[-13.22376,8.36585],[-13.22371,8.36585],[-13.22366,8.36586],[-13.2236,8.36587],[-13.22355,8.36588],[-13.22331,8.36597]]},"properties":{"id":1247676072,"cls":"service","hw":"service","tg":"na","name":"","ref":"","surface":"unpaved","sc":"unpaved","speed":null,"lit":"unk","km":0.467}},
{"type":"Feature","geometry":{"type":"LineString","coordinates":[[-13.07223,8.31716],[-13.07206,8.31711],[-13.07195,8.31709],[-13.07177,8.31708],[-13.07162,8.31708],[-13.0714,8.31707],[-13.07125,8.31705],[-13.07102,8.317],[-13.07088,8.31697],[-13.07079,8.31696],[-13.07068,8.31697]]},"properties":{"id":1247682352,"cls":"service","hw":"service","tg":"na","name":"","ref":"","surface":"unpaved","sc":"unpaved","speed":null,"lit":"unk","km":0.173}},
{"type":"Feature","geometry":{"type":"LineString","coordinates":[[-13.07835,8.3433],[-13.07832,8.34311],[-13.07825,8.34293],[-13.07822,8.34274],[-13.07822,8.34251]]},"properties":{"id":1247683645,"cls":"service","hw":"service","tg":"na","name":"","ref":"","surface":"unpaved","sc":"unpaved","speed":null,"lit":"unk","km":0.09}},
{"type":"Feature","geometry":{"type":"LineString","coordinates":[[-13.16005,8.18384],[-13.16042,8.1838],[-13.16085,8.1837]]},"properties":{"id":1250817729,"cls":"service","hw":"service","tg":"na","name":"","ref":"","surface":"","sc":"unknown","speed":null,"lit":"unk","km":0.09}},
{"type":"Feature","geometry":{"type":"LineString","coordinates":[[-13.26804,8.43877],[-13.2677,8.43848]]},"properties":{"id":1252263452,"cls":"service","hw":"service","tg":"na","name":"","ref":"","surface":"","sc":"unknown","speed":null,"lit":"unk","km":0.049}},
{"type":"Feature","geometry":{"type":"LineString","coordinates":[[-11.93382,8.72029],[-11.93379,8.72028],[-11.93374,8.7203],[-11.93363,8.72041]]},"properties":{"id":1256022068,"cls":"service","hw":"service","tg":"na","name":"","ref":"","surface":"","sc":"unknown","speed":null,"lit":"unk","km":0.027}},
{"type":"Feature","geometry":{"type":"LineString","coordinates":[[-11.93386,8.72032],[-11.93382,8.72029]]},"properties":{"id":1256022069,"cls":"service","hw":"service","tg":"na","name":"","ref":"","surface":"","sc":"unknown","speed":null,"lit":"unk","km":0.006}},
{"type":"Feature","geometry":{"type":"LineString","coordinates":[[-11.93376,8.72052],[-11.93385,8.72038],[-11.93387,8.72034],[-11.93386,8.72032]]},"properties":{"id":1256022070,"cls":"service","hw":"service","tg":"na","name":"","ref":"","surface":"","sc":"unknown","speed":null,"lit":"unk","km":0.026}},
{"type":"Feature","geometry":{"type":"LineString","coordinates":[[-13.27179,8.48847],[-13.27178,8.48823]]},"properties":{"id":1257340476,"cls":"service","hw":"service","tg":"na","name":"","ref":"","surface":"","sc":"unknown","speed":null,"lit":"unk","km":0.027}},
{"type":"Feature","geometry":{"type":"LineString","coordinates":[[-13.26989,8.43327],[-13.26988,8.4329]]},"properties":{"id":1258090416,"cls":"service","hw":"service","tg":"na","name":"","ref":"","surface":"","sc":"unknown","speed":null,"lit":"unk","km":0.041}},
{"type":"Feature","geometry":{"type":"LineString","coordinates":[[-12.02221,8.87597],[-12.02205,8.87606],[-12.02182,8.8761],[-12.02154,8.87614],[-12.02137,8.87616],[-12.02125,8.87621]]},"properties":{"id":1260446737,"cls":"service","hw":"service","tg":"na","name":"","ref":"","surface":"","sc":"unknown","speed":null,"lit":"unk","km":0.11}},
{"type":"Feature","geometry":{"type":"LineString","coordinates":[[-13.03851,8.32934],[-13.03842,8.32908]]},"properties":{"id":1264444864,"cls":"service","hw":"service","tg":"na","name":"","ref":"","surface":"","sc":"unknown","speed":null,"lit":"unk","km":0.031}},
{"type":"Feature","geometry":{"type":"LineString","coordinates":[[-13.03975,8.32897],[-13.03851,8.32934],[-13.03832,8.32939]]},"properties":{"id":1264444865,"cls":"service","hw":"service","tg":"na","name":"","ref":"","surface":"","sc":"unknown","speed":null,"lit":"unk","km":0.164}},
{"type":"Feature","geometry":{"type":"LineString","coordinates":[[-12.02495,8.87653],[-12.02525,8.87598],[-12.02546,8.87565]]},"properties":{"id":1267506780,"cls":"service","hw":"service","tg":"na","name":"","ref":"","surface":"","sc":"unknown","speed":null,"lit":"unk","km":0.113}},
{"type":"Feature","geometry":{"type":"LineString","coordinates":[[-12.02746,8.87492],[-12.02709,8.87525]]},"properties":{"id":1267506781,"cls":"service","hw":"service","tg":"na","name":"","ref":"","surface":"","sc":"unknown","speed":null,"lit":"unk","km":0.055}},
{"type":"Feature","geometry":{"type":"LineString","coordinates":[[-12.03248,8.8783],[-12.03312,8.87828]]},"properties":{"id":1267506782,"cls":"service","hw":"service","tg":"na","name":"","ref":"","surface":"","sc":"unknown","speed":null,"lit":"unk","km":0.07}},
{"type":"Feature","geometry":{"type":"LineString","coordinates":[[-12.03309,8.87782],[-12.03262,8.87779],[-12.03256,8.87775],[-12.0325,8.87768],[-12.03249,8.87755],[-12.03249,8.87748],[-12.03246,8.87742],[-12.0324,8.87733],[-12.03231,8.87725],[-12.03211,8.87711]]},"properties":{"id":1267506783,"cls":"service","hw":"service","tg":"na","name":"","ref":"","surface":"","sc":"unknown","speed":null,"lit":"unk","km":0.152}},
{"type":"Feature","geometry":{"type":"LineString","coordinates":[[-12.03028,8.87938],[-12.03033,8.87866],[-12.03034,8.87857],[-12.0303,8.87851],[-12.03008,8.87821]]},"properties":{"id":1267506784,"cls":"service","hw":"service","tg":"na","name":"","ref":"","surface":"","sc":"unknown","speed":null,"lit":"unk","km":0.139}},
{"type":"Feature","geometry":{"type":"LineString","coordinates":[[-12.03007,8.87937],[-12.03007,8.87951],[-12.03006,8.87962],[-12.03004,8.87968],[-12.02993,8.87988]]},"properties":{"id":1267506785,"cls":"service","hw":"service","tg":"na","name":"","ref":"","surface":"","sc":"unknown","speed":null,"lit":"unk","km":0.06}},
{"type":"Feature","geometry":{"type":"LineString","coordinates":[[-12.03205,8.88121],[-12.03155,8.88048]]},"properties":{"id":1267506786,"cls":"service","hw":"service","tg":"na","name":"","ref":"","surface":"","sc":"unknown","speed":null,"lit":"unk","km":0.098}},
{"type":"Feature","geometry":{"type":"LineString","coordinates":[[-12.02514,8.87915],[-12.02488,8.87913]]},"properties":{"id":1267506787,"cls":"service","hw":"service","tg":"na","name":"","ref":"","surface":"","sc":"unknown","speed":null,"lit":"unk","km":0.029}},
{"type":"Feature","geometry":{"type":"LineString","coordinates":[[-12.02491,8.87937],[-12.02514,8.87915],[-12.0256,8.87886]]},"properties":{"id":1267506788,"cls":"service","hw":"service","tg":"na","name":"","ref":"","surface":"","sc":"unknown","speed":null,"lit":"unk","km":0.095}},
{"type":"Feature","geometry":{"type":"LineString","coordinates":[[-13.14328,8.39073],[-13.14314,8.39078],[-13.14307,8.39076],[-13.14301,8.3907],[-13.143,8.39064],[-13.143,8.39056],[-13.1431,8.39041]]},"properties":{"id":1272852303,"cls":"service","hw":"service","tg":"na","name":"","ref":"","surface":"sett","sc":"paved","speed":null,"lit":"unk","km":0.069}},
{"type":"Feature","geometry":{"type":"LineString","coordinates":[[-13.14408,8.39275],[-13.14422,8.39278],[-13.14431,8.39292],[-13.14432,8.39301],[-13.14427,8.39309],[-13.14414,8.39316]]},"properties":{"id":1272852304,"cls":"service","hw":"service","tg":"na","name":"","ref":"","surface":"paving_stones","sc":"paved","speed":null,"lit":"unk","km":0.071}},
{"type":"Feature","geometry":{"type":"LineString","coordinates":[[-13.20472,8.61253],[-13.20332,8.61227]]},"properties":{"id":1273265255,"cls":"service","hw":"service","tg":"na","name":"","ref":"","surface":"","sc":"unknown","speed":null,"lit":"unk","km":0.157}},
{"type":"Feature","geometry":{"type":"LineString","coordinates":[[-11.71154,7.89124],[-11.71118,7.8913],[-11.71102,7.89134],[-11.71091,7.89139],[-11.71077,7.89152],[-11.71071,7.89157],[-11.71066,7.89158],[-11.7104,7.89155],[-11.71027,7.89156],[-11.71009,7.89158]]},"properties":{"id":1273396982,"cls":"service","hw":"service","tg":"na","name":"","ref":"","surface":"","sc":"unknown","speed":null,"lit":"unk","km":0.17}},
{"type":"Feature","geometry":{"type":"LineString","coordinates":[[-12.28326,8.48208],[-12.28363,8.48197],[-12.28377,8.48199],[-12.28384,8.48201]]},"properties":{"id":1281768884,"cls":"service","hw":"service","tg":"na","name":"","ref":"","surface":"","sc":"unknown","speed":null,"lit":"unk","km":0.066}},
{"type":"Feature","geometry":{"type":"LineString","coordinates":[[-12.2836,8.48248],[-12.28364,8.48234],[-12.28377,8.48212],[-12.28384,8.48201]]},"properties":{"id":1281768885,"cls":"service","hw":"service","tg":"na","name":"","ref":"","surface":"","sc":"unknown","speed":null,"lit":"unk","km":0.059}},
{"type":"Feature","geometry":{"type":"LineString","coordinates":[[-11.74169,7.95888],[-11.74193,7.95942],[-11.74194,7.95943],[-11.74198,7.95944],[-11.74205,7.95946],[-11.7421,7.95946],[-11.74214,7.95946],[-11.7422,7.95948]]},"properties":{"id":1284837120,"cls":"service","hw":"service","tg":"na","name":"","ref":"","surface":"","sc":"unknown","speed":null,"lit":"unk","km":0.097}},
{"type":"Feature","geometry":{"type":"LineString","coordinates":[[-11.24051,7.84933],[-11.24032,7.85],[-11.24018,7.85027],[-11.24015,7.85051],[-11.2408,7.8506],[-11.24091,7.85071]]},"properties":{"id":1287925809,"cls":"service","hw":"service","tg":"na","name":"","ref":"","surface":"","sc":"unknown","speed":null,"lit":"unk","km":0.228}},
{"type":"Feature","geometry":{"type":"LineString","coordinates":[[-13.25439,8.47745],[-13.25446,8.47751],[-13.2545,8.47754],[-13.25452,8.47758],[-13.25453,8.47764],[-13.25451,8.47774],[-13.2545,8.47786],[-13.25449,8.47802],[-13.2545,8.47813],[-13.25451,8.47818],[-13.25452,8.47822],[-13.25453,8.47824],[-13.25458,8.47827],[-13.25464,8.47827],[-13.25469,8.47824],[-13.25471,8.47823]]},"properties":{"id":1289123833,"cls":"service","hw":"service","tg":"na","name":"","ref":"","surface":"asphalt","sc":"paved","speed":null,"lit":"unk","km":0.117}},
{"type":"Feature","geometry":{"type":"LineString","coordinates":[[-13.25543,8.47782],[-13.25527,8.47779],[-13.25513,8.47779],[-13.25504,8.47783],[-13.2549,8.47797],[-13.25476,8.47815],[-13.25471,8.47823]]},"properties":{"id":1289123834,"cls":"service","hw":"service","tg":"na","name":"","ref":"","surface":"ground","sc":"unpaved","speed":null,"lit":"unk","km":0.102}},
{"type":"Feature","geometry":{"type":"LineString","coordinates":[[-13.25371,8.47941],[-13.25375,8.47922],[-13.25377,8.47913],[-13.25377,8.4791],[-13.25377,8.47908],[-13.25376,8.47906],[-13.25373,8.47905],[-13.2537,8.47902],[-13.25368,8.47901],[-13.25364,8.47901],[-13.25359,8.47903],[-13.25345,8.4792]]},"properties":{"id":1289123836,"cls":"service","hw":"service","tg":"na","name":"","ref":"","surface":"","sc":"unknown","speed":null,"lit":"unk","km":0.085}},
{"type":"Feature","geometry":{"type":"LineString","coordinates":[[-13.24622,8.48941],[-13.24579,8.48935],[-13.24489,8.48924]]},"properties":{"id":1289161627,"cls":"service","hw":"service","tg":"na","name":"","ref":"","surface":"paved","sc":"paved","speed":null,"lit":"unk","km":0.147}},
{"type":"Feature","geometry":{"type":"LineString","coordinates":[[-12.0529,8.85584],[-12.0528,8.85596],[-12.05279,8.85608],[-12.0528,8.85618],[-12.05268,8.8564]]},"properties":{"id":1291518513,"cls":"service","hw":"service","tg":"na","name":"","ref":"","surface":"","sc":"unknown","speed":null,"lit":"unk","km":0.07}},
{"type":"Feature","geometry":{"type":"LineString","coordinates":[[-12.23646,9.77428],[-12.23704,9.77414],[-12.23742,9.77399],[-12.23766,9.77395],[-12.23792,9.77395],[-12.23847,9.77395],[-12.23873,9.77383]]},"properties":{"id":1291918666,"cls":"service","hw":"service","tg":"na","name":"","ref":"","surface":"","sc":"unknown","speed":null,"lit":"unk","km":0.257}},
{"type":"Feature","geometry":{"type":"LineString","coordinates":[[-12.22931,9.77344],[-12.22918,9.77308]]},"properties":{"id":1291918680,"cls":"service","hw":"service","tg":"na","name":"","ref":"","surface":"","sc":"unknown","speed":null,"lit":"unk","km":0.042}},
{"type":"Feature","geometry":{"type":"LineString","coordinates":[[-13.27101,8.4587],[-13.27103,8.45892],[-13.27102,8.45895],[-13.27089,8.45909]]},"properties":{"id":1291976362,"cls":"service","hw":"service","tg":"na","name":"","ref":"","surface":"","sc":"unknown","speed":null,"lit":"unk","km":0.049}},
{"type":"Feature","geometry":{"type":"LineString","coordinates":[[-13.27302,8.4621],[-13.27289,8.46212],[-13.27282,8.4621],[-13.27278,8.46183]]},"properties":{"id":1291976364,"cls":"service","hw":"service","tg":"na","name":"","ref":"","surface":"","sc":"unknown","speed":null,"lit":"unk","km":0.053}},
{"type":"Feature","geometry":{"type":"LineString","coordinates":[[-13.22057,8.46333],[-13.2202,8.46354],[-13.22003,8.4636],[-13.21987,8.46361],[-13.21972,8.46365],[-13.21964,8.4637],[-13.21958,8.4638],[-13.21882,8.46517]]},"properties":{"id":1294698777,"cls":"service","hw":"service","tg":"na","name":"","ref":"","surface":"","sc":"unknown","speed":null,"lit":"unk","km":0.299}},
{"type":"Feature","geometry":{"type":"LineString","coordinates":[[-13.21164,8.49053],[-13.21164,8.4902],[-13.21167,8.49009],[-13.21174,8.49001],[-13.21181,8.48996],[-13.21307,8.48995],[-13.21311,8.48997],[-13.21316,8.49005],[-13.21318,8.49053],[-13.21164,8.49053]]},"properties":{"id":1294732354,"cls":"service","hw":"service","tg":"na","name":"","ref":"","surface":"","sc":"unknown","speed":null,"lit":"unk","km":0.447}},
{"type":"Feature","geometry":{"type":"LineString","coordinates":[[-11.22487,7.84854],[-11.22439,7.84856],[-11.22426,7.84852],[-11.22415,7.84845],[-11.22409,7.8484],[-11.22392,7.84827],[-11.22376,7.84819]]},"properties":{"id":1298132676,"cls":"service","hw":"service","tg":"na","name":"","ref":"","surface":"","sc":"unknown","speed":null,"lit":"unk","km":0.134}},
{"type":"Feature","geometry":{"type":"LineString","coordinates":[[-11.22654,7.84734],[-11.22636,7.84722],[-11.22613,7.84712],[-11.22592,7.8471],[-11.22567,7.84711],[-11.22539,7.84716],[-11.22513,7.84731],[-11.22505,7.84735],[-11.22491,7.84741],[-11.22475,7.84748],[-11.22468,7.84749]]},"properties":{"id":1298136756,"cls":"service","hw":"service","tg":"na","name":"","ref":"","surface":"","sc":"unknown","speed":null,"lit":"unk","km":0.221}},
{"type":"Feature","geometry":{"type":"LineString","coordinates":[[-11.22439,7.85169],[-11.22439,7.85158],[-11.22409,7.85127]]},"properties":{"id":1298142028,"cls":"service","hw":"service","tg":"na","name":"","ref":"","surface":"","sc":"unknown","speed":null,"lit":"unk","km":0.06}},
{"type":"Feature","geometry":{"type":"LineString","coordinates":[[-11.22598,7.84878],[-11.2261,7.84865],[-11.22628,7.84861],[-11.22645,7.84888],[-11.22653,7.84907]]},"properties":{"id":1298146391,"cls":"service","hw":"service","tg":"na","name":"","ref":"","surface":"","sc":"unknown","speed":null,"lit":"unk","km":0.098}},
{"type":"Feature","geometry":{"type":"LineString","coordinates":[[-11.22622,7.84941],[-11.22628,7.84952]]},"properties":{"id":1298146392,"cls":"service","hw":"service","tg":"na","name":"","ref":"","surface":"","sc":"unknown","speed":null,"lit":"unk","km":0.014}},
{"type":"Feature","geometry":{"type":"LineString","coordinates":[[-11.2262,7.84936],[-11.22622,7.84941]]},"properties":{"id":1298146393,"cls":"service","hw":"service","tg":"na","name":"","ref":"","surface":"","sc":"unknown","speed":null,"lit":"unk","km":0.006}},
{"type":"Feature","geometry":{"type":"LineString","coordinates":[[-11.22521,7.85313],[-11.22463,7.85249]]},"properties":{"id":1298152358,"cls":"service","hw":"service","tg":"na","name":"","ref":"","surface":"","sc":"unknown","speed":null,"lit":"unk","km":0.096}},
{"type":"Feature","geometry":{"type":"LineString","coordinates":[[-11.22459,7.85255],[-11.2242,7.85246],[-11.22402,7.8523]]},"properties":{"id":1298152359,"cls":"service","hw":"service","tg":"na","name":"","ref":"","surface":"","sc":"unknown","speed":null,"lit":"unk","km":0.071}},
{"type":"Feature","geometry":{"type":"LineString","coordinates":[[-11.22656,7.8491],[-11.22668,7.8493]]},"properties":{"id":1298827460,"cls":"service","hw":"service","tg":"na","name":"","ref":"","surface":"","sc":"unknown","speed":null,"lit":"unk","km":0.026}},
{"type":"Feature","geometry":{"type":"LineString","coordinates":[[-11.22653,7.84907],[-11.22656,7.8491]]},"properties":{"id":1298827461,"cls":"service","hw":"service","tg":"na","name":"","ref":"","surface":"","sc":"unknown","speed":null,"lit":"unk","km":0.005}},
{"type":"Feature","geometry":{"type":"LineString","coordinates":[[-12.307,7.76432],[-12.30692,7.76437],[-12.30654,7.76475],[-12.30641,7.7649]]},"properties":{"id":1299931592,"cls":"service","hw":"service","tg":"na","name":"","ref":"","surface":"","sc":"unknown","speed":null,"lit":"unk","km":0.092}},
{"type":"Feature","geometry":{"type":"LineString","coordinates":[[-13.24812,8.44955],[-13.2482,8.44933],[-13.2483,8.44921],[-13.24844,8.44893],[-13.24844,8.44884],[-13.2484,8.44878]]},"properties":{"id":1300572803,"cls":"service","hw":"service","tg":"na","name":"","ref":"","surface":"paved","sc":"paved","speed":null,"lit":"unk","km":0.096}},
{"type":"Feature","geometry":{"type":"LineString","coordinates":[[-13.27002,8.48916],[-13.26998,8.48929],[-13.26998,8.48931],[-13.27002,8.48945],[-13.27003,8.48947],[-13.27004,8.48949],[-13.27025,8.48961]]},"properties":{"id":1301402017,"cls":"service","hw":"service","tg":"na","name":"","ref":"","surface":"","sc":"unknown","speed":null,"lit":"unk","km":0.065}},
{"type":"Feature","geometry":{"type":"LineString","coordinates":[[-13.19158,8.47442],[-13.1915,8.47472],[-13.19141,8.4749],[-13.19138,8.475]]},"properties":{"id":1302256589,"cls":"service","hw":"service","tg":"na","name":"","ref":"","surface":"","sc":"unknown","speed":null,"lit":"unk","km":0.068}},
{"type":"Feature","geometry":{"type":"LineString","coordinates":[[-13.13979,8.37505],[-13.13936,8.37481]]},"properties":{"id":1305210563,"cls":"service","hw":"service","tg":"na","name":"","ref":"","surface":"","sc":"unknown","speed":null,"lit":"unk","km":0.054}},
{"type":"Feature","geometry":{"type":"LineString","coordinates":[[-10.56859,8.28448],[-10.56815,8.2846],[-10.56802,8.28473]]},"properties":{"id":1305614475,"cls":"service","hw":"service","tg":"na","name":"","ref":"","surface":"","sc":"unknown","speed":null,"lit":"unk","km":0.071}},
{"type":"Feature","geometry":{"type":"LineString","coordinates":[[-10.58326,8.2644],[-10.58347,8.26416],[-10.58348,8.26408]]},"properties":{"id":1305616417,"cls":"service","hw":"service","tg":"na","name":"","ref":"","surface":"","sc":"unknown","speed":null,"lit":"unk","km":0.044}},
{"type":"Feature","geometry":{"type":"LineString","coordinates":[[-13.1545,8.38692],[-13.15449,8.3868],[-13.15448,8.3867],[-13.15433,8.38637],[-13.15424,8.3863],[-13.15422,8.38628],[-13.1542,8.38623],[-13.1541,8.38566]]},"properties":{"id":1305846405,"cls":"service","hw":"service","tg":"na","name":"","ref":"","surface":"","sc":"unknown","speed":null,"lit":"unk","km":0.151}},
{"type":"Feature","geometry":{"type":"LineString","coordinates":[[-13.27162,8.46468],[-13.27176,8.46476],[-13.27185,8.46494],[-13.27193,8.46516]]},"properties":{"id":1306614215,"cls":"service","hw":"service","tg":"na","name":"","ref":"","surface":"","sc":"unknown","speed":null,"lit":"unk","km":0.066}},
{"type":"Feature","geometry":{"type":"LineString","coordinates":[[-13.22504,8.4551],[-13.22497,8.45472]]},"properties":{"id":1306627952,"cls":"service","hw":"service","tg":"na","name":"","ref":"","surface":"","sc":"unknown","speed":null,"lit":"unk","km":0.043}},
{"type":"Feature","geometry":{"type":"LineString","coordinates":[[-11.19039,7.88009],[-11.19072,7.88018],[-11.19074,7.88021],[-11.1907,7.88037],[-11.19068,7.88039],[-11.19038,7.88036]]},"properties":{"id":1309163605,"cls":"service","hw":"service","tg":"na","name":"","ref":"","surface":"","sc":"unknown","speed":null,"lit":"unk","km":0.096}},
{"type":"Feature","geometry":{"type":"LineString","coordinates":[[-13.24448,8.49002],[-13.24458,8.49012],[-13.24461,8.4902],[-13.24461,8.49033]]},"properties":{"id":1311128854,"cls":"service","hw":"service","tg":"na","name":"","ref":"","surface":"","sc":"unknown","speed":null,"lit":"unk","km":0.04}},
{"type":"Feature","geometry":{"type":"LineString","coordinates":[[-11.73908,7.96455],[-11.73907,7.96464],[-11.73904,7.96468],[-11.73899,7.96471],[-11.73891,7.96471],[-11.73887,7.96468],[-11.73881,7.9646]]},"properties":{"id":1315918014,"cls":"service","hw":"service","tg":"na","name":"","ref":"","surface":"","sc":"unknown","speed":null,"lit":"unk","km":0.047}},
{"type":"Feature","geometry":{"type":"LineString","coordinates":[[-12.22903,8.69052],[-12.22983,8.69055],[-12.23124,8.69059],[-12.23161,8.69062],[-12.23182,8.69068],[-12.23199,8.69069],[-12.2321,8.69059],[-12.23235,8.69049],[-12.23255,8.69043],[-12.23272,8.69043],[-12.23293,8.6905]]},"properties":{"id":1321872273,"cls":"service","hw":"service","tg":"na","name":"Conteh Street","ref":"","surface":"unpaved","sc":"unpaved","speed":null,"lit":"unk","km":0.439}},
{"type":"Feature","geometry":{"type":"LineString","coordinates":[[-13.27905,8.4494],[-13.27924,8.4495],[-13.27927,8.44952],[-13.27931,8.44963],[-13.27932,8.4497],[-13.27921,8.44998]]},"properties":{"id":1341152213,"cls":"service","hw":"service","tg":"na","name":"","ref":"","surface":"","sc":"unknown","speed":null,"lit":"unk","km":0.082}},
{"type":"Feature","geometry":{"type":"LineString","coordinates":[[-13.27892,8.44928],[-13.27891,8.44913],[-13.27892,8.44876]]},"properties":{"id":1341152214,"cls":"service","hw":"service","tg":"na","name":"","ref":"","surface":"","sc":"unknown","speed":null,"lit":"unk","km":0.058}},
{"type":"Feature","geometry":{"type":"LineString","coordinates":[[-13.28435,8.47759],[-13.28405,8.47773],[-13.28405,8.47775],[-13.28413,8.478]]},"properties":{"id":1343401785,"cls":"service","hw":"service","tg":"na","name":"","ref":"","surface":"unpaved","sc":"unpaved","speed":null,"lit":"unk","km":0.068}},
{"type":"Feature","geometry":{"type":"LineString","coordinates":[[-13.28431,8.47754],[-13.28385,8.4777],[-13.28382,8.4777],[-13.28379,8.47767],[-13.28372,8.47745]]},"properties":{"id":1343401786,"cls":"service","hw":"service","tg":"na","name":"","ref":"","surface":"unpaved","sc":"unpaved","speed":null,"lit":"unk","km":0.087}},
{"type":"Feature","geometry":{"type":"LineString","coordinates":[[-13.28488,8.47895],[-13.28435,8.4792]]},"properties":{"id":1343401787,"cls":"service","hw":"service","tg":"na","name":"","ref":"","surface":"unpaved","sc":"unpaved","speed":null,"lit":"unk","km":0.065}},
{"type":"Feature","geometry":{"type":"LineString","coordinates":[[-13.23059,8.47859],[-13.23063,8.47865],[-13.23062,8.47868],[-13.23059,8.47872],[-13.23056,8.47874],[-13.23053,8.47874],[-13.23046,8.47871]]},"properties":{"id":1349050236,"cls":"service","hw":"service","tg":"na","name":"","ref":"","surface":"","sc":"unknown","speed":null,"lit":"unk","km":0.033}},
{"type":"Feature","geometry":{"type":"LineString","coordinates":[[-13.2315,8.47839],[-13.23149,8.47849],[-13.23152,8.47864],[-13.23154,8.47881]]},"properties":{"id":1349050237,"cls":"service","hw":"service","tg":"na","name":"","ref":"","surface":"","sc":"unknown","speed":null,"lit":"unk","km":0.047}},
{"type":"Feature","geometry":{"type":"LineString","coordinates":[[-13.12561,8.38554],[-13.12552,8.38549],[-13.12548,8.38547],[-13.12541,8.38546],[-13.12536,8.38545],[-13.12531,8.38547],[-13.12525,8.3855],[-13.12522,8.38555],[-13.12522,8.38559],[-13.12525,8.3859]]},"properties":{"id":1351540273,"cls":"service","hw":"service","tg":"na","name":"","ref":"","surface":"","sc":"unknown","speed":null,"lit":"unk","km":0.089}},
{"type":"Feature","geometry":{"type":"LineString","coordinates":[[-11.71471,7.94954],[-11.71464,7.9497],[-11.71458,7.94982]]},"properties":{"id":1351873770,"cls":"service","hw":"service","tg":"na","name":"","ref":"","surface":"","sc":"unknown","speed":null,"lit":"unk","km":0.034}},
{"type":"Feature","geometry":{"type":"LineString","coordinates":[[-13.25994,8.45058],[-13.25956,8.45048]]},"properties":{"id":1354785648,"cls":"service","hw":"service","tg":"na","name":"","ref":"","surface":"","sc":"unknown","speed":null,"lit":"unk","km":0.043}},
{"type":"Feature","geometry":{"type":"LineString","coordinates":[[-13.11173,8.3853],[-13.11145,8.38527],[-13.11136,8.38527]]},"properties":{"id":1358469533,"cls":"service","hw":"service","tg":"na","name":"","ref":"","surface":"","sc":"unknown","speed":null,"lit":"unk","km":0.041}},
{"type":"Feature","geometry":{"type":"LineString","coordinates":[[-13.19899,8.47678],[-13.19893,8.47688],[-13.1989,8.477],[-13.19891,8.4771]]},"properties":{"id":1362528520,"cls":"service","hw":"service","tg":"na","name":"","ref":"","surface":"","sc":"unknown","speed":null,"lit":"unk","km":0.038}},
{"type":"Feature","geometry":{"type":"LineString","coordinates":[[-13.22997,8.45239],[-13.22996,8.4523],[-13.22995,8.45222],[-13.22992,8.45209]]},"properties":{"id":1363235610,"cls":"service","hw":"service","tg":"na","name":"","ref":"","surface":"","sc":"unknown","speed":null,"lit":"unk","km":0.034}},
{"type":"Feature","geometry":{"type":"LineString","coordinates":[[-13.23047,8.45364],[-13.23049,8.45361],[-13.23049,8.45359],[-13.23048,8.45355],[-13.23018,8.45314],[-13.22981,8.45263]]},"properties":{"id":1363235611,"cls":"service","hw":"service","tg":"na","name":"","ref":"","surface":"","sc":"unknown","speed":null,"lit":"unk","km":0.137}},
{"type":"Feature","geometry":{"type":"LineString","coordinates":[[-13.22984,8.45345],[-13.22987,8.4534],[-13.22988,8.45338],[-13.2299,8.45337],[-13.22995,8.45336],[-13.23009,8.45343],[-13.23032,8.45357],[-13.23047,8.45364],[-13.23065,8.45376],[-13.23068,8.45377],[-13.23071,8.45377],[-13.23072,8.45375],[-13.23073,8.45372],[-13.23062,8.4533]]},"properties":{"id":1363235612,"cls":"service","hw":"service","tg":"na","name":"","ref":"","surface":"","sc":"unknown","speed":null,"lit":"unk","km":0.167}},
{"type":"Feature","geometry":{"type":"LineString","coordinates":[[-13.17131,8.45395],[-13.17123,8.45403],[-13.17105,8.45413],[-13.17091,8.45422]]},"properties":{"id":1369225198,"cls":"service","hw":"service","tg":"na","name":"","ref":"","surface":"","sc":"unknown","speed":null,"lit":"unk","km":0.054}},
{"type":"Feature","geometry":{"type":"LineString","coordinates":[[-13.23054,8.48532],[-13.23046,8.48536],[-13.23043,8.48535],[-13.23038,8.48528]]},"properties":{"id":1369230136,"cls":"service","hw":"service","tg":"na","name":"","ref":"","surface":"","sc":"unknown","speed":null,"lit":"unk","km":0.023}},
{"type":"Feature","geometry":{"type":"LineString","coordinates":[[-11.71092,7.94819],[-11.7108,7.948],[-11.71065,7.94792],[-11.71049,7.94791],[-11.71026,7.94791],[-11.71012,7.94793],[-11.70995,7.948],[-11.70983,7.9482]]},"properties":{"id":1370800293,"cls":"service","hw":"service","tg":"na","name":"","ref":"","surface":"","sc":"unknown","speed":null,"lit":"unk","km":0.148}},
{"type":"Feature","geometry":{"type":"LineString","coordinates":[[-11.71138,7.94817],[-11.71092,7.94819],[-11.70983,7.9482],[-11.70976,7.9482]]},"properties":{"id":1370800294,"cls":"service","hw":"service","tg":"na","name":"","ref":"","surface":"","sc":"unknown","speed":null,"lit":"unk","km":0.178}},
{"type":"Feature","geometry":{"type":"LineString","coordinates":[[-13.21203,8.48592],[-13.21275,8.48616]]},"properties":{"id":1375850852,"cls":"service","hw":"service","tg":"na","name":"","ref":"","surface":"","sc":"unknown","speed":null,"lit":"unk","km":0.084}},
{"type":"Feature","geometry":{"type":"LineString","coordinates":[[-13.02866,8.33829],[-13.0287,8.33843],[-13.02868,8.3385],[-13.02865,8.33855],[-13.02849,8.33864]]},"properties":{"id":1376096499,"cls":"service","hw":"service","tg":"na","name":"","ref":"","surface":"","sc":"unknown","speed":null,"lit":"unk","km":0.051}},
{"type":"Feature","geometry":{"type":"LineString","coordinates":[[-13.03053,8.33584],[-13.03061,8.33641],[-13.03062,8.33657]]},"properties":{"id":1376096500,"cls":"service","hw":"service","tg":"na","name":"","ref":"","surface":"","sc":"unknown","speed":null,"lit":"unk","km":0.082}},
{"type":"Feature","geometry":{"type":"LineString","coordinates":[[-13.24596,8.47],[-13.24577,8.47011],[-13.24558,8.47019]]},"properties":{"id":1378071739,"cls":"service","hw":"service","tg":"na","name":"","ref":"","surface":"paved","sc":"paved","speed":null,"lit":"unk","km":0.047}},
{"type":"Feature","geometry":{"type":"LineString","coordinates":[[-13.24311,8.47086],[-13.24311,8.47071],[-13.24311,8.47062],[-13.24316,8.47055]]},"properties":{"id":1378071740,"cls":"service","hw":"service","tg":"na","name":"","ref":"","surface":"","sc":"unknown","speed":null,"lit":"unk","km":0.036}},
{"type":"Feature","geometry":{"type":"LineString","coordinates":[[-13.24316,8.47055],[-13.24307,8.47048],[-13.24305,8.47041],[-13.243,8.47035],[-13.24293,8.47032],[-13.24292,8.47032],[-13.24287,8.47033],[-13.24281,8.47034],[-13.24276,8.47036],[-13.24271,8.47037],[-13.24268,8.47037],[-13.24265,8.47035],[-13.24261,8.47031]]},"properties":{"id":1378071741,"cls":"service","hw":"service","tg":"na","name":"","ref":"","surface":"","sc":"unknown","speed":null,"lit":"unk","km":0.076}},
{"type":"Feature","geometry":{"type":"LineString","coordinates":[[-13.24366,8.46994],[-13.24374,8.47],[-13.24385,8.47002],[-13.24392,8.47002],[-13.24397,8.47005],[-13.24412,8.47029],[-13.24417,8.47033],[-13.2442,8.47037],[-13.24421,8.47042],[-13.24413,8.47085],[-13.24413,8.47091],[-13.24414,8.47094],[-13.24424,8.47102]]},"properties":{"id":1378071742,"cls":"service","hw":"service","tg":"na","name":"","ref":"","surface":"paved","sc":"paved","speed":null,"lit":"unk","km":0.16}},
{"type":"Feature","geometry":{"type":"LineString","coordinates":[[-13.24745,8.47154],[-13.24771,8.4714],[-13.24783,8.47132],[-13.24786,8.47128],[-13.24784,8.47121],[-13.24779,8.47118],[-13.24774,8.47117],[-13.24758,8.47127],[-13.24751,8.47133],[-13.24746,8.47133],[-13.24741,8.47131],[-13.24736,8.47131],[-13.2473,8.47138]]},"properties":{"id":1378071743,"cls":"service","hw":"service","tg":"na","name":"","ref":"","surface":"paved","sc":"paved","speed":null,"lit":"unk","km":0.132}},
{"type":"Feature","geometry":{"type":"LineString","coordinates":[[-13.24877,8.46971],[-13.24887,8.46969],[-13.24891,8.46967],[-13.24894,8.46963],[-13.24894,8.46953],[-13.24897,8.46935]]},"properties":{"id":1378071744,"cls":"service","hw":"service","tg":"na","name":"","ref":"","surface":"","sc":"unknown","speed":null,"lit":"unk","km":0.053}},
{"type":"Feature","geometry":{"type":"LineString","coordinates":[[-13.24833,8.46966],[-13.24808,8.46958],[-13.24809,8.46953],[-13.24816,8.46948]]},"properties":{"id":1378071745,"cls":"service","hw":"service","tg":"na","name":"","ref":"","surface":"","sc":"unknown","speed":null,"lit":"unk","km":0.044}},
{"type":"Feature","geometry":{"type":"LineString","coordinates":[[-13.24854,8.46805],[-13.24855,8.46809],[-13.24866,8.46821],[-13.24875,8.46825],[-13.24894,8.46827]]},"properties":{"id":1378071747,"cls":"service","hw":"service","tg":"na","name":"","ref":"","surface":"","sc":"unknown","speed":null,"lit":"unk","km":0.054}},
{"type":"Feature","geometry":{"type":"LineString","coordinates":[[-13.2042,8.62788],[-13.2042,8.62798],[-13.20424,8.62803],[-13.20431,8.62807],[-13.20439,8.62808],[-13.20449,8.62811]]},"properties":{"id":1379290337,"cls":"service","hw":"service","tg":"na","name":"","ref":"","surface":"","sc":"unknown","speed":null,"lit":"unk","km":0.047}},
{"type":"Feature","geometry":{"type":"LineString","coordinates":[[-13.2046,8.62824],[-13.20449,8.62811],[-13.2045,8.62783],[-13.20447,8.62779],[-13.20442,8.62775],[-13.20436,8.62776],[-13.20427,8.62781],[-13.2042,8.62788]]},"properties":{"id":1379290338,"cls":"service","hw":"service","tg":"na","name":"","ref":"","surface":"","sc":"unknown","speed":null,"lit":"unk","km":0.092}},
{"type":"Feature","geometry":{"type":"LineString","coordinates":[[-13.23553,8.46976],[-13.23588,8.46976]]},"properties":{"id":1379311513,"cls":"service","hw":"service","tg":"na","name":"","ref":"","surface":"","sc":"unknown","speed":null,"lit":"unk","km":0.038}},
{"type":"Feature","geometry":{"type":"LineString","coordinates":[[-12.03635,8.9075],[-12.03668,8.90769]]},"properties":{"id":1380159670,"cls":"service","hw":"service","tg":"na","name":"","ref":"","surface":"","sc":"unknown","speed":null,"lit":"unk","km":0.042}},
{"type":"Feature","geometry":{"type":"LineString","coordinates":[[-12.03182,8.91076],[-12.03158,8.91066],[-12.03153,8.91062],[-12.03152,8.91059],[-12.03154,8.91053],[-12.0316,8.91043],[-12.03163,8.91042],[-12.03168,8.91043],[-12.03194,8.91045]]},"properties":{"id":1380160440,"cls":"service","hw":"service","tg":"na","name":"","ref":"","surface":"","sc":"unknown","speed":null,"lit":"unk","km":0.097}},
{"type":"Feature","geometry":{"type":"LineString","coordinates":[[-13.14401,8.41208],[-13.14367,8.4124]]},"properties":{"id":1380695010,"cls":"service","hw":"service","tg":"na","name":"","ref":"","surface":"unpaved","sc":"unpaved","speed":null,"lit":"unk","km":0.052}},
{"type":"Feature","geometry":{"type":"LineString","coordinates":[[-12.92706,9.11174],[-12.92744,9.11239],[-12.92771,9.1128]]},"properties":{"id":1380797127,"cls":"service","hw":"service","tg":"na","name":"","ref":"","surface":"","sc":"unknown","speed":null,"lit":"unk","km":0.138}},
{"type":"Feature","geometry":{"type":"LineString","coordinates":[[-12.92693,9.11143],[-12.92682,9.11124],[-12.92675,9.1111],[-12.92665,9.11099],[-12.92646,9.11085],[-12.92622,9.11083]]},"properties":{"id":1380798449,"cls":"service","hw":"service","tg":"na","name":"","ref":"","surface":"","sc":"unknown","speed":null,"lit":"unk","km":0.111}},
{"type":"Feature","geometry":{"type":"LineString","coordinates":[[-12.03207,8.87933],[-12.03211,8.87962],[-12.03213,8.87973],[-12.03213,8.87989],[-12.03214,8.88004]]},"properties":{"id":1380880726,"cls":"service","hw":"service","tg":"na","name":"","ref":"","surface":"","sc":"unknown","speed":null,"lit":"unk","km":0.079}},
{"type":"Feature","geometry":{"type":"LineString","coordinates":[[-13.06482,8.32627],[-13.06482,8.32655]]},"properties":{"id":1385767251,"cls":"service","hw":"service","tg":"na","name":"","ref":"","surface":"","sc":"unknown","speed":null,"lit":"unk","km":0.031}},
{"type":"Feature","geometry":{"type":"LineString","coordinates":[[-13.0658,8.32647],[-13.06562,8.32681]]},"properties":{"id":1385767253,"cls":"service","hw":"service","tg":"na","name":"","ref":"","surface":"","sc":"unknown","speed":null,"lit":"unk","km":0.043}},
{"type":"Feature","geometry":{"type":"LineString","coordinates":[[-13.1436,8.41195],[-13.14348,8.41204],[-13.14327,8.41221],[-13.14313,8.41223],[-13.14296,8.4122],[-13.14288,8.41213],[-13.14286,8.41203],[-13.14292,8.41187],[-13.14313,8.41165],[-13.1433,8.41158]]},"properties":{"id":1388057165,"cls":"service","hw":"service","tg":"na","name":"","ref":"","surface":"unpaved","sc":"unpaved","speed":null,"lit":"unk","km":0.177}},
{"type":"Feature","geometry":{"type":"LineString","coordinates":[[-13.1438,8.41182],[-13.1437,8.41188],[-13.1436,8.41195],[-13.14347,8.41178],[-13.1433,8.41158]]},"properties":{"id":1388057166,"cls":"service","hw":"service","tg":"na","name":"","ref":"","surface":"unpaved","sc":"unpaved","speed":null,"lit":"unk","km":0.079}},
{"type":"Feature","geometry":{"type":"LineString","coordinates":[[-13.1013,8.37789],[-13.10129,8.37797],[-13.10131,8.37802],[-13.10136,8.37806],[-13.10141,8.37808],[-13.10148,8.37808],[-13.10159,8.37804]]},"properties":{"id":1389116083,"cls":"service","hw":"service","tg":"na","name":"","ref":"","surface":"","sc":"unknown","speed":null,"lit":"unk","km":0.049}},
{"type":"Feature","geometry":{"type":"LineString","coordinates":[[-13.16373,8.44303],[-13.16385,8.44319],[-13.1639,8.44326],[-13.16394,8.44332],[-13.16395,8.44337],[-13.16393,8.44342],[-13.16377,8.44356],[-13.16373,8.44361],[-13.16373,8.44365],[-13.16375,8.44368],[-13.16385,8.44379],[-13.1639,8.44379],[-13.16396,8.44376],[-13.16419,8.44356]]},"properties":{"id":1390866340,"cls":"service","hw":"service","tg":"na","name":"","ref":"","surface":"unpaved","sc":"unpaved","speed":null,"lit":"unk","km":0.153}},
{"type":"Feature","geometry":{"type":"LineString","coordinates":[[-13.16102,8.4432],[-13.16086,8.44325],[-13.16073,8.44338],[-13.16058,8.4435],[-13.16056,8.44362],[-13.1606,8.44372],[-13.1607,8.44383],[-13.16111,8.44435],[-13.16122,8.44441],[-13.16208,8.44545],[-13.16235,8.44575]]},"properties":{"id":1390866341,"cls":"service","hw":"service","tg":"na","name":"","ref":"","surface":"unpaved","sc":"unpaved","speed":null,"lit":"unk","km":0.383}},
{"type":"Feature","geometry":{"type":"LineString","coordinates":[[-12.07981,8.87714],[-12.08005,8.87729],[-12.08029,8.8775]]},"properties":{"id":1392731700,"cls":"service","hw":"service","tg":"na","name":"","ref":"","surface":"","sc":"unknown","speed":null,"lit":"unk","km":0.066}},
{"type":"Feature","geometry":{"type":"LineString","coordinates":[[-11.95009,8.72275],[-11.94988,8.72253],[-11.94973,8.72234]]},"properties":{"id":1393536241,"cls":"service","hw":"service","tg":"na","name":"","ref":"","surface":"","sc":"unknown","speed":null,"lit":"unk","km":0.06}},
{"type":"Feature","geometry":{"type":"LineString","coordinates":[[-13.21252,8.48268],[-13.21252,8.48265],[-13.21252,8.48262],[-13.21256,8.48258],[-13.21261,8.48255]]},"properties":{"id":1393608609,"cls":"service","hw":"service","tg":"na","name":"","ref":"","surface":"","sc":"unknown","speed":null,"lit":"unk","km":0.019}},
{"type":"Feature","geometry":{"type":"LineString","coordinates":[[-13.21249,8.48311],[-13.21253,8.48301],[-13.21254,8.4829],[-13.21255,8.48285],[-13.21255,8.4828]]},"properties":{"id":1393608610,"cls":"service","hw":"service","tg":"na","name":"","ref":"","surface":"","sc":"unknown","speed":null,"lit":"unk","km":0.035}},
{"type":"Feature","geometry":{"type":"LineString","coordinates":[[-12.50822,8.67588],[-12.50811,8.67604],[-12.50788,8.67624],[-12.50755,8.67645]]},"properties":{"id":1393875214,"cls":"service","hw":"service","tg":"na","name":"","ref":"","surface":"","sc":"unknown","speed":null,"lit":"unk","km":0.098}},
{"type":"Feature","geometry":{"type":"LineString","coordinates":[[-12.50686,8.67752],[-12.50675,8.67782],[-12.50673,8.67796],[-12.50673,8.67801]]},"properties":{"id":1393875215,"cls":"service","hw":"service","tg":"na","name":"","ref":"","surface":"","sc":"unknown","speed":null,"lit":"unk","km":0.057}},
{"type":"Feature","geometry":{"type":"LineString","coordinates":[[-12.5073,8.67795],[-12.50733,8.67766]]},"properties":{"id":1393875216,"cls":"service","hw":"service","tg":"na","name":"","ref":"","surface":"","sc":"unknown","speed":null,"lit":"unk","km":0.032}},
{"type":"Feature","geometry":{"type":"LineString","coordinates":[[-13.24791,8.47546],[-13.24815,8.47573],[-13.24833,8.4759],[-13.24836,8.47595],[-13.24835,8.47601],[-13.24828,8.4761],[-13.24818,8.47618],[-13.24811,8.47622],[-13.24804,8.47622],[-13.24802,8.47618]]},"properties":{"id":1393881167,"cls":"service","hw":"service","tg":"na","name":"","ref":"","surface":"","sc":"unknown","speed":null,"lit":"unk","km":0.129}},
{"type":"Feature","geometry":{"type":"LineString","coordinates":[[-12.05923,8.88686],[-12.05969,8.88699]]},"properties":{"id":1395716103,"cls":"service","hw":"service","tg":"na","name":"","ref":"","surface":"","sc":"unknown","speed":null,"lit":"unk","km":0.053}},
{"type":"Feature","geometry":{"type":"LineString","coordinates":[[-13.24313,8.48635],[-13.24309,8.48605]]},"properties":{"id":1395735995,"cls":"service","hw":"service","tg":"na","name":"","ref":"","surface":"unpaved","sc":"unpaved","speed":null,"lit":"unk","km":0.034}},
{"type":"Feature","geometry":{"type":"LineString","coordinates":[[-13.24445,8.4857],[-13.24373,8.48572]]},"properties":{"id":1395736953,"cls":"service","hw":"service","tg":"na","name":"","ref":"","surface":"unpaved","sc":"unpaved","speed":null,"lit":"unk","km":0.079}},
{"type":"Feature","geometry":{"type":"LineString","coordinates":[[-13.16634,8.44274],[-13.16624,8.44281],[-13.16619,8.44289],[-13.16606,8.44298],[-13.16588,8.4431],[-13.16584,8.44316],[-13.16583,8.44322],[-13.16583,8.44332],[-13.16586,8.44339],[-13.1662,8.44383]]},"properties":{"id":1395881211,"cls":"service","hw":"service","tg":"na","name":"","ref":"","surface":"","sc":"unknown","speed":null,"lit":"unk","km":0.161}},
{"type":"Feature","geometry":{"type":"LineString","coordinates":[[-13.16614,8.44249],[-13.16584,8.4427],[-13.16579,8.44272],[-13.16567,8.44282],[-13.16538,8.44297],[-13.16533,8.44299],[-13.16528,8.44298],[-13.16524,8.44295],[-13.16504,8.44272]]},"properties":{"id":1395881212,"cls":"service","hw":"service","tg":"na","name":"","ref":"","surface":"","sc":"unknown","speed":null,"lit":"unk","km":0.15}},
{"type":"Feature","geometry":{"type":"LineString","coordinates":[[-12.52316,8.70868],[-12.5229,8.70849]]},"properties":{"id":1396644723,"cls":"service","hw":"service","tg":"na","name":"","ref":"","surface":"","sc":"unknown","speed":null,"lit":"unk","km":0.036}},
{"type":"Feature","geometry":{"type":"LineString","coordinates":[[-12.52081,8.70409],[-12.52093,8.7038]]},"properties":{"id":1396648389,"cls":"service","hw":"service","tg":"na","name":"","ref":"","surface":"","sc":"unknown","speed":null,"lit":"unk","km":0.035}},
{"type":"Feature","geometry":{"type":"LineString","coordinates":[[-11.16983,7.90413],[-11.16976,7.90419],[-11.16968,7.90423],[-11.16961,7.90421],[-11.16946,7.9041]]},"properties":{"id":1399079986,"cls":"service","hw":"service","tg":"na","name":"","ref":"","surface":"","sc":"unknown","speed":null,"lit":"unk","km":0.049}},
{"type":"Feature","geometry":{"type":"LineString","coordinates":[[-13.17702,8.60166],[-13.1768,8.60198],[-13.17637,8.6024]]},"properties":{"id":1409223473,"cls":"service","hw":"service","tg":"na","name":"","ref":"","surface":"","sc":"unknown","speed":null,"lit":"unk","km":0.109}},
{"type":"Feature","geometry":{"type":"LineString","coordinates":[[-13.24566,8.4718],[-13.24558,8.4716]]},"properties":{"id":1409488092,"cls":"service","hw":"service","tg":"na","name":"","ref":"","surface":"paved","sc":"paved","speed":null,"lit":"unk","km":0.024}},
{"type":"Feature","geometry":{"type":"LineString","coordinates":[[-13.24195,8.46845],[-13.24198,8.46853],[-13.24205,8.46863],[-13.24209,8.46867],[-13.24212,8.46868],[-13.24223,8.46868],[-13.24233,8.46869]]},"properties":{"id":1409488094,"cls":"service","hw":"service","tg":"na","name":"","ref":"","surface":"paved","sc":"paved","speed":null,"lit":"unk","km":0.056}},
{"type":"Feature","geometry":{"type":"LineString","coordinates":[[-13.24319,8.47001],[-13.24314,8.46984],[-13.24312,8.46975],[-13.24314,8.46973],[-13.24325,8.4697],[-13.24334,8.46967]]},"properties":{"id":1409488095,"cls":"service","hw":"service","tg":"na","name":"","ref":"","surface":"unpaved","sc":"unpaved","speed":null,"lit":"unk","km":0.056}},
{"type":"Feature","geometry":{"type":"LineString","coordinates":[[-13.24497,8.47003],[-13.24487,8.46973],[-13.24484,8.46958],[-13.24481,8.46947]]},"properties":{"id":1409488100,"cls":"service","hw":"service","tg":"na","name":"","ref":"","surface":"paved","sc":"paved","speed":null,"lit":"unk","km":0.065}},
{"type":"Feature","geometry":{"type":"LineString","coordinates":[[-11.1625,7.90936],[-11.1623,7.9096],[-11.16218,7.90982],[-11.16205,7.91005]]},"properties":{"id":1409533795,"cls":"service","hw":"service","tg":"na","name":"","ref":"","surface":"","sc":"unknown","speed":null,"lit":"unk","km":0.092}},
{"type":"Feature","geometry":{"type":"LineString","coordinates":[[-12.07959,8.87747],[-12.07926,8.87741],[-12.0791,8.87737]]},"properties":{"id":1409608546,"cls":"service","hw":"service","tg":"na","name":"Sirjana Valley Drive","ref":"","surface":"","sc":"unknown","speed":null,"lit":"unk","km":0.055}},
{"type":"Feature","geometry":{"type":"LineString","coordinates":[[-12.07943,8.87698],[-12.07969,8.87707],[-12.07981,8.87714]]},"properties":{"id":1409608547,"cls":"service","hw":"service","tg":"na","name":"","ref":"","surface":"","sc":"unknown","speed":null,"lit":"unk","km":0.046}},
{"type":"Feature","geometry":{"type":"LineString","coordinates":[[-13.23267,8.46857],[-13.2325,8.46842],[-13.23248,8.46837],[-13.23241,8.46838],[-13.23235,8.46846],[-13.23235,8.46863]]},"properties":{"id":1409715800,"cls":"service","hw":"service","tg":"na","name":"","ref":"","surface":"","sc":"unknown","speed":null,"lit":"unk","km":0.069}},
{"type":"Feature","geometry":{"type":"LineString","coordinates":[[-13.23714,8.47185],[-13.23709,8.47176],[-13.23695,8.47166],[-13.2368,8.47164]]},"properties":{"id":1409715801,"cls":"service","hw":"service","tg":"na","name":"","ref":"","surface":"unpaved","sc":"unpaved","speed":null,"lit":"unk","km":0.047}},
{"type":"Feature","geometry":{"type":"LineString","coordinates":[[-12.96487,8.36281],[-12.96525,8.3633]]},"properties":{"id":1409817245,"cls":"service","hw":"service","tg":"na","name":"","ref":"","surface":"","sc":"unknown","speed":null,"lit":"unk","km":0.069}},
{"type":"Feature","geometry":{"type":"LineString","coordinates":[[-13.27313,8.47916],[-13.27281,8.47898]]},"properties":{"id":1409832997,"cls":"service","hw":"service","tg":"na","name":"","ref":"","surface":"","sc":"unknown","speed":null,"lit":"unk","km":0.04}},
{"type":"Feature","geometry":{"type":"LineString","coordinates":[[-12.08047,8.87606],[-12.08002,8.87613]]},"properties":{"id":1410051925,"cls":"service","hw":"service","tg":"na","name":"","ref":"","surface":"","sc":"unknown","speed":null,"lit":"unk","km":0.05}},
{"type":"Feature","geometry":{"type":"LineString","coordinates":[[-13.14237,8.40659],[-13.14209,8.40655],[-13.14157,8.40641]]},"properties":{"id":1410098805,"cls":"service","hw":"service","tg":"na","name":"","ref":"","surface":"unpaved","sc":"unpaved","speed":null,"lit":"unk","km":0.09}},
{"type":"Feature","geometry":{"type":"LineString","coordinates":[[-13.26597,8.47981],[-13.26588,8.47994],[-13.26579,8.48001],[-13.26572,8.48006]]},"properties":{"id":1413080918,"cls":"service","hw":"service","tg":"na","name":"","ref":"","surface":"","sc":"unknown","speed":null,"lit":"unk","km":0.04}},
{"type":"Feature","geometry":{"type":"LineString","coordinates":[[-12.03659,8.89172],[-12.03654,8.89159],[-12.03651,8.89149],[-12.03649,8.89146],[-12.03645,8.8914],[-12.03611,8.8909]]},"properties":{"id":1415635018,"cls":"service","hw":"service","tg":"na","name":"","ref":"","surface":"","sc":"unknown","speed":null,"lit":"unk","km":0.106}},
{"type":"Feature","geometry":{"type":"LineString","coordinates":[[-12.03573,8.89267],[-12.03577,8.89289]]},"properties":{"id":1415635019,"cls":"service","hw":"service","tg":"na","name":"","ref":"","surface":"","sc":"unknown","speed":null,"lit":"unk","km":0.025}},
{"type":"Feature","geometry":{"type":"LineString","coordinates":[[-12.03631,8.89235],[-12.03629,8.89243],[-12.03624,8.89249],[-12.03573,8.89267],[-12.03569,8.89258],[-12.03564,8.89241]]},"properties":{"id":1415635020,"cls":"service","hw":"service","tg":"na","name":"","ref":"","surface":"","sc":"unknown","speed":null,"lit":"unk","km":0.108}},
{"type":"Feature","geometry":{"type":"LineString","coordinates":[[-11.71415,7.94716],[-11.71367,7.94712]]},"properties":{"id":1416299618,"cls":"service","hw":"service","tg":"na","name":"","ref":"","surface":"","sc":"unknown","speed":null,"lit":"unk","km":0.053}},
{"type":"Feature","geometry":{"type":"LineString","coordinates":[[-13.21547,8.48363],[-13.21536,8.48359],[-13.21507,8.48349],[-13.21505,8.48347],[-13.21507,8.48338],[-13.2151,8.48337]]},"properties":{"id":1416746243,"cls":"service","hw":"service","tg":"na","name":"","ref":"","surface":"","sc":"unknown","speed":null,"lit":"unk","km":0.064}},
{"type":"Feature","geometry":{"type":"LineString","coordinates":[[-13.21548,8.48389],[-13.21559,8.48361],[-13.21559,8.48359],[-13.21547,8.48353],[-13.21539,8.48349],[-13.2151,8.48337]]},"properties":{"id":1416746244,"cls":"service","hw":"service","tg":"na","name":"","ref":"","surface":"","sc":"unknown","speed":null,"lit":"unk","km":0.095}},
{"type":"Feature","geometry":{"type":"LineString","coordinates":[[-11.68263,7.94439],[-11.68253,7.94449],[-11.68247,7.94451],[-11.68235,7.9445],[-11.68228,7.94448],[-11.68222,7.94443],[-11.68221,7.94426]]},"properties":{"id":1418708913,"cls":"service","hw":"service","tg":"na","name":"","ref":"","surface":"","sc":"unknown","speed":null,"lit":"unk","km":0.071}},
{"type":"Feature","geometry":{"type":"LineString","coordinates":[[-13.26154,8.47376],[-13.26157,8.47377],[-13.26169,8.47381],[-13.26184,8.474]]},"properties":{"id":1418902935,"cls":"service","hw":"service","tg":"na","name":"","ref":"","surface":"","sc":"unknown","speed":null,"lit":"unk","km":0.044}},
{"type":"Feature","geometry":{"type":"LineString","coordinates":[[-13.21222,8.48105],[-13.21227,8.48107],[-13.21233,8.4811],[-13.21241,8.4811],[-13.21248,8.48109],[-13.2125,8.48111],[-13.21252,8.48112],[-13.21255,8.48109],[-13.2126,8.48107],[-13.21265,8.48104]]},"properties":{"id":1419407671,"cls":"service","hw":"service","tg":"na","name":"","ref":"","surface":"","sc":"unknown","speed":null,"lit":"unk","km":0.053}},
{"type":"Feature","geometry":{"type":"LineString","coordinates":[[-13.21137,8.48101],[-13.21145,8.48119],[-13.21147,8.48138],[-13.21145,8.48141]]},"properties":{"id":1419407676,"cls":"service","hw":"service","tg":"na","name":"","ref":"","surface":"","sc":"unknown","speed":null,"lit":"unk","km":0.047}},
{"type":"Feature","geometry":{"type":"LineString","coordinates":[[-13.21205,8.48083],[-13.21197,8.48085],[-13.21189,8.48089],[-13.21184,8.48096],[-13.21183,8.48104],[-13.21184,8.48107]]},"properties":{"id":1419407679,"cls":"service","hw":"service","tg":"na","name":"","ref":"","surface":"","sc":"unknown","speed":null,"lit":"unk","km":0.041}},
{"type":"Feature","geometry":{"type":"LineString","coordinates":[[-13.21256,8.48086],[-13.21256,8.48078],[-13.21253,8.4807],[-13.21252,8.48057],[-13.21276,8.48056],[-13.21279,8.48055],[-13.21283,8.48055],[-13.21286,8.48059],[-13.21293,8.48055],[-13.21299,8.48048],[-13.21298,8.48025]]},"properties":{"id":1419407682,"cls":"service","hw":"service","tg":"na","name":"","ref":"","surface":"","sc":"unknown","speed":null,"lit":"unk","km":0.117}},
{"type":"Feature","geometry":{"type":"LineString","coordinates":[[-13.21278,8.48074],[-13.21284,8.48079],[-13.21286,8.48085],[-13.21288,8.48088],[-13.21293,8.48087],[-13.21299,8.48084]]},"properties":{"id":1419407685,"cls":"service","hw":"service","tg":"na","name":"","ref":"","surface":"","sc":"unknown","speed":null,"lit":"unk","km":0.033}},
{"type":"Feature","geometry":{"type":"LineString","coordinates":[[-13.2127,8.48127],[-13.21275,8.48133],[-13.2128,8.48147],[-13.21283,8.48157],[-13.21287,8.48168],[-13.21288,8.48173]]},"properties":{"id":1419407687,"cls":"service","hw":"service","tg":"na","name":"","ref":"","surface":"","sc":"unknown","speed":null,"lit":"unk","km":0.055}},
{"type":"Feature","geometry":{"type":"LineString","coordinates":[[-13.21294,8.48112],[-13.21296,8.48119],[-13.21299,8.48124],[-13.21302,8.48131],[-13.21307,8.48143],[-13.21311,8.48151],[-13.21315,8.48164],[-13.21318,8.48171]]},"properties":{"id":1419407688,"cls":"service","hw":"service","tg":"na","name":"","ref":"","surface":"","sc":"unknown","speed":null,"lit":"unk","km":0.071}},
{"type":"Feature","geometry":{"type":"LineString","coordinates":[[-13.21248,8.48224],[-13.21241,8.48227],[-13.21243,8.48236],[-13.21246,8.48245]]},"properties":{"id":1419407690,"cls":"service","hw":"service","tg":"na","name":"","ref":"","surface":"","sc":"unknown","speed":null,"lit":"unk","km":0.029}},
{"type":"Feature","geometry":{"type":"LineString","coordinates":[[-13.2116,8.48186],[-13.21157,8.48187],[-13.21152,8.48192],[-13.21149,8.48194]]},"properties":{"id":1419407693,"cls":"service","hw":"service","tg":"na","name":"","ref":"","surface":"","sc":"unknown","speed":null,"lit":"unk","km":0.015}},
{"type":"Feature","geometry":{"type":"LineString","coordinates":[[-13.21177,8.47992],[-13.21168,8.47994],[-13.21148,8.48],[-13.21132,8.48005],[-13.21123,8.47984],[-13.21119,8.47967]]},"properties":{"id":1419640254,"cls":"service","hw":"service","tg":"na","name":"","ref":"","surface":"","sc":"unknown","speed":null,"lit":"unk","km":0.096}},
{"type":"Feature","geometry":{"type":"LineString","coordinates":[[-13.21128,8.47831],[-13.21138,8.47827],[-13.21143,8.47824],[-13.21149,8.47821],[-13.21149,8.47817]]},"properties":{"id":1419659406,"cls":"service","hw":"service","tg":"na","name":"","ref":"","surface":"","sc":"unknown","speed":null,"lit":"unk","km":0.03}},
{"type":"Feature","geometry":{"type":"LineString","coordinates":[[-13.21293,8.47975],[-13.21297,8.47983],[-13.21299,8.47993],[-13.21306,8.47995]]},"properties":{"id":1419659407,"cls":"service","hw":"service","tg":"na","name":"","ref":"","surface":"","sc":"unknown","speed":null,"lit":"unk","km":0.029}},
{"type":"Feature","geometry":{"type":"LineString","coordinates":[[-13.21317,8.4805],[-13.21318,8.48039],[-13.21317,8.48031],[-13.21316,8.48023]]},"properties":{"id":1419659409,"cls":"service","hw":"service","tg":"na","name":"","ref":"","surface":"","sc":"unknown","speed":null,"lit":"unk","km":0.03}},
{"type":"Feature","geometry":{"type":"LineString","coordinates":[[-13.2114,8.4794],[-13.21143,8.47947],[-13.21146,8.47958]]},"properties":{"id":1419666373,"cls":"service","hw":"service","tg":"na","name":"","ref":"","surface":"","sc":"unknown","speed":null,"lit":"unk","km":0.021}},
{"type":"Feature","geometry":{"type":"LineString","coordinates":[[-13.21223,8.47845],[-13.21217,8.47834],[-13.21214,8.47826]]},"properties":{"id":1419666377,"cls":"service","hw":"service","tg":"na","name":"","ref":"","surface":"","sc":"unknown","speed":null,"lit":"unk","km":0.023}},
{"type":"Feature","geometry":{"type":"LineString","coordinates":[[-13.21158,8.47874],[-13.21156,8.47864],[-13.21154,8.47851],[-13.2116,8.4785],[-13.2116,8.47837]]},"properties":{"id":1419666379,"cls":"service","hw":"service","tg":"na","name":"","ref":"","surface":"","sc":"unknown","speed":null,"lit":"unk","km":0.047}},
{"type":"Feature","geometry":{"type":"LineString","coordinates":[[-13.21222,8.47963],[-13.21222,8.47954],[-13.21218,8.47939],[-13.21212,8.47924]]},"properties":{"id":1419668338,"cls":"service","hw":"service","tg":"na","name":"","ref":"","surface":"","sc":"unknown","speed":null,"lit":"unk","km":0.045}},
{"type":"Feature","geometry":{"type":"LineString","coordinates":[[-13.21177,8.47869],[-13.21179,8.47876],[-13.21181,8.47883]]},"properties":{"id":1419696971,"cls":"service","hw":"service","tg":"na","name":"","ref":"","surface":"","sc":"unknown","speed":null,"lit":"unk","km":0.016}},
{"type":"Feature","geometry":{"type":"LineString","coordinates":[[-13.21381,8.48014],[-13.2139,8.48016],[-13.21393,8.4802],[-13.21391,8.48028],[-13.21389,8.48035],[-13.21387,8.48047],[-13.21391,8.48052]]},"properties":{"id":1419920159,"cls":"service","hw":"service","tg":"na","name":"","ref":"","surface":"","sc":"unknown","speed":null,"lit":"unk","km":0.054}},
{"type":"Feature","geometry":{"type":"LineString","coordinates":[[-13.2108,8.4809],[-13.21081,8.48086],[-13.21081,8.48077],[-13.2108,8.48068],[-13.21079,8.4805],[-13.21079,8.48047]]},"properties":{"id":1419933999,"cls":"service","hw":"service","tg":"na","name":"","ref":"","surface":"","sc":"unknown","speed":null,"lit":"unk","km":0.048}},
{"type":"Feature","geometry":{"type":"LineString","coordinates":[[-13.21062,8.4811],[-13.21062,8.48109]]},"properties":{"id":1419934000,"cls":"service","hw":"service","tg":"na","name":"","ref":"","surface":"","sc":"unknown","speed":null,"lit":"unk","km":0.001}},
{"type":"Feature","geometry":{"type":"LineString","coordinates":[[-13.21062,8.48109],[-13.21061,8.48103],[-13.21059,8.48095],[-13.21061,8.48083]]},"properties":{"id":1419934001,"cls":"service","hw":"service","tg":"na","name":"","ref":"","surface":"","sc":"unknown","speed":null,"lit":"unk","km":0.029}},
{"type":"Feature","geometry":{"type":"LineString","coordinates":[[-13.21061,8.48112],[-13.21062,8.4811],[-13.21062,8.4811]]},"properties":{"id":1419934007,"cls":"service","hw":"service","tg":"na","name":"","ref":"","surface":"","sc":"unknown","speed":null,"lit":"unk","km":0.002}},
{"type":"Feature","geometry":{"type":"LineString","coordinates":[[-13.2109,8.47954],[-13.21082,8.47951],[-13.2108,8.47946],[-13.21075,8.47925],[-13.21074,8.47919]]},"properties":{"id":1419939982,"cls":"service","hw":"service","tg":"na","name":"","ref":"","surface":"","sc":"unknown","speed":null,"lit":"unk","km":0.046}},
{"type":"Feature","geometry":{"type":"LineString","coordinates":[[-13.21062,8.47981],[-13.2106,8.47973]]},"properties":{"id":1419939983,"cls":"service","hw":"service","tg":"na","name":"","ref":"","surface":"","sc":"unknown","speed":null,"lit":"unk","km":0.009}},
{"type":"Feature","geometry":{"type":"LineString","coordinates":[[-13.21063,8.47984],[-13.21062,8.47981]]},"properties":{"id":1419939984,"cls":"service","hw":"service","tg":"na","name":"","ref":"","surface":"","sc":"unknown","speed":null,"lit":"unk","km":0.004}},
{"type":"Feature","geometry":{"type":"LineString","coordinates":[[-13.21064,8.47987],[-13.21063,8.47984]]},"properties":{"id":1419939985,"cls":"service","hw":"service","tg":"na","name":"","ref":"","surface":"","sc":"unknown","speed":null,"lit":"unk","km":0.004}},
{"type":"Feature","geometry":{"type":"LineString","coordinates":[[-12.05199,8.87978],[-12.05215,8.87962],[-12.0522,8.87955],[-12.05218,8.87945],[-12.05209,8.87939],[-12.05186,8.87938]]},"properties":{"id":1419960064,"cls":"service","hw":"service","tg":"na","name":"","ref":"","surface":"","sc":"unknown","speed":null,"lit":"unk","km":0.083}},
{"type":"Feature","geometry":{"type":"LineString","coordinates":[[-13.13418,8.38721],[-13.13339,8.3874],[-13.13335,8.3874],[-13.13332,8.38737],[-13.13318,8.38695]]},"properties":{"id":1420731445,"cls":"service","hw":"service","tg":"na","name":"","ref":"","surface":"","sc":"unknown","speed":null,"lit":"unk","km":0.148}},
{"type":"Feature","geometry":{"type":"LineString","coordinates":[[-11.67298,7.94459],[-11.67245,7.94577]]},"properties":{"id":1420735721,"cls":"service","hw":"service","tg":"na","name":"","ref":"","surface":"","sc":"unknown","speed":null,"lit":"unk","km":0.144}},
{"type":"Feature","geometry":{"type":"LineString","coordinates":[[-11.67847,7.94586],[-11.67833,7.94638],[-11.6782,7.9466],[-11.67805,7.9468],[-11.67782,7.94725],[-11.67775,7.94726],[-11.6774,7.9472]]},"properties":{"id":1420735730,"cls":"service","hw":"service","tg":"na","name":"","ref":"","surface":"","sc":"unknown","speed":null,"lit":"unk","km":0.219}},
{"type":"Feature","geometry":{"type":"LineString","coordinates":[[-12.05145,8.8784],[-12.05153,8.87838],[-12.05156,8.87839],[-12.0516,8.87843],[-12.0516,8.8785],[-12.05158,8.87852],[-12.05153,8.87857]]},"properties":{"id":1420912764,"cls":"service","hw":"service","tg":"na","name":"","ref":"","surface":"","sc":"unknown","speed":null,"lit":"unk","km":0.038}},
{"type":"Feature","geometry":{"type":"LineString","coordinates":[[-13.07281,8.33803],[-13.07265,8.33819]]},"properties":{"id":1421728673,"cls":"service","hw":"service","tg":"na","name":"","ref":"","surface":"","sc":"unknown","speed":null,"lit":"unk","km":0.025}},
{"type":"Feature","geometry":{"type":"LineString","coordinates":[[-13.07348,8.33811],[-13.07333,8.33814],[-13.07321,8.33814],[-13.07309,8.33813],[-13.07286,8.33805],[-13.07281,8.33803],[-13.07279,8.33797],[-13.0728,8.33778],[-13.07284,8.33773]]},"properties":{"id":1421728674,"cls":"service","hw":"service","tg":"na","name":"","ref":"","surface":"","sc":"unknown","speed":null,"lit":"unk","km":0.111}},
{"type":"Feature","geometry":{"type":"LineString","coordinates":[[-13.07543,8.33849],[-13.07566,8.33849]]},"properties":{"id":1421728675,"cls":"service","hw":"service","tg":"na","name":"","ref":"","surface":"","sc":"unknown","speed":null,"lit":"unk","km":0.025}},
{"type":"Feature","geometry":{"type":"LineString","coordinates":[[-13.07566,8.33849],[-13.07606,8.3385],[-13.07608,8.33851],[-13.07608,8.33852],[-13.0761,8.33866],[-13.07609,8.33868],[-13.07607,8.33869],[-13.07576,8.33874],[-13.07574,8.33873],[-13.07573,8.33872],[-13.07566,8.33849]]},"properties":{"id":1421728676,"cls":"service","hw":"service","tg":"na","name":"","ref":"","surface":"","sc":"unknown","speed":null,"lit":"unk","km":0.134}},
{"type":"Feature","geometry":{"type":"LineString","coordinates":[[-13.07439,8.33901],[-13.07407,8.33837]]},"properties":{"id":1421728678,"cls":"service","hw":"service","tg":"na","name":"","ref":"","surface":"","sc":"unknown","speed":null,"lit":"unk","km":0.079}},
{"type":"Feature","geometry":{"type":"LineString","coordinates":[[-13.07797,8.27873],[-13.07831,8.27896]]},"properties":{"id":1422287431,"cls":"service","hw":"service","tg":"na","name":"","ref":"","surface":"","sc":"unknown","speed":null,"lit":"unk","km":0.045}},
{"type":"Feature","geometry":{"type":"LineString","coordinates":[[-13.07026,8.32527],[-13.07043,8.32546],[-13.07061,8.32559],[-13.07072,8.32569],[-13.07077,8.3258]]},"properties":{"id":1423052422,"cls":"service","hw":"service","tg":"na","name":"","ref":"","surface":"","sc":"unknown","speed":null,"lit":"unk","km":0.083}},
{"type":"Feature","geometry":{"type":"LineString","coordinates":[[-12.77773,8.77554],[-12.77772,8.7756],[-12.77771,8.77564],[-12.77767,8.77572],[-12.77761,8.77582],[-12.77751,8.77599],[-12.77749,8.77601],[-12.77741,8.77612]]},"properties":{"id":1424116111,"cls":"service","hw":"service","tg":"na","name":"","ref":"","surface":"","sc":"unknown","speed":null,"lit":"unk","km":0.074}},
{"type":"Feature","geometry":{"type":"LineString","coordinates":[[-12.77435,8.77424],[-12.77441,8.77436],[-12.77455,8.77454],[-12.77469,8.77462],[-12.77501,8.77475],[-12.77524,8.77477]]},"properties":{"id":1424118279,"cls":"service","hw":"service","tg":"na","name":"","ref":"","surface":"","sc":"unknown","speed":null,"lit":"unk","km":0.121}},
{"type":"Feature","geometry":{"type":"LineString","coordinates":[[-13.07126,8.32762],[-13.07129,8.32776],[-13.07128,8.32785],[-13.07127,8.32788],[-13.07127,8.32791],[-13.07129,8.32794],[-13.07136,8.32804]]},"properties":{"id":1424963927,"cls":"service","hw":"service","tg":"na","name":"","ref":"","surface":"","sc":"unknown","speed":null,"lit":"unk","km":0.05}},
{"type":"Feature","geometry":{"type":"LineString","coordinates":[[-13.07127,8.32817],[-13.07148,8.32832],[-13.07149,8.32832],[-13.07151,8.32831],[-13.07157,8.32822],[-13.07157,8.32821],[-13.07156,8.32819],[-13.07136,8.32804]]},"properties":{"id":1424963928,"cls":"service","hw":"service","tg":"na","name":"","ref":"","surface":"","sc":"unknown","speed":null,"lit":"unk","km":0.075}},
{"type":"Feature","geometry":{"type":"LineString","coordinates":[[-12.082,8.87976],[-12.08159,8.87977],[-12.08152,8.87979],[-12.08146,8.8798],[-12.08136,8.87981],[-12.08125,8.87978],[-12.08115,8.87974]]},"properties":{"id":1428326957,"cls":"service","hw":"service","tg":"na","name":"","ref":"","surface":"","sc":"unknown","speed":null,"lit":"unk","km":0.095}},
{"type":"Feature","geometry":{"type":"LineString","coordinates":[[-13.25713,8.48212],[-13.25724,8.48171]]},"properties":{"id":1429046720,"cls":"service","hw":"service","tg":"na","name":"","ref":"","surface":"","sc":"unknown","speed":null,"lit":"unk","km":0.047}},
{"type":"Feature","geometry":{"type":"LineString","coordinates":[[-13.25879,8.48148],[-13.25828,8.48151]]},"properties":{"id":1429046721,"cls":"service","hw":"service","tg":"na","name":"","ref":"","surface":"","sc":"unknown","speed":null,"lit":"unk","km":0.056}},
{"type":"Feature","geometry":{"type":"LineString","coordinates":[[-13.25809,8.48107],[-13.25816,8.48058]]},"properties":{"id":1429046722,"cls":"service","hw":"service","tg":"na","name":"","ref":"","surface":"","sc":"unknown","speed":null,"lit":"unk","km":0.055}},
{"type":"Feature","geometry":{"type":"LineString","coordinates":[[-13.25697,8.48315],[-13.25696,8.48262]]},"properties":{"id":1429046723,"cls":"service","hw":"service","tg":"na","name":"","ref":"","surface":"","sc":"unknown","speed":null,"lit":"unk","km":0.059}},
{"type":"Feature","geometry":{"type":"LineString","coordinates":[[-13.25523,8.48192],[-13.25511,8.4819],[-13.25499,8.48187],[-13.25486,8.48181],[-13.25475,8.48175]]},"properties":{"id":1429046725,"cls":"service","hw":"service","tg":"na","name":"","ref":"","surface":"","sc":"unknown","speed":null,"lit":"unk","km":0.057}},
{"type":"Feature","geometry":{"type":"LineString","coordinates":[[-13.25515,8.48222],[-13.25505,8.48221],[-13.25505,8.48223],[-13.25505,8.48224],[-13.25509,8.48245]]},"properties":{"id":1429046726,"cls":"service","hw":"service","tg":"na","name":"","ref":"","surface":"","sc":"unknown","speed":null,"lit":"unk","km":0.038}},
{"type":"Feature","geometry":{"type":"LineString","coordinates":[[-13.2552,8.48221],[-13.25515,8.48222],[-13.25508,8.4822],[-13.255,8.48215],[-13.25491,8.48209],[-13.2548,8.48202],[-13.2547,8.48203],[-13.25463,8.48207],[-13.25461,8.48215],[-13.2546,8.48222]]},"properties":{"id":1429046727,"cls":"service","hw":"service","tg":"na","name":"","ref":"","surface":"ground","sc":"unpaved","speed":null,"lit":"unk","km":0.087}},
{"type":"Feature","geometry":{"type":"LineString","coordinates":[[-13.25503,8.48341],[-13.25498,8.48304]]},"properties":{"id":1429046728,"cls":"service","hw":"service","tg":"na","name":"","ref":"","surface":"","sc":"unknown","speed":null,"lit":"unk","km":0.042}},
{"type":"Feature","geometry":{"type":"LineString","coordinates":[[-13.23505,8.49107],[-13.23505,8.49113],[-13.23508,8.49118],[-13.23511,8.49122]]},"properties":{"id":1430383212,"cls":"service","hw":"service","tg":"na","name":"","ref":"","surface":"","sc":"unknown","speed":null,"lit":"unk","km":0.019}},
{"type":"Feature","geometry":{"type":"LineString","coordinates":[[-10.96609,8.64754],[-10.96605,8.64751],[-10.966,8.64749],[-10.96591,8.6475],[-10.96585,8.64748],[-10.96577,8.64744],[-10.96557,8.64732]]},"properties":{"id":1431928469,"cls":"service","hw":"service","tg":"na","name":"Gborie Street","ref":"","surface":"unpaved","sc":"unpaved","speed":null,"lit":"unk","km":0.064}},
{"type":"Feature","geometry":{"type":"LineString","coordinates":[[-13.24627,8.47151],[-13.24623,8.4714],[-13.24622,8.47136],[-13.24625,8.4713]]},"properties":{"id":1431962184,"cls":"service","hw":"service","tg":"na","name":"","ref":"","surface":"paved","sc":"paved","speed":null,"lit":"unk","km":0.025}},
{"type":"Feature","geometry":{"type":"LineString","coordinates":[[-13.24654,8.47136],[-13.24649,8.47122],[-13.24645,8.47113],[-13.24645,8.47106],[-13.24654,8.471]]},"properties":{"id":1431962185,"cls":"service","hw":"service","tg":"na","name":"","ref":"","surface":"paved","sc":"paved","speed":null,"lit":"unk","km":0.047}},
{"type":"Feature","geometry":{"type":"LineString","coordinates":[[-13.2205,8.34546],[-13.22028,8.34575],[-13.22024,8.34577],[-13.22019,8.34577],[-13.2201,8.34575],[-13.22005,8.34574],[-13.22003,8.3457],[-13.21999,8.34537]]},"properties":{"id":1432302776,"cls":"service","hw":"service","tg":"na","name":"","ref":"","surface":"","sc":"unknown","speed":null,"lit":"unk","km":0.108}},
{"type":"Feature","geometry":{"type":"LineString","coordinates":[[-13.26335,8.47781],[-13.26367,8.47805]]},"properties":{"id":1434339249,"cls":"service","hw":"service","tg":"na","name":"","ref":"","surface":"","sc":"unknown","speed":null,"lit":"unk","km":0.044}},
{"type":"Feature","geometry":{"type":"LineString","coordinates":[[-13.21289,8.48525],[-13.21234,8.48509]]},"properties":{"id":1436248511,"cls":"service","hw":"service","tg":"na","name":"","ref":"","surface":"paved","sc":"paved","speed":null,"lit":"unk","km":0.063}},
{"type":"Feature","geometry":{"type":"LineString","coordinates":[[-13.21247,8.48545],[-13.21241,8.48543],[-13.21233,8.4854],[-13.21224,8.48536]]},"properties":{"id":1436248512,"cls":"service","hw":"service","tg":"na","name":"","ref":"","surface":"","sc":"unknown","speed":null,"lit":"unk","km":0.027}},
{"type":"Feature","geometry":{"type":"LineString","coordinates":[[-13.21232,8.48516],[-13.21246,8.48519],[-13.2125,8.48522],[-13.21251,8.48525]]},"properties":{"id":1436248514,"cls":"service","hw":"service","tg":"na","name":"","ref":"","surface":"","sc":"unknown","speed":null,"lit":"unk","km":0.025}},
{"type":"Feature","geometry":{"type":"LineString","coordinates":[[-13.21244,8.48485],[-13.21233,8.4848],[-13.21226,8.48478],[-13.21223,8.48479],[-13.2122,8.48485],[-13.2122,8.48492],[-13.21222,8.48496],[-13.21229,8.485],[-13.21237,8.48502]]},"properties":{"id":1436248515,"cls":"service","hw":"service","tg":"na","name":"","ref":"","surface":"paved","sc":"paved","speed":null,"lit":"unk","km":0.063}},
{"type":"Feature","geometry":{"type":"LineString","coordinates":[[-13.25572,8.47786],[-13.25574,8.47772],[-13.25579,8.47754],[-13.2559,8.47737],[-13.25595,8.47732]]},"properties":{"id":1436496629,"cls":"service","hw":"service","tg":"na","name":"","ref":"","surface":"","sc":"unknown","speed":null,"lit":"unk","km":0.067}},
{"type":"Feature","geometry":{"type":"LineString","coordinates":[[-13.25932,8.47907],[-13.25996,8.47939]]},"properties":{"id":1436499036,"cls":"service","hw":"service","tg":"na","name":"","ref":"","surface":"","sc":"unknown","speed":null,"lit":"unk","km":0.079}},
{"type":"Feature","geometry":{"type":"LineString","coordinates":[[-13.20465,8.4391],[-13.20454,8.43935],[-13.2045,8.43948],[-13.20447,8.43964]]},"properties":{"id":1444493406,"cls":"service","hw":"service","tg":"na","name":"","ref":"","surface":"","sc":"unknown","speed":null,"lit":"unk","km":0.064}},
{"type":"Feature","geometry":{"type":"LineString","coordinates":[[-13.20428,8.44246],[-13.20436,8.44239],[-13.20443,8.44228],[-13.2045,8.44217],[-13.20458,8.44199],[-13.20464,8.44182],[-13.20473,8.44144]]},"properties":{"id":1444494514,"cls":"service","hw":"service","tg":"na","name":"","ref":"","surface":"","sc":"unknown","speed":null,"lit":"unk","km":0.126}},
{"type":"Feature","geometry":{"type":"LineString","coordinates":[[-13.26428,8.41565],[-13.26382,8.41563],[-13.26305,8.41565]]},"properties":{"id":1445893128,"cls":"service","hw":"service","tg":"na","name":"","ref":"","surface":"","sc":"unknown","speed":null,"lit":"unk","km":0.135}},
{"type":"Feature","geometry":{"type":"LineString","coordinates":[[-13.27344,8.42929],[-13.27351,8.42888],[-13.27354,8.42881],[-13.27357,8.42867]]},"properties":{"id":1445900700,"cls":"service","hw":"service","tg":"na","name":"","ref":"","surface":"","sc":"unknown","speed":null,"lit":"unk","km":0.071}},
{"type":"Feature","geometry":{"type":"LineString","coordinates":[[-13.27298,8.42917],[-13.27306,8.42901],[-13.27316,8.4287],[-13.27315,8.42864],[-13.27305,8.42856],[-13.27288,8.42844],[-13.27284,8.4284],[-13.27281,8.42818]]},"properties":{"id":1445900701,"cls":"service","hw":"service","tg":"na","name":"","ref":"","surface":"","sc":"unknown","speed":null,"lit":"unk","km":0.131}},
{"type":"Feature","geometry":{"type":"LineString","coordinates":[[-13.27155,8.42854],[-13.27147,8.42851],[-13.27145,8.42849],[-13.27145,8.42847],[-13.27156,8.42819],[-13.27163,8.42809],[-13.27165,8.42801],[-13.27164,8.42794],[-13.27145,8.42759]]},"properties":{"id":1445900702,"cls":"service","hw":"service","tg":"na","name":"","ref":"","surface":"","sc":"unknown","speed":null,"lit":"unk","km":0.123}},
{"type":"Feature","geometry":{"type":"LineString","coordinates":[[-13.27076,8.42829],[-13.27097,8.42783],[-13.27106,8.42761],[-13.27108,8.4275],[-13.27105,8.42742],[-13.27099,8.42732],[-13.27094,8.4273],[-13.27075,8.42734],[-13.27055,8.42736],[-13.27043,8.42737],[-13.27026,8.42734],[-13.26976,8.42707],[-13.26955,8.42689]]},"properties":{"id":1445900703,"cls":"service","hw":"service","tg":"na","name":"","ref":"","surface":"","sc":"unknown","speed":null,"lit":"unk","km":0.292}},
{"type":"Feature","geometry":{"type":"LineString","coordinates":[[-13.27094,8.4273],[-13.27119,8.4271]]},"properties":{"id":1445957556,"cls":"service","hw":"service","tg":"na","name":"","ref":"","surface":"","sc":"unknown","speed":null,"lit":"unk","km":0.035}},
{"type":"Feature","geometry":{"type":"LineString","coordinates":[[-13.27207,8.42071],[-13.27184,8.42045]]},"properties":{"id":1445957558,"cls":"service","hw":"service","tg":"na","name":"","ref":"","surface":"","sc":"unknown","speed":null,"lit":"unk","km":0.038}},
{"type":"Feature","geometry":{"type":"LineString","coordinates":[[-13.15421,8.3766],[-13.15356,8.37626]]},"properties":{"id":1446281854,"cls":"service","hw":"service","tg":"na","name":"","ref":"","surface":"","sc":"unknown","speed":null,"lit":"unk","km":0.081}},
{"type":"Feature","geometry":{"type":"LineString","coordinates":[[-12.99613,8.32554],[-12.99638,8.32552]]},"properties":{"id":1447073962,"cls":"service","hw":"service","tg":"na","name":"","ref":"","surface":"","sc":"unknown","speed":null,"lit":"unk","km":0.028}},
{"type":"Feature","geometry":{"type":"LineString","coordinates":[[-12.99635,8.32617],[-12.99638,8.32552],[-12.99638,8.32535],[-12.99636,8.32531],[-12.99632,8.32528],[-12.99601,8.32527]]},"properties":{"id":1447073963,"cls":"service","hw":"service","tg":"na","name":"","ref":"","surface":"","sc":"unknown","speed":null,"lit":"unk","km":0.136}},
{"type":"Feature","geometry":{"type":"LineString","coordinates":[[-13.27318,8.45782],[-13.27313,8.45787],[-13.27306,8.45795],[-13.27289,8.45819],[-13.27282,8.45824],[-13.27281,8.4583]]},"properties":{"id":1447944907,"cls":"service","hw":"service","tg":"na","name":"","ref":"","surface":"paved","sc":"paved","speed":null,"lit":"unk","km":0.068}},
{"type":"Feature","geometry":{"type":"LineString","coordinates":[[-13.27436,8.45855],[-13.27402,8.45889],[-13.27396,8.45904],[-13.27395,8.45911],[-13.27397,8.45921],[-13.27401,8.45931],[-13.274,8.45937],[-13.27395,8.45945],[-13.27388,8.45952],[-13.27375,8.45952],[-13.27363,8.45947],[-13.27353,8.45935],[-13.27349,8.45921],[-13.27348,8.45908],[-13.27353,8.45893],[-13.27369,8.45866],[-13.274,8.45825]]},"properties":{"id":1447944908,"cls":"service","hw":"service","tg":"na","name":"","ref":"","surface":"unpaved","sc":"unpaved","speed":null,"lit":"unk","km":0.316}},
{"type":"Feature","geometry":{"type":"LineString","coordinates":[[-13.27328,8.45768],[-13.27318,8.45782]]},"properties":{"id":1447944909,"cls":"service","hw":"service","tg":"na","name":"","ref":"","surface":"","sc":"unknown","speed":null,"lit":"unk","km":0.019}},
{"type":"Feature","geometry":{"type":"LineString","coordinates":[[-13.27339,8.45867],[-13.2737,8.4583],[-13.27372,8.45827],[-13.27371,8.45823],[-13.27351,8.45807],[-13.2733,8.45792],[-13.27318,8.45782]]},"properties":{"id":1447944910,"cls":"service","hw":"service","tg":"na","name":"","ref":"","surface":"","sc":"unknown","speed":null,"lit":"unk","km":0.136}},
{"type":"Feature","geometry":{"type":"LineString","coordinates":[[-13.27348,8.45876],[-13.27365,8.45853],[-13.27392,8.45819]]},"properties":{"id":1447944911,"cls":"service","hw":"service","tg":"na","name":"","ref":"","surface":"paved","sc":"paved","speed":null,"lit":"unk","km":0.08}},
{"type":"Feature","geometry":{"type":"LineString","coordinates":[[-13.27281,8.4583],[-13.27275,8.45838],[-13.27275,8.45847],[-13.27284,8.45855],[-13.27316,8.45893],[-13.27325,8.45903],[-13.27333,8.45904],[-13.27336,8.45902],[-13.27348,8.45876]]},"properties":{"id":1447944912,"cls":"service","hw":"service","tg":"na","name":"","ref":"","surface":"","sc":"unknown","speed":null,"lit":"unk","km":0.149}},
{"type":"Feature","geometry":{"type":"LineString","coordinates":[[-13.27472,8.45629],[-13.27491,8.45622],[-13.27503,8.45613],[-13.27525,8.45586]]},"properties":{"id":1447946717,"cls":"service","hw":"service","tg":"na","name":"","ref":"","surface":"","sc":"unknown","speed":null,"lit":"unk","km":0.077}},
{"type":"Feature","geometry":{"type":"LineString","coordinates":[[-13.27434,8.45796],[-13.27455,8.4578],[-13.27459,8.45778],[-13.27464,8.45778],[-13.27473,8.4578],[-13.27483,8.45778]]},"properties":{"id":1447946718,"cls":"service","hw":"service","tg":"na","name":"","ref":"","surface":"","sc":"unknown","speed":null,"lit":"unk","km":0.061}},
{"type":"Feature","geometry":{"type":"LineString","coordinates":[[-10.93853,8.6445],[-10.9387,8.64446],[-10.93887,8.64444],[-10.93893,8.64443],[-10.939,8.64441],[-10.93905,8.64438]]},"properties":{"id":1448148803,"cls":"service","hw":"service","tg":"na","name":"","ref":"","surface":"","sc":"unknown","speed":null,"lit":"unk","km":0.059}},
{"type":"Feature","geometry":{"type":"LineString","coordinates":[[-13.23839,8.48107],[-13.23819,8.48085],[-13.2381,8.48071],[-13.23801,8.4806]]},"properties":{"id":1448231282,"cls":"service","hw":"service","tg":"na","name":"","ref":"","surface":"","sc":"unknown","speed":null,"lit":"unk","km":0.067}},
{"type":"Feature","geometry":{"type":"LineString","coordinates":[[-13.27281,8.4583],[-13.27296,8.45834],[-13.27302,8.45837],[-13.27339,8.45867]]},"properties":{"id":1449344952,"cls":"service","hw":"service","tg":"na","name":"","ref":"","surface":"","sc":"unknown","speed":null,"lit":"unk","km":0.077}},
{"type":"Feature","geometry":{"type":"LineString","coordinates":[[-13.27348,8.45876],[-13.27339,8.45867]]},"properties":{"id":1449344953,"cls":"service","hw":"service","tg":"na","name":"","ref":"","surface":"","sc":"unknown","speed":null,"lit":"unk","km":0.014}},
{"type":"Feature","geometry":{"type":"LineString","coordinates":[[-13.27296,8.45834],[-13.2733,8.45792]]},"properties":{"id":1449344954,"cls":"service","hw":"service","tg":"na","name":"","ref":"","surface":"","sc":"unknown","speed":null,"lit":"unk","km":0.06}},
{"type":"Feature","geometry":{"type":"LineString","coordinates":[[-13.12898,8.38773],[-13.12929,8.38761],[-13.12943,8.38758],[-13.12952,8.38762],[-13.12958,8.38763],[-13.12967,8.38762],[-13.12975,8.3876]]},"properties":{"id":1450337260,"cls":"service","hw":"service","tg":"na","name":"","ref":"","surface":"","sc":"unknown","speed":null,"lit":"unk","km":0.089}},
{"type":"Feature","geometry":{"type":"LineString","coordinates":[[-13.12898,8.38792],[-13.12898,8.38773],[-13.12898,8.38735],[-13.12914,8.38712]]},"properties":{"id":1450337261,"cls":"service","hw":"service","tg":"na","name":"","ref":"","surface":"","sc":"unknown","speed":null,"lit":"unk","km":0.094}},
{"type":"Feature","geometry":{"type":"LineString","coordinates":[[-13.12902,8.38833],[-13.12909,8.3884],[-13.12926,8.38841],[-13.12942,8.38841],[-13.12953,8.38838],[-13.12966,8.38836],[-13.1298,8.38842],[-13.12995,8.38847],[-13.13006,8.38852]]},"properties":{"id":1450337262,"cls":"service","hw":"service","tg":"na","name":"","ref":"","surface":"","sc":"unknown","speed":null,"lit":"unk","km":0.122}},
{"type":"Feature","geometry":{"type":"LineString","coordinates":[[-13.12916,8.3912],[-13.1288,8.391]]},"properties":{"id":1450337263,"cls":"service","hw":"service","tg":"na","name":"","ref":"","surface":"","sc":"unknown","speed":null,"lit":"unk","km":0.045}},
{"type":"Feature","geometry":{"type":"LineString","coordinates":[[-13.25655,8.45718],[-13.25643,8.45699]]},"properties":{"id":1457427622,"cls":"service","hw":"service","tg":"na","name":"","ref":"","surface":"","sc":"unknown","speed":null,"lit":"unk","km":0.025}},
{"type":"Feature","geometry":{"type":"LineString","coordinates":[[-13.14243,8.40675],[-13.14261,8.40658],[-13.14264,8.40648],[-13.14265,8.4064],[-13.14266,8.40631],[-13.14268,8.40619],[-13.14268,8.40608],[-13.14262,8.40593]]},"properties":{"id":1458744546,"cls":"service","hw":"service","tg":"na","name":"","ref":"","surface":"concrete","sc":"paved","speed":null,"lit":"unk","km":0.102}},
{"type":"Feature","geometry":{"type":"LineString","coordinates":[[-13.05245,8.33461],[-13.05236,8.33441]]},"properties":{"id":1459039091,"cls":"service","hw":"service","tg":"na","name":"","ref":"","surface":"","sc":"unknown","speed":null,"lit":"unk","km":0.024}},
{"type":"Feature","geometry":{"type":"LineString","coordinates":[[-13.26696,8.4882],[-13.26722,8.48793]]},"properties":{"id":1460925197,"cls":"service","hw":"service","tg":"na","name":"","ref":"","surface":"unpaved","sc":"unpaved","speed":null,"lit":"unk","km":0.041}},
{"type":"Feature","geometry":{"type":"LineString","coordinates":[[-13.26541,8.48784],[-13.26576,8.48785]]},"properties":{"id":1460925199,"cls":"service","hw":"service","tg":"na","name":"","ref":"","surface":"unpaved","sc":"unpaved","speed":null,"lit":"unk","km":0.039}},
{"type":"Feature","geometry":{"type":"LineString","coordinates":[[-13.26467,8.48753],[-13.2649,8.48742],[-13.26492,8.4874],[-13.26492,8.48736],[-13.2648,8.48706]]},"properties":{"id":1460925200,"cls":"service","hw":"service","tg":"na","name":"","ref":"","surface":"","sc":"unknown","speed":null,"lit":"unk","km":0.072}},
{"type":"Feature","geometry":{"type":"LineString","coordinates":[[-13.26542,8.48593],[-13.26578,8.48581]]},"properties":{"id":1460925201,"cls":"service","hw":"service","tg":"na","name":"","ref":"","surface":"","sc":"unknown","speed":null,"lit":"unk","km":0.042}},
{"type":"Feature","geometry":{"type":"LineString","coordinates":[[-13.26484,8.48525],[-13.2649,8.48541],[-13.26495,8.48564],[-13.265,8.48585],[-13.26503,8.48603]]},"properties":{"id":1460925203,"cls":"service","hw":"service","tg":"na","name":"","ref":"","surface":"","sc":"unknown","speed":null,"lit":"unk","km":0.089}},
{"type":"Feature","geometry":{"type":"LineString","coordinates":[[-13.26424,8.4853],[-13.26434,8.48563]]},"properties":{"id":1461272510,"cls":"service","hw":"service","tg":"na","name":"","ref":"","surface":"","sc":"unknown","speed":null,"lit":"unk","km":0.038}},
{"type":"Feature","geometry":{"type":"LineString","coordinates":[[-13.26586,8.485],[-13.26595,8.4852],[-13.26605,8.4857]]},"properties":{"id":1461272511,"cls":"service","hw":"service","tg":"na","name":"","ref":"","surface":"","sc":"unknown","speed":null,"lit":"unk","km":0.081}},
{"type":"Feature","geometry":{"type":"LineString","coordinates":[[-12.3014,7.77897],[-12.30112,7.77885],[-12.30099,7.77883],[-12.30087,7.77883],[-12.30073,7.77883]]},"properties":{"id":1464498317,"cls":"service","hw":"service","tg":"na","name":"","ref":"","surface":"","sc":"unknown","speed":null,"lit":"unk","km":0.077}},
{"type":"Feature","geometry":{"type":"LineString","coordinates":[[-13.26192,8.42769],[-13.26201,8.42788],[-13.26205,8.42794],[-13.26225,8.4281]]},"properties":{"id":1464524269,"cls":"service","hw":"service","tg":"na","name":"","ref":"","surface":"","sc":"unknown","speed":null,"lit":"unk","km":0.06}},
{"type":"Feature","geometry":{"type":"LineString","coordinates":[[-13.26191,8.42701],[-13.26184,8.42677],[-13.26179,8.42653]]},"properties":{"id":1464524270,"cls":"service","hw":"service","tg":"na","name":"","ref":"","surface":"","sc":"unknown","speed":null,"lit":"unk","km":0.055}},
{"type":"Feature","geometry":{"type":"LineString","coordinates":[[-13.26475,8.42954],[-13.2647,8.4292]]},"properties":{"id":1464534579,"cls":"service","hw":"service","tg":"na","name":"","ref":"","surface":"","sc":"unknown","speed":null,"lit":"unk","km":0.038}},
{"type":"Feature","geometry":{"type":"LineString","coordinates":[[-13.25534,8.42619],[-13.25577,8.42568]]},"properties":{"id":1464534581,"cls":"service","hw":"service","tg":"na","name":"","ref":"","surface":"","sc":"unknown","speed":null,"lit":"unk","km":0.074}},
{"type":"Feature","geometry":{"type":"LineString","coordinates":[[-13.14305,8.38933],[-13.14338,8.38903]]},"properties":{"id":1473919627,"cls":"service","hw":"service","tg":"na","name":"","ref":"","surface":"","sc":"unknown","speed":null,"lit":"unk","km":0.049}},
{"type":"Feature","geometry":{"type":"LineString","coordinates":[[-13.14325,8.38956],[-13.14312,8.3894],[-13.14308,8.38936],[-13.14305,8.38933],[-13.14298,8.38938],[-13.14294,8.38938],[-13.14291,8.38937],[-13.14284,8.38935],[-13.14275,8.38928],[-13.14255,8.38906]]},"properties":{"id":1473919628,"cls":"service","hw":"service","tg":"na","name":"","ref":"","surface":"","sc":"unknown","speed":null,"lit":"unk","km":0.105}},
{"type":"Feature","geometry":{"type":"LineString","coordinates":[[-13.18455,8.4678],[-13.18486,8.46792],[-13.18505,8.46797],[-13.18525,8.46798],[-13.18557,8.46789]]},"properties":{"id":1474422821,"cls":"service","hw":"service","tg":"na","name":"","ref":"","surface":"unpaved","sc":"unpaved","speed":null,"lit":"unk","km":0.117}},
{"type":"Feature","geometry":{"type":"LineString","coordinates":[[-11.72356,7.94806],[-11.72349,7.948],[-11.72341,7.94797],[-11.72332,7.94793],[-11.72327,7.94791],[-11.72321,7.94791],[-11.72316,7.94791],[-11.72311,7.94792],[-11.72304,7.94792],[-11.72301,7.94792],[-11.72291,7.9479],[-11.72285,7.94787]]},"properties":{"id":1477546862,"cls":"service","hw":"service","tg":"na","name":"","ref":"","surface":"","sc":"unknown","speed":null,"lit":"unk","km":0.084}},
{"type":"Feature","geometry":{"type":"LineString","coordinates":[[-11.72845,7.94802],[-11.72826,7.94807],[-11.72765,7.94824],[-11.72763,7.94825],[-11.72762,7.94827],[-11.72762,7.94834],[-11.72765,7.94849],[-11.72769,7.94855],[-11.72779,7.94863],[-11.72784,7.94866],[-11.72786,7.94868]]},"properties":{"id":1477577912,"cls":"service","hw":"service","tg":"na","name":"","ref":"","surface":"","sc":"unknown","speed":null,"lit":"unk","km":0.153}},
{"type":"Feature","geometry":{"type":"LineString","coordinates":[[-11.7421,7.96386],[-11.74212,7.96397],[-11.74212,7.96408],[-11.74212,7.96417],[-11.74211,7.96427],[-11.7421,7.96445],[-11.74214,7.96458],[-11.7422,7.96465],[-11.7422,7.96466]]},"properties":{"id":1479829589,"cls":"service","hw":"service","tg":"na","name":"","ref":"","surface":"","sc":"unknown","speed":null,"lit":"unk","km":0.092}},
{"type":"Feature","geometry":{"type":"LineString","coordinates":[[-11.74053,7.96006],[-11.74043,7.95959]]},"properties":{"id":1479829590,"cls":"service","hw":"service","tg":"na","name":"","ref":"","surface":"","sc":"unknown","speed":null,"lit":"unk","km":0.053}},
{"type":"Feature","geometry":{"type":"LineString","coordinates":[[-11.74039,7.9648],[-11.74002,7.96504]]},"properties":{"id":1479829591,"cls":"service","hw":"service","tg":"na","name":"","ref":"","surface":"","sc":"unknown","speed":null,"lit":"unk","km":0.049}},
{"type":"Feature","geometry":{"type":"LineString","coordinates":[[-11.74345,7.9601],[-11.74336,7.95992],[-11.74333,7.95988],[-11.7433,7.95985],[-11.74327,7.95983],[-11.74318,7.95982],[-11.74309,7.95981],[-11.74296,7.9598],[-11.74291,7.95979],[-11.74279,7.95975],[-11.74263,7.95971],[-11.74241,7.95963],[-11.74234,7.95958],[-11.74224,7.95951],[-11.7422,7.95948]]},"properties":{"id":1479829592,"cls":"service","hw":"service","tg":"na","name":"","ref":"","surface":"","sc":"unknown","speed":null,"lit":"unk","km":0.163}},
{"type":"Feature","geometry":{"type":"LineString","coordinates":[[-11.74364,7.96003],[-11.74353,7.95978],[-11.74345,7.95964]]},"properties":{"id":1479829593,"cls":"service","hw":"service","tg":"na","name":"","ref":"","surface":"","sc":"unknown","speed":null,"lit":"unk","km":0.048}},
{"type":"Feature","geometry":{"type":"LineString","coordinates":[[-11.74267,7.96035],[-11.74262,7.96025],[-11.74259,7.96021],[-11.74254,7.96018],[-11.74246,7.96014],[-11.74231,7.96007],[-11.74215,7.96001]]},"properties":{"id":1479829594,"cls":"service","hw":"service","tg":"na","name":"","ref":"","surface":"","sc":"unknown","speed":null,"lit":"unk","km":0.071}},
{"type":"Feature","geometry":{"type":"LineString","coordinates":[[-11.74181,7.96142],[-11.74179,7.96147],[-11.74175,7.96152],[-11.7417,7.96157],[-11.74157,7.96161],[-11.74139,7.9617]]},"properties":{"id":1479829595,"cls":"service","hw":"service","tg":"na","name":"","ref":"","surface":"","sc":"unknown","speed":null,"lit":"unk","km":0.058}},
{"type":"Feature","geometry":{"type":"LineString","coordinates":[[-11.74035,7.96144],[-11.74024,7.96145]]},"properties":{"id":1479829596,"cls":"service","hw":"service","tg":"na","name":"","ref":"","surface":"","sc":"unknown","speed":null,"lit":"unk","km":0.012}},
{"type":"Feature","geometry":{"type":"LineString","coordinates":[[-11.74024,7.96145],[-11.74019,7.96146],[-11.74011,7.96151]]},"properties":{"id":1479829597,"cls":"service","hw":"service","tg":"na","name":"","ref":"","surface":"","sc":"unknown","speed":null,"lit":"unk","km":0.016}},
{"type":"Feature","geometry":{"type":"LineString","coordinates":[[-11.74047,7.96151],[-11.74037,7.96145],[-11.74035,7.96144]]},"properties":{"id":1479829598,"cls":"service","hw":"service","tg":"na","name":"","ref":"","surface":"","sc":"unknown","speed":null,"lit":"unk","km":0.015}},
{"type":"Feature","geometry":{"type":"LineString","coordinates":[[-11.74139,7.96235],[-11.74127,7.9623],[-11.74125,7.96228],[-11.74124,7.96227],[-11.74125,7.96219],[-11.74124,7.96217],[-11.74121,7.96216],[-11.74099,7.96203],[-11.74061,7.96182],[-11.74046,7.96173]]},"properties":{"id":1479829599,"cls":"service","hw":"service","tg":"na","name":"","ref":"","surface":"","sc":"unknown","speed":null,"lit":"unk","km":0.129}},
{"type":"Feature","geometry":{"type":"LineString","coordinates":[[-11.73949,7.96186],[-11.73967,7.9617],[-11.73978,7.96163],[-11.73979,7.9616],[-11.7398,7.96159],[-11.73982,7.96156],[-11.74003,7.96142]]},"properties":{"id":1479830198,"cls":"service","hw":"service","tg":"na","name":"","ref":"","surface":"","sc":"unknown","speed":null,"lit":"unk","km":0.078}},
{"type":"Feature","geometry":{"type":"LineString","coordinates":[[-10.99779,8.61723],[-10.99768,8.61711],[-10.99744,8.61686],[-10.99691,8.61654]]},"properties":{"id":1480646694,"cls":"service","hw":"service","tg":"na","name":"","ref":"","surface":"","sc":"unknown","speed":null,"lit":"unk","km":0.125}},
{"type":"Feature","geometry":{"type":"LineString","coordinates":[[-10.99431,8.6201],[-10.99448,8.62015],[-10.99454,8.62014],[-10.99461,8.62015],[-10.99477,8.62025],[-10.99494,8.62038]]},"properties":{"id":1480646695,"cls":"service","hw":"service","tg":"na","name":"","ref":"","surface":"","sc":"unknown","speed":null,"lit":"unk","km":0.078}},
{"type":"Feature","geometry":{"type":"LineString","coordinates":[[-13.25099,8.49079],[-13.25093,8.49074],[-13.25088,8.49069],[-13.25078,8.49047],[-13.25078,8.49035],[-13.25077,8.49016],[-13.25077,8.49002]]},"properties":{"id":1487576220,"cls":"service","hw":"service","tg":"na","name":"","ref":"","surface":"unpaved","sc":"unpaved","speed":null,"lit":"unk","km":0.093}},
{"type":"Feature","geometry":{"type":"LineString","coordinates":[[-13.29354,8.49339],[-13.29355,8.49332],[-13.29355,8.49328],[-13.29335,8.49319]]},"properties":{"id":1492968903,"cls":"service","hw":"service","tg":"na","name":"","ref":"","surface":"","sc":"unknown","speed":null,"lit":"unk","km":0.036}},
{"type":"Feature","geometry":{"type":"LineString","coordinates":[[-13.2942,8.49362],[-13.29416,8.49371],[-13.29413,8.49372],[-13.29371,8.4936],[-13.2937,8.49358],[-13.29369,8.49356],[-13.29371,8.4935]]},"properties":{"id":1492968904,"cls":"service","hw":"service","tg":"na","name":"","ref":"","surface":"","sc":"unknown","speed":null,"lit":"unk","km":0.074}},
{"type":"Feature","geometry":{"type":"LineString","coordinates":[[-13.03603,8.32219],[-13.03607,8.32213],[-13.03627,8.32192]]},"properties":{"id":1493140105,"cls":"service","hw":"service","tg":"na","name":"","ref":"","surface":"","sc":"unknown","speed":null,"lit":"unk","km":0.04}},
{"type":"Feature","geometry":{"type":"LineString","coordinates":[[-13.0367,8.32534],[-13.03686,8.32506],[-13.03702,8.32472]]},"properties":{"id":1493140107,"cls":"service","hw":"service","tg":"na","name":"","ref":"","surface":"","sc":"unknown","speed":null,"lit":"unk","km":0.077}},
{"type":"Feature","geometry":{"type":"LineString","coordinates":[[-13.26175,8.44447],[-13.26132,8.44447],[-13.26115,8.44446]]},"properties":{"id":1496838076,"cls":"service","hw":"service","tg":"na","name":"","ref":"","surface":"","sc":"unknown","speed":null,"lit":"unk","km":0.066}},
{"type":"Feature","geometry":{"type":"LineString","coordinates":[[-13.26164,8.44764],[-13.26134,8.44755]]},"properties":{"id":1496838078,"cls":"service","hw":"service","tg":"na","name":"","ref":"","surface":"","sc":"unknown","speed":null,"lit":"unk","km":0.034}},
{"type":"Feature","geometry":{"type":"LineString","coordinates":[[-13.23197,8.36257],[-13.2321,8.36247],[-13.23213,8.36242],[-13.23209,8.36235],[-13.23199,8.3623],[-13.23191,8.36228]]},"properties":{"id":1499859504,"cls":"service","hw":"service","tg":"na","name":"","ref":"","surface":"","sc":"unknown","speed":null,"lit":"unk","km":0.055}},
{"type":"Feature","geometry":{"type":"LineString","coordinates":[[-13.23286,8.36386],[-13.23255,8.36394],[-13.23228,8.36399],[-13.23218,8.36401]]},"properties":{"id":1499859505,"cls":"service","hw":"service","tg":"na","name":"","ref":"","surface":"","sc":"unknown","speed":null,"lit":"unk","km":0.077}},
{"type":"Feature","geometry":{"type":"LineString","coordinates":[[-13.19858,8.61279],[-13.19864,8.61217]]},"properties":{"id":1501754965,"cls":"service","hw":"service","tg":"na","name":"","ref":"","surface":"","sc":"unknown","speed":null,"lit":"unk","km":0.069}},
{"type":"Feature","geometry":{"type":"LineString","coordinates":[[-13.19704,8.61274],[-13.19699,8.61225]]},"properties":{"id":1501754966,"cls":"service","hw":"service","tg":"na","name":"","ref":"","surface":"","sc":"unknown","speed":null,"lit":"unk","km":0.055}},
{"type":"Feature","geometry":{"type":"LineString","coordinates":[[-13.15818,8.44062],[-13.15856,8.44083]]},"properties":{"id":1513033869,"cls":"service","hw":"service","tg":"na","name":"","ref":"","surface":"unpaved","sc":"unpaved","speed":null,"lit":"unk","km":0.048}},
{"type":"Feature","geometry":{"type":"LineString","coordinates":[[-11.19504,7.89035],[-11.19495,7.89035],[-11.19493,7.89035],[-11.19491,7.89033],[-11.19479,7.89013]]},"properties":{"id":1513956503,"cls":"service","hw":"service","tg":"na","name":"","ref":"","surface":"","sc":"unknown","speed":null,"lit":"unk","km":0.041}},
{"type":"Feature","geometry":{"type":"LineString","coordinates":[[-11.19479,7.89013],[-11.19481,7.88946],[-11.19481,7.88939],[-11.19481,7.88932],[-11.19479,7.88924],[-11.19465,7.88847]]},"properties":{"id":1513956505,"cls":"service","hw":"service","tg":"na","name":"","ref":"","surface":"","sc":"unknown","speed":null,"lit":"unk","km":0.186}},
{"type":"Feature","geometry":{"type":"LineString","coordinates":[[-11.19455,7.89017],[-11.19479,7.89013],[-11.19553,7.89]]},"properties":{"id":1513956506,"cls":"service","hw":"service","tg":"na","name":"","ref":"","surface":"","sc":"unknown","speed":null,"lit":"unk","km":0.11}},
{"type":"Feature","geometry":{"type":"LineString","coordinates":[[-11.19407,7.88921],[-11.19399,7.88928],[-11.19397,7.88931],[-11.19397,7.88935],[-11.19406,7.88959]]},"properties":{"id":1513956507,"cls":"service","hw":"service","tg":"na","name":"","ref":"","surface":"","sc":"unknown","speed":null,"lit":"unk","km":0.049}},
{"type":"Feature","geometry":{"type":"LineString","coordinates":[[-11.19435,7.88987],[-11.19321,7.89051]]},"properties":{"id":1513956508,"cls":"service","hw":"service","tg":"na","name":"","ref":"","surface":"","sc":"unknown","speed":null,"lit":"unk","km":0.144}},
{"type":"Feature","geometry":{"type":"LineString","coordinates":[[-13.26339,8.49482],[-13.26367,8.49467]]},"properties":{"id":1517896215,"cls":"service","hw":"service","tg":"na","name":"","ref":"","surface":"","sc":"unknown","speed":null,"lit":"unk","km":0.035}},
{"type":"Feature","geometry":{"type":"LineString","coordinates":[[-13.09773,8.21776],[-13.09754,8.21766],[-13.0975,8.21766],[-13.09741,8.2178]]},"properties":{"id":1521246741,"cls":"service","hw":"service","tg":"na","name":"","ref":"","surface":"","sc":"unknown","speed":null,"lit":"unk","km":0.047}},
{"type":"Feature","geometry":{"type":"LineString","coordinates":[[-11.76171,7.95539],[-11.76172,7.95532],[-11.76174,7.95529],[-11.76182,7.95527],[-11.76206,7.95524]]},"properties":{"id":1522660631,"cls":"service","hw":"service","tg":"na","name":"","ref":"","surface":"","sc":"unknown","speed":null,"lit":"unk","km":0.048}},
{"type":"Feature","geometry":{"type":"LineString","coordinates":[[-11.75995,7.95611],[-11.7598,7.95612],[-11.75947,7.95618]]},"properties":{"id":1522662397,"cls":"service","hw":"service","tg":"na","name":"","ref":"","surface":"","sc":"unknown","speed":null,"lit":"unk","km":0.054}},
{"type":"Feature","geometry":{"type":"LineString","coordinates":[[-11.75824,7.95639],[-11.75842,7.95633],[-11.75848,7.95632],[-11.75852,7.95633],[-11.75857,7.95637],[-11.75865,7.95649],[-11.75872,7.9566]]},"properties":{"id":1522662399,"cls":"service","hw":"service","tg":"na","name":"","ref":"","surface":"","sc":"unknown","speed":null,"lit":"unk","km":0.07}},
{"type":"Feature","geometry":{"type":"LineString","coordinates":[[-11.56937,9.54664],[-11.5696,9.54679],[-11.56991,9.54699],[-11.56994,9.54716]]},"properties":{"id":1526062186,"cls":"service","hw":"service","tg":"na","name":"","ref":"","surface":"","sc":"unknown","speed":null,"lit":"unk","km":0.09}},
{"type":"Feature","geometry":{"type":"LineString","coordinates":[[-13.23174,8.48295],[-13.23203,8.48309],[-13.23211,8.48308],[-13.23216,8.48305],[-13.23231,8.48281],[-13.23241,8.48266]]},"properties":{"id":1528366686,"cls":"service","hw":"service","tg":"na","name":"","ref":"","surface":"","sc":"unknown","speed":null,"lit":"unk","km":0.102}},
{"type":"Feature","geometry":{"type":"LineString","coordinates":[[-13.26475,8.44426],[-13.26467,8.44436],[-13.26463,8.44453],[-13.26469,8.44471],[-13.26472,8.44491],[-13.26476,8.44508]]},"properties":{"id":1528569080,"cls":"service","hw":"service","tg":"na","name":"","ref":"","surface":"","sc":"unknown","speed":null,"lit":"unk","km":0.097}},
{"type":"Feature","geometry":{"type":"LineString","coordinates":[[-13.26162,8.44381],[-13.26171,8.44387],[-13.26184,8.44388],[-13.262,8.44399],[-13.2623,8.44412]]},"properties":{"id":1528569082,"cls":"service","hw":"service","tg":"na","name":"","ref":"","surface":"","sc":"unknown","speed":null,"lit":"unk","km":0.084}},
{"type":"Feature","geometry":{"type":"LineString","coordinates":[[-13.26145,8.44613],[-13.26167,8.44614]]},"properties":{"id":1528569086,"cls":"service","hw":"service","tg":"na","name":"","ref":"","surface":"","sc":"unknown","speed":null,"lit":"unk","km":0.024}},
{"type":"Feature","geometry":{"type":"LineString","coordinates":[[-13.25572,8.44229],[-13.25602,8.44244]]},"properties":{"id":1528569090,"cls":"service","hw":"service","tg":"na","name":"","ref":"","surface":"","sc":"unknown","speed":null,"lit":"unk","km":0.037}},
{"type":"Feature","geometry":{"type":"LineString","coordinates":[[-13.28506,8.49203],[-13.28502,8.49213],[-13.28501,8.49221],[-13.28502,8.49224],[-13.28504,8.49228],[-13.28511,8.49231],[-13.28516,8.49233],[-13.28523,8.49232],[-13.28528,8.49229],[-13.28534,8.49226]]},"properties":{"id":1531463112,"cls":"service","hw":"service","tg":"na","name":"","ref":"","surface":"","sc":"unknown","speed":null,"lit":"unk","km":0.065}},
{"type":"Feature","geometry":{"type":"LineString","coordinates":[[-13.25243,8.48776],[-13.25243,8.48767],[-13.25247,8.4875]]},"properties":{"id":1531707186,"cls":"service","hw":"service","tg":"na","name":"","ref":"","surface":"ground","sc":"unpaved","speed":null,"lit":"unk","km":0.029}},
{"type":"Feature","geometry":{"type":"LineString","coordinates":[[-13.25268,8.48765],[-13.25259,8.4877],[-13.25252,8.48773],[-13.25243,8.48776],[-13.25229,8.48783],[-13.25205,8.48795],[-13.2519,8.48798],[-13.25182,8.48804]]},"properties":{"id":1531707187,"cls":"service","hw":"service","tg":"na","name":"","ref":"","surface":"ground","sc":"unpaved","speed":null,"lit":"unk","km":0.105}},
{"type":"Feature","geometry":{"type":"LineString","coordinates":[[-13.25135,8.489],[-13.2512,8.48881],[-13.25119,8.48871],[-13.25121,8.48815]]},"properties":{"id":1531707188,"cls":"service","hw":"service","tg":"na","name":"","ref":"","surface":"paved","sc":"paved","speed":null,"lit":"unk","km":0.1}},
{"type":"Feature","geometry":{"type":"LineString","coordinates":[[-13.25187,8.48908],[-13.25178,8.48907],[-13.25171,8.48902],[-13.25157,8.48895],[-13.2515,8.48893],[-13.25135,8.489],[-13.25127,8.48902],[-13.25125,8.48908],[-13.25125,8.48921],[-13.25125,8.48928],[-13.25122,8.48932],[-13.25073,8.48931]]},"properties":{"id":1531707189,"cls":"service","hw":"service","tg":"na","name":"","ref":"","surface":"paved","sc":"paved","speed":null,"lit":"unk","km":0.161}},
{"type":"Feature","geometry":{"type":"LineString","coordinates":[[-13.25042,8.48805],[-13.25042,8.48918]]},"properties":{"id":1531707190,"cls":"service","hw":"service","tg":"na","name":"","ref":"","surface":"paved","sc":"paved","speed":null,"lit":"unk","km":0.126}},
{"type":"Feature","geometry":{"type":"LineString","coordinates":[[-13.24713,8.49257],[-13.2476,8.49253],[-13.24766,8.49253],[-13.24768,8.49257],[-13.24773,8.49307],[-13.24773,8.49313],[-13.24771,8.49319],[-13.24767,8.49322],[-13.24756,8.49325],[-13.24721,8.49327],[-13.24714,8.49323],[-13.24693,8.49324],[-13.24682,8.49315],[-13.24674,8.49311]]},"properties":{"id":1531707191,"cls":"service","hw":"service","tg":"na","name":"","ref":"","surface":"unpaved","sc":"unpaved","speed":null,"lit":"unk","km":0.247}},
{"type":"Feature","geometry":{"type":"LineString","coordinates":[[-13.24649,8.49235],[-13.24657,8.49227],[-13.24664,8.49224],[-13.24666,8.49219],[-13.24666,8.49211]]},"properties":{"id":1531707192,"cls":"service","hw":"service","tg":"na","name":"Gadrage Road Kingtom","ref":"","surface":"unpaved","sc":"unpaved","speed":null,"lit":"unk","km":0.036}},
{"type":"Feature","geometry":{"type":"LineString","coordinates":[[-13.18123,8.47294],[-13.18083,8.47277]]},"properties":{"id":1532729462,"cls":"service","hw":"service","tg":"na","name":"","ref":"","surface":"","sc":"unknown","speed":null,"lit":"unk","km":0.048}},
{"type":"Feature","geometry":{"type":"LineString","coordinates":[[-13.18176,8.47383],[-13.18182,8.47366],[-13.18186,8.47352],[-13.18193,8.47312],[-13.18196,8.47281],[-13.18199,8.47237],[-13.18202,8.4721],[-13.182,8.47192],[-13.18194,8.47171]]},"properties":{"id":1532729464,"cls":"service","hw":"service","tg":"na","name":"","ref":"","surface":"","sc":"unknown","speed":null,"lit":"unk","km":0.24}},
{"type":"Feature","geometry":{"type":"LineString","coordinates":[[-13.18192,8.47386],[-13.18176,8.47383],[-13.18151,8.47377],[-13.18083,8.47359],[-13.18079,8.47357],[-13.18036,8.47333],[-13.17961,8.47285],[-13.17961,8.47281],[-13.17963,8.47276],[-13.1797,8.4727],[-13.17974,8.47268],[-13.17982,8.47271]]},"properties":{"id":1532729465,"cls":"service","hw":"service","tg":"na","name":"","ref":"","surface":"","sc":"unknown","speed":null,"lit":"unk","km":0.316}},
{"type":"Feature","geometry":{"type":"LineString","coordinates":[[-13.18187,8.47442],[-13.18168,8.47438],[-13.18127,8.47433]]},"properties":{"id":1532729466,"cls":"service","hw":"service","tg":"na","name":"","ref":"","surface":"","sc":"unknown","speed":null,"lit":"unk","km":0.067}},
{"type":"Feature","geometry":{"type":"LineString","coordinates":[[-13.24993,8.45652],[-13.24946,8.45648]]},"properties":{"id":1533931857,"cls":"service","hw":"service","tg":"na","name":"","ref":"","surface":"paved","sc":"paved","speed":null,"lit":"unk","km":0.052}},
{"type":"Feature","geometry":{"type":"LineString","coordinates":[[-13.24579,8.48935],[-13.24584,8.48896],[-13.24578,8.4889],[-13.24564,8.48881]]},"properties":{"id":1534352411,"cls":"service","hw":"service","tg":"na","name":"","ref":"","surface":"paved","sc":"paved","speed":null,"lit":"unk","km":0.071}},
{"type":"Feature","geometry":{"type":"LineString","coordinates":[[-13.28631,8.48904],[-13.28638,8.48916],[-13.28647,8.48933]]},"properties":{"id":1541280186,"cls":"service","hw":"service","tg":"na","name":"","ref":"","surface":"","sc":"unknown","speed":null,"lit":"unk","km":0.037}},
{"type":"Feature","geometry":{"type":"LineString","coordinates":[[-13.28644,8.48889],[-13.28622,8.48866]]},"properties":{"id":1541280191,"cls":"service","hw":"service","tg":"na","name":"","ref":"","surface":"","sc":"unknown","speed":null,"lit":"unk","km":0.035}},
{"type":"Feature","geometry":{"type":"LineString","coordinates":[[-13.20834,8.4867],[-13.20827,8.48663],[-13.2082,8.48655],[-13.20818,8.4865],[-13.20817,8.48644],[-13.20818,8.48639],[-13.20821,8.48632]]},"properties":{"id":1542863985,"cls":"service","hw":"service","tg":"na","name":"","ref":"","surface":"","sc":"unknown","speed":null,"lit":"unk","km":0.05}},
{"type":"Feature","geometry":{"type":"LineString","coordinates":[[-13.20998,8.48806],[-13.2101,8.48805]]},"properties":{"id":1543191950,"cls":"service","hw":"service","tg":"na","name":"","ref":"","surface":"","sc":"unknown","speed":null,"lit":"unk","km":0.013}},
{"type":"Feature","geometry":{"type":"LineString","coordinates":[[-13.21057,8.48896],[-13.2105,8.48904],[-13.21035,8.48906]]},"properties":{"id":1543191951,"cls":"service","hw":"service","tg":"na","name":"","ref":"","surface":"","sc":"unknown","speed":null,"lit":"unk","km":0.028}},
{"type":"Feature","geometry":{"type":"LineString","coordinates":[[-13.20932,8.48812],[-13.20998,8.48806]]},"properties":{"id":1543191952,"cls":"service","hw":"service","tg":"na","name":"","ref":"","surface":"","sc":"unknown","speed":null,"lit":"unk","km":0.073}},
{"type":"Feature","geometry":{"type":"LineString","coordinates":[[-13.20883,8.4879],[-13.20862,8.48786],[-13.20848,8.48788],[-13.20837,8.48794],[-13.20834,8.48802],[-13.20832,8.48815],[-13.20833,8.48853],[-13.20837,8.48893]]},"properties":{"id":1543191953,"cls":"service","hw":"service","tg":"na","name":"","ref":"","surface":"","sc":"unknown","speed":null,"lit":"unk","km":0.164}},
{"type":"Feature","geometry":{"type":"LineString","coordinates":[[-13.2709,8.49205],[-13.27079,8.49236],[-13.27058,8.49282],[-13.27038,8.49317],[-13.27024,8.49341],[-13.27018,8.49354],[-13.27018,8.49363],[-13.27024,8.49373],[-13.27051,8.49392],[-13.27067,8.49399],[-13.27079,8.49419]]},"properties":{"id":1545080628,"cls":"service","hw":"service","tg":"na","name":"","ref":"","surface":"unpaved","sc":"unpaved","speed":null,"lit":"unk","km":0.289}},
{"type":"Feature","geometry":{"type":"LineString","coordinates":[[-13.25439,8.47745],[-13.25453,8.47739],[-13.25469,8.47735],[-13.25478,8.47733],[-13.25492,8.47732],[-13.25523,8.47736],[-13.25533,8.47742],[-13.25535,8.47747],[-13.25537,8.4776],[-13.25543,8.47782],[-13.25547,8.47786],[-13.25553,8.47789],[-13.2556,8.47789]]},"properties":{"id":1547764951,"cls":"service","hw":"service","tg":"na","name":"Technical Institute Drive","ref":"","surface":"ground","sc":"unpaved","speed":null,"lit":"unk","km":0.175}},
{"type":"Feature","geometry":{"type":"LineString","coordinates":[[-13.25413,8.47832],[-13.25429,8.4783],[-13.25443,8.4783],[-13.2545,8.47827],[-13.25453,8.47824]]},"properties":{"id":1547803863,"cls":"service","hw":"service","tg":"na","name":"","ref":"","surface":"asphalt","sc":"paved","speed":null,"lit":"unk","km":0.046}},
{"type":"Feature","geometry":{"type":"LineString","coordinates":[[-13.25335,8.47837],[-13.25388,8.47829]]},"properties":{"id":1547938669,"cls":"service","hw":"service","tg":"na","name":"","ref":"","surface":"","sc":"unknown","speed":null,"lit":"unk","km":0.059}},
{"type":"Feature","geometry":{"type":"LineString","coordinates":[[-13.23419,8.4762],[-13.23414,8.47623]]},"properties":{"id":1548629730,"cls":"service","hw":"service","tg":"na","name":"","ref":"","surface":"","sc":"unknown","speed":null,"lit":"unk","km":0.006}},
{"type":"Feature","geometry":{"type":"LineString","coordinates":[[-13.24943,8.45656],[-13.24946,8.45648],[-13.2495,8.45636],[-13.24954,8.45625],[-13.24957,8.45617],[-13.24958,8.45606],[-13.24953,8.45594],[-13.24947,8.45584],[-13.24933,8.45566],[-13.24925,8.45556],[-13.24914,8.45545],[-13.24906,8.45539],[-13.24898,8.45533]]},"properties":{"id":1548721583,"cls":"service","hw":"service","tg":"na","name":"","ref":"","surface":"paved","sc":"paved","speed":null,"lit":"unk","km":0.164}},
{"type":"Feature","geometry":{"type":"LineString","coordinates":[[-13.24999,8.4583],[-13.24996,8.45851],[-13.24993,8.4586],[-13.24989,8.45868],[-13.2499,8.45876],[-13.2499,8.4588],[-13.24986,8.45885],[-13.24974,8.45892]]},"properties":{"id":1548823760,"cls":"service","hw":"service","tg":"na","name":"","ref":"","surface":"unpaved","sc":"unpaved","speed":null,"lit":"unk","km":0.08}},
{"type":"Feature","geometry":{"type":"LineString","coordinates":[[-13.28987,8.49261],[-13.28972,8.49262],[-13.28914,8.49262],[-13.28906,8.49259],[-13.28903,8.49258]]},"properties":{"id":1548832868,"cls":"service","hw":"service","tg":"na","name":"","ref":"","surface":"unpaved","sc":"unpaved","speed":null,"lit":"unk","km":0.093}},
{"type":"Feature","geometry":{"type":"LineString","coordinates":[[-13.18037,8.46841],[-13.18044,8.46831],[-13.18057,8.46811],[-13.1807,8.46786]]},"properties":{"id":1548841972,"cls":"service","hw":"service","tg":"na","name":"","ref":"","surface":"","sc":"unknown","speed":null,"lit":"unk","km":0.071}},
{"type":"Feature","geometry":{"type":"LineString","coordinates":[[-13.25,8.46041],[-13.2495,8.46037]]},"properties":{"id":1548857971,"cls":"service","hw":"service","tg":"na","name":"","ref":"","surface":"unpaved","sc":"unpaved","speed":null,"lit":"unk","km":0.055}},
{"type":"Feature","geometry":{"type":"LineString","coordinates":[[-13.24854,8.46213],[-13.24842,8.46222],[-13.24819,8.46239],[-13.2481,8.46249]]},"properties":{"id":1549059029,"cls":"service","hw":"service","tg":"na","name":"","ref":"","surface":"unpaved","sc":"unpaved","speed":null,"lit":"unk","km":0.063}},
{"type":"Feature","geometry":{"type":"LineString","coordinates":[[-13.23821,8.45922],[-13.23853,8.45892],[-13.23862,8.45884],[-13.23866,8.45883],[-13.23868,8.45884],[-13.23882,8.45901]]},"properties":{"id":1549096828,"cls":"service","hw":"service","tg":"na","name":"","ref":"","surface":"paved","sc":"paved","speed":null,"lit":"unk","km":0.093}},
{"type":"Feature","geometry":{"type":"LineString","coordinates":[[-13.24942,8.47215],[-13.24946,8.47212],[-13.24949,8.4721],[-13.2495,8.47208],[-13.24951,8.472],[-13.24956,8.4715],[-13.24957,8.4713],[-13.2496,8.47124],[-13.24965,8.47123],[-13.24985,8.4712],[-13.25006,8.47121]]},"properties":{"id":1549500816,"cls":"service","hw":"service","tg":"na","name":"","ref":"","surface":"paved","sc":"paved","speed":null,"lit":"unk","km":0.158}},
{"type":"Feature","geometry":{"type":"LineString","coordinates":[[-13.25975,8.44827],[-13.25914,8.44807],[-13.25909,8.44806]]},"properties":{"id":1550028628,"cls":"service","hw":"service","tg":"na","name":"","ref":"","surface":"","sc":"unknown","speed":null,"lit":"unk","km":0.076}},
{"type":"Feature","geometry":{"type":"LineString","coordinates":[[-13.22927,8.46528],[-13.22926,8.46533],[-13.22925,8.46544],[-13.22927,8.46553],[-13.2293,8.46562],[-13.22928,8.4657]]},"properties":{"id":1550243359,"cls":"service","hw":"service","tg":"na","name":"","ref":"","surface":"","sc":"unknown","speed":null,"lit":"unk","km":0.048}},
{"type":"Feature","geometry":{"type":"LineString","coordinates":[[-13.1675,8.44469],[-13.16732,8.44474],[-13.16729,8.44472],[-13.16725,8.44459],[-13.16719,8.44453],[-13.16711,8.44452],[-13.16694,8.44456],[-13.1667,8.44463],[-13.16624,8.44479],[-13.16618,8.44484],[-13.16621,8.44499],[-13.16623,8.4451],[-13.1663,8.44519]]},"properties":{"id":1550247160,"cls":"service","hw":"service","tg":"na","name":"","ref":"","surface":"","sc":"unknown","speed":null,"lit":"unk","km":0.209}},
{"type":"Feature","geometry":{"type":"LineString","coordinates":[[-13.16728,8.44412],[-13.16721,8.44414],[-13.16704,8.44424],[-13.16679,8.44438],[-13.16649,8.44451],[-13.16637,8.44455]]},"properties":{"id":1550247161,"cls":"service","hw":"service","tg":"na","name":"","ref":"","surface":"","sc":"unknown","speed":null,"lit":"unk","km":0.111}},
{"type":"Feature","geometry":{"type":"LineString","coordinates":[[-13.16528,8.44298],[-13.16516,8.44307],[-13.16513,8.44313],[-13.1652,8.44323],[-13.1653,8.44336]]},"properties":{"id":1550247162,"cls":"service","hw":"service","tg":"na","name":"","ref":"","surface":"","sc":"unknown","speed":null,"lit":"unk","km":0.056}},
{"type":"Feature","geometry":{"type":"LineString","coordinates":[[-13.16641,8.44282],[-13.16664,8.44266],[-13.16695,8.44243],[-13.16702,8.44237]]},"properties":{"id":1550247163,"cls":"service","hw":"service","tg":"na","name":"","ref":"","surface":"","sc":"unknown","speed":null,"lit":"unk","km":0.084}},
{"type":"Feature","geometry":{"type":"LineString","coordinates":[[-13.16488,8.44083],[-13.1647,8.44093],[-13.16454,8.44099]]},"properties":{"id":1550247164,"cls":"service","hw":"service","tg":"na","name":"","ref":"","surface":"","sc":"unknown","speed":null,"lit":"unk","km":0.042}},
{"type":"Feature","geometry":{"type":"LineString","coordinates":[[-13.18641,8.47426],[-13.18623,8.47418],[-13.1861,8.47413],[-13.18609,8.47409],[-13.18617,8.4739],[-13.18617,8.47386],[-13.18615,8.47385]]},"properties":{"id":1550449945,"cls":"service","hw":"service","tg":"na","name":"","ref":"","surface":"","sc":"unknown","speed":null,"lit":"unk","km":0.071}},
{"type":"Feature","geometry":{"type":"LineString","coordinates":[[-13.16337,8.40652],[-13.16329,8.40675],[-13.1632,8.4069],[-13.16314,8.40703]]},"properties":{"id":1550495339,"cls":"service","hw":"service","tg":"na","name":"","ref":"","surface":"unpaved","sc":"unpaved","speed":null,"lit":"unk","km":0.062}},
{"type":"Feature","geometry":{"type":"LineString","coordinates":[[-13.20805,8.49138],[-13.20803,8.49128],[-13.20803,8.49125]]},"properties":{"id":1551183700,"cls":"service","hw":"service","tg":"na","name":"Mini Road","ref":"","surface":"","sc":"unknown","speed":null,"lit":"unk","km":0.015}},
{"type":"Feature","geometry":{"type":"LineString","coordinates":[[-13.20594,8.4895],[-13.20593,8.48959]]},"properties":{"id":1551183708,"cls":"service","hw":"service","tg":"na","name":"","ref":"","surface":"","sc":"unknown","speed":null,"lit":"unk","km":0.01}},
{"type":"Feature","geometry":{"type":"LineString","coordinates":[[-13.16405,8.44288],[-13.16402,8.44279],[-13.164,8.44267],[-13.16394,8.44242],[-13.16379,8.44189]]},"properties":{"id":1551239485,"cls":"service","hw":"service","tg":"na","name":"","ref":"","surface":"paved","sc":"paved","speed":null,"lit":"unk","km":0.114}},
{"type":"Feature","geometry":{"type":"LineString","coordinates":[[-13.15771,8.40397],[-13.15742,8.40386],[-13.15741,8.40388],[-13.15721,8.40406],[-13.1571,8.40414]]},"properties":{"id":1551262530,"cls":"service","hw":"service","tg":"na","name":"","ref":"","surface":"unpaved","sc":"unpaved","speed":null,"lit":"unk","km":0.081}},
{"type":"Feature","geometry":{"type":"LineString","coordinates":[[-13.18661,8.43522],[-13.18703,8.43489]]},"properties":{"id":1551446614,"cls":"service","hw":"service","tg":"na","name":"","ref":"","surface":"","sc":"unknown","speed":null,"lit":"unk","km":0.059}},
{"type":"Feature","geometry":{"type":"LineString","coordinates":[[-13.16277,8.4306],[-13.16296,8.43068],[-13.16307,8.43068]]},"properties":{"id":1551492991,"cls":"service","hw":"service","tg":"na","name":"","ref":"","surface":"unpaved","sc":"unpaved","speed":null,"lit":"unk","km":0.035}},
{"type":"Feature","geometry":{"type":"LineString","coordinates":[[-13.16167,8.44412],[-13.16164,8.44397],[-13.16147,8.44363],[-13.16145,8.44355],[-13.16142,8.44331],[-13.16143,8.44324],[-13.16145,8.44321],[-13.16153,8.44318],[-13.16156,8.44315],[-13.16148,8.44274],[-13.16147,8.44266],[-13.1615,8.44263],[-13.16184,8.44258],[-13.16187,8.4426],[-13.16194,8.44278],[-13.16196,8.44288]]},"properties":{"id":1551818410,"cls":"service","hw":"service","tg":"na","name":"","ref":"","surface":"paved","sc":"paved","speed":null,"lit":"unk","km":0.256}},
{"type":"Feature","geometry":{"type":"LineString","coordinates":[[-13.1645,8.44549],[-13.16432,8.44546],[-13.16426,8.44548],[-13.16416,8.44558],[-13.16407,8.44558],[-13.16401,8.44557]]},"properties":{"id":1551820585,"cls":"service","hw":"service","tg":"na","name":"","ref":"","surface":"unpaved","sc":"unpaved","speed":null,"lit":"unk","km":0.059}},
{"type":"Feature","geometry":{"type":"LineString","coordinates":[[-13.1639,8.44326],[-13.16419,8.44301]]},"properties":{"id":1551820587,"cls":"service","hw":"service","tg":"na","name":"","ref":"","surface":"unpaved","sc":"unpaved","speed":null,"lit":"unk","km":0.042}},
{"type":"Feature","geometry":{"type":"LineString","coordinates":[[-13.16245,8.44651],[-13.16194,8.44596]]},"properties":{"id":1551820589,"cls":"service","hw":"service","tg":"na","name":"","ref":"","surface":"paved","sc":"paved","speed":null,"lit":"unk","km":0.083}},
{"type":"Feature","geometry":{"type":"LineString","coordinates":[[-13.16297,8.45074],[-13.163,8.45105]]},"properties":{"id":1551829335,"cls":"service","hw":"service","tg":"na","name":"","ref":"","surface":"unpaved","sc":"unpaved","speed":null,"lit":"unk","km":0.035}},
{"type":"Feature","geometry":{"type":"LineString","coordinates":[[-13.27024,8.49373],[-13.27017,8.49382],[-13.27009,8.4939],[-13.26998,8.49397],[-13.26991,8.49402],[-13.26978,8.49416]]},"properties":{"id":1552344637,"cls":"service","hw":"service","tg":"na","name":"","ref":"","surface":"unpaved","sc":"unpaved","speed":null,"lit":"unk","km":0.07}},
{"type":"Feature","geometry":{"type":"LineString","coordinates":[[-13.27038,8.49317],[-13.27027,8.49315],[-13.27008,8.49318],[-13.26991,8.49322],[-13.26972,8.49324],[-13.26967,8.49313],[-13.26958,8.49309],[-13.26947,8.4931],[-13.26937,8.49315],[-13.26929,8.49325],[-13.26921,8.49334],[-13.26916,8.49338],[-13.26905,8.4934],[-13.26896,8.49337],[-13.2688,8.49333],[-13.26865,8.49327],[-13.26853,8.49319],[-13.26843,8.49317],[-13.26824,8.49316],[-13.26802,8.49318]]},"properties":{"id":1552344638,"cls":"service","hw":"service","tg":"na","name":"","ref":"","surface":"unpaved","sc":"unpaved","speed":null,"lit":"unk","km":0.288}},
{"type":"Feature","geometry":{"type":"LineString","coordinates":[[-13.15971,8.42251],[-13.15948,8.42252],[-13.15925,8.42259]]},"properties":{"id":1552459408,"cls":"service","hw":"service","tg":"na","name":"","ref":"","surface":"unpaved","sc":"unpaved","speed":null,"lit":"unk","km":0.052}},
{"type":"Feature","geometry":{"type":"LineString","coordinates":[[-13.16142,8.42086],[-13.16155,8.42083],[-13.16187,8.42077]]},"properties":{"id":1552459411,"cls":"service","hw":"service","tg":"na","name":"","ref":"","surface":"unpaved","sc":"unpaved","speed":null,"lit":"unk","km":0.051}},
{"type":"Feature","geometry":{"type":"LineString","coordinates":[[-13.15986,8.41887],[-13.16028,8.41884],[-13.16066,8.41885]]},"properties":{"id":1552459412,"cls":"service","hw":"service","tg":"na","name":"","ref":"","surface":"unpaved","sc":"unpaved","speed":null,"lit":"unk","km":0.088}},
{"type":"Feature","geometry":{"type":"LineString","coordinates":[[-13.161,8.43548],[-13.16096,8.43542],[-13.16093,8.43533],[-13.16088,8.43526]]},"properties":{"id":1553482362,"cls":"service","hw":"service","tg":"na","name":"","ref":"","surface":"unpaved","sc":"unpaved","speed":null,"lit":"unk","km":0.028}},
{"type":"Feature","geometry":{"type":"LineString","coordinates":[[-13.1609,8.4421],[-13.16037,8.44213]]},"properties":{"id":1553487999,"cls":"service","hw":"service","tg":"na","name":"","ref":"","surface":"unpaved","sc":"unpaved","speed":null,"lit":"unk","km":0.058}},
{"type":"Feature","geometry":{"type":"LineString","coordinates":[[-13.15936,8.44154],[-13.159,8.44165]]},"properties":{"id":1553488001,"cls":"service","hw":"service","tg":"na","name":"","ref":"","surface":"unpaved","sc":"unpaved","speed":null,"lit":"unk","km":0.041}},
{"type":"Feature","geometry":{"type":"LineString","coordinates":[[-13.15638,8.40473],[-13.15652,8.4046],[-13.15668,8.40449]]},"properties":{"id":1553496266,"cls":"service","hw":"service","tg":"na","name":"","ref":"","surface":"unpaved","sc":"unpaved","speed":null,"lit":"unk","km":0.043}},
{"type":"Feature","geometry":{"type":"LineString","coordinates":[[-13.15641,8.41046],[-13.15634,8.41034],[-13.15632,8.4103],[-13.15633,8.41026],[-13.15637,8.41021],[-13.15662,8.41009]]},"properties":{"id":1553552033,"cls":"service","hw":"service","tg":"na","name":"","ref":"","surface":"unpaved","sc":"unpaved","speed":null,"lit":"unk","km":0.063}},
{"type":"Feature","geometry":{"type":"LineString","coordinates":[[-13.15649,8.41051],[-13.1566,8.41043],[-13.15672,8.41035],[-13.15678,8.41034],[-13.15689,8.41029]]},"properties":{"id":1553552034,"cls":"service","hw":"service","tg":"na","name":"","ref":"","surface":"unpaved","sc":"unpaved","speed":null,"lit":"unk","km":0.051}},
{"type":"Feature","geometry":{"type":"LineString","coordinates":[[-13.15613,8.41069],[-13.15626,8.41052],[-13.15636,8.41048],[-13.15641,8.41046],[-13.15646,8.41048],[-13.15649,8.41051],[-13.15657,8.41067],[-13.15662,8.41073],[-13.15665,8.41074],[-13.1567,8.41074],[-13.15679,8.41069],[-13.15686,8.41068],[-13.15689,8.41072]]},"properties":{"id":1553552035,"cls":"service","hw":"service","tg":"na","name":"","ref":"","surface":"unpaved","sc":"unpaved","speed":null,"lit":"unk","km":0.114}},
{"type":"Feature","geometry":{"type":"LineString","coordinates":[[-13.15792,8.42549],[-13.1581,8.42525]]},"properties":{"id":1553554665,"cls":"service","hw":"service","tg":"na","name":"","ref":"","surface":"unpaved","sc":"unpaved","speed":null,"lit":"unk","km":0.033}},
{"type":"Feature","geometry":{"type":"LineString","coordinates":[[-13.15293,8.4133],[-13.15305,8.41318],[-13.15321,8.41303]]},"properties":{"id":1554433835,"cls":"service","hw":"service","tg":"na","name":"","ref":"","surface":"unpaved","sc":"unpaved","speed":null,"lit":"unk","km":0.043}},
{"type":"Feature","geometry":{"type":"LineString","coordinates":[[-13.18003,8.60456],[-13.18,8.60449],[-13.18013,8.60422]]},"properties":{"id":1554676754,"cls":"service","hw":"service","tg":"na","name":"","ref":"","surface":"","sc":"unknown","speed":null,"lit":"unk","km":0.042}},
{"type":"Feature","geometry":{"type":"LineString","coordinates":[[-13.18017,8.60461],[-13.18009,8.6046]]},"properties":{"id":1554676755,"cls":"service","hw":"service","tg":"na","name":"","ref":"","surface":"","sc":"unknown","speed":null,"lit":"unk","km":0.009}},
{"type":"Feature","geometry":{"type":"LineString","coordinates":[[-13.18009,8.6046],[-13.18005,8.60458],[-13.18003,8.60456]]},"properties":{"id":1554676756,"cls":"service","hw":"service","tg":"na","name":"","ref":"","surface":"","sc":"unknown","speed":null,"lit":"unk","km":0.008}},
{"type":"Feature","geometry":{"type":"LineString","coordinates":[[-13.17936,8.60601],[-13.17949,8.60619],[-13.1795,8.60625],[-13.17947,8.60628],[-13.17943,8.60632],[-13.17937,8.60632],[-13.17932,8.6063],[-13.17918,8.60622]]},"properties":{"id":1554676757,"cls":"service","hw":"service","tg":"na","name":"","ref":"","surface":"","sc":"unknown","speed":null,"lit":"unk","km":0.073}},
{"type":"Feature","geometry":{"type":"LineString","coordinates":[[-13.22048,8.4784],[-13.22071,8.47855],[-13.22088,8.4786],[-13.22123,8.4788]]},"properties":{"id":1554943253,"cls":"service","hw":"service","tg":"na","name":"","ref":"","surface":"","sc":"unknown","speed":null,"lit":"unk","km":0.094}},
{"type":"Feature","geometry":{"type":"LineString","coordinates":[[-13.22186,8.47892],[-13.22196,8.47904],[-13.222,8.4791],[-13.22213,8.47917],[-13.22235,8.47927]]},"properties":{"id":1554943254,"cls":"service","hw":"service","tg":"na","name":"","ref":"","surface":"","sc":"unknown","speed":null,"lit":"unk","km":0.068}},
{"type":"Feature","geometry":{"type":"LineString","coordinates":[[-13.22247,8.4794],[-13.22236,8.47934],[-13.22235,8.47927],[-13.22237,8.47916],[-13.22244,8.47908],[-13.22249,8.47901]]},"properties":{"id":1554943255,"cls":"service","hw":"service","tg":"na","name":"","ref":"","surface":"","sc":"unknown","speed":null,"lit":"unk","km":0.055}},
{"type":"Feature","geometry":{"type":"LineString","coordinates":[[-13.22121,8.4771],[-13.22123,8.4771],[-13.22127,8.4771],[-13.2213,8.47711],[-13.22137,8.47714],[-13.22143,8.47717],[-13.22156,8.47718],[-13.22176,8.47722],[-13.22178,8.47733],[-13.22182,8.47766],[-13.22181,8.4778]]},"properties":{"id":1554943256,"cls":"service","hw":"service","tg":"na","name":"","ref":"","surface":"paved","sc":"paved","speed":null,"lit":"unk","km":0.128}},
{"type":"Feature","geometry":{"type":"LineString","coordinates":[[-13.15799,8.44133],[-13.15756,8.44149]]},"properties":{"id":1555098201,"cls":"service","hw":"service","tg":"na","name":"","ref":"","surface":"","sc":"unknown","speed":null,"lit":"unk","km":0.051}},
{"type":"Feature","geometry":{"type":"LineString","coordinates":[[-13.2767,8.47444],[-13.2767,8.4744],[-13.27674,8.47431],[-13.27678,8.47413],[-13.27679,8.47403]]},"properties":{"id":1555872049,"cls":"service","hw":"service","tg":"na","name":"","ref":"","surface":"","sc":"unknown","speed":null,"lit":"unk","km":0.047}},
{"type":"Feature","geometry":{"type":"LineString","coordinates":[[-13.14676,8.39959],[-13.14706,8.39986],[-13.14721,8.39993]]},"properties":{"id":1556351452,"cls":"service","hw":"service","tg":"na","name":"","ref":"","surface":"unpaved","sc":"unpaved","speed":null,"lit":"unk","km":0.063}},
{"type":"Feature","geometry":{"type":"LineString","coordinates":[[-13.14661,8.40392],[-13.14649,8.40339]]},"properties":{"id":1556356621,"cls":"service","hw":"service","tg":"na","name":"","ref":"","surface":"unpaved","sc":"unpaved","speed":null,"lit":"unk","km":0.06}},
{"type":"Feature","geometry":{"type":"LineString","coordinates":[[-13.14698,8.40328],[-13.14643,8.40334]]},"properties":{"id":1556356623,"cls":"service","hw":"service","tg":"na","name":"","ref":"","surface":"unpaved","sc":"unpaved","speed":null,"lit":"unk","km":0.061}},
{"type":"Feature","geometry":{"type":"LineString","coordinates":[[-13.14674,8.40731],[-13.14672,8.40712],[-13.1467,8.40686]]},"properties":{"id":1556728227,"cls":"service","hw":"service","tg":"na","name":"","ref":"","surface":"unpaved","sc":"unpaved","speed":null,"lit":"unk","km":0.05}},
{"type":"Feature","geometry":{"type":"LineString","coordinates":[[-13.19104,8.45086],[-13.19101,8.45073],[-13.19098,8.45063]]},"properties":{"id":1556737833,"cls":"service","hw":"service","tg":"na","name":"","ref":"","surface":"","sc":"unknown","speed":null,"lit":"unk","km":0.026}},
{"type":"Feature","geometry":{"type":"LineString","coordinates":[[-13.14126,8.41217],[-13.14112,8.41184]]},"properties":{"id":1557233408,"cls":"service","hw":"service","tg":"na","name":"","ref":"","surface":"unpaved","sc":"unpaved","speed":null,"lit":"unk","km":0.04}},
{"type":"Feature","geometry":{"type":"LineString","coordinates":[[-13.14091,8.41232],[-13.14075,8.41197]]},"properties":{"id":1557233409,"cls":"service","hw":"service","tg":"na","name":"","ref":"","surface":"unpaved","sc":"unpaved","speed":null,"lit":"unk","km":0.043}},
{"type":"Feature","geometry":{"type":"LineString","coordinates":[[-13.14055,8.41248],[-13.14039,8.41212]]},"properties":{"id":1557233411,"cls":"service","hw":"service","tg":"na","name":"","ref":"","surface":"unpaved","sc":"unpaved","speed":null,"lit":"unk","km":0.044}},
{"type":"Feature","geometry":{"type":"LineString","coordinates":[[-13.14055,8.41248],[-13.14069,8.41279],[-13.14069,8.41285],[-13.14066,8.41296]]},"properties":{"id":1557233413,"cls":"service","hw":"service","tg":"na","name":"","ref":"","surface":"unpaved","sc":"unpaved","speed":null,"lit":"unk","km":0.057}},
{"type":"Feature","geometry":{"type":"LineString","coordinates":[[-13.14091,8.41232],[-13.14105,8.41262]]},"properties":{"id":1557233414,"cls":"service","hw":"service","tg":"na","name":"","ref":"","surface":"unpaved","sc":"unpaved","speed":null,"lit":"unk","km":0.037}},
{"type":"Feature","geometry":{"type":"LineString","coordinates":[[-13.14126,8.41217],[-13.1414,8.41249]]},"properties":{"id":1557233415,"cls":"service","hw":"service","tg":"na","name":"","ref":"","surface":"unpaved","sc":"unpaved","speed":null,"lit":"unk","km":0.039}},
{"type":"Feature","geometry":{"type":"LineString","coordinates":[[-13.142,8.41328],[-13.14217,8.41352]]},"properties":{"id":1557234826,"cls":"service","hw":"service","tg":"na","name":"","ref":"","surface":"unpaved","sc":"unpaved","speed":null,"lit":"unk","km":0.033}},
{"type":"Feature","geometry":{"type":"LineString","coordinates":[[-13.26449,8.44744],[-13.26436,8.44728],[-13.26429,8.44719],[-13.26424,8.44715],[-13.2642,8.44716],[-13.26412,8.44722]]},"properties":{"id":1557409603,"cls":"service","hw":"service","tg":"na","name":"","ref":"","surface":"","sc":"unknown","speed":null,"lit":"unk","km":0.058}},
{"type":"Feature","geometry":{"type":"LineString","coordinates":[[-13.26378,8.44747],[-13.26384,8.44734],[-13.26393,8.44713]]},"properties":{"id":1557409604,"cls":"service","hw":"service","tg":"na","name":"","ref":"","surface":"","sc":"unknown","speed":null,"lit":"unk","km":0.041}},
{"type":"Feature","geometry":{"type":"LineString","coordinates":[[-13.20716,8.43291],[-13.2073,8.433],[-13.20737,8.43304],[-13.20743,8.43307],[-13.20748,8.4331],[-13.2076,8.43314]]},"properties":{"id":1561094012,"cls":"service","hw":"service","tg":"na","name":"","ref":"","surface":"","sc":"unknown","speed":null,"lit":"unk","km":0.055}},
{"type":"Feature","geometry":{"type":"LineString","coordinates":[[-11.54846,9.599],[-11.54836,9.59894],[-11.54835,9.59892],[-11.54835,9.59889],[-11.54839,9.59878],[-11.54842,9.59877],[-11.54846,9.59876],[-11.54858,9.59877]]},"properties":{"id":1561493662,"cls":"service","hw":"service","tg":"na","name":"","ref":"","surface":"","sc":"unknown","speed":null,"lit":"unk","km":0.053}},
{"type":"Feature","geometry":{"type":"LineString","coordinates":[[-11.54922,9.59806],[-11.54935,9.59792],[-11.54935,9.5979],[-11.54934,9.59788],[-11.54929,9.59784]]},"properties":{"id":1561493663,"cls":"service","hw":"service","tg":"na","name":"","ref":"","surface":"","sc":"unknown","speed":null,"lit":"unk","km":0.033}},
{"type":"Feature","geometry":{"type":"LineString","coordinates":[[-11.55105,9.59633],[-11.55086,9.59627],[-11.55066,9.59619],[-11.55053,9.59606],[-11.55045,9.5959]]},"properties":{"id":1561493664,"cls":"service","hw":"service","tg":"na","name":"","ref":"","surface":"","sc":"unknown","speed":null,"lit":"unk","km":0.086}},
{"type":"Feature","geometry":{"type":"LineString","coordinates":[[-13.23141,8.44286],[-13.23169,8.4427],[-13.232,8.44261]]},"properties":{"id":1563217001,"cls":"service","hw":"service","tg":"na","name":"","ref":"","surface":"","sc":"unknown","speed":null,"lit":"unk","km":0.071}},
{"type":"Feature","geometry":{"type":"LineString","coordinates":[[-13.23041,8.43993],[-13.23019,8.44015]]},"properties":{"id":1563217003,"cls":"service","hw":"service","tg":"na","name":"","ref":"","surface":"","sc":"unknown","speed":null,"lit":"unk","km":0.034}},
{"type":"Feature","geometry":{"type":"LineString","coordinates":[[-13.23129,8.44172],[-13.23115,8.44157],[-13.23108,8.44149],[-13.23104,8.44149],[-13.23099,8.44153],[-13.23082,8.44172]]},"properties":{"id":1563217008,"cls":"service","hw":"service","tg":"na","name":"","ref":"","surface":"","sc":"unknown","speed":null,"lit":"unk","km":0.074}},
{"type":"Feature","geometry":{"type":"LineString","coordinates":[[-13.23079,8.44027],[-13.2306,8.44045],[-13.2306,8.44048],[-13.23061,8.4405],[-13.23083,8.44073],[-13.23086,8.44078],[-13.23086,8.44082],[-13.23086,8.44086],[-13.2308,8.44102]]},"properties":{"id":1563217009,"cls":"service","hw":"service","tg":"na","name":"","ref":"","surface":"","sc":"unknown","speed":null,"lit":"unk","km":0.104}},
{"type":"Feature","geometry":{"type":"LineString","coordinates":[[-11.25284,9.45494],[-11.25291,9.45508],[-11.25277,9.45515],[-11.25267,9.45504]]},"properties":{"id":1564433758,"cls":"service","hw":"service","tg":"na","name":"","ref":"","surface":"","sc":"unknown","speed":null,"lit":"unk","km":0.051}}
]}